sequence,source_timestamp_ns,publish_begin_ns,publish_end_ns,head_after,published
1,1148901003592,1148901003792,1148901004014,1,1
2,1148901125076,1148901125113,1148901125161,2,1
3,1148901247775,1148901247810,1148901247885,3,1
4,1148901374428,1148901374464,1148901374512,4,1
5,1148901497321,1148901497357,1148901497425,5,1
6,1148901621491,1148901621526,1148901621575,6,1
7,1148901743331,1148901743367,1148901743429,7,1
8,1148901866587,1148901866623,1148901866670,8,1
9,1148901991061,1148901991096,1148901991149,9,1
10,1148902115701,1148902115737,1148902115790,10,1
11,1148902240812,1148902240846,1148902240895,11,1
12,1148902364490,1148902364525,1148902364578,12,1
13,1148902502415,1148902502450,1148902502529,13,1
14,1148902617340,1148902617375,1148902617425,14,1
15,1148902741671,1148902741705,1148902741757,15,1
16,1148902867009,1148902867046,1148902867089,16,1
17,1148902991300,1148902991337,1148902991387,17,1
18,1148903116087,1148903116122,1148903116175,18,1
19,1148903731442,1148903731490,1148903731625,19,1
20,1148903731685,1148903731719,1148903731761,20,1
21,1148903731805,1148903731838,1148903731890,21,1
22,1148903731923,1148903731955,1148903731997,22,1
23,1148903732032,1148903732065,1148903732123,23,1
24,1148903922895,1148903922931,1148903922989,24,1
25,1148903984239,1148903984272,1148903984326,25,1
26,1148904116662,1148904116768,1148904116843,26,1
27,1148904239205,1148904239241,1148904239285,27,1
28,1148904363990,1148904364025,1148904364077,28,1
29,1148904488792,1148904488828,1148904488871,29,1
30,1148904613503,1148904613538,1148904613581,30,1
31,1148904738933,1148904738969,1148904739019,31,1
32,1148904863847,1148904863881,1148904863934,32,1
33,1148904988699,1148904988735,1148904988778,33,1
34,1148905113814,1148905113850,1148905114019,34,1
35,1148905238418,1148905238454,1148905238562,35,1
36,1148905365894,1148905365930,1148905365978,36,1
37,1148905488910,1148905488945,1148905488991,37,1
38,1148905614024,1148905614060,1148905614106,38,1
39,1148905738874,1148905738910,1148905738957,39,1
40,1148905863792,1148905863827,1148905863873,40,1
41,1148905988918,1148905988955,1148905989049,41,1
42,1148906113859,1148906113894,1148906113942,42,1
43,1148906557403,1148906557439,1148906557569,43,1
44,1148906557632,1148906557664,1148906557706,44,1
45,1148906557740,1148906557773,1148906557895,45,1
46,1148906615326,1148906615363,1148906615408,46,1
47,1148906739215,1148906739250,1148906739371,47,1
48,1148906864038,1148906864073,1148906864126,48,1
49,1148906988101,1148906988136,1148906988189,49,1
50,1148907167648,1148907167685,1148907167758,50,1
51,1148907239175,1148907239213,1148907239255,51,1
52,1148907363978,1148907364014,1148907364065,52,1
53,1148907489219,1148907489255,1148907489362,53,1
54,1148907613798,1148907613834,1148907613879,54,1
55,1148907738170,1148907738207,1148907738257,55,1
56,1148907879856,1148907879892,1148907879966,56,1
57,1148907983266,1148907983299,1148907983351,57,1
58,1148908336371,1148908336480,1148908336530,58,1
59,1148908336596,1148908336628,1148908336680,59,1
60,1148908381892,1148908381928,1148908381976,60,1
61,1148908494979,1148908495014,1148908495067,61,1
62,1148908617974,1148908618009,1148908618063,62,1
63,1148908812156,1148908812192,1148908812238,63,1
64,1148908867323,1148908867359,1148908867407,64,1
65,1148908996486,1148908996522,1148908996634,65,1
66,1148909123410,1148909123447,1148909123498,66,1
67,1148909240633,1148909240670,1148909240840,67,1
68,1148909370263,1148909370300,1148909370469,68,1
69,1148909490861,1148909490898,1148909490967,69,1
70,1148909615903,1148909615939,1148909615989,70,1
71,1148909739505,1148909739539,1148909739657,71,1
72,1148909921150,1148909921186,1148909921260,72,1
73,1148909990752,1148909990788,1148909990849,73,1
74,1148910114899,1148910114935,1148910114978,74,1
75,1148910239755,1148910239791,1148910239855,75,1
76,1148910363653,1148910363688,1148910363732,76,1
77,1148910513534,1148910513569,1148910513664,77,1
78,1148910615648,1148910615684,1148910615735,78,1
79,1148910739663,1148910739698,1148910739796,79,1
80,1148910864492,1148910864528,1148910864580,80,1
81,1148910989291,1148910989326,1148910989440,81,1
82,1148911114154,1148911114190,1148911114234,82,1
83,1148911238957,1148911238992,1148911239092,83,1
84,1148911363132,1148911363168,1148911363220,84,1
85,1148911517404,1148911517439,1148911517588,85,1
86,1148911616394,1148911616430,1148911616481,86,1
87,1148911741544,1148911741579,1148911741706,87,1
88,1148911865871,1148911865907,1148911865960,88,1
89,1148911983391,1148911983423,1148911983601,89,1
90,1148912115722,1148912115828,1148912115884,90,1
91,1148912239063,1148912239098,1148912239164,91,1
92,1148912424363,1148912424398,1148912424473,92,1
93,1148912488267,1148912488302,1148912488360,93,1
94,1148912874230,1148912874266,1148912874345,94,1
95,1148912874404,1148912874437,1148912874490,95,1
96,1148912874523,1148912874555,1148912874596,96,1
97,1148912995097,1148912995131,1148912995241,97,1
98,1148913118783,1148913118818,1148913118871,98,1
99,1148913242371,1148913242407,1148913242466,99,1
100,1148913370568,1148913370604,1148913370657,100,1
101,1148913492978,1148913493013,1148913493096,101,1
102,1148913624628,1148913624663,1148913624864,102,1
103,1148913742811,1148913742847,1148913743012,103,1
104,1148913866440,1148913866476,1148913866519,104,1
105,1148914064668,1148914064703,1148914064827,105,1
106,1148914116337,1148914116373,1148914116421,106,1
107,1148914241022,1148914241059,1148914241170,107,1
108,1148914364606,1148914364643,1148914364692,108,1
109,1148914504607,1148914504642,1148914504774,109,1
110,1148914615617,1148914615651,1148914615703,110,1
111,1148914797128,1148914797164,1148914797275,111,1
112,1148914914551,1148914914586,1148914914640,112,1
113,1148915000758,1148915000792,1148915000896,113,1
114,1148915230933,1148915230968,1148915231039,114,1
115,1148915231097,1148915231128,1148915231225,115,1
116,1148915364349,1148915364384,1148915364434,116,1
117,1148915522770,1148915522805,1148915523239,117,1
118,1148915616946,1148915616981,1148915617026,118,1
119,1148915738060,1148915738094,1148915738169,119,1
120,1148916143659,1148916143769,1148916143927,120,1
121,1148916143991,1148916144024,1148916144225,121,1
122,1148916144265,1148916144302,1148916144352,122,1
123,1148916248762,1148916248797,1148916248886,123,1
124,1148916371717,1148916371751,1148916371800,124,1
125,1148916494404,1148916494438,1148916494514,125,1
126,1148916619214,1148916619248,1148916619297,126,1
127,1148916744504,1148916744538,1148916744713,127,1
128,1148916864019,1148916864054,1148916864108,128,1
129,1148916988866,1148916988900,1148916989090,129,1
130,1148917112922,1148917112956,1148917113008,130,1
131,1148917332875,1148917332911,1148917333030,131,1
132,1148917363864,1148917363899,1148917363953,132,1
133,1148917488878,1148917488913,1148917489095,133,1
134,1148917636456,1148917636492,1148917636660,134,1
135,1148917738766,1148917738801,1148917738907,135,1
136,1148917863322,1148917863356,1148917863410,136,1
137,1148917988469,1148917988505,1148917988626,137,1
138,1148918112533,1148918112568,1148918112621,138,1
139,1148918290360,1148918290394,1148918290557,139,1
140,1148918402974,1148918403008,1148918403095,140,1
141,1148918488580,1148918488616,1148918488679,141,1
142,1148918613392,1148918613426,1148918613478,142,1
143,1148918738453,1148918738488,1148918738665,143,1
144,1148918863376,1148918863411,1148918863462,144,1
145,1148918988793,1148918988827,1148918988980,145,1
146,1148919113566,1148919113601,1148919113652,146,1
147,1148919238708,1148919238743,1148919238904,147,1
148,1148919363338,1148919363373,1148919363424,148,1
149,1148919488321,1148919488356,1148919488423,149,1
150,1148919613387,1148919613422,1148919613474,150,1
151,1148919737613,1148919737648,1148919737716,151,1
152,1148919874371,1148919874406,1148919874494,152,1
153,1148920123476,1148920123587,1148920123783,153,1
154,1148920123846,1148920123883,1148920123928,154,1
155,1148920244685,1148920244719,1148920244918,155,1
156,1148920368304,1148920368338,1148920368391,156,1
157,1148920573346,1148920573380,1148920573625,157,1
158,1148920617164,1148920617199,1148920617253,158,1
159,1148920747013,1148920747049,1148920747234,159,1
160,1148920873160,1148920873195,1148920873248,160,1
161,1148920991772,1148920991808,1148920991871,161,1
162,1148921116338,1148921116374,1148921116425,162,1
163,1148921240162,1148921240198,1148921240262,163,1
164,1148921366253,1148921366289,1148921366338,164,1
165,1148921515894,1148921515931,1148921516054,165,1
166,1148921615563,1148921615599,1148921615647,166,1
167,1148921740218,1148921740254,1148921740444,167,1
168,1148921865406,1148921865442,1148921865626,168,1
169,1148921989896,1148921989931,1148921990054,169,1
170,1148922398672,1148922398707,1148922398797,170,1
171,1148922398878,1148922398909,1148922399022,171,1
172,1148922403442,1148922403477,1148922403520,172,1
173,1148922496228,1148922496263,1148922496376,173,1
174,1148922620195,1148922620230,1148922620286,174,1
175,1148922744205,1148922744242,1148922744290,175,1
176,1148922869401,1148922869438,1148922869491,176,1
177,1148922997372,1148922997409,1148922997458,177,1
178,1148923114890,1148923114927,1148923114980,178,1
179,1148923239707,1148923239744,1148923239797,179,1
180,1148923363688,1148923363723,1148923363777,180,1
181,1148923560125,1148923560161,1148923560281,181,1
182,1148923616805,1148923616841,1148923616889,182,1
183,1148923741301,1148923741337,1148923741437,183,1
184,1148923866162,1148923866198,1148923866244,184,1
185,1148923983450,1148923983483,1148923983588,185,1
186,1148924116893,1148924116998,1148924117046,186,1
187,1148924239932,1148924239967,1148924240132,187,1
188,1148924364115,1148924364150,1148924364205,188,1
189,1148924488938,1148924488973,1148924489093,189,1
190,1148924613885,1148924613921,1148924613974,190,1
191,1148924738831,1148924738867,1148924738989,191,1
192,1148924863822,1148924863859,1148924863912,192,1
193,1148924988803,1148924988837,1148924988964,193,1
194,1148925113804,1148925113840,1148925113887,194,1
195,1148925238007,1148925238044,1148925238167,195,1
196,1148925367034,1148925367070,1148925367119,196,1
197,1148925490636,1148925490672,1148925490782,197,1
198,1148925615876,1148925615912,1148925615958,198,1
199,1148925740724,1148925740759,1148925740866,199,1
200,1148925865593,1148925865629,1148925865792,200,1
201,1148925991026,1148925991061,1148925991225,201,1
202,1148926115487,1148926115524,1148926115570,202,1
203,1148926240499,1148926240534,1148926240641,203,1
204,1148926365749,1148926365784,1148926365829,204,1
205,1148926490612,1148926490647,1148926490693,205,1
206,1148926615566,1148926615601,1148926615647,206,1
207,1148926740693,1148926740730,1148926740776,207,1
208,1148926865628,1148926865663,1148926865709,208,1
209,1148926990532,1148926990567,1148926990687,209,1
210,1148927115607,1148927115643,1148927115689,210,1
211,1148927240608,1148927240644,1148927240766,211,1
212,1148927365815,1148927365851,1148927365896,212,1
213,1148927490828,1148927490864,1148927490911,213,1
214,1148927615571,1148927615608,1148927615653,214,1
215,1148927740655,1148927740691,1148927740738,215,1
216,1148927865628,1148927865664,1148927865709,216,1
217,1148927983022,1148927983053,1148927983102,217,1
218,1148928117426,1148928117461,1148928117510,218,1
219,1148928240685,1148928240720,1148928240773,219,1
220,1148928365885,1148928365920,1148928366027,220,1
221,1148928490726,1148928490762,1148928490810,221,1
222,1148928615567,1148928615603,1148928615652,222,1
223,1148928740492,1148928740529,1148928740581,223,1
224,1148929035753,1148929035789,1148929035838,224,1
225,1148929035872,1148929036027,1148929036069,225,1
226,1148929114175,1148929114211,1148929114259,226,1
227,1148929238062,1148929238098,1148929238152,227,1
228,1148929366401,1148929366437,1148929366485,228,1
229,1148929490540,1148929490576,1148929490626,229,1
230,1148929615590,1148929615626,1148929615674,230,1
231,1148929740478,1148929740514,1148929740562,231,1
232,1148929865423,1148929865459,1148929865509,232,1
233,1148929990357,1148929990394,1148929990442,233,1
234,1148930134221,1148930134257,1148930134421,234,1
235,1148930240473,1148930240508,1148930240624,235,1
236,1148930365296,1148930365332,1148930365379,236,1
237,1148930490228,1148930490264,1148930490391,237,1
238,1148930615701,1148930615736,1148930615785,238,1
239,1148930740761,1148930740797,1148930740910,239,1
240,1148930865614,1148930865651,1148930865700,240,1
241,1148930990443,1148930990479,1148930990602,241,1
242,1148931115533,1148931115569,1148931115617,242,1
243,1148931240571,1148931240607,1148931240727,243,1
244,1148931365590,1148931365625,1148931365675,244,1
245,1148931490536,1148931490571,1148931490822,245,1
246,1148931615650,1148931615685,1148931615736,246,1
247,1148931740592,1148931740627,1148931740698,247,1
248,1148931865658,1148931865694,1148931865743,248,1
249,1148931982932,1148931982965,1148931983039,249,1
250,1148932116974,1148932117010,1148932117063,250,1
251,1148932313608,1148932313642,1148932313759,251,1
252,1148932363570,1148932363606,1148932363659,252,1
253,1148932488993,1148932489096,1148932489233,253,1
254,1148932613337,1148932613371,1148932613420,254,1
255,1148932839390,1148932839425,1148932839546,255,1
256,1148932863542,1148932863577,1148932863628,256,1
257,1148932998345,1148932998380,1148932998509,257,1
258,1148933141765,1148933141800,1148933141887,258,1
259,1148933248429,1148933248463,1148933248590,259,1
260,1148933374703,1148933374738,1148933374825,260,1
261,1148933503409,1148933503445,1148933503617,261,1
262,1148933613516,1148933613551,1148933613602,262,1
263,1148933738578,1148933738612,1148933738679,263,1
264,1148933863362,1148933863397,1148933863449,264,1
265,1148933997216,1148933997252,1148933997340,265,1
266,1148934125568,1148934125603,1148934125690,266,1
267,1148934240146,1148934240181,1148934240351,267,1
268,1148934365352,1148934365386,1148934365551,268,1
269,1148934490135,1148934490171,1148934490288,269,1
270,1148934615136,1148934615170,1148934615216,270,1
271,1148934740259,1148934740294,1148934740409,271,1
272,1148934864974,1148934865009,1148934865057,272,1
273,1148934990316,1148934990351,1148934990421,273,1
274,1148935114917,1148935114952,1148935114999,274,1
275,1148935240015,1148935240050,1148935240164,275,1
276,1148935365107,1148935365142,1148935365188,276,1
277,1148935490057,1148935490092,1148935490138,277,1
278,1148935614987,1148935615021,1148935615069,278,1
279,1148935739973,1148935740007,1148935740057,279,1
280,1148935865195,1148935865230,1148935865273,280,1
281,1148935982536,1148935982567,1148935982614,281,1
282,1148936123051,1148936123087,1148936123136,282,1
283,1148936238713,1148936238749,1148936238796,283,1
284,1148936363576,1148936363611,1148936363663,284,1
285,1148936488402,1148936488437,1148936488483,285,1
286,1148936613986,1148936614021,1148936614069,286,1
287,1148936739016,1148936739121,1148936739230,287,1
288,1148936864179,1148936864215,1148936864267,288,1
289,1148936988863,1148936988899,1148936988947,289,1
290,1148937113910,1148937113946,1148937113994,290,1
291,1148937238042,1148937238078,1148937238132,291,1
292,1148937366331,1148937366367,1148937366416,292,1
293,1148937490589,1148937490625,1148937490675,293,1
294,1148937615625,1148937615660,1148937615709,294,1
295,1148937740571,1148937740608,1148937740656,295,1
296,1148937865672,1148937865708,1148937865757,296,1
297,1148937990544,1148937990580,1148937990656,297,1
298,1148938115631,1148938115665,1148938115714,298,1
299,1148938240647,1148938240682,1148938240866,299,1
300,1148938365616,1148938365651,1148938365822,300,1
301,1148938501024,1148938501057,1148938501225,301,1
302,1148938615426,1148938615461,1148938615646,302,1
303,1148938740109,1148938740145,1148938740218,303,1
304,1148938865133,1148938865167,1148938865212,304,1
305,1148938990217,1148938990253,1148938990333,305,1
306,1148939115008,1148939115043,1148939115083,306,1
307,1148939240078,1148939240112,1148939240231,307,1
308,1148939365463,1148939365499,1148939365545,308,1
309,1148941599833,1148941599966,1148941600325,309,1
310,1148941615288,1148941615328,1148941615381,310,1
311,1148941615553,1148941615590,1148941615668,311,1
312,1148941615708,1148941615747,1148941615801,312,1
313,1148941615841,1148941615962,1148941616148,313,1
314,1148941616191,1148941616228,1148941616281,314,1
315,1148941616441,1148941616480,1148941616558,315,1
316,1148941616595,1148941616747,1148941616794,316,1
317,1148941616836,1148941616990,1148941617060,317,1
318,1148941617100,1148941617140,1148941617191,318,1
319,1148941617359,1148941617399,1148941617473,319,1
320,1148941617510,1148941617631,1148941617682,320,1
321,1148941617720,1148941617860,1148941617943,321,1
322,1148941617986,1148941618026,1148941618073,322,1
323,1148941618140,1148941618182,1148941618260,323,1
324,1148941618300,1148941618336,1148941618387,324,1
325,1148941618427,1148941618469,1148941618534,325,1
326,1148941618575,1148941618613,1148941618670,326,1
327,1148941744656,1148941744692,1148941744761,327,1
328,1148941865839,1148941865874,1148941865922,328,1
329,1148941990521,1148941990557,1148941990605,329,1
330,1148942116023,1148942116059,1148942116107,330,1
331,1148942240632,1148942240669,1148942240721,331,1
332,1148942365628,1148942365664,1148942365717,332,1
333,1148942490710,1148942490745,1148942490793,333,1
334,1148942615503,1148942615539,1148942615587,334,1
335,1148942740597,1148942740633,1148942740686,335,1
336,1148942865530,1148942865566,1148942865619,336,1
337,1148942990511,1148942990547,1148942990597,337,1
338,1148943115726,1148943115760,1148943115809,338,1
339,1148943240491,1148943240527,1148943240580,339,1
340,1148943365569,1148943365605,1148943365767,340,1
341,1148943490995,1148943491029,1148943491203,341,1
342,1148943615667,1148943615704,1148943615750,342,1
343,1148943740562,1148943740599,1148943740715,343,1
344,1148943865592,1148943865628,1148943865676,344,1
345,1148943982975,1148943983008,1148943983123,345,1
346,1148944121567,1148944121604,1148944121664,346,1
347,1148944239140,1148944239175,1148944239295,347,1
348,1148944363901,1148944363937,1148944363985,348,1
349,1148944523618,1148944523654,1148944523809,349,1
350,1148944613989,1148944614025,1148944614072,350,1
351,1148944738827,1148944738862,1148944738971,351,1
352,1148944862963,1148944862999,1148944863046,352,1
353,1148945195576,1148945195679,1148945195885,353,1
354,1148945195944,1148945195976,1148945196018,354,1
355,1148945247836,1148945247871,1148945247979,355,1
356,1148945376685,1148945376720,1148945376815,356,1
357,1148945497827,1148945497863,1148945498031,357,1
358,1148945634565,1148945634601,1148945634691,358,1
359,1148945738963,1148945738999,1148945739127,359,1
360,1148945982077,1148945982112,1148945982234,360,1
361,1148945982293,1148945982326,1148945982430,361,1
362,1148946137054,1148946137089,1148946137179,362,1
363,1148946250118,1148946250154,1148946250320,363,1
364,1148946373801,1148946373838,1148946373928,364,1
365,1148946498097,1148946498133,1148946498290,365,1
366,1148946624375,1148946624411,1148946624501,366,1
367,1148946739086,1148946739123,1148946739306,367,1
368,1148946865153,1148946865189,1148946865364,368,1
369,1148946988900,1148946988935,1148946989048,369,1
370,1148947113779,1148947113815,1148947113872,370,1
371,1148947238846,1148947238881,1148947239000,371,1
372,1148947364245,1148947364280,1148947364333,372,1
373,1148947571957,1148947571992,1148947572244,373,1
374,1148947614122,1148947614156,1148947614205,374,1
375,1148947738747,1148947738783,1148947738859,375,1
376,1148947885787,1148947885822,1148947885916,376,1
377,1148948043921,1148948043963,1148948044094,377,1
378,1148948115351,1148948115387,1148948115441,378,1
379,1148948238845,1148948238882,1148948239058,379,1
380,1148948364028,1148948364064,1148948364113,380,1
381,1148948488802,1148948488838,1148948488918,381,1
382,1148948613847,1148948613882,1148948613936,382,1
383,1148948738683,1148948738719,1148948738803,383,1
384,1148948863710,1148948863745,1148948863798,384,1
385,1148948988715,1148948988751,1148948988831,385,1
386,1148949113805,1148949113841,1148949113894,386,1
387,1148949238241,1148949238343,1148949238487,387,1
388,1148949364882,1148949364918,1148949364971,388,1
389,1148949489000,1148949489036,1148949489085,389,1
390,1148949613800,1148949613834,1148949613883,390,1
391,1148949738766,1148949738801,1148949738850,391,1
392,1148949863760,1148949863794,1148949863845,392,1
393,1148949988820,1148949988856,1148949988906,393,1
394,1148950113822,1148950113859,1148950113907,394,1
395,1148950238852,1148950238888,1148950238938,395,1
396,1148950363004,1148950363041,1148950363089,396,1
397,1148950537753,1148950537789,1148950537904,397,1
398,1148950614126,1148950614160,1148950614207,398,1
399,1148950738952,1148950738988,1148950739038,399,1
400,1148950863816,1148950863852,1148950863895,400,1
401,1148951007035,1148951007070,1148951007244,401,1
402,1148951113965,1148951114000,1148951114048,402,1
403,1148951238722,1148951238757,1148951238875,403,1
404,1148951364013,1148951364048,1148951364099,404,1
405,1148951488772,1148951488808,1148951488910,405,1
406,1148951613708,1148951613744,1148951613791,406,1
407,1148951738849,1148951738885,1148951738989,407,1
408,1148951862971,1148951863007,1148951863057,408,1
409,1148952024393,1148952024429,1148952024580,409,1
410,1148952114023,1148952114058,1148952114103,410,1
411,1148952237986,1148952238021,1148952238123,411,1
412,1148952374759,1148952374794,1148952374887,412,1
413,1148952489086,1148952489122,1148952489242,413,1
414,1148952614464,1148952614500,1148952614545,414,1
415,1148952739789,1148952739826,1148952739942,415,1
416,1148952864004,1148952864041,1148952864094,416,1
417,1148952987951,1148952987987,1148952988094,417,1
418,1148953122894,1148953122930,1148953123023,418,1
419,1148953238328,1148953238364,1148953238415,419,1
420,1148953364180,1148953364215,1148953364324,420,1
421,1148953517911,1148953517947,1148953518069,421,1
422,1148953615922,1148953615958,1148953616002,422,1
423,1148953733123,1148953733156,1148953733225,423,1
424,1148953938181,1148953938217,1148953938272,424,1
425,1148953989299,1148953989335,1148953989409,425,1
426,1148954153592,1148954153628,1148954153720,426,1
427,1148954239603,1148954239637,1148954239713,427,1
428,1148954363903,1148954363938,1148954363988,428,1
429,1148954488840,1148954488877,1148954489106,429,1
430,1148954613848,1148954613884,1148954613931,430,1
431,1148954739155,1148954739191,1148954739270,431,1
432,1148954863846,1148954863882,1148954863931,432,1
433,1148954989049,1148954989085,1148954989164,433,1
434,1148955131032,1148955131069,1148955131248,434,1
435,1148955256746,1148955256782,1148955256955,435,1
436,1148955363028,1148955363065,1148955363118,436,1
437,1148955522348,1148955522384,1148955522558,437,1
438,1148955615567,1148955615603,1148955615651,438,1
439,1148955740684,1148955740720,1148955740840,439,1
440,1148955865705,1148955865740,1148955865788,440,1
441,1148955982994,1148955983027,1148955983150,441,1
442,1148956121292,1148956121329,1148956121380,442,1
443,1148956238975,1148956239011,1148956239130,443,1
444,1148956363914,1148956363948,1148956363999,444,1
445,1148956488805,1148956488841,1148956488963,445,1
446,1148956613858,1148956613894,1148956613944,446,1
447,1148956738957,1148956738992,1148956739041,447,1
448,1148956863853,1148956863888,1148956863936,448,1
449,1148956988822,1148956988857,1148956988903,449,1
450,1148957113841,1148957113877,1148957113925,450,1
451,1148957237980,1148957238016,1148957238065,451,1
452,1148957364073,1148957364109,1148957364158,452,1
453,1148957489265,1148957489301,1148957489406,453,1
454,1148957612979,1148957613014,1148957613062,454,1
455,1148957751970,1148957752005,1148957752121,455,1
456,1148957864191,1148957864226,1148957864273,456,1
457,1148957988853,1148957988889,1148957988958,457,1
458,1148958114282,1148958114318,1148958114364,458,1
459,1148958238953,1148958238989,1148958239060,459,1
460,1148958363766,1148958363802,1148958363845,460,1
461,1148958488774,1148958488808,1148958488872,461,1
462,1148958613794,1148958613830,1148958613876,462,1
463,1148958738410,1148958738445,1148958738610,463,1
464,1148958863514,1148958863549,1148958863593,464,1
465,1148958988893,1148958988928,1148958988975,465,1
466,1148959113983,1148959114020,1148959114062,466,1
467,1148959239059,1148959239094,1148959239261,467,1
468,1148959364102,1148959364138,1148959364307,468,1
469,1148959488401,1148959488435,1148959488546,469,1
470,1148959613637,1148959613672,1148959613717,470,1
471,1148959737510,1148959737545,1148959737660,471,1
472,1148959920108,1148959920144,1148959920235,472,1
473,1148959982835,1148959982867,1148959982939,473,1
474,1148960120401,1148960120508,1148960120556,474,1
475,1148960238456,1148960238491,1148960238538,475,1
476,1148960363504,1148960363538,1148960363588,476,1
477,1148960488346,1148960488381,1148960488428,477,1
478,1148960613374,1148960613408,1148960613454,478,1
479,1148960738356,1148960738391,1148960738439,479,1
480,1148960863200,1148960863235,1148960863282,480,1
481,1148960988458,1148960988492,1148960988540,481,1
482,1148961112389,1148961112423,1148961112469,482,1
483,1148961248165,1148961248201,1148961248296,483,1
484,1148961484318,1148961484352,1148961484447,484,1
485,1148961484511,1148961484548,1148961484592,485,1
486,1148961615020,1148961615055,1148961615102,486,1
487,1148961738816,1148961738850,1148961738963,487,1
488,1148961863447,1148961863482,1148961863529,488,1
489,1148961988574,1148961988610,1148961988684,489,1
490,1148962113310,1148962113345,1148962113391,490,1
491,1148962237623,1148962237657,1148962237737,491,1
492,1148962394768,1148962394804,1148962394893,492,1
493,1148962488396,1148962488431,1148962488504,493,1
494,1148962613379,1148962613414,1148962613461,494,1
495,1148962738557,1148962738591,1148962738659,495,1
496,1148962863418,1148962863451,1148962863498,496,1
497,1148962988295,1148962988329,1148962988401,497,1
498,1148963113572,1148963113607,1148963113653,498,1
499,1148963238396,1148963238431,1148963238506,499,1
500,1148963378185,1148963378220,1148963378422,500,1
501,1148963641991,1148963642026,1148963642324,501,1
502,1148963642381,1148963642413,1148963642454,502,1
503,1148963740475,1148963740509,1148963740619,503,1
504,1148963865198,1148963865233,1148963865279,504,1
505,1148963982876,1148963982908,1148963983111,505,1
506,1148964120725,1148964120760,1148964120806,506,1
507,1148964320375,1148964320410,1148964320653,507,1
508,1148964364195,1148964364230,1148964364279,508,1
509,1148964488821,1148964488858,1148964489034,509,1
510,1148964613819,1148964613855,1148964613904,510,1
511,1148964738858,1148964738893,1148964738979,511,1
512,1148964863905,1148964863940,1148964863993,512,1
513,1148964988905,1148964988940,1148964989138,513,1
514,1148965113986,1148965114021,1148965114071,514,1
515,1148965237931,1148965237967,1148965238184,515,1
516,1148965480435,1148965480471,1148965480564,516,1
517,1148965480625,1148965480658,1148965480827,517,1
518,1148965624769,1148965624805,1148965624900,518,1
519,1148965748393,1148965748427,1148965748543,519,1
520,1148965875025,1148965875131,1148965875280,520,1
521,1148965996891,1148965996928,1148965997044,521,1
522,1148966125249,1148966125284,1148966125380,522,1
523,1148966241056,1148966241091,1148966241161,523,1
524,1148966365710,1148966365746,1148966365796,524,1
525,1148966490594,1148966490630,1148966490709,525,1
526,1148966615530,1148966615566,1148966615614,526,1
527,1148966740600,1148966740635,1148966740684,527,1
528,1148966865592,1148966865628,1148966865677,528,1
529,1148966990631,1148966990667,1148966990715,529,1
530,1148967115630,1148967115665,1148967115709,530,1
531,1148967240778,1148967240814,1148967240862,531,1
532,1148967365705,1148967365741,1148967365791,532,1
533,1148967490624,1148967490659,1148967490707,533,1
534,1148967615999,1148967616034,1148967616214,534,1
535,1148967740811,1148967740847,1148967740955,535,1
536,1148967889623,1148967889660,1148967889754,536,1
537,1148967983204,1148967983237,1148967983344,537,1
538,1148968120742,1148968120777,1148968120825,538,1
539,1148968307404,1148968307439,1148968307586,539,1
540,1148968364106,1148968364142,1148968364197,540,1
541,1148968488151,1148968488186,1148968488305,541,1
542,1148968631792,1148968631828,1148968631924,542,1
543,1148968739080,1148968739115,1148968739234,543,1
544,1148968863788,1148968863823,1148968863870,544,1
545,1148969020259,1148969020296,1148969020454,545,1
546,1148969114252,1148969114288,1148969114335,546,1
547,1148969238002,1148969238039,1148969238143,547,1
548,1148969365347,1148969365383,1148969365433,548,1
549,1148969489030,1148969489066,1148969489167,549,1
550,1148969613903,1148969613938,1148969613986,550,1
551,1148969738799,1148969738833,1148969738947,551,1
552,1148969862932,1148969862969,1148969863017,552,1
553,1148969999754,1148969999856,1148970000058,553,1
554,1148970113980,1148970114015,1148970114063,554,1
555,1148970238820,1148970238856,1148970238967,555,1
556,1148970363980,1148970364016,1148970364064,556,1
557,1148970488897,1148970488933,1148970489057,557,1
558,1148970613891,1148970613929,1148970613974,558,1
559,1148970738761,1148970738797,1148970738849,559,1
560,1148970951389,1148970951425,1148970951473,560,1
561,1148970988956,1148970988992,1148970989042,561,1
562,1148971113839,1148971113874,1148971113929,562,1
563,1148971237959,1148971237993,1148971238198,563,1
564,1148971389245,1148971389280,1148971389376,564,1
565,1148971559662,1148971559698,1148971559828,565,1
566,1148971613837,1148971613874,1148971613925,566,1
567,1148971739924,1148971739960,1148971740131,567,1
568,1148971995280,1148971995337,1148972027274,568,1
569,1148972027351,1148972027507,1148972027636,569,1
570,1148972174901,1148972174938,1148972174985,570,1
571,1148972238966,1148972239003,1148972239115,571,1
572,1148972427713,1148972427749,1148972427812,572,1
573,1148972489091,1148972489128,1148972489236,573,1
574,1148972613894,1148972613929,1148972613976,574,1
575,1148972738860,1148972738895,1148972739015,575,1
576,1148972863827,1148972863863,1148972863913,576,1
577,1148972988769,1148972988805,1148972988912,577,1
578,1148973113807,1148973113843,1148973113892,578,1
579,1148973238019,1148973238056,1148973238161,579,1
580,1148973364695,1148973364730,1148973364779,580,1
581,1148973488871,1148973488907,1148973489102,581,1
582,1148973613174,1148973613211,1148973613259,582,1
583,1148973818115,1148973818151,1148973818312,583,1
584,1148973863011,1148973863047,1148973863098,584,1
585,1148973996376,1148973996412,1148973996527,585,1
586,1148974113013,1148974113049,1148974113100,586,1
587,1148974294188,1148974294290,1148974294462,587,1
588,1148974365835,1148974365871,1148974365924,588,1
589,1148974499505,1148974499541,1148974499656,589,1
590,1148974615883,1148974615918,1148974615969,590,1
591,1148974740738,1148974740774,1148974740838,591,1
592,1148974865944,1148974865979,1148974866027,592,1
593,1148974990574,1148974990609,1148974990672,593,1
594,1148975115743,1148975115778,1148975115831,594,1
595,1148975246153,1148975246190,1148975246254,595,1
596,1148975365619,1148975365655,1148975365703,596,1
597,1148975555447,1148975555484,1148975555627,597,1
598,1148975615776,1148975615811,1148975615859,598,1
599,1148975740975,1148975741011,1148975741080,599,1
600,1148975871080,1148975871115,1148975871281,600,1
601,1148975983272,1148975983305,1148975983485,601,1
602,1148976174788,1148976174823,1148976174873,602,1
603,1148976395495,1148976395531,1148976395693,603,1
604,1148976403828,1148976403864,1148976403906,604,1
605,1148976489211,1148976489247,1148976489308,605,1
606,1148976613957,1148976613993,1148976614041,606,1
607,1148976739118,1148976739154,1148976739262,607,1
608,1148976863833,1148976863869,1148976863916,608,1
609,1148976988831,1148976988866,1148976988971,609,1
610,1148977113846,1148977113882,1148977113927,610,1
611,1148977237934,1148977237970,1148977238034,611,1
612,1148977364816,1148977364851,1148977364899,612,1
613,1148977488902,1148977488938,1148977489056,613,1
614,1148977614460,1148977614495,1148977614542,614,1
615,1148977738599,1148977738633,1148977738715,615,1
616,1148977863409,1148977863443,1148977863492,616,1
617,1148977988948,1148977988983,1148977989068,617,1
618,1148978113544,1148978113579,1148978113628,618,1
619,1148978238466,1148978238500,1148978238706,619,1
620,1148978363878,1148978363914,1148978364022,620,1
621,1148978488395,1148978488430,1148978488503,621,1
622,1148978612649,1148978612684,1148978612733,622,1
623,1148978746016,1148978746050,1148978746165,623,1
624,1148978863497,1148978863532,1148978863580,624,1
625,1148978988360,1148978988394,1148978988463,625,1
626,1148979113414,1148979113448,1148979113494,626,1
627,1148979238491,1148979238525,1148979238597,627,1
628,1148979363463,1148979363498,1148979363548,628,1
629,1148979488419,1148979488454,1148979488609,629,1
630,1148979613485,1148979613520,1148979613563,630,1
631,1148979737657,1148979737693,1148979737768,631,1
632,1148979874342,1148979874377,1148979874463,632,1
633,1148979982965,1148979982997,1148979983077,633,1
634,1148980120888,1148980120987,1148980121163,634,1
635,1148980238677,1148980238711,1148980238880,635,1
636,1148980363440,1148980363475,1148980363521,636,1
637,1148980488474,1148980488509,1148980488616,637,1
638,1148980613477,1148980613513,1148980613559,638,1
639,1148980738531,1148980738566,1148980738650,639,1
640,1148980863561,1148980863596,1148980863643,640,1
641,1148980988380,1148980988415,1148980988576,641,1
642,1148981113493,1148981113527,1148981113577,642,1
643,1148981237538,1148981237573,1148981237648,643,1
644,1148981364338,1148981364372,1148981364419,644,1
645,1148981488535,1148981488570,1148981488618,645,1
646,1148981613466,1148981613500,1148981613547,646,1
647,1148981737716,1148981737749,1148981737796,647,1
648,1148981990004,1148981990038,1148981990125,648,1
649,1148981990183,1148981990214,1148981990400,649,1
650,1148982122823,1148982122857,1148982122908,650,1
651,1148982245515,1148982245550,1148982245620,651,1
652,1148982407152,1148982407187,1148982407236,652,1
653,1148982494849,1148982494884,1148982495007,653,1
654,1148982619615,1148982619649,1148982619697,654,1
655,1148982743379,1148982743413,1148982743475,655,1
656,1148982893859,1148982893895,1148982893942,656,1
657,1148983003331,1148983003366,1148983003426,657,1
658,1148984551630,1148984551751,1148984552063,658,1
659,1148984552346,1148984552379,1148984552479,659,1
660,1148984552511,1148984552670,1148984552711,660,1
661,1148984552744,1148984552899,1148984553018,661,1
662,1148984553052,1148984553085,1148984553126,662,1
663,1148984553281,1148984553313,1148984553415,663,1
664,1148984553448,1148984553489,1148984553530,664,1
665,1148984553562,1148984553717,1148984553839,665,1
666,1148984553871,1148984553904,1148984553946,666,1
667,1148984554130,1148984554162,1148984554268,667,1
668,1148984554300,1148984554435,1148984554476,668,1
669,1148984554509,1148984554648,1148984554741,669,1
670,1148984617531,1148984617567,1148984617620,670,1
671,1148984767002,1148984767038,1148984767189,671,1
672,1148984866825,1148984866861,1148984866908,672,1
673,1148984991034,1148984991070,1148984991178,673,1
674,1148985114994,1148985115030,1148985115084,674,1
675,1148985267137,1148985267174,1148985267282,675,1
676,1148985366727,1148985366762,1148985366818,676,1
677,1148985490464,1148985490500,1148985490588,677,1
678,1148985614748,1148985614783,1148985614831,678,1
679,1148985739535,1148985739570,1148985739651,679,1
680,1148985864627,1148985864661,1148985864715,680,1
681,1148985989408,1148985989443,1148985989524,681,1
682,1148986114863,1148986114900,1148986114948,682,1
683,1148986239215,1148986239251,1148986239331,683,1
684,1148986364480,1148986364515,1148986364563,684,1
685,1148986552693,1148986552728,1148986552808,685,1
686,1148986614949,1148986614985,1148986615033,686,1
687,1148986739441,1148986739478,1148986739712,687,1
688,1148986864034,1148986864070,1148986864123,688,1
689,1148986989097,1148986989132,1148986989301,689,1
690,1148987114183,1148987114220,1148987114268,690,1
691,1148987238993,1148987239028,1148987239103,691,1
692,1148987363997,1148987364033,1148987364085,692,1
693,1148987489003,1148987489040,1148987489112,693,1
694,1148987613994,1148987614029,1148987614079,694,1
695,1148987737939,1148987737975,1148987738050,695,1
696,1148987874242,1148987874278,1148987874369,696,1
697,1148987983431,1148987983464,1148987983543,697,1
698,1148988519491,1148988519595,1148988519801,698,1
699,1148988519858,1148988519891,1148988519998,699,1
700,1148988520034,1148988520065,1148988520106,700,1
701,1148988520139,1148988520172,1148988520277,701,1
702,1148988620377,1148988620413,1148988620466,702,1
703,1148988742917,1148988742953,1148988743075,703,1
704,1148988867817,1148988867852,1148988867906,704,1
705,1148988996495,1148988996531,1148988996649,705,1
706,1148989120493,1148989120529,1148989120582,706,1
707,1148989248750,1148989248786,1148989248958,707,1
708,1148989368616,1148989368651,1148989368705,708,1
709,1148989491574,1148989491610,1148989491722,709,1
710,1148989616337,1148989616372,1148989616423,710,1
711,1148989740825,1148989740861,1148989740967,711,1
712,1148989865516,1148989865552,1148989865603,712,1
713,1148989997234,1148989997270,1148989997388,713,1
714,1148990115372,1148990115407,1148990115462,714,1
715,1148990239996,1148990240032,1148990240140,715,1
716,1148990365294,1148990365330,1148990365383,716,1
717,1148990489910,1148990489946,1148990490000,717,1
718,1148990614783,1148990614818,1148990614874,718,1
719,1148990739563,1148990739599,1148990739649,719,1
720,1148990864873,1148990864909,1148990865016,720,1
721,1148990989525,1148990989560,1148990989613,721,1
722,1148991114503,1148991114539,1148991114595,722,1
723,1148991239216,1148991239251,1148991239298,723,1
724,1148991364204,1148991364239,1148991364293,724,1
725,1148991489374,1148991489410,1148991489464,725,1
726,1148991614073,1148991614109,1148991614163,726,1
727,1148991738114,1148991738151,1148991738204,727,1
728,1148991918828,1148991918864,1148991918956,728,1
729,1148991983503,1148991983535,1148991983584,729,1
730,1148992114508,1148992114612,1148992114662,730,1
731,1148992256266,1148992256302,1148992256392,731,1
732,1148992364095,1148992364132,1148992364187,732,1
733,1148992489173,1148992489210,1148992489259,733,1
734,1148992636635,1148992636672,1148992636847,734,1
735,1148992739049,1148992739085,1148992739203,735,1
736,1148992863851,1148992863886,1148992863938,736,1
737,1148992988835,1148992988871,1148992988983,737,1
738,1148993113907,1148993113943,1148993113996,738,1
739,1148993237932,1148993237967,1148993238078,739,1
740,1148993364727,1148993364763,1148993364814,740,1
741,1148993488609,1148993488644,1148993488747,741,1
742,1148993613457,1148993613493,1148993613543,742,1
743,1148993752696,1148993752731,1148993752858,743,1
744,1148993863374,1148993863407,1148993863461,744,1
745,1148993988888,1148993988923,1148993989024,745,1
746,1148994114064,1148994114100,1148994114153,746,1
747,1148994238830,1148994238866,1148994238973,747,1
748,1148994363877,1148994363913,1148994363967,748,1
749,1148994488964,1148994489002,1148994489118,749,1
750,1148994613921,1148994613957,1148994614011,750,1
751,1148994738945,1148994738981,1148994739096,751,1
752,1148994863546,1148994863580,1148994863633,752,1
753,1148994988656,1148994988690,1148994988858,753,1
754,1148995114154,1148995114189,1148995114241,754,1
755,1148995238415,1148995238449,1148995238562,755,1
756,1148995363372,1148995363405,1148995363457,756,1
757,1148995488379,1148995488413,1148995488585,757,1
758,1148995613465,1148995613500,1148995613552,758,1
759,1148995737521,1148995737556,1148995737628,759,1
760,1148995881115,1148995881149,1148995881242,760,1
761,1148995982873,1148995982905,1148995982977,761,1
762,1148996119657,1148996119690,1148996119749,762,1
763,1148996305503,1148996305606,1148996305721,763,1
764,1148996363854,1148996363890,1148996363939,764,1
765,1148996488424,1148996488459,1148996488641,765,1
766,1148996613444,1148996613478,1148996613528,766,1
767,1148996738339,1148996738373,1148996738561,767,1
768,1148996863685,1148996863720,1148996863885,768,1
769,1148996988521,1148996988555,1148996988656,769,1
770,1148997113476,1148997113511,1148997113555,770,1
771,1148997237506,1148997237541,1148997237608,771,1
772,1148997364599,1148997364634,1148997364684,772,1
773,1148997488385,1148997488419,1148997488468,773,1
774,1148997613432,1148997613467,1148997613514,774,1
775,1148997738435,1148997738470,1148997738517,775,1
776,1148997863416,1148997863451,1148997863498,776,1
777,1148997988358,1148997988393,1148997988476,777,1
778,1148998113413,1148998113447,1148998113500,778,1
779,1148998238578,1148998238612,1148998238660,779,1
780,1148998363569,1148998363603,1148998363652,780,1
781,1148998488521,1148998488556,1148998488609,781,1
782,1148998613445,1148998613480,1148998613526,782,1
783,1148998738440,1148998738476,1148998738522,783,1
784,1148998863328,1148998863364,1148998863410,784,1
785,1148998988393,1148998988428,1148998988473,785,1
786,1148999123302,1148999123339,1148999123415,786,1
787,1148999238952,1148999238988,1148999239095,787,1
788,1148999363825,1148999363860,1148999363910,788,1
789,1148999488912,1148999488947,1148999489001,789,1
790,1148999612895,1148999612930,1148999612983,790,1
791,1148999774764,1148999774799,1148999774894,791,1
792,1148999865926,1148999865962,1148999866010,792,1
793,1148999983095,1148999983127,1148999983176,793,1
794,1149000191320,1149000191440,1149000191550,794,1
795,1149000239425,1149000239461,1149000239510,795,1
796,1149000363902,1149000363937,1149000363985,796,1
797,1149000489072,1149000489108,1149000489155,797,1
798,1149000613973,1149000614009,1149000614057,798,1
799,1149000738838,1149000738873,1149000738922,799,1
800,1149000864053,1149000864089,1149000864249,800,1
801,1149000989256,1149000989292,1149000989455,801,1
802,1149001113942,1149001113977,1149001114027,802,1
803,1149001237969,1149001238005,1149001238113,803,1
804,1149001364988,1149001365023,1149001365079,804,1
805,1149001488952,1149001488990,1149001489108,805,1
806,1149001613974,1149001614008,1149001614057,806,1
807,1149001738772,1149001738807,1149001738934,807,1
808,1149001863009,1149001863044,1149001863094,808,1
809,1149001999394,1149001999431,1149001999524,809,1
810,1149002115961,1149002115996,1149002116044,810,1
811,1149002240421,1149002240457,1149002240511,811,1
812,1149002365497,1149002365533,1149002365587,812,1
813,1149002490944,1149002490980,1149002491030,813,1
814,1149002615603,1149002615639,1149002615688,814,1
815,1149002740546,1149002740583,1149002740636,815,1
816,1149002865638,1149002865673,1149002865727,816,1
817,1149002990651,1149002990686,1149002990799,817,1
818,1149003115808,1149003115844,1149003115893,818,1
819,1149003240579,1149003240615,1149003240724,819,1
820,1149003365881,1149003365917,1149003366025,820,1
821,1149003490705,1149003490741,1149003490847,821,1
822,1149003615741,1149003615779,1149003615826,822,1
823,1149003740493,1149003740529,1149003740643,823,1
824,1149003865837,1149003865873,1149003865922,824,1
825,1149003983063,1149003983096,1149003983199,825,1
826,1149004120145,1149004120263,1149004120323,826,1
827,1149004238875,1149004238910,1149004239021,827,1
828,1149004363866,1149004363901,1149004363955,828,1
829,1149004488871,1149004488907,1149004489029,829,1
830,1149004613816,1149004613852,1149004613903,830,1
831,1149004738756,1149004738792,1149004738842,831,1
832,1149004863776,1149004863812,1149004863865,832,1
833,1149004988942,1149004988979,1149004989148,833,1
834,1149005127602,1149005127638,1149005127808,834,1
835,1149005237895,1149005237931,1149005238042,835,1
836,1149005365223,1149005365258,1149005365310,836,1
837,1149005488908,1149005488942,1149005489055,837,1
838,1149005613872,1149005613909,1149005613958,838,1
839,1149005738878,1149005738914,1149005739023,839,1
840,1149005864013,1149005864050,1149005864103,840,1
841,1149005988841,1149005988876,1149005988985,841,1
842,1149006113843,1149006113877,1149006113926,842,1
843,1149006238841,1149006238877,1149006238926,843,1
844,1149006364104,1149006364140,1149006364192,844,1
845,1149006504277,1149006504313,1149006504367,845,1
846,1149006613867,1149006613902,1149006613956,846,1
847,1149006739000,1149006739034,1149006739087,847,1
848,1149006863961,1149006863997,1149006864049,848,1
849,1149006988759,1149006988793,1149006988847,849,1
850,1149007113957,1149007113993,1149007114046,850,1
851,1149007238837,1149007238872,1149007238926,851,1
852,1149007363934,1149007363970,1149007364021,852,1
853,1149007489186,1149007489222,1149007489335,853,1
854,1149007676094,1149007676129,1149007676182,854,1
855,1149007738305,1149007738339,1149007738449,855,1
856,1149007877339,1149007877376,1149007877468,856,1
857,1149007982901,1149007982948,1149007983066,857,1
858,1149008120572,1149008120679,1149008120730,858,1
859,1149008238930,1149008238965,1149008239073,859,1
860,1149008364010,1149008364047,1149008364099,860,1
861,1149008488971,1149008489007,1149008489128,861,1
862,1149008613871,1149008613907,1149008613955,862,1
863,1149008738858,1149008738893,1149008739009,863,1
864,1149008863819,1149008863855,1149008863911,864,1
865,1149008988818,1149008988853,1149008988981,865,1
866,1149009113761,1149009113797,1149009113852,866,1
867,1149009238168,1149009238204,1149009238382,867,1
868,1149009365548,1149009365584,1149009365762,868,1
869,1149009488922,1149009488957,1149009489064,869,1
870,1149009613854,1149009613889,1149009613938,870,1
871,1149009738032,1149009738068,1149009738118,871,1
872,1149009869650,1149009869685,1149009869780,872,1
873,1149009995444,1149009995480,1149009995573,873,1
874,1149010113464,1149010113498,1149010113547,874,1
875,1149010238563,1149010238597,1149010238717,875,1
876,1149010363885,1149010363920,1149010363968,876,1
877,1149010488716,1149010488750,1149010488866,877,1
878,1149010613363,1149010613397,1149010613450,878,1
879,1149010738454,1149010738488,1149010738616,879,1
880,1149010863341,1149010863377,1149010863430,880,1
881,1149010988463,1149010988497,1149010988619,881,1
882,1149011113339,1149011113373,1149011113421,882,1
883,1149011238285,1149011238321,1149011238442,883,1
884,1149011363470,1149011363505,1149011363557,884,1
885,1149011548495,1149011548530,1149011548642,885,1
886,1149011613872,1149011613907,1149011613954,886,1
887,1149011737746,1149011737780,1149011737918,887,1
888,1149011872776,1149011872810,1149011872903,888,1
889,1149011982785,1149011982817,1149011982865,889,1
890,1149012119624,1149012119661,1149012119710,890,1
891,1149012238693,1149012238728,1149012238777,891,1
892,1149012408642,1149012408676,1149012408766,892,1
893,1149012490410,1149012490444,1149012490494,893,1
894,1149012612846,1149012612882,1149012612928,894,1
895,1149012784988,1149012785023,1149012785113,895,1
896,1149012862577,1149012862611,1149012862663,896,1
897,1149013241087,1149013241156,1149013241278,897,1
898,1149013241339,1149013241370,1149013241410,898,1
899,1149013248469,1149013248503,1149013248585,899,1
900,1149013371262,1149013371296,1149013371464,900,1
901,1149013488910,1149013488946,1149013489115,901,1
902,1149013618244,1149013618278,1149013618331,902,1
903,1149013742702,1149013742737,1149013742859,903,1
904,1149013873336,1149013873372,1149013873423,904,1
905,1149014096243,1149014096279,1149014096369,905,1
906,1149014118479,1149014118514,1149014118559,906,1
907,1149014263479,1149014263514,1149014263562,907,1
908,1149014366037,1149014366071,1149014366123,908,1
909,1149014498265,1149014498299,1149014498410,909,1
910,1149014616337,1149014616371,1149014616414,910,1
911,1149014790898,1149014790934,1149014791010,911,1
912,1149014881236,1149014881270,1149014881319,912,1
913,1149015003945,1149015003986,1149015004057,913,1
914,1149015664697,1149015664733,1149015664826,914,1
915,1149015665002,1149015665035,1149015665095,915,1
916,1149015665131,1149015665273,1149015665314,916,1
917,1149015665347,1149015665499,1149015665605,917,1
918,1149015665638,1149015665670,1149015665711,918,1
919,1149015741318,1149015741354,1149015741477,919,1
920,1149015880129,1149015880163,1149015880313,920,1
921,1149015985059,1149015985093,1149015985159,921,1
922,1149016122759,1149016122866,1149016122909,922,1
923,1149016240139,1149016240175,1149016240246,923,1
924,1149016364941,1149016364977,1149016365020,924,1
925,1149016489654,1149016489690,1149016489751,925,1
926,1149016614672,1149016614708,1149016614750,926,1
927,1149016763912,1149016763949,1149016764015,927,1
928,1149016864697,1149016864733,1149016864784,928,1
929,1149016989444,1149016989481,1149016989545,929,1
930,1149017113563,1149017113599,1149017113649,930,1
931,1149017331016,1149017331051,1149017331145,931,1
932,1149017364960,1149017364995,1149017365044,932,1
933,1149017489148,1149017489183,1149017489268,933,1
934,1149017634944,1149017634979,1149017635154,934,1
935,1149017739243,1149017739280,1149017739401,935,1
936,1149017864141,1149017864178,1149017864228,936,1
937,1149017989006,1149017989043,1149017989165,937,1
938,1149018113880,1149018113916,1149018113961,938,1
939,1149018238855,1149018238890,1149018239007,939,1
940,1149018363547,1149018363583,1149018363631,940,1
941,1149018532175,1149018532232,1149018532387,941,1
942,1149018614775,1149018614811,1149018614863,942,1
943,1149018739039,1149018739074,1149018739173,943,1
944,1149018863984,1149018864019,1149018864070,944,1
945,1149018988876,1149018988911,1149018989013,945,1
946,1149019113878,1149019113914,1149019113967,946,1
947,1149019238909,1149019238945,1149019239051,947,1
948,1149019363965,1149019364000,1149019364044,948,1
949,1149019488869,1149019488905,1149019489016,949,1
950,1149019613856,1149019613891,1149019613937,950,1
951,1149019738100,1149019738135,1149019738255,951,1
952,1149019878599,1149019878634,1149019878730,952,1
953,1149019983607,1149019983639,1149019983743,953,1
954,1149020239769,1149020239879,1149020239972,954,1
955,1149020240032,1149020240064,1149020240106,955,1
956,1149020364589,1149020364625,1149020364672,956,1
957,1149020488911,1149020488946,1149020488989,957,1
958,1149020613870,1149020613905,1149020613952,958,1
959,1149020739077,1149020739113,1149020739160,959,1
960,1149021352284,1149021352324,1149021352446,960,1
961,1149021361278,1149021361314,1149021361398,961,1
962,1149021361432,1149021361465,1149021361508,962,1
963,1149021361577,1149021361610,1149021361690,963,1
964,1149021361724,1149021361772,1149021361813,964,1
965,1149021490181,1149021490217,1149021490280,965,1
966,1149021620254,1149021620290,1149021620340,966,1
967,1149021738819,1149021738854,1149021739026,967,1
968,1149021864216,1149021864252,1149021864421,968,1
969,1149021988779,1149021988814,1149021988929,969,1
970,1149022113060,1149022113096,1149022113149,970,1
971,1149022245815,1149022245850,1149022246003,971,1
972,1149022363965,1149022364000,1149022364051,972,1
973,1149022488847,1149022488883,1149022489006,973,1
974,1149022613958,1149022613994,1149022614049,974,1
975,1149022738692,1149022738729,1149022738845,975,1
976,1149022864126,1149022864162,1149022864215,976,1
977,1149022989011,1149022989048,1149022989171,977,1
978,1149023113859,1149023113894,1149023113941,978,1
979,1149023238924,1149023238959,1149023239084,979,1
980,1149023363848,1149023363883,1149023363931,980,1
981,1149023488871,1149023488906,1149023489010,981,1
982,1149023613970,1149023614007,1149023614054,982,1
983,1149023738962,1149023738997,1149023739050,983,1
984,1149023863136,1149023863172,1149023863227,984,1
985,1149023989975,1149023990010,1149023990103,985,1
986,1149024121392,1149024121497,1149024121547,986,1
987,1149024238946,1149024238982,1149024239092,987,1
988,1149024363875,1149024363911,1149024363961,988,1
989,1149024488806,1149024488842,1149024488891,989,1
990,1149024613783,1149024613819,1149024613866,990,1
991,1149024738823,1149024738858,1149024738976,991,1
992,1149024863772,1149024863807,1149024863858,992,1
993,1149024988845,1149024988881,1149024989007,993,1
994,1149025113863,1149025113899,1149025113953,994,1
995,1149025238083,1149025238118,1149025238245,995,1
996,1149025423916,1149025423951,1149025424024,996,1
997,1149025488984,1149025489020,1149025489130,997,1
998,1149025613765,1149025613800,1149025613849,998,1
999,1149025738867,1149025738902,1149025739009,999,1
1000,1149025863860,1149025863897,1149025864060,1000,1
1001,1149025988950,1149025988986,1149025989150,1001,1
1002,1149026113805,1149026113839,1149026113892,1002,1
1003,1149026238855,1149026238889,1149026239016,1003,1
1004,1149026363858,1149026363894,1149026363941,1004,1
1005,1149026488862,1149026488898,1149026489013,1005,1
1006,1149026613754,1149026613791,1149026613844,1006,1
1007,1149026738856,1149026738892,1149026739000,1007,1
1008,1149026863846,1149026863882,1149026863931,1008,1
1009,1149026988956,1149026988993,1149026989107,1009,1
1010,1149027113813,1149027113849,1149027113902,1010,1
1011,1149027238974,1149027239009,1149027239085,1011,1
1012,1149027363752,1149027363788,1149027363831,1012,1
1013,1149027488835,1149027488871,1149027489042,1013,1
1014,1149027613825,1149027613862,1149027613911,1014,1
1015,1149027738006,1149027738041,1149027738111,1015,1
1016,1149027874668,1149027874704,1149027874801,1016,1
1017,1149027982982,1149027983015,1149027983087,1017,1
1018,1149028120791,1149028120827,1149028120879,1018,1
1019,1149028238960,1149028238997,1149028239067,1019,1
1020,1149028364156,1149028364261,1149028364364,1020,1
1021,1149028488999,1149028489035,1149028489103,1021,1
1022,1149028613991,1149028614027,1149028614080,1022,1
1023,1149028738928,1149028738965,1149028739032,1023,1
1024,1149028864155,1149028864191,1149028864248,1024,1
1025,1149028988991,1149028989027,1149028989092,1025,1
1026,1149029114203,1149029114239,1149029114295,1026,1
1027,1149029238394,1149029238429,1149029238482,1027,1
1028,1149029366065,1149029366101,1149029366148,1028,1
1029,1149029490706,1149029490742,1149029490797,1029,1
1030,1149029615774,1149029615810,1149029615864,1030,1
1031,1149029740535,1149029740570,1149029740649,1031,1
1032,1149029865557,1149029865593,1149029865645,1032,1
1033,1149029990650,1149029990685,1149029990761,1033,1
1034,1149030115627,1149030115662,1149030115826,1034,1
1035,1149030240923,1149030240958,1149030241070,1035,1
1036,1149030365747,1149030365783,1149030365831,1036,1
1037,1149030490591,1149030490627,1149030490733,1037,1
1038,1149030615716,1149030615752,1149030615804,1038,1
1039,1149030740858,1149030740894,1149030740943,1039,1
1040,1149030865656,1149030865691,1149030865739,1040,1
1041,1149030990595,1149030990630,1149030990681,1041,1
1042,1149031115753,1149031115788,1149031115839,1042,1
1043,1149031240626,1149031240662,1149031240707,1043,1
1044,1149031365672,1149031365708,1149031365752,1044,1
1045,1149031490787,1149031490822,1149031490865,1045,1
1046,1149031615675,1149031615710,1149031615765,1046,1
1047,1149031740560,1149031740596,1149031740644,1047,1
1048,1149031865629,1149031865665,1149031865708,1048,1
1049,1149031982928,1149031982961,1149031983011,1049,1
1050,1149032120662,1149032120698,1149032120748,1050,1
1051,1149032239181,1149032239216,1149032239268,1051,1
1052,1149032363956,1149032363991,1149032364034,1052,1
1053,1149032489270,1149032489372,1149032489482,1053,1
1054,1149032614151,1149032614186,1149032614232,1054,1
1055,1149032738833,1149032738869,1149032738921,1055,1
1056,1149032864023,1149032864058,1149032864104,1056,1
1057,1149033050877,1149033050913,1149033050990,1057,1
1058,1149033113984,1149033114020,1149033114070,1058,1
1059,1149033237920,1149033237956,1149033238010,1059,1
1060,1149033367012,1149033367049,1149033367096,1060,1
1061,1149033490931,1149033490966,1149033491020,1061,1
1062,1149033615641,1149033615676,1149033615724,1062,1
1063,1149033740765,1149033740802,1149033740850,1063,1
1064,1149033865609,1149033865647,1149033865700,1064,1
1065,1149033996058,1149033996095,1149033996166,1065,1
1066,1149034115753,1149034115789,1149034115841,1066,1
1067,1149034240564,1149034240600,1149034240777,1067,1
1068,1149034366059,1149034366094,1149034366274,1068,1
1069,1149034490608,1149034490644,1149034490687,1069,1
1070,1149034615624,1149034615659,1149034615705,1070,1
1071,1149034740567,1149034740603,1149034740702,1071,1
1072,1149034865599,1149034865635,1149034865680,1072,1
1073,1149034990642,1149034990677,1149034990719,1073,1
1074,1149035115714,1149035115749,1149035115796,1074,1
1075,1149035240699,1149035240735,1149035240778,1075,1
1076,1149035365692,1149035365728,1149035365771,1076,1
1077,1149035490568,1149035490602,1149035490646,1077,1
1078,1149035615598,1149035615634,1149035615680,1078,1
1079,1149035740577,1149035740614,1149035740660,1079,1
1080,1149035865624,1149035865659,1149035865707,1080,1
1081,1149035982869,1149035982901,1149035982950,1081,1
1082,1149036120873,1149036120909,1149036120953,1082,1
1083,1149036238977,1149036239014,1149036239056,1083,1
1084,1149036363800,1149036363836,1149036363881,1084,1
1085,1149036489162,1149036489198,1149036489248,1085,1
1086,1149036613990,1149036614026,1149036614069,1086,1
1087,1149036739158,1149036739262,1149036739372,1087,1
1088,1149036863771,1149036863808,1149036863861,1088,1
1089,1149036988800,1149036988836,1149036988890,1089,1
1090,1149037113846,1149037113882,1149037113935,1090,1
1091,1149037237919,1149037237955,1149037238008,1091,1
1092,1149037366417,1149037366452,1149037366501,1092,1
1093,1149037490886,1149037490922,1149037490971,1093,1
1094,1149037615642,1149037615677,1149037615726,1094,1
1095,1149037740772,1149037740808,1149037740857,1095,1
1096,1149037865602,1149037865636,1149037865690,1096,1
1097,1149037990577,1149037990612,1149037990661,1097,1
1098,1149038115649,1149038115685,1149038115737,1098,1
1099,1149038240694,1149038240729,1149038240780,1099,1
1100,1149038365688,1149038365723,1149038365883,1100,1
1101,1149038491084,1149038491119,1149038491297,1101,1
1102,1149038615761,1149038615797,1149038615846,1102,1
1103,1149038740571,1149038740606,1149038740730,1103,1
1104,1149038865543,1149038865579,1149038865631,1104,1
1105,1149038990560,1149038990597,1149038990684,1105,1
1106,1149039115673,1149039115707,1149039115756,1106,1
1107,1149039240566,1149039240602,1149039240720,1107,1
1108,1149039365565,1149039365600,1149039365651,1108,1
1109,1149039490560,1149039490596,1149039490672,1109,1
1110,1149039615723,1149039615759,1149039615807,1110,1
1111,1149039740648,1149039740684,1149039740766,1111,1
1112,1149039865693,1149039865729,1149039865779,1112,1
1113,1149039983016,1149039983048,1149039983101,1113,1
1114,1149040128719,1149040128755,1149040128845,1114,1
1115,1149040239142,1149040239177,1149040239224,1115,1
1116,1149040363474,1149040363507,1149040363550,1116,1
1117,1149040488308,1149040488343,1149040488384,1117,1
1118,1149040613344,1149040613378,1149040613427,1118,1
1119,1149040738778,1149040738814,1149040738862,1119,1
1120,1149040863833,1149040863867,1149040863973,1120,1
1121,1149040988331,1149040988367,1149040988487,1121,1
1122,1149041113307,1149041113341,1149041113395,1122,1
1123,1149041237435,1149041237470,1149041237574,1123,1
1124,1149041363533,1149041363567,1149041363618,1124,1
1125,1149041488399,1149041488435,1149041488479,1125,1
1126,1149041613415,1149041613449,1149041613492,1126,1
1127,1149041737659,1149041737694,1149041737736,1127,1
1128,1149041871330,1149041871364,1149041871452,1128,1
1129,1149041989986,1149041990022,1149041990122,1129,1
1130,1149042114864,1149042114898,1149042114944,1130,1
1131,1149042239862,1149042239896,1149042240008,1131,1
1132,1149042364827,1149042364863,1149042364912,1132,1
1133,1149042489833,1149042489867,1149042489987,1133,1
1134,1149042615436,1149042615470,1149042615644,1134,1
1135,1149042740205,1149042740239,1149042740354,1135,1
1136,1149042865127,1149042865162,1149042865213,1136,1
1137,1149042990133,1149042990168,1149042990287,1137,1
1138,1149043115177,1149043115211,1149043115264,1138,1
1139,1149043240083,1149043240118,1149043240227,1139,1
1140,1149043365070,1149043365105,1149043365153,1140,1
1141,1149043490112,1149043490146,1149043490458,1141,1
1142,1149043614971,1149043615006,1149043615057,1142,1
1143,1149043739986,1149043740020,1149043740203,1143,1
1144,1149043865084,1149043865119,1149043865170,1144,1
1145,1149043982849,1149043982880,1149043982951,1145,1
1146,1149044119799,1149044119834,1149044119881,1146,1
1147,1149044238547,1149044238580,1149044238654,1147,1
1148,1149044363290,1149044363324,1149044363374,1148,1
1149,1149044488392,1149044488427,1149044488612,1149,1
1150,1149044736032,1149044736067,1149044736157,1150,1
1151,1149044743797,1149044743831,1149044743893,1151,1
1152,1149044870211,1149044870246,1149044870292,1152,1
1153,1149044994341,1149044994444,1149044994561,1153,1
1154,1149045117456,1149045117491,1149045117544,1154,1
1155,1149045244224,1149045244259,1149045244372,1155,1
1156,1149045369667,1149045369703,1149045369754,1156,1
1157,1149045488584,1149045488619,1149045488696,1157,1
1158,1149045613454,1149045613488,1149045613543,1158,1
1159,1149045738292,1149045738327,1149045738557,1159,1
1160,1149045863545,1149045863580,1149045863627,1160,1
1161,1149045988414,1149045988448,1149045988529,1161,1
1162,1149046185365,1149046185400,1149046185503,1162,1
1163,1149046238659,1149046238694,1149046238884,1163,1
1164,1149046363516,1149046363551,1149046363595,1164,1
1165,1149046488563,1149046488598,1149046488764,1165,1
1166,1149046688981,1149046689015,1149046689222,1166,1
1167,1149046740266,1149046740300,1149046740410,1167,1
1168,1149046865484,1149046865519,1149046865678,1168,1
1169,1149046990747,1149046990781,1149046990901,1169,1
1170,1149047115775,1149047115811,1149047115860,1170,1
1171,1149047240695,1149047240730,1149047240838,1171,1
1172,1149047365588,1149047365624,1149047365674,1172,1
1173,1149047559442,1149047559478,1149047559653,1173,1
1174,1149047615532,1149047615567,1149047615620,1174,1
1175,1149047740638,1149047740675,1149047740799,1175,1
1176,1149047870899,1149047870935,1149047870983,1176,1
1177,1149047983184,1149047983217,1149047983341,1177,1
1178,1149048114462,1149048114498,1149048114546,1178,1
1179,1149048238949,1149048238985,1149048239106,1179,1
1180,1149048363849,1149048363885,1149048363939,1180,1
1181,1149048488833,1149048488868,1149048488921,1181,1
1182,1149048613746,1149048613781,1149048613830,1182,1
1183,1149048738813,1149048738848,1149048738901,1183,1
1184,1149048863819,1149048863855,1149048863908,1184,1
1185,1149049057775,1149049057811,1149049057905,1185,1
1186,1149049114218,1149049114254,1149049114303,1186,1
1187,1149049238402,1149049238504,1149049238608,1187,1
1188,1149049363722,1149049363758,1149049363807,1188,1
1189,1149049517288,1149049517325,1149049517419,1189,1
1190,1149049612921,1149049612957,1149049613010,1190,1
1191,1149049808110,1149049808146,1149049808261,1191,1
1192,1149049863956,1149049863991,1149049864044,1192,1
1193,1149049989099,1149049989134,1149049989184,1193,1
1194,1149050113981,1149050114017,1149050114065,1194,1
1195,1149050238859,1149050238894,1149050238964,1195,1
1196,1149050364052,1149050364088,1149050364144,1196,1
1197,1149050489124,1149050489160,1149050489339,1197,1
1198,1149050613899,1149050613935,1149050613990,1198,1
1199,1149050738809,1149050738844,1149050739025,1199,1
1200,1149050863846,1149050863882,1149050863937,1200,1
1201,1149050989373,1149050989408,1149050989576,1201,1
1202,1149051114420,1149051114456,1149051114501,1202,1
1203,1149051238043,1149051238079,1149051238178,1203,1
1204,1149051418615,1149051418650,1149051418745,1204,1
1205,1149051516996,1149051517030,1149051517183,1205,1
1206,1149051615871,1149051615907,1149051615958,1206,1
1207,1149051740540,1149051740577,1149051740692,1207,1
1208,1149051865635,1149051865670,1149051865725,1208,1
1209,1149051982941,1149051982974,1149051983087,1209,1
1210,1149052125421,1149052125456,1149052125512,1210,1
1211,1149052238432,1149052238468,1149052238571,1211,1
1212,1149052369782,1149052369818,1149052369913,1212,1
1213,1149052519225,1149052519262,1149052519429,1213,1
1214,1149052613899,1149052613935,1149052613988,1214,1
1215,1149052780558,1149052780664,1149052780819,1215,1
1216,1149052864224,1149052864260,1149052864308,1216,1
1217,1149052988760,1149052988796,1149052988967,1217,1
1218,1149053113831,1149053113867,1149053113919,1218,1
1219,1149053238163,1149053238199,1149053238323,1219,1
1220,1149053364202,1149053364239,1149053364348,1220,1
1221,1149053515001,1149053515036,1149053515163,1221,1
1222,1149053615633,1149053615668,1149053615720,1222,1
1223,1149053740685,1149053740721,1149053740835,1223,1
1224,1149053865606,1149053865642,1149053865689,1224,1
1225,1149053990340,1149053990376,1149053990487,1225,1
1226,1149054115081,1149054115117,1149054115171,1226,1
1227,1149054239158,1149054239194,1149054239297,1227,1
1228,1149054363821,1149054363857,1149054363910,1228,1
1229,1149054488050,1149054488086,1149054488212,1229,1
1230,1149054623055,1149054623090,1149054623187,1230,1
1231,1149054738795,1149054738830,1149054738950,1231,1
1232,1149054863702,1149054863738,1149054863785,1232,1
1233,1149054988878,1149054988914,1149054989039,1233,1
1234,1149055132865,1149055132900,1149055133074,1234,1
1235,1149055238877,1149055238913,1149055239033,1235,1
1236,1149055362992,1149055363027,1149055363079,1236,1
1237,1149055514966,1149055515001,1149055515156,1237,1
1238,1149055671511,1149055671547,1149055671642,1238,1
1239,1149055740763,1149055740799,1149055740848,1239,1
1240,1149055865644,1149055865678,1149055865727,1240,1
1241,1149055983026,1149055983058,1149055983112,1241,1
1242,1149056197309,1149056197345,1149056197438,1242,1
1243,1149056239051,1149056239087,1149056239202,1243,1
1244,1149056364114,1149056364150,1149056364202,1244,1
1245,1149056488946,1149056488981,1149056489092,1245,1
1246,1149056613863,1149056613898,1149056613951,1246,1
1247,1149056738979,1149056739016,1149056739124,1247,1
1248,1149056864052,1149056864087,1149056864137,1248,1
1249,1149056988890,1149056988927,1149056989041,1249,1
1250,1149057113811,1149057113846,1149057113915,1250,1
1251,1149057237835,1149057237870,1149057237994,1251,1
1252,1149057365303,1149057365339,1149057365392,1252,1
1253,1149057489496,1149057489598,1149057489756,1253,1
1254,1149057613944,1149057613980,1149057614029,1254,1
1255,1149057739644,1149057739679,1149057739790,1255,1
1256,1149057862549,1149057862583,1149057862635,1256,1
1257,1149057995724,1149057995759,1149057995914,1257,1
1258,1149058113379,1149058113414,1149058113459,1258,1
1259,1149058238448,1149058238483,1149058238588,1259,1
1260,1149058363466,1149058363500,1149058363547,1260,1
1261,1149058488746,1149058488781,1149058488887,1261,1
1262,1149058613396,1149058613431,1149058613481,1262,1
1263,1149058738411,1149058738446,1149058738512,1263,1
1264,1149058863441,1149058863475,1149058863523,1264,1
1265,1149058988497,1149058988532,1149058988603,1265,1
1266,1149059113428,1149059113462,1149059113509,1266,1
1267,1149059238394,1149059238428,1149059238610,1267,1
1268,1149059362790,1149059362824,1149059363009,1268,1
1269,1149059515343,1149059515379,1149059515610,1269,1
1270,1149059615128,1149059615161,1149059615215,1270,1
1271,1149059740073,1149059740108,1149059740191,1271,1
1272,1149059865029,1149059865064,1149059865109,1272,1
1273,1149059982658,1149059982689,1149059982767,1273,1
1274,1149060120109,1149060120144,1149060120186,1274,1
1275,1149060238452,1149060238486,1149060238556,1275,1
1276,1149060363471,1149060363506,1149060363555,1276,1
1277,1149060487648,1149060487682,1149060487751,1277,1
1278,1149060634620,1149060634656,1149060634747,1278,1
1279,1149060738717,1149060738751,1149060738939,1279,1
1280,1149060892979,1149060893013,1149060893084,1280,1
1281,1149060988604,1149060988638,1149060988710,1281,1
1282,1149061112682,1149061112717,1149061112769,1282,1
1283,1149061269062,1149061269098,1149061269305,1283,1
1284,1149061364355,1149061364389,1149061364439,1284,1
1285,1149061488401,1149061488436,1149061488503,1285,1
1286,1149061613728,1149061613762,1149061613808,1286,1
1287,1149061738652,1149061738756,1149061738892,1287,1
1288,1149061863369,1149061863404,1149061863455,1288,1
1289,1149061987405,1149061987441,1149061987621,1289,1
1290,1149062121309,1149062121343,1149062121437,1290,1
1291,1149062238160,1149062238195,1149062238263,1291,1
1292,1149062386977,1149062387011,1149062387099,1292,1
1293,1149062488665,1149062488700,1149062488767,1293,1
1294,1149062613957,1149062613992,1149062614040,1294,1
1295,1149062739049,1149062739083,1149062739150,1295,1
1296,1149062863791,1149062863826,1149062863879,1296,1
1297,1149062988891,1149062988927,1149062988993,1297,1
1298,1149063113929,1149063113965,1149063114012,1298,1
1299,1149063238863,1149063238898,1149063238963,1299,1
1300,1149063368801,1149063368836,1149063369003,1300,1
1301,1149063522220,1149063522256,1149063522474,1301,1
1302,1149063615844,1149063615878,1149063615932,1302,1
1303,1149063740934,1149063740969,1149063741094,1303,1
1304,1149063865709,1149063865745,1149063865790,1304,1
1305,1149063983012,1149063983043,1149063983166,1305,1
1306,1149064120468,1149064120502,1149064120552,1306,1
1307,1149064238972,1149064239008,1149064239056,1307,1
1308,1149064363759,1149064363797,1149064363843,1308,1
1309,1149064488804,1149064488840,1149064488891,1309,1
1310,1149064613718,1149064613754,1149064613797,1310,1
1311,1149064738991,1149064739026,1149064739073,1311,1
1312,1149064863833,1149064863869,1149064863916,1312,1
1313,1149064989153,1149064989188,1149064989240,1313,1
1314,1149065113889,1149065113924,1149065113972,1314,1
1315,1149065237963,1149065238000,1149065238053,1315,1
1316,1149065365059,1149065365095,1149065365148,1316,1
1317,1149065488886,1149065488921,1149065488974,1317,1
1318,1149065612983,1149065613019,1149065613067,1318,1
1319,1149065748509,1149065748545,1149065748636,1319,1
1320,1149065864335,1149065864445,1149065864546,1320,1
1321,1149065987871,1149065987907,1149065987958,1321,1
1322,1149066124419,1149066124455,1149066124545,1322,1
1323,1149066240805,1149066240841,1149066240885,1323,1
1324,1149066365629,1149066365667,1149066365713,1324,1
1325,1149066490696,1149066490731,1149066490784,1325,1
1326,1149066615625,1149066615661,1149066615706,1326,1
1327,1149066740535,1149066740571,1149066740617,1327,1
1328,1149066865702,1149066865738,1149066865786,1328,1
1329,1149066990708,1149066990744,1149066990797,1329,1
1330,1149067115527,1149067115563,1149067115612,1330,1
1331,1149067240848,1149067240884,1149067240929,1331,1
1332,1149067365650,1149067365686,1149067365734,1332,1
1333,1149067490484,1149067490520,1149067490573,1333,1
1334,1149067616232,1149067616267,1149067616421,1334,1
1335,1149067740819,1149067740854,1149067740966,1335,1
1336,1149067865542,1149067865578,1149067865622,1336,1
1337,1149067982927,1149067982960,1149067983060,1337,1
1338,1149068120398,1149068120434,1149068120490,1338,1
1339,1149068318149,1149068318185,1149068318233,1339,1
1340,1149068363888,1149068363923,1149068363973,1340,1
1341,1149068488332,1149068488367,1149068488418,1341,1
1342,1149068620452,1149068620487,1149068620581,1342,1
1343,1149068739200,1149068739236,1149068739356,1343,1
1344,1149068863865,1149068863902,1149068863954,1344,1
1345,1149068989067,1149068989102,1149068989215,1345,1
1346,1149069113860,1149069113896,1149069113944,1346,1
1347,1149069238041,1149069238076,1149069238181,1347,1
1348,1149069408410,1149069408446,1149069408539,1348,1
1349,1149069488887,1149069488923,1149069489031,1349,1
1350,1149069614004,1149069614040,1149069614095,1350,1
1351,1149069738880,1149069738916,1149069739026,1351,1
1352,1149069862971,1149069863007,1149069863059,1352,1
1353,1149069998827,1149069998930,1149069999136,1353,1
1354,1149070115662,1149070115697,1149070115749,1354,1
1355,1149070240946,1149070240982,1149070241092,1355,1
1356,1149070365588,1149070365624,1149070365677,1356,1
1357,1149070490924,1149070490960,1149070491080,1357,1
1358,1149070615851,1149070615888,1149070615941,1358,1
1359,1149070740604,1149070740639,1149070740767,1359,1
1360,1149070865720,1149070865755,1149070865804,1360,1
1361,1149070990581,1149070990617,1149070990730,1361,1
1362,1149071115680,1149071115716,1149071115768,1362,1
1363,1149071240601,1149071240636,1149071240751,1363,1
1364,1149071365681,1149071365718,1149071365771,1364,1
1365,1149071490448,1149071490484,1149071490539,1365,1
1366,1149071615552,1149071615587,1149071615635,1366,1
1367,1149071740674,1149071740711,1149071740870,1367,1
1368,1149071865775,1149071865811,1149071865977,1368,1
1369,1149071982871,1149071982903,1149071983013,1369,1
1370,1149072183528,1149072183563,1149072183645,1370,1
1371,1149072238954,1149072238989,1149072239102,1371,1
1372,1149072363926,1149072363962,1149072364011,1372,1
1373,1149072588320,1149072588355,1149072588518,1373,1
1374,1149072613903,1149072613938,1149072613992,1374,1
1375,1149072739033,1149072739068,1149072739193,1375,1
1376,1149072863892,1149072863928,1149072863982,1376,1
1377,1149072988809,1149072988845,1149072988973,1377,1
1378,1149073115900,1149073115936,1149073115987,1378,1
1379,1149073238069,1149073238104,1149073238224,1379,1
1380,1149073365164,1149073365200,1149073365252,1380,1
1381,1149073488882,1149073488917,1149073489031,1381,1
1382,1149073613731,1149073613766,1149073613817,1382,1
1383,1149073738861,1149073738897,1149073739000,1383,1
1384,1149073862965,1149073863001,1149073863051,1384,1
1385,1149073997848,1149073997884,1149073998012,1385,1
1386,1149074115236,1149074115270,1149074115325,1386,1
1387,1149074238987,1149074239091,1149074239227,1387,1
1388,1149074363567,1149074363602,1149074363653,1388,1
1389,1149074488560,1149074488594,1149074488675,1389,1
1390,1149074613425,1149074613460,1149074613516,1390,1
1391,1149074738432,1149074738466,1149074738585,1391,1
1392,1149074863433,1149074863467,1149074863524,1392,1
1393,1149074988506,1149074988541,1149074988628,1393,1
1394,1149075113449,1149075113484,1149075113536,1394,1
1395,1149075238624,1149075238659,1149075238744,1395,1
1396,1149075363470,1149075363506,1149075363556,1396,1
1397,1149075487634,1149075487670,1149075487861,1397,1
1398,1149075739018,1149075739053,1149075739170,1398,1
1399,1149075745850,1149075745885,1149075745957,1399,1
1400,1149075871746,1149075871782,1149075871984,1400,1
1401,1149075983097,1149075983128,1149075983284,1401,1
1402,1149076175358,1149076175393,1149076175485,1402,1
1403,1149076299210,1149076299244,1149076299351,1403,1
1404,1149076396967,1149076397002,1149076397071,1404,1
1405,1149076516748,1149076516782,1149076516878,1405,1
1406,1149076878842,1149076878878,1149076878998,1406,1
1407,1149076879080,1149076879112,1149076879187,1407,1
1408,1149076879219,1149076879255,1149076879295,1408,1
1409,1149076997653,1149076997688,1149076997768,1409,1
1410,1149077122069,1149077122103,1149077122156,1410,1
1411,1149077247950,1149077247985,1149077248190,1411,1
1412,1149077372623,1149077372657,1149077372709,1412,1
1413,1149077496592,1149077496627,1149077496692,1413,1
1414,1149077616939,1149077616973,1149077617025,1414,1
1415,1149077741189,1149077741224,1149077741289,1415,1
1416,1149077864886,1149077864920,1149077864973,1416,1
1417,1149077998119,1149077998153,1149077998260,1417,1
1418,1149078116171,1149078116205,1149078116254,1418,1
1419,1149078240553,1149078240589,1149078240652,1419,1
1420,1149078365854,1149078365891,1149078365997,1420,1
1421,1149078490250,1149078490287,1149078490342,1421,1
1422,1149078614203,1149078614240,1149078614293,1422,1
1423,1149078747502,1149078747538,1149078747633,1423,1
1424,1149078865146,1149078865181,1149078865234,1424,1
1425,1149078989802,1149078989838,1149078989889,1425,1
1426,1149079114546,1149079114582,1149079114632,1426,1
1427,1149079239486,1149079239522,1149079239567,1427,1
1428,1149079364547,1149079364582,1149079364635,1428,1
1429,1149079489323,1149079489359,1149079489409,1429,1
1430,1149079614118,1149079614154,1149079614198,1430,1
1431,1149079738517,1149079738552,1149079738604,1431,1
1432,1149079881645,1149079881682,1149079881775,1432,1
1433,1149079983648,1149079983681,1149079983743,1433,1
1434,1149080121642,1149080121744,1149080121905,1434,1
1435,1149080239563,1149080239599,1149080239778,1435,1
1436,1149080363948,1149080363983,1149080364030,1436,1
1437,1149080488912,1149080488947,1149080489074,1437,1
1438,1149080613793,1149080613829,1149080613876,1438,1
1439,1149080738832,1149080738867,1149080738981,1439,1
1440,1149080863839,1149080863874,1149080863919,1440,1
1441,1149080988765,1149080988802,1149080988915,1441,1
1442,1149081113730,1149081113766,1149081113812,1442,1
1443,1149081237917,1149081237953,1149081238074,1443,1
1444,1149081364907,1149081364943,1149081364992,1444,1
1445,1149081489134,1149081489169,1149081489278,1445,1
1446,1149081614223,1149081614258,1149081614306,1446,1
1447,1149081738916,1149081738952,1149081739071,1447,1
1448,1149081863076,1149081863112,1149081863163,1448,1
1449,1149081995914,1149081995950,1149081996106,1449,1
1450,1149082170507,1149082170543,1149082170638,1450,1
1451,1149082240650,1149082240685,1149082240793,1451,1
1452,1149082365665,1149082365702,1149082365749,1452,1
1453,1149082490719,1149082490756,1149082490940,1453,1
1454,1149082615628,1149082615664,1149082615717,1454,1
1455,1149082740416,1149082740452,1149082740577,1455,1
1456,1149082865532,1149082865568,1149082865612,1456,1
1457,1149082990339,1149082990374,1149082990494,1457,1
1458,1149083115348,1149083115386,1149083115439,1458,1
1459,1149083240332,1149083240368,1149083240484,1459,1
1460,1149083365450,1149083365486,1149083365534,1460,1
1461,1149083490422,1149083490457,1149083490578,1461,1
1462,1149083615547,1149083615583,1149083615636,1462,1
1463,1149083740890,1149083740925,1149083740974,1463,1
1464,1149083865618,1149083865654,1149083865703,1464,1
1465,1149083986678,1149083986715,1149083986767,1465,1
1466,1149084120615,1149084120717,1149084120760,1466,1
1467,1149084238996,1149084239031,1149084239201,1467,1
1468,1149084364159,1149084364193,1149084364360,1468,1
1469,1149084489018,1149084489055,1149084489152,1469,1
1470,1149084612984,1149084613020,1149084613070,1470,1
1471,1149084747979,1149084748014,1149084748110,1471,1
1472,1149084863866,1149084863904,1149084863957,1472,1
1473,1149084988877,1149084988913,1149084988964,1473,1
1474,1149085113709,1149085113745,1149085113796,1474,1
1475,1149085237903,1149085237937,1149085237990,1475,1
1476,1149085424166,1149085424202,1149085424291,1476,1
1477,1149085490791,1149085490826,1149085490875,1477,1
1478,1149085615831,1149085615865,1149085615915,1478,1
1479,1149085740728,1149085740764,1149085740885,1479,1
1480,1149085865545,1149085865582,1149085865629,1480,1
1481,1149085990814,1149085990849,1149085990961,1481,1
1482,1149086115608,1149086115644,1149086115692,1482,1
1483,1149086240641,1149086240677,1149086240787,1483,1
1484,1149086365604,1149086365640,1149086365686,1484,1
1485,1149086490624,1149086490661,1149086490769,1485,1
1486,1149086615777,1149086615813,1149086615861,1486,1
1487,1149086740758,1149086740794,1149086740958,1487,1
1488,1149086865661,1149086865697,1149086865744,1488,1
1489,1149086990658,1149086990693,1149086990801,1489,1
1490,1149087115219,1149087115255,1149087115297,1490,1
1491,1149087240052,1149087240087,1149087240135,1491,1
1492,1149087365032,1149087365066,1149087365112,1492,1
1493,1149087490087,1149087490120,1149087490169,1493,1
1494,1149087615882,1149087615917,1149087615966,1494,1
1495,1149087740525,1149087740560,1149087740607,1495,1
1496,1149087865773,1149087865809,1149087865852,1496,1
1497,1149087983058,1149087983094,1149087983141,1497,1
1498,1149088202341,1149088202445,1149088202497,1498,1
1499,1149088238925,1149088238960,1149088239014,1499,1
1500,1149088364010,1149088364047,1149088364221,1500,1
1501,1149088489098,1149088489133,1149088489299,1501,1
1502,1149088613805,1149088613841,1149088613892,1502,1
1503,1149088738599,1149088738633,1149088738733,1503,1
1504,1149088863514,1149088863549,1149088863602,1504,1
1505,1149088988657,1149088988691,1149088988802,1505,1
1506,1149089113442,1149089113477,1149089113527,1506,1
1507,1149089237554,1149089237589,1149089237689,1507,1
1508,1149089366207,1149089366241,1149089366288,1508,1
1509,1149089490273,1149089490308,1149089490424,1509,1
1510,1149089615198,1149089615232,1149089615278,1510,1
1511,1149089740088,1149089740123,1149089740243,1511,1
1512,1149089865030,1149089865065,1149089865112,1512,1
1513,1149089990256,1149089990291,1149089990410,1513,1
1514,1149090115028,1149090115062,1149090115114,1514,1
1515,1149090240193,1149090240227,1149090240357,1515,1
1516,1149090365175,1149090365210,1149090365257,1516,1
1517,1149090490040,1149090490075,1149090490178,1517,1
1518,1149090615057,1149090615092,1149090615139,1518,1
1519,1149090832921,1149090832956,1149090833123,1519,1
1520,1149090865591,1149090865626,1149090865684,1520,1
1521,1149090990350,1149090990384,1149090990495,1521,1
1522,1149091115083,1149091115118,1149091115172,1522,1
1523,1149091240204,1149091240239,1149091240352,1523,1
1524,1149091365267,1149091365302,1149091365351,1524,1
1525,1149091490156,1149091490191,1149091490523,1525,1
1526,1149091615126,1149091615159,1149091615207,1526,1
1527,1149091739991,1149091740026,1149091740104,1527,1
1528,1149091911247,1149091911282,1149091911394,1528,1
1529,1149091982720,1149091982751,1149091982825,1529,1
1530,1149092172318,1149092172419,1149092172468,1530,1
1531,1149092272685,1149092272720,1149092273016,1531,1
1532,1149092363632,1149092363666,1149092363713,1532,1
1533,1149092488479,1149092488513,1149092488585,1533,1
1534,1149092613647,1149092613682,1149092613837,1534,1
1535,1149092738715,1149092738749,1149092738910,1535,1
1536,1149092863466,1149092863501,1149092863561,1536,1
1537,1149092988595,1149092988629,1149092988736,1537,1
1538,1149093113514,1149093113549,1149093113600,1538,1
1539,1149093237599,1149093237634,1149093237707,1539,1
1540,1149093364496,1149093364532,1149093364584,1540,1
1541,1149093488368,1149093488402,1149093488470,1541,1
1542,1149093613395,1149093613431,1149093613481,1542,1
1543,1149093738552,1149093738587,1149093738656,1543,1
1544,1149093863401,1149093863435,1149093863487,1544,1
1545,1149093987555,1149093987589,1149093987641,1545,1
1546,1149094122923,1149094122959,1149094123055,1546,1
1547,1149094239025,1149094239061,1149094239107,1547,1
1548,1149094363997,1149094364033,1149094364077,1548,1
1549,1149094488880,1149094488916,1149094488967,1549,1
1550,1149094613783,1149094613820,1149094613865,1550,1
1551,1149094737974,1149094738010,1149094738060,1551,1
1552,1149094873017,1149094873053,1149094873146,1552,1
1553,1149094995864,1149094995899,1149094996010,1553,1
1554,1149095114165,1149095114202,1149095114255,1554,1
1555,1149095239008,1149095239043,1149095239096,1555,1
1556,1149095380339,1149095380374,1149095380424,1556,1
1557,1149095489038,1149095489074,1149095489148,1557,1
1558,1149095613849,1149095613886,1149095613934,1558,1
1559,1149095738008,1149095738045,1149095738117,1559,1
1560,1149095870162,1149095870198,1149095870290,1560,1
1561,1149095989630,1149095989665,1149095989759,1561,1
1562,1149096127346,1149096127382,1149096127432,1562,1
1563,1149096239171,1149096239205,1149096239260,1563,1
1564,1149096363882,1149096363917,1149096363972,1564,1
1565,1149096488911,1149096488946,1149096489127,1565,1
1566,1149096613895,1149096613931,1149096613980,1566,1
1567,1149096739045,1149096739080,1149096739245,1567,1
1568,1149096863894,1149096863929,1149096864092,1568,1
1569,1149096988842,1149096988878,1149096988925,1569,1
1570,1149097114014,1149097114049,1149097114099,1570,1
1571,1149097238056,1149097238091,1149097238145,1571,1
1572,1149097364867,1149097364902,1149097364952,1572,1
1573,1149097488944,1149097488979,1149097489032,1573,1
1574,1149097614263,1149097614299,1149097614346,1574,1
1575,1149097738772,1149097738807,1149097738859,1575,1
1576,1149097864003,1149097864039,1149097864092,1576,1
1577,1149097988873,1149097988908,1149097988958,1577,1
1578,1149098113889,1149098113925,1149098113973,1578,1
1579,1149098238884,1149098238920,1149098238971,1579,1
1580,1149098364006,1149098364042,1149098364090,1580,1
1581,1149098488911,1149098488947,1149098488999,1581,1
1582,1149098613929,1149098613965,1149098614015,1582,1
1583,1149098738746,1149098738783,1149098738836,1583,1
1584,1149098863726,1149098863762,1149098863810,1584,1
1585,1149098988859,1149098988896,1149098988943,1585,1
1586,1149099113875,1149099113910,1149099113959,1586,1
1587,1149099239087,1149099239122,1149099239227,1587,1
1588,1149099364395,1149099364431,1149099364479,1588,1
1589,1149099488081,1149099488116,1149099488229,1589,1
1590,1149099675917,1149099675953,1149099676045,1590,1
1591,1149099738013,1149099738049,1149099738155,1591,1
1592,1149099935990,1149099936026,1149099936120,1592,1
1593,1149099983456,1149099983492,1149099983573,1593,1
1594,1149100121159,1149100121261,1149100121310,1594,1
1595,1149100238954,1149100238989,1149100239098,1595,1
1596,1149100363870,1149100363905,1149100363956,1596,1
1597,1149100489010,1149100489045,1149100489122,1597,1
1598,1149100613906,1149100613943,1149100613995,1598,1
1599,1149100738826,1149100738860,1149100738940,1599,1
1600,1149100863827,1149100863863,1149100864029,1600,1
1601,1149100989410,1149100989445,1149100989631,1601,1
1602,1149101113850,1149101113885,1149101113930,1602,1
1603,1149101237940,1149101237975,1149101238022,1603,1
1604,1149101366456,1149101366493,1149101366544,1604,1
1605,1149101490553,1149101490589,1149101490641,1605,1
1606,1149101615519,1149101615554,1149101615605,1606,1
1607,1149101740503,1149101740538,1149101740587,1607,1
1608,1149101865257,1149101865293,1149101865340,1608,1
1609,1149101990359,1149101990394,1149101990448,1609,1
1610,1149102115299,1149102115334,1149102115386,1610,1
1611,1149102274730,1149102274766,1149102274886,1611,1
1612,1149102365333,1149102365369,1149102365422,1612,1
1613,1149102490589,1149102490623,1149102490738,1613,1
1614,1149102615370,1149102615406,1149102615456,1614,1
1615,1149102740302,1149102740338,1149102740449,1615,1
1616,1149102865325,1149102865359,1149102865412,1616,1
1617,1149102990240,1149102990275,1149102990399,1617,1
1618,1149103115255,1149103115292,1149103115340,1618,1
1619,1149103240267,1149103240303,1149103240423,1619,1
1620,1149103365605,1149103365641,1149103365817,1620,1
1621,1149103490784,1149103490820,1149103490937,1621,1
1622,1149103615554,1149103615591,1149103615638,1622,1
1623,1149103740582,1149103740618,1149103740667,1623,1
1624,1149103865622,1149103865657,1149103865706,1624,1
1625,1149103983178,1149103983210,1149103983265,1625,1
1626,1149104120417,1149104120523,1149104120575,1626,1
1627,1149104238898,1149104238933,1149104238987,1627,1
1628,1149104363830,1149104363865,1149104363918,1628,1
1629,1149104488920,1149104488956,1149104489009,1629,1
1630,1149104614104,1149104614140,1149104614191,1630,1
1631,1149104738808,1149104738845,1149104738894,1631,1
1632,1149104863929,1149104863963,1149104864016,1632,1
1633,1149104988840,1149104988876,1149104989057,1633,1
1634,1149105127822,1149105127857,1149105128035,1634,1
1635,1149105237617,1149105237652,1149105237766,1635,1
1636,1149105364722,1149105364757,1149105364804,1636,1
1637,1149105488441,1149105488476,1149105488584,1637,1
1638,1149105613426,1149105613461,1149105613511,1638,1
1639,1149105738408,1149105738444,1149105738555,1639,1
1640,1149105863339,1149105863374,1149105863426,1640,1
1641,1149105987370,1149105987405,1149105987506,1641,1
1642,1149106116649,1149106116683,1149106116777,1642,1
1643,1149106240087,1149106240122,1149106240225,1643,1
1644,1149106365552,1149106365587,1149106365634,1644,1
1645,1149106490457,1149106490491,1149106490609,1645,1
1646,1149106615526,1149106615561,1149106615605,1646,1
1647,1149106740730,1149106740765,1149106740888,1647,1
1648,1149106865542,1149106865578,1149106865625,1648,1
1649,1149106990505,1149106990541,1149106990658,1649,1
1650,1149107115679,1149107115715,1149107115762,1650,1
1651,1149107240540,1149107240576,1149107240696,1651,1
1652,1149107371837,1149107371872,1149107371925,1652,1
1653,1149107490790,1149107490825,1149107491009,1653,1
1654,1149107615613,1149107615649,1149107615696,1654,1
1655,1149107740671,1149107740707,1149107740779,1655,1
1656,1149107865447,1149107865483,1149107865536,1656,1
1657,1149107983044,1149107983079,1149107983145,1657,1
1658,1149108120431,1149108120536,1149108120587,1658,1
1659,1149108238884,1149108238920,1149108238989,1659,1
1660,1149108363866,1149108363902,1149108363959,1660,1
1661,1149108488854,1149108488889,1149108489053,1661,1
1662,1149108613821,1149108613858,1149108613906,1662,1
1663,1149108738820,1149108738855,1149108738903,1663,1
1664,1149108863939,1149108863975,1149108864028,1664,1
1665,1149108988910,1149108988946,1149108988995,1665,1
1666,1149109112972,1149109113007,1149109113060,1666,1
1667,1149109244473,1149109244508,1149109244717,1667,1
1668,1149109364837,1149109364872,1149109365035,1668,1
1669,1149109488861,1149109488896,1149109489009,1669,1
1670,1149109613024,1149109613059,1149109613107,1670,1
1671,1149109770037,1149109770072,1149109770240,1671,1
1672,1149109967675,1149109968000,1149109968122,1672,1
1673,1149109992424,1149109992460,1149109992567,1673,1
1674,1149110114201,1149110114237,1149110114289,1674,1
1675,1149110238813,1149110238848,1149110238971,1675,1
1676,1149110363781,1149110363817,1149110363868,1676,1
1677,1149110488766,1149110488801,1149110488855,1677,1
1678,1149110613773,1149110613809,1149110613859,1678,1
1679,1149110737893,1149110737928,1149110737977,1679,1
1680,1149110871669,1149110871706,1149110871799,1680,1
1681,1149110988963,1149110988999,1149110989078,1681,1
1682,1149111113744,1149111113778,1149111113830,1682,1
1683,1149111238681,1149111238717,1149111238794,1683,1
1684,1149111362895,1149111362930,1149111362984,1684,1
1685,1149111521852,1149111521887,1149111522010,1685,1
1686,1149111615721,1149111615756,1149111615809,1686,1
1687,1149111740991,1149111741026,1149111741169,1687,1
1688,1149111865653,1149111865688,1149111865736,1688,1
1689,1149111983162,1149111983198,1149111983278,1689,1
1690,1149112120654,1149112120690,1149112120738,1690,1
1691,1149112239010,1149112239046,1149112239125,1691,1
1692,1149112363836,1149112363872,1149112363922,1692,1
1693,1149112488723,1149112488759,1149112488806,1693,1
1694,1149112613696,1149112613732,1149112613782,1694,1
1695,1149112738744,1149112738779,1149112738825,1695,1
1696,1149112863759,1149112863795,1149112863842,1696,1
1697,1149112989078,1149112989114,1149112989161,1697,1
1698,1149113113785,1149113113820,1149113113865,1698,1
1699,1149113318269,1149113318311,1149113318447,1699,1
1700,1149113363695,1149113363730,1149113363904,1700,1
1701,1149113528837,1149113528872,1149113529086,1701,1
1702,1149113614196,1149113614232,1149113614277,1702,1
1703,1149113738793,1149113738828,1149113738942,1703,1
1704,1149113863868,1149113863903,1149113863948,1704,1
1705,1149114041858,1149114041893,1149114042052,1705,1
1706,1149114113841,1149114113876,1149114113929,1706,1
1707,1149114238824,1149114238858,1149114238980,1707,1
1708,1149114363976,1149114364012,1149114364060,1708,1
1709,1149114488955,1149114488990,1149114489096,1709,1
1710,1149114613876,1149114613912,1149114613961,1710,1
1711,1149114782344,1149114782381,1149114782496,1711,1
1712,1149114864007,1149114864042,1149114864096,1712,1
1713,1149114987923,1149114987959,1149114988062,1713,1
1714,1149115122428,1149115122464,1149115122560,1714,1
1715,1149115238923,1149115238958,1149115239062,1715,1
1716,1149115363889,1149115363925,1149115363969,1716,1
1717,1149115488812,1149115488847,1149115488949,1717,1
1718,1149115614171,1149115614206,1149115614254,1718,1
1719,1149115737516,1149115737550,1149115737653,1719,1
1720,1149115871978,1149115872012,1149115872159,1720,1
1721,1149115983139,1149115983172,1149115983281,1721,1
1722,1149116152738,1149116152845,1149116152918,1722,1
1723,1149116239222,1149116239259,1149116239371,1723,1
1724,1149116363959,1149116363994,1149116364042,1724,1
1725,1149116488750,1149116488785,1149116488902,1725,1
1726,1149116613799,1149116613834,1149116613879,1726,1
1727,1149116738954,1149116738990,1149116739110,1727,1
1728,1149116864010,1149116864045,1149116864093,1728,1
1729,1149116988877,1149116988914,1149116989039,1729,1
1730,1149117112911,1149117112946,1149117113000,1730,1
1731,1149117249840,1149117249876,1149117250042,1731,1
1732,1149117365177,1149117365212,1149117365260,1732,1
1733,1149117488985,1149117489021,1149117489254,1733,1
1734,1149117627448,1149117627483,1149117627645,1734,1
1735,1149117738874,1149117738908,1149117739015,1735,1
1736,1149118185933,1149118185990,1149118186077,1736,1
1737,1149118194601,1149118194637,1149118194750,1737,1
1738,1149118194793,1149118194828,1149118194869,1738,1
1739,1149118239729,1149118239766,1149118239875,1739,1
1740,1149118363973,1149118364009,1149118364057,1740,1
1741,1149118489073,1149118489108,1149118489233,1741,1
1742,1149118613135,1149118613170,1149118613223,1742,1
1743,1149118803070,1149118803107,1149118803398,1743,1
1744,1149118863903,1149118863938,1149118863988,1744,1
1745,1149118988774,1149118988810,1149118988935,1745,1
1746,1149119114002,1149119114038,1149119114088,1746,1
1747,1149119238835,1149119238872,1149119238995,1747,1
1748,1149119363980,1149119364016,1149119364063,1748,1
1749,1149119549108,1149119549144,1149119549252,1749,1
1750,1149119613738,1149119613773,1149119613825,1750,1
1751,1149119737899,1149119737934,1149119738039,1751,1
1752,1149119929609,1149119929646,1149119929765,1752,1
1753,1149119983365,1149119983398,1149119983563,1753,1
1754,1149120129973,1149120130087,1149120130192,1754,1
1755,1149120238599,1149120238635,1149120238745,1755,1
1756,1149120443506,1149120443541,1149120443637,1756,1
1757,1149120488997,1149120489033,1149120489147,1757,1
1758,1149120613458,1149120613492,1149120613541,1758,1
1759,1149120769431,1149120769466,1149120769587,1759,1
1760,1149120863392,1149120863426,1149120863473,1760,1
1761,1149120988524,1149120988559,1149120988677,1761,1
1762,1149121113392,1149121113427,1149121113474,1762,1
1763,1149121237545,1149121237580,1149121237694,1763,1
1764,1149121363288,1149121363323,1149121363375,1764,1
1765,1149121530618,1149121530653,1149121530804,1765,1
1766,1149121613691,1149121613727,1149121613773,1766,1
1767,1149121738457,1149121738491,1149121738652,1767,1
1768,1149121863640,1149121863675,1149121863841,1768,1
1769,1149121988551,1149121988585,1149121988689,1769,1
1770,1149122112624,1149122112660,1149122112701,1770,1
1771,1149122245252,1149122245286,1149122245437,1771,1
1772,1149122363590,1149122363625,1149122363679,1772,1
1773,1149122488702,1149122488736,1149122488861,1773,1
1774,1149122613373,1149122613407,1149122613459,1774,1
1775,1149122738532,1149122738567,1149122738688,1775,1
1776,1149122863422,1149122863457,1149122863508,1776,1
1777,1149122988464,1149122988499,1149122988610,1777,1
1778,1149123113390,1149123113425,1149123113482,1778,1
1779,1149123418240,1149123418275,1149123418389,1779,1
1780,1149123418422,1149123418454,1149123418494,1780,1
1781,1149123550519,1149123550553,1149123550740,1781,1
1782,1149123663967,1149123664001,1149123664086,1782,1
1783,1149123748959,1149123748994,1149123749074,1783,1
1784,1149123870784,1149123870819,1149123870872,1784,1
1785,1149124037041,1149124037154,1149124037240,1785,1
1786,1149124114639,1149124114675,1149124114721,1786,1
1787,1149124238595,1149124238630,1149124238770,1787,1
1788,1149124363352,1149124363386,1149124363436,1788,1
1789,1149124488351,1149124488386,1149124488458,1789,1
1790,1149124613313,1149124613348,1149124613395,1790,1
1791,1149124737529,1149124737563,1149124737643,1791,1
1792,1149124870228,1149124870262,1149124870356,1792,1
1793,1149124988498,1149124988533,1149124988609,1793,1
1794,1149125113380,1149125113416,1149125113462,1794,1
1795,1149125259005,1149125259040,1149125259115,1795,1
1796,1149125364559,1149125364594,1149125364640,1796,1
1797,1149125542974,1149125543012,1149125543079,1797,1
1798,1149125613866,1149125613902,1149125613950,1798,1
1799,1149125738974,1149125739010,1149125739082,1799,1
1800,1149125863880,1149125863916,1149125864095,1800,1
1801,1149125988219,1149125988254,1149125988426,1801,1
1802,1149126123408,1149126123443,1149126123534,1802,1
1803,1149126240796,1149126240831,1149126240949,1803,1
1804,1149126365888,1149126365924,1149126365970,1804,1
1805,1149126490661,1149126490697,1149126490801,1805,1
1806,1149126615928,1149126615963,1149126616011,1806,1
1807,1149126740598,1149126740634,1149126740744,1807,1
1808,1149126865575,1149126865611,1149126865664,1808,1
1809,1149126990480,1149126990516,1149126990624,1809,1
1810,1149127115610,1149127115646,1149127115694,1810,1
1811,1149127240558,1149127240594,1149127240697,1811,1
1812,1149127365540,1149127365575,1149127365625,1812,1
1813,1149127490566,1149127490602,1149127490723,1813,1
1814,1149127615601,1149127615636,1149127615680,1814,1
1815,1149127740955,1149127740990,1149127741040,1815,1
1816,1149127865074,1149127865107,1149127865156,1816,1
1817,1149127982777,1149127982812,1149127982856,1817,1
1818,1149128120025,1149128120059,1149128120111,1818,1
1819,1149128238456,1149128238490,1149128238543,1819,1
1820,1149128363955,1149128364060,1149128364168,1820,1
1821,1149128488492,1149128488527,1149128488579,1821,1
1822,1149128613420,1149128613454,1149128613502,1822,1
1823,1149128738564,1149128738599,1149128738651,1823,1
1824,1149128863473,1149128863507,1149128863554,1824,1
1825,1149128988381,1149128988416,1149128988468,1825,1
1826,1149129113538,1149129113573,1149129113624,1826,1
1827,1149129237603,1149129237636,1149129237689,1827,1
1828,1149129364646,1149129364681,1149129364732,1828,1
1829,1149130772421,1149130772490,1149130772891,1829,1
1830,1149130773045,1149130773077,1149130773117,1830,1
1831,1149130773175,1149130773207,1149130773315,1831,1
1832,1149130773346,1149130773383,1149130773423,1832,1
1833,1149130773453,1149130773776,1149130773842,1833,1
1834,1149130773873,1149130773905,1149130773945,1834,1
1835,1149130774003,1149130774035,1149130774147,1835,1
1836,1149130774178,1149130774211,1149130774252,1836,1
1837,1149130774283,1149130774315,1149130774409,1837,1
1838,1149130774441,1149130774473,1149130774514,1838,1
1839,1149130774545,1149130774576,1149130774641,1839,1
1840,1149130873633,1149130873668,1149130873719,1840,1
1841,1149130993912,1149130993946,1149130994027,1841,1
1842,1149131117816,1149131117851,1149131117903,1842,1
1843,1149131243193,1149131243227,1149131243301,1843,1
1844,1149131370642,1149131370678,1149131370730,1844,1
1845,1149131733290,1149131733325,1149131733500,1845,1
1846,1149131733558,1149131733589,1149131733630,1846,1
1847,1149131733794,1149131733825,1149131733928,1847,1
1848,1149131874993,1149131875026,1149131875073,1848,1
1849,1149131990570,1149131990605,1149131990656,1849,1
1850,1149132128232,1149132128267,1149132128312,1850,1
1851,1149132246766,1149132246802,1149132246854,1851,1
1852,1149132369954,1149132369989,1149132370041,1852,1
1853,1149132491739,1149132491844,1149132491980,1853,1
1854,1149132615577,1149132615611,1149132615662,1854,1
1855,1149132744177,1149132744221,1149132744304,1855,1
1856,1149132867241,1149132867276,1149132867363,1856,1
1857,1149132990179,1149132990214,1149132990266,1857,1
1858,1149133334393,1149133334427,1149133334574,1858,1
1859,1149133342848,1149133342883,1149133342927,1859,1
1860,1149133373333,1149133373368,1149133373418,1860,1
1861,1149133489696,1149133489730,1149133489792,1861,1
1862,1149133614964,1149133614998,1149133615050,1862,1
1863,1149133739006,1149133739041,1149133739107,1863,1
1864,1149133863856,1149133863891,1149133863939,1864,1
1865,1149133995662,1149133995696,1149133995881,1865,1
1866,1149134114177,1149134114211,1149134114263,1866,1
1867,1149134238800,1149134238835,1149134238999,1867,1
1868,1149134363752,1149134363788,1149134363840,1868,1
1869,1149134488877,1149134488911,1149134488963,1869,1
1870,1149134868225,1149134868259,1149134868463,1870,1
1871,1149134876316,1149134876351,1149134876461,1871,1
1872,1149134876503,1149134876536,1149134876577,1872,1
1873,1149134989781,1149134989817,1149134989862,1873,1
1874,1149135113788,1149135113823,1149135113870,1874,1
1875,1149135238622,1149135238656,1149135238727,1875,1
1876,1149135362477,1149135362513,1149135362555,1876,1
1877,1149135555333,1149135555367,1149135555477,1877,1
1878,1149135615631,1149135615665,1149135615710,1878,1
1879,1149135740222,1149135740256,1149135740309,1879,1
1880,1149135865140,1149135865176,1149135865220,1880,1
1881,1149135982745,1149135982779,1149135982827,1881,1
1882,1149136168875,1149136168909,1149136169025,1882,1
1883,1149136238635,1149136238669,1149136238716,1883,1
1884,1149136363630,1149136363665,1149136363712,1884,1
1885,1149136488440,1149136488474,1149136488523,1885,1
1886,1149136613822,1149136613856,1149136613908,1886,1
1887,1149137398194,1149137398298,1149137398505,1887,1
1888,1149137398589,1149137398634,1149137398675,1888,1
1889,1149137398706,1149137398740,1149137398920,1889,1
1890,1149137398951,1149137398984,1149137399024,1890,1
1891,1149137399176,1149137399208,1149137399248,1891,1
1892,1149137399278,1149137399312,1149137399352,1892,1
1893,1149137489771,1149137489806,1149137489881,1893,1
1894,1149137695822,1149137695857,1149137695933,1894,1
1895,1149137738473,1149137738509,1149137738588,1895,1
1896,1149137863505,1149137863539,1149137863592,1896,1
1897,1149137988380,1149137988415,1149137988489,1897,1
1898,1149138113342,1149138113376,1149138113425,1898,1
1899,1149138238392,1149138238426,1149138238498,1899,1
1900,1149138363315,1149138363350,1149138363510,1900,1
1901,1149138489219,1149138489255,1149138489433,1901,1
1902,1149138613868,1149138613904,1149138613948,1902,1
1903,1149138738862,1149138738897,1149138739019,1903,1
1904,1149138863826,1149138863860,1149138863908,1904,1
1905,1149138988816,1149138988851,1149138988973,1905,1
1906,1149139113780,1149139113818,1149139113860,1906,1
1907,1149139238918,1149139238953,1149139239070,1907,1
1908,1149139364966,1149139365001,1149139365050,1908,1
1909,1149139552366,1149139552400,1149139552634,1909,1
1910,1149139613416,1149139613450,1149139613500,1910,1
1911,1149139738352,1149139738387,1149139738461,1911,1
1912,1149139862459,1149139862494,1149139862542,1912,1
1913,1149140037920,1149140037958,1149140038077,1913,1
1914,1149140129783,1149140129818,1149140129911,1914,1
1915,1149140238635,1149140238669,1149140238741,1915,1
1916,1149140363242,1149140363276,1149140363319,1916,1
1917,1149140488368,1149140488403,1149140488466,1917,1
1918,1149140613189,1149140613224,1149140613268,1918,1
1919,1149140738266,1149140738301,1149140738363,1919,1
1920,1149140863691,1149140863795,1149140863904,1920,1
1921,1149140988287,1149140988321,1149140988379,1921,1
1922,1149141113240,1149141113274,1149141113324,1922,1
1923,1149141237587,1149141237621,1149141237686,1923,1
1924,1149141366568,1149141366602,1149141366656,1924,1
1925,1149141490241,1149141490276,1149141490359,1925,1
1926,1149141615270,1149141615305,1149141615356,1926,1
1927,1149141740173,1149141740207,1149141740286,1927,1
1928,1149141865156,1149141865190,1149141865238,1928,1
1929,1149141990356,1149141990391,1149141990476,1929,1
1930,1149142115015,1149142115049,1149142115096,1930,1
1931,1149142240107,1149142240142,1149142240221,1931,1
1932,1149142365182,1149142365216,1149142365265,1932,1
1933,1149142490113,1149142490148,1149142490219,1933,1
1934,1149142615873,1149142615908,1149142616061,1934,1
1935,1149142740397,1149142740432,1149142740544,1935,1
1936,1149142865101,1149142865135,1149142865181,1936,1
1937,1149142990104,1149142990138,1149142990186,1937,1
1938,1149143115138,1149143115174,1149143115221,1938,1
1939,1149143240163,1149143240197,1149143240244,1939,1
1940,1149143365175,1149143365211,1149143365255,1940,1
1941,1149143490160,1149143490194,1149143490240,1941,1
1942,1149143615246,1149143615280,1149143615327,1942,1
1943,1149143740127,1149143740161,1149143740209,1943,1
1944,1149143865144,1149143865179,1149143865221,1944,1
1945,1149143983015,1149143983047,1149143983093,1945,1
1946,1149144120179,1149144120213,1149144120258,1946,1
1947,1149144240869,1149144240903,1149144240955,1947,1
1948,1149144363625,1149144363660,1149144363708,1948,1
1949,1149144487685,1149144487720,1149144487769,1949,1
1950,1149144780876,1149144780920,1149144781017,1950,1
1951,1149144781087,1149144781122,1149144781197,1951,1
1952,1149144915153,1149144915188,1149144915283,1952,1
1953,1149144995552,1149144995652,1149144995781,1953,1
1954,1149145117776,1149145117812,1149145117863,1954,1
1955,1149145241130,1149145241166,1149145241242,1955,1
1956,1149145368147,1149145368182,1149145368235,1956,1
1957,1149145491722,1149145491755,1149145491824,1957,1
1958,1149145616073,1149145616108,1149145616153,1958,1
1959,1149145740706,1149145740740,1149145740788,1959,1
1960,1149145865165,1149145865199,1149145865251,1960,1
1961,1149145990445,1149145990480,1149145990552,1961,1
1962,1149146115044,1149146115078,1149146115125,1962,1
1963,1149146242707,1149146242751,1149146242823,1963,1
1964,1149146383438,1149146383473,1149146383548,1964,1
1965,1149146489678,1149146489712,1149146489778,1965,1
1966,1149146614481,1149146614515,1149146614566,1966,1
1967,1149146739144,1149146739179,1149146739357,1967,1
1968,1149146864553,1149146864587,1149146864699,1968,1
1969,1149146989015,1149146989049,1149146989101,1969,1
1970,1149147117222,1149147117257,1149147117308,1970,1
1971,1149147238828,1149147238862,1149147238914,1971,1
1972,1149147363709,1149147363743,1149147363795,1972,1
1973,1149147547460,1149147547495,1149147547548,1973,1
1974,1149147614017,1149147614051,1149147614103,1974,1
1975,1149147737443,1149147737479,1149147737526,1975,1
1976,1149147880865,1149147880899,1149147881027,1976,1
1977,1149147983218,1149147983249,1149147983298,1977,1
1978,1149148120478,1149148120514,1149148120566,1978,1
1979,1149148238620,1149148238656,1149148238705,1979,1
1980,1149148363361,1149148363395,1149148363450,1980,1
1981,1149148488360,1149148488395,1149148488442,1981,1
1982,1149148613678,1149148613713,1149148613765,1982,1
1983,1149148738744,1149148738780,1149148738826,1983,1
1984,1149148863584,1149148863618,1149148863671,1984,1
1985,1149148988510,1149148988545,1149148988658,1985,1
1986,1149149113515,1149149113549,1149149113596,1986,1
1987,1149149237882,1149149237984,1149149238155,1987,1
1988,1149149364462,1149149364495,1149149364543,1988,1
1989,1149149488377,1149149488412,1149149488520,1989,1
1990,1149149613805,1149149613841,1149149613894,1990,1
1991,1149149738844,1149149738879,1149149738983,1991,1
1992,1149149862822,1149149862857,1149149862909,1992,1
1993,1149150066229,1149150066268,1149150066445,1993,1
1994,1149150114147,1149150114182,1149150114235,1994,1
1995,1149150238865,1149150238901,1149150239009,1995,1
1996,1149150363833,1149150363868,1149150363923,1996,1
1997,1149150488898,1149150488932,1149150489046,1997,1
1998,1149150613744,1149150613780,1149150613835,1998,1
1999,1149150738956,1149150738991,1149150739112,1999,1
2000,1149150863793,1149150863828,1149150864004,2000,1
2001,1149150988977,1149150989013,1149150989187,2001,1
2002,1149151113815,1149151113851,1149151113907,2002,1
2003,1149151238785,1149151238821,1149151238935,2003,1
2004,1149151363816,1149151363852,1149151363903,2004,1
2005,1149151488823,1149151488857,1149151488908,2005,1
2006,1149151613794,1149151613829,1149151613883,2006,1
2007,1149151738844,1149151738879,1149151738936,2007,1
2008,1149151863102,1149151863138,1149151863192,2008,1
2009,1149151992477,1149151992513,1149151992609,2009,1
2010,1149152114500,1149152114536,1149152114587,2010,1
2011,1149152238094,1149152238130,1149152238183,2011,1
2012,1149152370463,1149152370499,1149152370595,2012,1
2013,1149152488923,1149152488958,1149152489005,2013,1
2014,1149152613835,1149152613872,1149152613915,2014,1
2015,1149152739922,1149152739956,1149152740022,2015,1
2016,1149152863069,1149152863105,1149152863158,2016,1
2017,1149153048305,1149153048408,1149153048504,2017,1
2018,1149153113814,1149153113850,1149153113900,2018,1
2019,1149153237905,1149153237940,1149153237996,2019,1
2020,1149153363924,1149153363959,1149153364007,2020,1
2021,1149153514819,1149153514854,1149153514969,2021,1
2022,1149153613906,1149153613941,1149153613998,2022,1
2023,1149154285749,1149154285804,1149154286169,2023,1
2024,1149154286225,1149154286266,1149154286307,2024,1
2025,1149154286340,1149154286384,1149154286447,2025,1
2026,1149154286479,1149154286511,1149154286552,2026,1
2027,1149154286616,1149154286649,1149154286706,2027,1
2028,1149154375142,1149154375179,1149154375296,2028,1
2029,1149154489138,1149154489174,1149154489246,2029,1
2030,1149154613991,1149154614026,1149154614077,2030,1
2031,1149154739380,1149154739416,1149154739491,2031,1
2032,1149154863966,1149154864001,1149154864051,2032,1
2033,1149154989125,1149154989160,1149154989233,2033,1
2034,1149155113007,1149155113043,1149155113090,2034,1
2035,1149155247000,1149155247036,1149155247149,2035,1
2036,1149155362893,1149155362929,1149155362982,2036,1
2037,1149155524491,1149155524526,1149155524674,2037,1
2038,1149155615710,1149155615745,1149155615799,2038,1
2039,1149155740745,1149155740779,1149155740832,2039,1
2040,1149155936784,1149155936819,1149155936990,2040,1
2041,1149155983227,1149155983259,1149155983363,2041,1
2042,1149156121631,1149156121667,1149156121711,2042,1
2043,1149156239000,1149156239037,1149156239155,2043,1
2044,1149156363913,1149156363949,1149156363998,2044,1
2045,1149156491184,1149156491219,1149156491290,2045,1
2046,1149156614049,1149156614084,1149156614129,2046,1
2047,1149156738744,1149156738779,1149156738852,2047,1
2048,1149157036405,1149157036442,1149157036489,2048,1
2049,1149157041040,1149157041075,1149157041150,2049,1
2050,1149157119306,1149157119342,1149157119397,2050,1
2051,1149157244042,1149157244077,1149157244150,2051,1
2052,1149157370626,1149157370662,1149157370710,2052,1
2053,1149157494457,1149157494493,1149157494547,2053,1
2054,1149157618052,1149157618153,1149157618270,2054,1
2055,1149157738882,1149157738918,1149157738971,2055,1
2056,1149157863781,1149157863817,1149157863870,2056,1
2057,1149157987944,1149157987979,1149157988052,2057,1
2058,1149158197138,1149158197174,1149158197266,2058,1
2059,1149158240993,1149158241028,1149158241096,2059,1
2060,1149158365997,1149158366034,1149158366084,2060,1
2061,1149158743689,1149158743725,1149158743793,2061,1
2062,1149158743827,1149158743861,1149158743902,2062,1
2063,1149158752610,1149158752645,1149158752710,2063,1
2064,1149158870754,1149158870790,1149158870843,2064,1
2065,1149158995437,1149158995473,1149158995539,2065,1
2066,1149159120330,1149159120366,1149159120423,2066,1
2067,1149159248701,1149159248737,1149159248906,2067,1
2068,1149159369455,1149159369491,1149159369650,2068,1
2069,1149159498287,1149159498323,1149159498444,2069,1
2070,1149159618333,1149159618369,1149159618423,2070,1
2071,1149159742757,1149159742793,1149159742847,2071,1
2072,1149159867491,1149159867527,1149159867581,2072,1
2073,1149159984873,1149159984907,1149159984959,2073,1
2074,1149160121734,1149160121770,1149160121815,2074,1
2075,1149160240998,1149160241034,1149160241080,2075,1
2076,1149160365065,1149160365100,1149160365145,2076,1
2077,1149160489993,1149160490029,1149160490081,2077,1
2078,1149160614412,1149160614447,1149160614498,2078,1
2079,1149160777645,1149160777681,1149160777789,2079,1
2080,1149160864507,1149160864544,1149160864593,2080,1
2081,1149160989367,1149160989401,1149160989455,2081,1
2082,1149161112966,1149161113001,1149161113053,2082,1
2083,1149161245351,1149161245385,1149161245474,2083,1
2084,1149161365694,1149161365730,1149161365780,2084,1
2085,1149161489206,1149161489241,1149161489291,2085,1
2086,1149161614391,1149161614427,1149161614480,2086,1
2087,1149161739400,1149161739505,1149161739676,2087,1
2088,1149161864188,1149161864224,1149161864271,2088,1
2089,1149161989220,1149161989255,1149161989382,2089,1
2090,1149162113738,1149162113773,1149162113821,2090,1
2091,1149162238135,1149162238171,1149162238291,2091,1
2092,1149162383543,1149162383578,1149162383670,2092,1
2093,1149162494775,1149162494811,1149162494922,2093,1
2094,1149162614063,1149162614098,1149162614150,2094,1
2095,1149162738874,1149162738909,1149162739019,2095,1
2096,1149162864156,1149162864192,1149162864242,2096,1
2097,1149162987906,1149162987943,1149162988053,2097,1
2098,1149163287521,1149163287562,1149163287674,2098,1
2099,1149163287741,1149163287783,1149163287871,2099,1
2100,1149163367811,1149163367846,1149163368050,2100,1
2101,1149163549191,1149163549227,1149163549432,2101,1
2102,1149163618870,1149163618906,1149163618960,2102,1
2103,1149163743054,1149163743089,1149163743198,2103,1
2104,1149163926558,1149163926593,1149163926687,2104,1
2105,1149163983058,1149163983090,1149163983200,2105,1
2106,1149164120614,1149164120651,1149164120696,2106,1
2107,1149164239135,1149164239171,1149164239274,2107,1
2108,1149164364114,1149164364151,1149164364199,2108,1
2109,1149164488884,1149164488920,1149164489026,2109,1
2110,1149164613958,1149164613994,1149164614040,2110,1
2111,1149164738844,1149164738878,1149164738991,2111,1
2112,1149164863201,1149164863236,1149164863280,2112,1
2113,1149164994723,1149164994760,1149164994925,2113,1
2114,1149165114001,1149165114036,1149165114090,2114,1
2115,1149165240387,1149165240424,1149165240541,2115,1
2116,1149165364739,1149165364775,1149165364827,2116,1
2117,1149165489083,1149165489118,1149165489226,2117,1
2118,1149165613791,1149165613827,1149165613882,2118,1
2119,1149165739034,1149165739070,1149165739167,2119,1
2120,1149165864125,1149165864226,1149165864333,2120,1
2121,1149165988096,1149165988131,1149165988240,2121,1
2122,1149166121011,1149166121047,1149166121137,2122,1
2123,1149166262551,1149166262586,1149166262708,2123,1
2124,1149166608638,1149166608674,1149166608752,2124,1
2125,1149166608787,1149166608928,1149166609034,2125,1
2126,1149166609067,1149166609101,1149166609141,2126,1
2127,1149166739040,1149166739076,1149166739184,2127,1
2128,1149166863957,1149166863993,1149166864037,2128,1
2129,1149166988791,1149166988826,1149166988947,2129,1
2130,1149167114038,1149167114072,1149167114124,2130,1
2131,1149167238937,1149167238973,1149167239093,2131,1
2132,1149167363918,1149167363952,1149167364004,2132,1
2133,1149167488927,1149167488962,1149167489030,2133,1
2134,1149167614773,1149167614809,1149167614976,2134,1
2135,1149167738362,1149167738399,1149167738504,2135,1
2136,1149168114977,1149168115037,1149168115168,2136,1
2137,1149168125936,1149168125972,1149168126079,2137,1
2138,1149168126116,1149168126148,1149168126194,2138,1
2139,1149168240282,1149168240318,1149168240430,2139,1
2140,1149168363914,1149168363950,1149168364000,2140,1
2141,1149168487996,1149168488031,1149168488151,2141,1
2142,1149168621561,1149168621597,1149168621688,2142,1
2143,1149168738727,1149168738763,1149168738830,2143,1
2144,1149168863973,1149168864009,1149168864061,2144,1
2145,1149168989079,1149168989114,1149168989240,2145,1
2146,1149169121931,1149169121967,1149169122057,2146,1
2147,1149169292219,1149169292254,1149169292373,2147,1
2148,1149169364909,1149169364945,1149169364994,2148,1
2149,1149169489031,1149169489066,1149169489185,2149,1
2150,1149169614187,1149169614223,1149169614273,2150,1
2151,1149169739211,1149169739246,1149169739323,2151,1
2152,1149169862986,1149169863021,1149169863070,2152,1
2153,1149169997415,1149169997517,1149169997690,2153,1
2154,1149170115562,1149170115607,1149170115662,2154,1
2155,1149170384362,1149170384398,1149170384522,2155,1
2156,1149170384579,1149170384622,1149170384664,2156,1
2157,1149170489253,1149170489289,1149170489373,2157,1
2158,1149170613863,1149170613899,1149170613953,2158,1
2159,1149170739041,1149170739077,1149170739164,2159,1
2160,1149170863760,1149170863795,1149170863844,2160,1
2161,1149170988735,1149170988772,1149170988855,2161,1
2162,1149171113817,1149171113853,1149171113903,2162,1
2163,1149171375093,1149171375129,1149171375321,2163,1
2164,1149171375377,1149171375429,1149171375470,2164,1
2165,1149171516678,1149171516713,1149171516978,2165,1
2166,1149171620586,1149171620621,1149171620670,2166,1
2167,1149171745619,1149171745655,1149171745828,2167,1
2168,1149171869597,1149171869633,1149171869802,2168,1
2169,1149171990854,1149171990887,1149171990996,2169,1
2170,1149172126800,1149172126844,1149172126907,2170,1
2171,1149172243628,1149172243662,1149172243770,2171,1
2172,1149172433300,1149172433334,1149172433421,2172,1
2173,1149172490651,1149172490686,1149172490769,2173,1
2174,1149172920256,1149172920291,1149172920409,2174,1
2175,1149172920486,1149172920518,1149172920583,2175,1
2176,1149172920615,1149172920743,1149172920784,2176,1
2177,1149172991212,1149172991248,1149172991328,2177,1
2178,1149173114331,1149173114365,1149173114407,2178,1
2179,1149173238154,1149173238188,1149173238265,2179,1
2180,1149173365280,1149173365315,1149173365368,2180,1
2181,1149173488832,1149173488867,1149173488932,2181,1
2182,1149173613832,1149173613867,1149173613919,2182,1
2183,1149173738626,1149173738660,1149173738726,2183,1
2184,1149173863007,1149173863041,1149173863096,2184,1
2185,1149173997927,1149173997963,1149173998070,2185,1
2186,1149174114555,1149174114590,1149174114643,2186,1
2187,1149174238915,1149174239019,1149174239138,2187,1
2188,1149174363878,1149174363913,1149174363962,2188,1
2189,1149174488444,1149174488479,1149174488552,2189,1
2190,1149174613510,1149174613546,1149174613595,2190,1
2191,1149174738419,1149174738455,1149174738527,2191,1
2192,1149174863535,1149174863570,1149174863619,2192,1
2193,1149174988517,1149174988551,1149174988626,2193,1
2194,1149175112561,1149175112597,1149175112643,2194,1
2195,1149175246085,1149175246120,1149175246231,2195,1
2196,1149175362747,1149175362781,1149175362834,2196,1
2197,1149175521378,1149175521412,1149175521519,2197,1
2198,1149175613853,1149175613888,1149175613937,2198,1
2199,1149175737534,1149175737568,1149175737632,2199,1
2200,1149175873669,1149175873703,1149175873909,2200,1
2201,1149175983231,1149175983262,1149175983420,2201,1
2202,1149176230964,1149176231000,1149176231083,2202,1
2203,1149176231118,1149176231152,1149176231248,2203,1
2204,1149176371605,1149176371640,1149176371733,2204,1
2205,1149176489195,1149176489231,1149176489349,2205,1
2206,1149176613945,1149176613981,1149176614026,2206,1
2207,1149176738840,1149176738875,1149176738988,2207,1
2208,1149176863978,1149176864015,1149176864058,2208,1
2209,1149177044332,1149177044368,1149177044491,2209,1
2210,1149177113951,1149177113986,1149177114037,2210,1
2211,1149177247516,1149177247552,1149177247668,2211,1
2212,1149177364785,1149177364820,1149177364873,2212,1
2213,1149177489354,1149177489390,1149177489501,2213,1
2214,1149177613431,1149177613465,1149177613512,2214,1
2215,1149177738285,1149177738319,1149177738421,2215,1
2216,1149177863304,1149177863339,1149177863386,2216,1
2217,1149177988415,1149177988449,1149177988547,2217,1
2218,1149178113367,1149178113402,1149178113448,2218,1
2219,1149178238362,1149178238396,1149178238504,2219,1
2220,1149178363733,1149178363837,1149178363944,2220,1
2221,1149178488407,1149178488442,1149178488526,2221,1
2222,1149178612490,1149178612524,1149178612575,2222,1
2223,1149178747725,1149178747760,1149178747881,2223,1
2224,1149178870849,1149178870883,1149178870934,2224,1
2225,1149178989976,1149178990011,1149178990092,2225,1
2226,1149179285585,1149179285621,1149179285670,2226,1
2227,1149179285704,1149179285736,1149179285843,2227,1
2228,1149179364234,1149179364269,1149179364316,2228,1
2229,1149179489106,1149179489140,1149179489351,2229,1
2230,1149179614088,1149179614124,1149179614174,2230,1
2231,1149179738147,1149179738183,1149179738266,2231,1
2232,1149179872666,1149179872702,1149179872792,2232,1
2233,1149179983046,1149179983079,1149179983156,2233,1
2234,1149180126171,1149180126273,1149180126506,2234,1
2235,1149180239255,1149180239291,1149180239470,2235,1
2236,1149180364022,1149180364057,1149180364112,2236,1
2237,1149180488910,1149180488945,1149180489051,2237,1
2238,1149180613842,1149180613878,1149180613925,2238,1
2239,1149180738697,1149180738733,1149180738843,2239,1
2240,1149180863892,1149180863927,1149180863980,2240,1
2241,1149180988728,1149180988764,1149180988875,2241,1
2242,1149181113872,1149181113908,1149181113952,2242,1
2243,1149181237866,1149181237901,1149181238018,2243,1
2244,1149181365551,1149181365587,1149181365634,2244,1
2245,1149181541921,1149181541957,1149181542125,2245,1
2246,1149181614369,1149181614404,1149181614449,2246,1
2247,1149181738952,1149181738988,1149181739108,2247,1
2248,1149181863000,1149181863036,1149181863094,2248,1
2249,1149181995748,1149181995782,1149181995948,2249,1
2250,1149182113454,1149182113488,1149182113540,2250,1
2251,1149182238508,1149182238543,1149182238664,2251,1
2252,1149182362486,1149182362520,1149182362573,2252,1
2253,1149182541075,1149182541109,1149182541323,2253,1
2254,1149182613521,1149182613556,1149182613610,2254,1
2255,1149182738383,1149182738417,1149182738525,2255,1
2256,1149182863390,1149182863425,1149182863470,2256,1
2257,1149182988338,1149182988373,1149182988487,2257,1
2258,1149183113321,1149183113356,1149183113410,2258,1
2259,1149183238509,1149183238543,1149183238646,2259,1
2260,1149183362526,1149183362561,1149183362610,2260,1
2261,1149183521066,1149183521102,1149183521264,2261,1
2262,1149183615158,1149183615192,1149183615238,2262,1
2263,1149183740032,1149183740067,1149183740190,2263,1
2264,1149183865081,1149183865116,1149183865163,2264,1
2265,1149183982757,1149183982789,1149183982906,2265,1
2266,1149184120005,1149184120040,1149184120089,2266,1
2267,1149184238587,1149184238621,1149184238789,2267,1
2268,1149184363684,1149184363719,1149184363880,2268,1
2269,1149184488464,1149184488500,1149184488608,2269,1
2270,1149184612597,1149184612631,1149184612684,2270,1
2271,1149184745042,1149184745077,1149184745225,2271,1
2272,1149184863764,1149184863799,1149184863854,2272,1
2273,1149184988563,1149184988598,1149184988709,2273,1
2274,1149185113360,1149185113395,1149185113442,2274,1
2275,1149185237449,1149185237484,1149185237537,2275,1
2276,1149185493116,1149185493151,1149185493198,2276,1
2277,1149185493231,1149185493272,1149185493345,2277,1
2278,1149185615184,1149185615220,1149185615272,2278,1
2279,1149185740218,1149185740253,1149185740298,2279,1
2280,1149185865322,1149185865356,1149185865402,2280,1
2281,1149185990156,1149185990190,1149185990236,2281,1
2282,1149186115070,1149186115105,1149186115159,2282,1
2283,1149186249700,1149186249735,1149186249782,2283,1
2284,1149186365274,1149186365308,1149186365362,2284,1
2285,1149186490127,1149186490162,1149186490208,2285,1
2286,1149186615222,1149186615255,1149186615309,2286,1
2287,1149186740390,1149186740425,1149186740589,2287,1
2288,1149186864990,1149186865024,1149186865078,2288,1
2289,1149186990037,1149186990071,1149186990172,2289,1
2290,1149187114996,1149187115031,1149187115077,2290,1
2291,1149187240081,1149187240116,1149187240222,2291,1
2292,1149187365235,1149187365269,1149187365322,2292,1
2293,1149187490214,1149187490248,1149187490516,2293,1
2294,1149187615226,1149187615261,1149187615313,2294,1
2295,1149187750042,1149187750078,1149187750130,2295,1
2296,1149187865209,1149187865244,1149187865293,2296,1
2297,1149187982727,1149187982759,1149187982813,2297,1
2298,1149188120061,1149188120097,1149188120146,2298,1
2299,1149188238510,1149188238544,1149188238598,2299,1
2300,1149188363594,1149188363628,1149188363790,2300,1
2301,1149188488883,1149188488917,1149188489089,2301,1
2302,1149188613440,1149188613474,1149188613523,2302,1
2303,1149188738447,1149188738482,1149188738527,2303,1
2304,1149188863452,1149188863487,1149188863536,2304,1
2305,1149188988380,1149188988415,1149188988466,2305,1
2306,1149189113377,1149189113411,1149189113462,2306,1
2307,1149189237495,1149189237530,1149189237583,2307,1
2308,1149189364443,1149189364477,1149189364523,2308,1
2309,1149189488328,1149189488363,1149189488412,2309,1
2310,1149189613588,1149189613622,1149189613667,2310,1
2311,1149189738456,1149189738491,1149189738543,2311,1
2312,1149189863475,1149189863509,1149189863563,2312,1
2313,1149189988482,1149189988517,1149189988566,2313,1
2314,1149190131632,1149190131666,1149190131719,2314,1
2315,1149190238740,1149190238775,1149190238851,2315,1
2316,1149190362514,1149190362549,1149190362600,2316,1
2317,1149190518812,1149190518846,1149190518937,2317,1
2318,1149190613774,1149190613809,1149190613859,2318,1
2319,1149190738385,1149190738421,1149190738494,2319,1
2320,1149190863597,1149190863632,1149190863732,2320,1
2321,1149190988372,1149190988407,1149190988481,2321,1
2322,1149191113603,1149191113638,1149191113682,2322,1
2323,1149191237867,1149191237903,1149191238077,2323,1
2324,1149191370695,1149191370730,1149191370825,2324,1
2325,1149191513091,1149191513127,1149191513367,2325,1
2326,1149191622482,1149191622519,1149191622612,2326,1
2327,1149191740677,1149191740713,1149191740903,2327,1
2328,1149191873639,1149191873674,1149191873732,2328,1
2329,1149191983079,1149191983111,1149191983289,2329,1
2330,1149192120611,1149192120646,1149192120696,2330,1
2331,1149192238971,1149192239006,1149192239176,2331,1
2332,1149192363797,1149192363833,1149192363878,2332,1
2333,1149192488813,1149192488849,1149192488900,2333,1
2334,1149192613947,1149192613983,1149192614159,2334,1
2335,1149192738899,1149192738934,1149192739113,2335,1
2336,1149192863754,1149192863790,1149192863841,2336,1
2337,1149192988888,1149192988924,1149192989042,2337,1
2338,1149193113771,1149193113807,1149193113862,2338,1
2339,1149193237932,1149193237967,1149193238092,2339,1
2340,1149193364971,1149193365007,1149193365055,2340,1
2341,1149193489006,1149193489042,1149193489096,2341,1
2342,1149193613942,1149193613977,1149193614031,2342,1
2343,1149193738981,1149193739018,1149193739066,2343,1
2344,1149193863772,1149193863809,1149193863857,2344,1
2345,1149193988788,1149193988824,1149193988877,2345,1
2346,1149194120335,1149194120371,1149194120432,2346,1
2347,1149194238872,1149194238907,1149194238959,2347,1
2348,1149194363751,1149194363787,1149194363840,2348,1
2349,1149194488785,1149194488820,1149194488872,2349,1
2350,1149194613902,1149194613938,1149194613986,2350,1
2351,1149194738812,1149194738847,1149194738896,2351,1
2352,1149194863785,1149194863821,1149194863874,2352,1
2353,1149194989180,1149194989216,1149194989321,2353,1
2354,1149195113788,1149195113825,1149195113874,2354,1
2355,1149195238830,1149195238866,1149195238920,2355,1
2356,1149195362926,1149195362961,1149195363014,2356,1
2357,1149195737005,1149195737040,1149195737165,2357,1
2358,1149195737225,1149195737257,1149195737299,2358,1
2359,1149195737333,1149195737365,1149195737408,2359,1
2360,1149195868259,1149195868294,1149195868347,2360,1
2361,1149196022519,1149196022554,1149196022730,2361,1
2362,1149196119852,1149196119888,1149196119943,2362,1
2363,1149196246860,1149196246897,1149196247016,2363,1
2364,1149196368571,1149196368607,1149196368657,2364,1
2365,1149196488916,1149196488951,1149196489055,2365,1
2366,1149196613818,1149196613854,1149196613907,2366,1
2367,1149196738887,1149196738923,1149196739094,2367,1
2368,1149196864101,1149196864136,1149196864300,2368,1
2369,1149196988832,1149196988868,1149196988975,2369,1
2370,1149197113948,1149197113983,1149197114034,2370,1
2371,1149197237997,1149197238034,1149197238086,2371,1
2372,1149197366444,1149197366480,1149197366528,2372,1
2373,1149197490650,1149197490686,1149197490740,2373,1
2374,1149197615575,1149197615611,1149197615664,2374,1
2375,1149197740748,1149197740784,1149197740834,2375,1
2376,1149197865599,1149197865635,1149197865684,2376,1
2377,1149197990672,1149197990707,1149197990761,2377,1
2378,1149198115586,1149198115621,1149198115674,2378,1
2379,1149198240622,1149198240659,1149198240776,2379,1
2380,1149198365601,1149198365637,1149198365685,2380,1
2381,1149198490607,1149198490644,1149198490750,2381,1
2382,1149198615456,1149198615490,1149198615547,2382,1
2383,1149198740605,1149198740641,1149198740691,2383,1
2384,1149198865608,1149198865643,1149198865697,2384,1
2385,1149198990688,1149198990723,1149198990777,2385,1
2386,1149199115619,1149199115656,1149199115706,2386,1
2387,1149199240899,1149199240935,1149199241044,2387,1
2388,1149199365704,1149199365739,1149199365789,2388,1
2389,1149199490755,1149199490791,1149199490844,2389,1
2390,1149199616015,1149199616049,1149199616098,2390,1
2391,1149199740752,1149199740788,1149199740839,2391,1
2392,1149199887952,1149199887988,1149199888039,2392,1
2393,1149199983086,1149199983118,1149199983170,2393,1
2394,1149200121832,1149200121939,1149200121986,2394,1
2395,1149200238413,1149200238447,1149200238500,2395,1
2396,1149200363450,1149200363485,1149200363534,2396,1
2397,1149200488479,1149200488513,1149200488565,2397,1
2398,1149200613370,1149200613406,1149200613455,2398,1
2399,1149200739207,1149200739242,1149200739297,2399,1
2400,1149200863901,1149200863936,1149200864107,2400,1
2401,1149200989273,1149200989309,1149200989476,2401,1
2402,1149201113931,1149201113967,1149201114018,2402,1
2403,1149201237950,1149201237985,1149201238092,2403,1
2404,1149201398166,1149201398200,1149201398291,2404,1
2405,1149201488459,1149201488493,1149201488615,2405,1
2406,1149201613361,1149201613395,1149201613443,2406,1
2407,1149201738862,1149201738898,1149201739020,2407,1
2408,1149201863891,1149201863927,1149201863982,2408,1
2409,1149201989011,1149201989047,1149201989165,2409,1
2410,1149202113882,1149202113918,1149202113971,2410,1
2411,1149202238774,1149202238809,1149202238920,2411,1
2412,1149202363859,1149202363894,1149202363944,2412,1
2413,1149202488905,1149202488941,1149202489051,2413,1
2414,1149202619025,1149202619062,1149202619115,2414,1
2415,1149202739636,1149202739671,1149202739782,2415,1
2416,1149202863873,1149202863909,1149202863963,2416,1
2417,1149202988893,1149202988929,1149202989035,2417,1
2418,1149203113780,1149203113816,1149203113864,2418,1
2419,1149203238918,1149203238954,1149203239065,2419,1
2420,1149203363154,1149203363190,1149203363301,2420,1
2421,1149203519739,1149203519775,1149203519946,2421,1
2422,1149203615895,1149203615930,1149203615986,2422,1
2423,1149203740600,1149203740635,1149203740707,2423,1
2424,1149203872635,1149203872670,1149203872727,2424,1
2425,1149203982950,1149203982983,1149203983062,2425,1
2426,1149204120290,1149204120392,1149204120443,2426,1
2427,1149204238995,1149204239031,1149204239103,2427,1
2428,1149204363900,1149204363936,1149204363989,2428,1
2429,1149204488942,1149204488978,1149204489054,2429,1
2430,1149204613744,1149204613779,1149204613830,2430,1
2431,1149204738872,1149204738908,1149204738983,2431,1
2432,1149204863677,1149204863713,1149204863766,2432,1
2433,1149204988740,1149204988775,1149204988853,2433,1
2434,1149205131342,1149205131378,1149205131550,2434,1
2435,1149205238347,1149205238381,1149205238501,2435,1
2436,1149205366461,1149205366497,1149205366543,2436,1
2437,1149205490396,1149205490433,1149205490480,2437,1
2438,1149205615434,1149205615470,1149205615517,2438,1
2439,1149205740341,1149205740377,1149205740431,2439,1
2440,1149205865360,1149205865396,1149205865449,2440,1
2441,1149205990162,1149205990198,1149205990264,2441,1
2442,1149206115623,1149206115660,1149206115712,2442,1
2443,1149206240534,1149206240569,1149206240638,2443,1
2444,1149206366942,1149206366978,1149206367030,2444,1
2445,1149206490706,1149206490742,1149206490797,2445,1
2446,1149206615611,1149206615647,1149206615701,2446,1
2447,1149206740479,1149206740514,1149206740563,2447,1
2448,1149206865440,1149206865476,1149206865530,2448,1
2449,1149206990452,1149206990487,1149206990537,2449,1
2450,1149207115474,1149207115509,1149207115555,2450,1
2451,1149207240445,1149207240482,1149207240534,2451,1
2452,1149207365618,1149207365655,1149207365703,2452,1
2453,1149207490945,1149207490982,1149207491092,2453,1
2454,1149207615530,1149207615567,1149207615621,2454,1
2455,1149207740592,1149207740628,1149207740680,2455,1
2456,1149207865649,1149207865684,1149207865735,2456,1
2457,1149207982963,1149207982995,1149207983050,2457,1
2458,1149208120179,1149208120214,1149208120260,2458,1
2459,1149208238820,1149208238855,1149208238905,2459,1
2460,1149208363769,1149208363805,1149208363856,2460,1
2461,1149208489115,1149208489152,1149208489202,2461,1
2462,1149208613812,1149208613847,1149208613898,2462,1
2463,1149208738876,1149208738912,1149208738963,2463,1
2464,1149208863759,1149208863795,1149208863842,2464,1
2465,1149208988774,1149208988810,1149208988863,2465,1
2466,1149209113717,1149209113753,1149209113806,2466,1
2467,1149209237919,1149209237955,1149209238140,2467,1
2468,1149209366058,1149209366093,1149209366273,2468,1
2469,1149209490848,1149209490884,1149209491000,2469,1
2470,1149209615680,1149209615715,1149209615764,2470,1
2471,1149209740536,1149209740571,1149209740627,2471,1
2472,1149209865525,1149209865561,1149209865610,2472,1
2473,1149209990462,1149209990498,1149209990549,2473,1
2474,1149210115661,1149210115697,1149210115744,2474,1
2475,1149210240540,1149210240575,1149210240628,2475,1
2476,1149210365587,1149210365623,1149210365676,2476,1
2477,1149210546687,1149210546723,1149210546777,2477,1
2478,1149210615469,1149210615504,1149210615554,2478,1
2479,1149210741025,1149210741061,1149210741114,2479,1
2480,1149210865602,1149210865637,1149210865691,2480,1
2481,1149210990927,1149210990963,1149210991017,2481,1
2482,1149211115579,1149211115615,1149211115661,2482,1
2483,1149211240585,1149211240620,1149211240676,2483,1
2484,1149211365465,1149211365501,1149211365550,2484,1
2485,1149211490604,1149211490639,1149211490689,2485,1
2486,1149211616063,1149211616099,1149211616153,2486,1
2487,1149211747136,1149211747171,1149211747280,2487,1
2488,1149211865961,1149211865997,1149211866046,2488,1
2489,1149211982961,1149211982993,1149211983046,2489,1
2490,1149212120425,1149212120531,1149212120584,2490,1
2491,1149212238990,1149212239025,1149212239142,2491,1
2492,1149212363863,1149212363899,1149212363945,2492,1
2493,1149212583205,1149212583241,1149212583346,2493,1
2494,1149212614216,1149212614252,1149212614306,2494,1
2495,1149212739078,1149212739114,1149212739216,2495,1
2496,1149212864895,1149212864931,1149212864979,2496,1
2497,1149212988822,1149212988857,1149212988962,2497,1
2498,1149213113778,1149213113813,1149213113862,2498,1
2499,1149213237935,1149213237969,1149213238074,2499,1
2500,1149213364798,1149213364834,1149213364996,2500,1
2501,1149213489229,1149213489264,1149213489431,2501,1
2502,1149213613985,1149213614019,1149213614066,2502,1
2503,1149213738667,1149213738702,1149213738748,2503,1
2504,1149213863770,1149213863805,1149213863850,2504,1
2505,1149213988928,1149213988964,1149213989015,2505,1
2506,1149214113768,1149214113804,1149214113851,2506,1
2507,1149214258661,1149214258697,1149214258751,2507,1
2508,1149214413467,1149214413512,1149214413610,2508,1
2509,1149214494435,1149214494470,1149214494524,2509,1
2510,1149214613888,1149214613924,1149214613976,2510,1
2511,1149214775965,1149214776000,1149214776051,2511,1
2512,1149214863824,1149214863861,1149214863914,2512,1
2513,1149214988769,1149214988806,1149214988857,2513,1
2514,1149215113769,1149215113804,1149215113853,2514,1
2515,1149215238741,1149215238777,1149215238883,2515,1
2516,1149215363087,1149215363123,1149215363175,2516,1
2517,1149215496134,1149215496170,1149215496338,2517,1
2518,1149215613806,1149215613842,1149215613889,2518,1
2519,1149215738464,1149215738500,1149215738614,2519,1
2520,1149215877478,1149215877514,1149215877665,2520,1
2521,1149215983163,1149215983197,1149215983252,2521,1
2522,1149216120849,1149216120886,1149216120931,2522,1
2523,1149216238961,1149216238997,1149216239044,2523,1
2524,1149216363926,1149216363962,1149216364011,2524,1
2525,1149216489014,1149216489051,1149216489104,2525,1
2526,1149216613849,1149216613885,1149216613932,2526,1
2527,1149216739034,1149216739069,1149216739119,2527,1
2528,1149216864099,1149216864134,1149216864185,2528,1
2529,1149216988955,1149216988991,1149216989099,2529,1
2530,1149217113907,1149217113942,1149217113994,2530,1
2531,1149217238122,1149217238158,1149217238270,2531,1
2532,1149217364861,1149217364897,1149217364948,2532,1
2533,1149217488937,1149217488972,1149217489158,2533,1
2534,1149217628370,1149217628406,1149217628567,2534,1
2535,1149217738964,1149217739000,1149217739122,2535,1
2536,1149217863940,1149217863975,1149217864028,2536,1
2537,1149217988813,1149217988850,1149217988968,2537,1
2538,1149218113828,1149218113863,1149218113915,2538,1
2539,1149218238771,1149218238806,1149218238936,2539,1
2540,1149218363771,1149218363807,1149218363859,2540,1
2541,1149218488897,1149218488934,1149218489046,2541,1
2542,1149218613825,1149218613861,1149218613909,2542,1
2543,1149218738741,1149218738777,1149218738885,2543,1
2544,1149218862896,1149218862932,1149218862980,2544,1
2545,1149219061483,1149219061536,1149219061702,2545,1
2546,1149219114526,1149219114562,1149219114613,2546,1
2547,1149219238876,1149219238912,1149219239023,2547,1
2548,1149219363837,1149219363873,1149219363928,2548,1
2549,1149219489135,1149219489170,1149219489334,2549,1
2550,1149219613754,1149219613791,1149219613844,2550,1
2551,1149219737901,1149219737936,1149219738011,2551,1
2552,1149219877711,1149219877748,1149219877854,2552,1
2553,1149219991468,1149219991502,1149219991635,2553,1
2554,1149220120690,1149220120791,1149220120842,2554,1
2555,1149220239118,1149220239154,1149220239232,2555,1
2556,1149220363874,1149220363910,1149220363963,2556,1
2557,1149220487971,1149220488007,1149220488202,2557,1
2558,1149220652039,1149220652074,1149220652167,2558,1
2559,1149220739008,1149220739043,1149220739126,2559,1
2560,1149220863844,1149220863880,1149220863934,2560,1
2561,1149220989047,1149220989082,1149220989265,2561,1
2562,1149221113762,1149221113798,1149221113854,2562,1
2563,1149221237951,1149221237987,1149221238066,2563,1
2564,1149221365304,1149221365340,1149221365394,2564,1
2565,1149221488959,1149221488995,1149221489160,2565,1
2566,1149221613852,1149221613888,1149221613940,2566,1
2567,1149221738821,1149221738856,1149221739014,2567,1
2568,1149221863885,1149221863920,1149221864083,2568,1
2569,1149221988814,1149221988851,1149221988961,2569,1
2570,1149222113152,1149222113187,1149222113243,2570,1
2571,1149222247839,1149222247875,1149222248025,2571,1
2572,1149222365584,1149222365621,1149222365671,2572,1
2573,1149222490500,1149222490536,1149222490650,2573,1
2574,1149222615521,1149222615556,1149222615606,2574,1
2575,1149222740646,1149222740681,1149222740796,2575,1
2576,1149222865579,1149222865615,1149222865667,2576,1
2577,1149222990674,1149222990711,1149222990834,2577,1
2578,1149223115763,1149223115798,1149223115850,2578,1
2579,1149223240728,1149223240765,1149223240884,2579,1
2580,1149223365789,1149223365824,1149223365875,2580,1
2581,1149223490442,1149223490478,1149223490596,2581,1
2582,1149223615553,1149223615588,1149223615642,2582,1
2583,1149223740640,1149223740675,1149223740726,2583,1
2584,1149223870891,1149223870926,1149223870978,2584,1
2585,1149223982987,1149223983019,1149223983074,2585,1
2586,1149224121730,1149224121769,1149224121821,2586,1
2587,1149224239066,1149224239102,1149224239212,2587,1
2588,1149224363941,1149224363975,1149224364028,2588,1
2589,1149224488833,1149224488868,1149224488915,2589,1
2590,1149224613900,1149224613935,1149224613984,2590,1
2591,1149224738877,1149224738912,1149224738981,2591,1
2592,1149224882516,1149224882552,1149224882628,2592,1
2593,1149224988872,1149224988908,1149224988980,2593,1
2594,1149225113957,1149225113993,1149225114051,2594,1
2595,1149225238166,1149225238202,1149225238275,2595,1
2596,1149225366297,1149225366333,1149225366381,2596,1
2597,1149225490469,1149225490504,1149225490579,2597,1
2598,1149225615441,1149225615478,1149225615525,2598,1
2599,1149225740428,1149225740463,1149225740546,2599,1
2600,1149225865353,1149225865387,1149225865559,2600,1
2601,1149225990475,1149225990509,1149225990676,2601,1
2602,1149226121153,1149226121189,1149226121306,2602,1
2603,1149226240883,1149226240919,1149226241032,2603,1
2604,1149226365555,1149226365591,1149226365639,2604,1
2605,1149226490630,1149226490666,1149226490792,2605,1
2606,1149226615439,1149226615474,1149226615529,2606,1
2607,1149226740553,1149226740588,1149226740641,2607,1
2608,1149226865573,1149226865608,1149226865659,2608,1
2609,1149226990563,1149226990600,1149226990653,2609,1
2610,1149227115617,1149227115652,1149227115705,2610,1
2611,1149227240475,1149227240510,1149227240562,2611,1
2612,1149227365611,1149227365647,1149227365696,2612,1
2613,1149227490580,1149227490615,1149227490667,2613,1
2614,1149227615455,1149227615491,1149227615545,2614,1
2615,1149227740483,1149227740519,1149227740568,2615,1
2616,1149227865534,1149227865570,1149227865619,2616,1
2617,1149227982981,1149227983013,1149227983066,2617,1
2618,1149228120338,1149228120375,1149228120419,2618,1
2619,1149228238889,1149228238925,1149228238973,2619,1
2620,1149228364479,1149228364580,1149228364689,2620,1
2621,1149228488907,1149228488941,1149228488994,2621,1
2622,1149228613841,1149228613876,1149228613929,2622,1
2623,1149228738975,1149228739011,1149228739065,2623,1
2624,1149228863901,1149228863937,1149228863991,2624,1
2625,1149228988813,1149228988849,1149228988901,2625,1
2626,1149229113802,1149229113837,1149229113895,2626,1
2627,1149229237926,1149229237961,1149229238015,2627,1
2628,1149229366776,1149229366811,1149229366858,2628,1
2629,1149229490673,1149229490708,1149229490756,2629,1
2630,1149229615693,1149229615729,1149229615777,2630,1
2631,1149229740672,1149229740707,1149229740756,2631,1
2632,1149229865790,1149229865826,1149229865876,2632,1
2633,1149229990817,1149229990852,1149229990905,2633,1
2634,1149230116244,1149230116281,1149230116457,2634,1
2635,1149230240931,1149230240966,1149230241075,2635,1
2636,1149230365498,1149230365535,1149230365587,2636,1
2637,1149230490707,1149230490744,1149230490796,2637,1
2638,1149230615502,1149230615538,1149230615588,2638,1
2639,1149230740592,1149230740628,1149230740681,2639,1
2640,1149230865555,1149230865590,1149230865645,2640,1
2641,1149230996795,1149230996831,1149230996887,2641,1
2642,1149231115491,1149231115527,1149231115575,2642,1
2643,1149231240585,1149231240619,1149231240669,2643,1
2644,1149231365701,1149231365736,1149231365785,2644,1
2645,1149231490091,1149231490126,1149231490178,2645,1
2646,1149231615701,1149231615737,1149231615785,2646,1
2647,1149231740204,1149231740237,1149231740284,2647,1
2648,1149231870913,1149231870948,1149231870999,2648,1
2649,1149231982764,1149231982795,1149231982847,2649,1
2650,1149232119825,1149232119859,1149232119912,2650,1
2651,1149232238477,1149232238512,1149232238560,2651,1
2652,1149232363475,1149232363510,1149232363561,2652,1
2653,1149232488751,1149232488856,1149232488962,2653,1
2654,1149232613354,1149232613389,1149232613440,2654,1
2655,1149232738472,1149232738508,1149232738557,2655,1
2656,1149232863390,1149232863425,1149232863477,2656,1
2657,1149232988489,1149232988524,1149232988569,2657,1
2658,1149233113300,1149233113335,1149233113387,2658,1
2659,1149233237531,1149233237566,1149233237617,2659,1
2660,1149233364396,1149233364431,1149233364483,2660,1
2661,1149233541734,1149233541787,1149233541927,2661,1
2662,1149233613669,1149233613704,1149233613750,2662,1
2663,1149233738445,1149233738481,1149233738555,2663,1
2664,1149233863695,1149233863730,1149233863776,2664,1
2665,1149233994975,1149233995009,1149233995160,2665,1
2666,1149234113499,1149234113534,1149234113584,2666,1
2667,1149234237633,1149234237668,1149234237844,2667,1
2668,1149234365980,1149234366014,1149234366220,2668,1
2669,1149234490234,1149234490268,1149234490371,2669,1
2670,1149234615364,1149234615399,1149234615443,2670,1
2671,1149234740140,1149234740174,1149234740283,2671,1
2672,1149234865224,1149234865259,1149234865308,2672,1
2673,1149234990064,1149234990099,1149234990203,2673,1
2674,1149235115106,1149235115142,1149235115190,2674,1
2675,1149235240121,1149235240156,1149235240236,2675,1
2676,1149235364957,1149235364991,1149235365039,2676,1
2677,1149235490097,1149235490131,1149235490574,2677,1
2678,1149235615138,1149235615173,1149235615218,2678,1
2679,1149235740132,1149235740166,1149235740244,2679,1
2680,1149235865037,1149235865071,1149235865117,2680,1
2681,1149235982782,1149235982813,1149235982893,2681,1
2682,1149236120371,1149236120405,1149236120458,2682,1
2683,1149236238647,1149236238681,1149236238727,2683,1
2684,1149236363640,1149236363675,1149236363720,2684,1
2685,1149236488407,1149236488441,1149236488490,2685,1
2686,1149236613375,1149236613410,1149236613452,2686,1
2687,1149236738644,1149236738679,1149236738732,2687,1
2688,1149237152303,1149237152405,1149237152583,2688,1
2689,1149237152642,1149237152674,1149237152717,2689,1
2690,1149237152757,1149237152789,1149237152831,2690,1
2691,1149237245594,1149237245629,1149237245743,2691,1
2692,1149237372224,1149237372260,1149237372380,2692,1
2693,1149237494598,1149237494633,1149237494706,2693,1
2694,1149237620178,1149237620213,1149237620264,2694,1
2695,1149237744560,1149237744595,1149237744666,2695,1
2696,1149237864138,1149237864175,1149237864228,2696,1
2697,1149237988927,1149237988963,1149237989036,2697,1
2698,1149238112989,1149238113025,1149238113075,2698,1
2699,1149238246615,1149238246651,1149238246744,2699,1
2700,1149238364251,1149238364287,1149238364340,2700,1
2701,1149238489046,1149238489082,1149238489128,2701,1
2702,1149238613829,1149238613864,1149238614026,2702,1
2703,1149238739311,1149238739348,1149238739520,2703,1
2704,1149238864156,1149238864193,1149238864248,2704,1
2705,1149238989183,1149238989219,1149238989326,2705,1
2706,1149239113868,1149239113905,1149239113953,2706,1
2707,1149239238869,1149239238905,1149239239012,2707,1
2708,1149239363895,1149239363930,1149239363983,2708,1
2709,1149239489115,1149239489150,1149239489262,2709,1
2710,1149239613854,1149239613888,1149239613940,2710,1
2711,1149239738879,1149239738915,1149239738963,2711,1
2712,1149239863133,1149239863168,1149239863222,2712,1
2713,1149240052059,1149240052171,1149240052289,2713,1
2714,1149240114160,1149240114195,1149240114249,2714,1
2715,1149240277296,1149240277331,1149240277423,2715,1
2716,1149240364298,1149240364333,1149240364379,2716,1
2717,1149240488886,1149240488923,1149240488977,2717,1
2718,1149240613808,1149240613844,1149240613888,2718,1
2719,1149240738732,1149240738768,1149240738815,2719,1
2720,1149240864172,1149240864208,1149240864315,2720,1
2721,1149240989018,1149240989054,1149240989106,2721,1
2722,1149241113712,1149241113747,1149241113792,2722,1
2723,1149241238032,1149241238068,1149241238178,2723,1
2724,1149241364256,1149241364292,1149241364338,2724,1
2725,1149241517198,1149241517233,1149241517356,2725,1
2726,1149241613990,1149241614026,1149241614078,2726,1
2727,1149241738957,1149241738994,1149241739070,2727,1
2728,1149241862932,1149241862968,1149241863018,2728,1
2729,1149241998778,1149241998815,1149241998939,2729,1
2730,1149242115717,1149242115752,1149242115796,2730,1
2731,1149242240708,1149242240745,1149242240827,2731,1
2732,1149242365706,1149242365743,1149242365794,2732,1
2733,1149242490598,1149242490633,1149242490687,2733,1
2734,1149242616209,1149242616244,1149242616411,2734,1
2735,1149242741019,1149242741053,1149242741157,2735,1
2736,1149242865691,1149242865727,1149242865775,2736,1
2737,1149242990759,1149242990793,1149242990900,2737,1
2738,1149243115512,1149243115548,1149243115594,2738,1
2739,1149243240612,1149243240647,1149243240698,2739,1
2740,1149243365732,1149243365767,1149243365810,2740,1
2741,1149243490559,1149243490595,1149243490642,2741,1
2742,1149243615776,1149243615813,1149243615859,2742,1
2743,1149243740552,1149243740588,1149243740635,2743,1
2744,1149243865548,1149243865584,1149243865630,2744,1
2745,1149243982995,1149243983028,1149243983080,2745,1
2746,1149244120473,1149244120509,1149244120553,2746,1
2747,1149244238945,1149244238981,1149244239032,2747,1
2748,1149244363976,1149244364012,1149244364055,2748,1
2749,1149244488958,1149244488992,1149244489043,2749,1
2750,1149244613819,1149244613854,1149244613901,2750,1
2751,1149244738793,1149244738829,1149244738875,2751,1
2752,1149244863772,1149244863808,1149244863853,2752,1
2753,1149245165458,1149245165562,1149245165756,2753,1
2754,1149245165794,1149245165827,1149245165869,2754,1
2755,1149245239014,1149245239050,1149245239134,2755,1
2756,1149245367028,1149245367064,1149245367118,2756,1
2757,1149245490716,1149245490752,1149245490818,2757,1
2758,1149245615394,1149245615430,1149245615479,2758,1
2759,1149245740386,1149245740422,1149245740604,2759,1
2760,1149245865487,1149245865522,1149245865577,2760,1
2761,1149245990736,1149245990771,1149245990838,2761,1
2762,1149246115498,1149246115532,1149246115581,2762,1
2763,1149246240514,1149246240548,1149246240618,2763,1
2764,1149246365157,1149246365192,1149246365243,2764,1
2765,1149246571961,1149246571996,1149246572129,2765,1
2766,1149246615704,1149246615741,1149246615794,2766,1
2767,1149246740673,1149246740708,1149246740882,2767,1
2768,1149246865990,1149246866026,1149246866196,2768,1
2769,1149246990773,1149246990809,1149246990931,2769,1
2770,1149247115630,1149247115665,1149247115716,2770,1
2771,1149247240772,1149247240807,1149247240934,2771,1
2772,1149247365685,1149247365721,1149247365771,2772,1
2773,1149247557101,1149247557136,1149247557242,2773,1
2774,1149247615575,1149247615610,1149247615659,2774,1
2775,1149247740540,1149247740576,1149247740685,2775,1
2776,1149247872608,1149247872644,1149247872695,2776,1
2777,1149247982607,1149247982640,1149247982747,2777,1
2778,1149248119439,1149248119473,1149248119526,2778,1
2779,1149248252364,1149248252399,1149248252584,2779,1
2780,1149248363478,1149248363513,1149248363565,2780,1
2781,1149248488398,1149248488433,1149248488548,2781,1
2782,1149248613321,1149248613355,1149248613406,2782,1
2783,1149248738449,1149248738484,1149248738604,2783,1
2784,1149248863234,1149248863268,1149248863321,2784,1
2785,1149248988347,1149248988382,1149248988450,2785,1
2786,1149249113443,1149249113478,1149249113531,2786,1
2787,1149249237919,1149249238022,1149249238202,2787,1
2788,1149249363673,1149249363709,1149249363760,2788,1
2789,1149249563066,1149249563102,1149249563249,2789,1
2790,1149249614201,1149249614237,1149249614286,2790,1
2791,1149249738837,1149249738875,1149249738948,2791,1
2792,1149249863964,1149249863999,1149249864050,2792,1
2793,1149249988421,1149249988456,1149249988527,2793,1
2794,1149250113476,1149250113512,1149250113558,2794,1
2795,1149250325437,1149250325472,1149250325608,2795,1
2796,1149250364191,1149250364225,1149250364273,2796,1
2797,1149250488465,1149250488500,1149250488575,2797,1
2798,1149250613471,1149250613507,1149250613549,2798,1
2799,1149250738485,1149250738520,1149250738595,2799,1
2800,1149250863352,1149250863387,1149250863433,2800,1
2801,1149251005225,1149251005260,1149251005436,2801,1
2802,1149251113567,1149251113603,1149251113645,2802,1
2803,1149251238385,1149251238420,1149251238541,2803,1
2804,1149251363629,1149251363663,1149251363707,2804,1
2805,1149251488453,1149251488488,1149251488708,2805,1
2806,1149251612484,1149251612518,1149251612564,2806,1
2807,1149251764895,1149251764929,1149251765045,2807,1
2808,1149251865426,1149251865460,1149251865511,2808,1
2809,1149251982788,1149251982819,1149251982882,2809,1
2810,1149252129833,1149252129868,1149252129958,2810,1
2811,1149252237598,1149252237633,1149252237701,2811,1
2812,1149252374892,1149252374926,1149252375017,2812,1
2813,1149252488750,1149252488784,1149252488945,2813,1
2814,1149252613426,1149252613460,1149252613506,2814,1
2815,1149252738610,1149252738645,1149252738711,2815,1
2816,1149252870040,1149252870074,1149252870165,2816,1
2817,1149252988452,1149252988487,1149252988552,2817,1
2818,1149253113239,1149253113275,1149253113328,2818,1
2819,1149253246737,1149253246843,1149253246951,2819,1
2820,1149253363980,1149253364016,1149253364128,2820,1
2821,1149253542847,1149253542882,1149253543010,2821,1
2822,1149253613943,1149253613981,1149253614034,2822,1
2823,1149253738813,1149253738850,1149253738931,2823,1
2824,1149253863810,1149253863847,1149253863895,2824,1
2825,1149253987808,1149253987844,1149253987930,2825,1
2826,1149254124547,1149254124584,1149254124676,2826,1
2827,1149254240673,1149254240710,1149254240790,2827,1
2828,1149254365544,1149254365580,1149254365628,2828,1
2829,1149254489800,1149254489836,1149254489975,2829,1
2830,1149254614245,1149254614280,1149254614333,2830,1
2831,1149254739101,1149254739136,1149254739209,2831,1
2832,1149254903197,1149254903234,1149254903327,2832,1
2833,1149254989518,1149254989553,1149254989630,2833,1
2834,1149255113868,1149255113905,1149255114066,2834,1
2835,1149255239079,1149255239115,1149255239281,2835,1
2836,1149255362918,1149255362954,1149255363001,2836,1
2837,1149255514638,1149255514674,1149255514831,2837,1
2838,1149255614014,1149255614049,1149255614096,2838,1
2839,1149255739039,1149255739076,1149255739198,2839,1
2840,1149255862910,1149255862947,1149255862996,2840,1
2841,1149256039991,1149256040036,1149256040219,2841,1
2842,1149256114778,1149256114813,1149256114865,2842,1
2843,1149256238801,1149256238837,1149256238963,2843,1
2844,1149256363685,1149256363720,1149256363769,2844,1
2845,1149256488811,1149256488848,1149256488957,2845,1
2846,1149256613927,1149256613962,1149256614012,2846,1
2847,1149256738691,1149256738727,1149256738836,2847,1
2848,1149256863766,1149256863802,1149256863847,2848,1
2849,1149256988794,1149256988831,1149256988949,2849,1
2850,1149257113728,1149257113764,1149257113814,2850,1
2851,1149257237923,1149257237959,1149257238069,2851,1
2852,1149257436749,1149257436785,1149257436878,2852,1
2853,1149257489415,1149257489516,1149257489699,2853,1
2854,1149257613844,1149257613880,1149257613930,2854,1
2855,1149257739033,1149257739069,1149257739191,2855,1
2856,1149257863785,1149257863820,1149257863875,2856,1
2857,1149257988813,1149257988848,1149257988968,2857,1
2858,1149258113817,1149258113852,1149258113901,2858,1
2859,1149258238795,1149258238830,1149258238955,2859,1
2860,1149258363751,1149258363786,1149258363840,2860,1
2861,1149258488777,1149258488813,1149258488927,2861,1
2862,1149258613820,1149258613857,1149258613907,2862,1
2863,1149258739068,1149258739104,1149258739214,2863,1
2864,1149258863992,1149258864029,1149258864082,2864,1
2865,1149258988850,1149258988886,1149258988994,2865,1
2866,1149259113716,1149259113751,1149259113805,2866,1
2867,1149259238965,1149259239000,1149259239175,2867,1
2868,1149259363504,1149259363539,1149259363710,2868,1
2869,1149259517450,1149259517486,1149259517633,2869,1
2870,1149259615909,1149259615944,1149259615992,2870,1
2871,1149259740676,1149259740711,1149259740817,2871,1
2872,1149259865660,1149259865696,1149259865740,2872,1
2873,1149259982915,1149259982948,1149259982993,2873,1
2874,1149260121023,1149260121059,1149260121107,2874,1
2875,1149260238901,1149260238936,1149260238991,2875,1
2876,1149260363827,1149260363863,1149260363917,2876,1
2877,1149260488839,1149260488873,1149260488926,2877,1
2878,1149260613902,1149260613939,1149260613994,2878,1
2879,1149260738817,1149260738852,1149260738901,2879,1
2880,1149260863955,1149260863989,1149260864043,2880,1
2881,1149260988868,1149260988904,1149260988954,2881,1
2882,1149261112968,1149261113002,1149261113053,2882,1
2883,1149261245930,1149261245967,1149261246059,2883,1
2884,1149261364498,1149261364534,1149261364587,2884,1
2885,1149261488828,1149261488865,1149261488917,2885,1
2886,1149261613917,1149261613954,1149261614006,2886,1
2887,1149261739165,1149261739201,1149261739308,2887,1
2888,1149261864036,1149261864073,1149261864126,2888,1
2889,1149261988955,1149261988991,1149261989043,2889,1
2890,1149262113938,1149262113974,1149262114028,2890,1
2891,1149262238018,1149262238053,1149262238107,2891,1
2892,1149262380201,1149262380235,1149262380328,2892,1
2893,1149262489389,1149262489424,1149262489477,2893,1
2894,1149262613914,1149262613951,1149262614002,2894,1
2895,1149262738698,1149262738734,1149262738785,2895,1
2896,1149262863787,1149262863822,1149262863871,2896,1
2897,1149262988945,1149262988981,1149262989032,2897,1
2898,1149263113837,1149263113873,1149263113927,2898,1
2899,1149263238858,1149263238894,1149263238943,2899,1
2900,1149263362903,1149263362938,1149263362987,2900,1
2901,1149263533374,1149263533408,1149263533626,2901,1
2902,1149263615900,1149263615936,1149263615980,2902,1
2903,1149263740725,1149263740761,1149263740876,2903,1
2904,1149263865579,1149263865616,1149263865663,2904,1
2905,1149263983264,1149263983297,1149263983372,2905,1
2906,1149264120406,1149264120442,1149264120496,2906,1
2907,1149264238952,1149264238989,1149264239063,2907,1
2908,1149264363932,1149264363969,1149264364017,2908,1
2909,1149264488945,1149264488981,1149264489062,2909,1
2910,1149264613928,1149264613964,1149264614009,2910,1
2911,1149264738790,1149264738827,1149264738872,2911,1
2912,1149264863304,1149264863338,1149264863391,2912,1
2913,1149264988498,1149264988533,1149264988582,2913,1
2914,1149265112406,1149265112441,1149265112488,2914,1
2915,1149265246092,1149265246127,1149265246218,2915,1
2916,1149265363565,1149265363599,1149265363652,2916,1
2917,1149265488302,1149265488337,1149265488390,2917,1
2918,1149265613366,1149265613401,1149265613449,2918,1
2919,1149265738817,1149265738853,1149265738903,2919,1
2920,1149265864104,1149265864206,1149265864315,2920,1
2921,1149265987932,1149265987967,1149265988021,2921,1
2922,1149266121240,1149266121275,1149266121369,2922,1
2923,1149266238985,1149266239020,1149266239068,2923,1
2924,1149266363724,1149266363758,1149266363810,2924,1
2925,1149266488446,1149266488480,1149266488527,2925,1
2926,1149266613388,1149266613423,1149266613470,2926,1
2927,1149269766991,1149269767142,1149269767566,2927,1
2928,1149269767762,1149269767800,1149269767841,2928,1
2929,1149269767874,1149269767917,1149269768026,2929,1
2930,1149269768060,1149269768093,1149269768134,2930,1
2931,1149269768200,1149269768233,1149269768347,2931,1
2932,1149269768381,1149269768421,1149269768462,2932,1
2933,1149269768496,1149269768662,1149269768778,2933,1
2934,1149269768811,1149269768844,1149269768886,2934,1
2935,1149269769117,1149269769150,1149269769211,2935,1
2936,1149269769243,1149269769280,1149269769320,2936,1
2937,1149269769354,1149269769387,1149269769441,2937,1
2938,1149269769474,1149269769508,1149269769549,2938,1
2939,1149269769774,1149269769807,1149269769869,2939,1
2940,1149269769902,1149269769936,1149269769976,2940,1
2941,1149269770009,1149269770044,1149269770107,2941,1
2942,1149269770139,1149269770173,1149269770252,2942,1
2943,1149269770320,1149269770387,1149269770462,2943,1
2944,1149269770531,1149269770598,1149269770672,2944,1
2945,1149269770705,1149269770782,1149269770906,2945,1
2946,1149269770974,1149269771042,1149269771115,2946,1
2947,1149269771148,1149269771214,1149269771350,2947,1
2948,1149269771419,1149269771485,1149269771559,2948,1
2949,1149269771592,1149269771658,1149269771792,2949,1
2950,1149269771862,1149269771929,1149269772002,2950,1
2951,1149269781594,1149269781629,1149269781707,2951,1
2952,1149269873023,1149269873059,1149269873112,2952,1
2953,1149269998045,1149269998080,1149269998228,2953,1
2954,1149270119595,1149270119631,1149270119681,2954,1
2955,1149270243466,1149270243501,1149270243555,2955,1
2956,1149270367487,1149270367523,1149270367572,2956,1
2957,1149270492576,1149270492612,1149270492689,2957,1
2958,1149270616664,1149270616699,1149270616753,2958,1
2959,1149270741235,1149270741271,1149270741352,2959,1
2960,1149270865944,1149270865979,1149270866033,2960,1
2961,1149270990660,1149270990696,1149270990774,2961,1
2962,1149271115360,1149271115395,1149271115443,2962,1
2963,1149271240148,1149271240184,1149271240262,2963,1
2964,1149271753006,1149271753042,1149271753253,2964,1
2965,1149271753344,1149271753377,1149271753483,2965,1
2966,1149271753515,1149271753547,1149271753588,2966,1
2967,1149271753651,1149271753683,1149271753779,2967,1
2968,1149271864715,1149271864751,1149271864858,2968,1
2969,1149271992114,1149271992147,1149271992240,2969,1
2970,1149272121995,1149272122032,1149272122087,2970,1
2971,1149272240707,1149272240749,1149272240808,2971,1
2972,1149272371188,1149272371227,1149272371346,2972,1
2973,1149272489346,1149272489381,1149272489508,2973,1
2974,1149272614346,1149272614382,1149272614432,2974,1
2975,1149272739047,1149272739082,1149272739201,2975,1
2976,1149272863972,1149272864007,1149272864055,2976,1
2977,1149272989191,1149272989227,1149272989356,2977,1
2978,1149273114036,1149273114070,1149273114125,2978,1
2979,1149273238148,1149273238184,1149273238302,2979,1
2980,1149273365253,1149273365289,1149273365343,2980,1
2981,1149273489194,1149273489230,1149273489342,2981,1
2982,1149273613890,1149273613925,1149273613974,2982,1
2983,1149273738911,1149273738946,1149273739052,2983,1
2984,1149273863970,1149273864007,1149273864062,2984,1
2985,1149273988928,1149273988965,1149273989077,2985,1
2986,1149274113954,1149274113989,1149274114038,2986,1
2987,1149274239199,1149274239315,1149274239486,2987,1
2988,1149274363928,1149274363963,1149274364015,2988,1
2989,1149274488980,1149274489016,1149274489136,2989,1
2990,1149274613846,1149274613882,1149274613933,2990,1
2991,1149274739002,1149274739038,1149274739162,2991,1
2992,1149274863840,1149274863875,1149274863926,2992,1
2993,1149274988871,1149274988906,1149274988957,2993,1
2994,1149275114012,1149275114048,1149275114096,2994,1
2995,1149275238866,1149275238903,1149275238953,2995,1
2996,1149275362992,1149275363028,1149275363079,2996,1
2997,1149275613561,1149275613597,1149275613716,2997,1
2998,1149275621880,1149275621916,1149275621962,2998,1
2999,1149275738711,1149275738746,1149275738792,2999,1
3000,1149275874281,1149275874317,1149275874536,3000,1
3001,1149275983518,1149275983550,1149275983730,3001,1
3002,1149276240874,1149276240910,1149276240963,3002,1
3003,1149276247731,1149276247768,1149276247881,3003,1
3004,1149276371564,1149276371600,1149276371693,3004,1
3005,1149276489052,1149276489088,1149276489192,3005,1
3006,1149276613098,1149276613134,1149276613180,3006,1
3007,1149276746056,1149276746092,1149276746242,3007,1
3008,1149276864034,1149276864069,1149276864123,3008,1
3009,1149276993645,1149276993680,1149276993781,3009,1
3010,1149277113813,1149277113849,1149277113904,3010,1
3011,1149277238027,1149277238063,1149277238129,3011,1
3012,1149277467631,1149277467667,1149277467760,3012,1
3013,1149277491230,1149277491266,1149277491449,3013,1
3014,1149277614249,1149277614286,1149277614337,3014,1
3015,1149277739068,1149277739104,1149277739155,3015,1
3016,1149277863093,1149277863129,1149277863175,3016,1
3017,1149277997211,1149277997246,1149277997376,3017,1
3018,1149278113845,1149278113882,1149278113934,3018,1
3019,1149278238765,1149278238800,1149278238880,3019,1
3020,1149278364180,1149278364285,1149278364396,3020,1
3021,1149278488347,1149278488382,1149278488456,3021,1
3022,1149278613387,1149278613422,1149278613469,3022,1
3023,1149278738674,1149278738708,1149278738788,3023,1
3024,1149278863384,1149278863418,1149278863472,3024,1
3025,1149279397263,1149279397318,1149279397591,3025,1
3026,1149279397696,1149279397727,1149279397769,3026,1
3027,1149279397801,1149279397833,1149279397902,3027,1
3028,1149279397933,1149279397966,1149279398006,3028,1
3029,1149279556276,1149279556311,1149279556460,3029,1
3030,1149279618502,1149279618536,1149279618582,3030,1
3031,1149279743800,1149279743836,1149279743920,3031,1
3032,1149279929601,1149279929636,1149279929728,3032,1
3033,1149279982957,1149279982989,1149279983063,3033,1
3034,1149280126872,1149280126973,1149280127183,3034,1
3035,1149280261541,1149280261575,1149280261756,3035,1
3036,1149280363515,1149280363550,1149280363598,3036,1
3037,1149280488542,1149280488577,1149280488694,3037,1
3038,1149280612566,1149280612601,1149280612644,3038,1
3039,1149280756370,1149280756404,1149280756553,3039,1
3040,1149280863419,1149280863454,1149280863499,3040,1
3041,1149280988435,1149280988470,1149280988570,3041,1
3042,1149281112480,1149281112515,1149281112557,3042,1
3043,1149281244806,1149281244842,1149281244931,3043,1
3044,1149281369118,1149281369152,1149281369205,3044,1
3045,1149281488607,1149281488642,1149281488693,3045,1
3046,1149281613396,1149281613431,1149281613484,3046,1
3047,1149281738449,1149281738484,1149281738530,3047,1
3048,1149281862718,1149281862753,1149281862803,3048,1
3049,1149281995089,1149281995123,1149281995215,3049,1
3050,1149282113538,1149282113573,1149282113618,3050,1
3051,1149282238336,1149282238370,1149282238483,3051,1
3052,1149282363481,1149282363515,1149282363559,3052,1
3053,1149282488689,1149282488723,1149282488885,3053,1
3054,1149282774202,1149282774236,1149282774328,3054,1
3055,1149282782476,1149282782511,1149282782624,3055,1
3056,1149282863931,1149282863966,1149282864008,3056,1
3057,1149282988458,1149282988492,1149282988608,3057,1
3058,1149283113458,1149283113493,1149283113538,3058,1
3059,1149283238333,1149283238367,1149283238471,3059,1
3060,1149283362459,1149283362494,1149283362539,3060,1
3061,1149283555470,1149283555504,1149283555665,3061,1
3062,1149283615412,1149283615447,1149283615490,3062,1
3063,1149283740068,1149283740102,1149283740279,3063,1
3064,1149283865194,1149283865229,1149283865273,3064,1
3065,1149283982719,1149283982751,1149283982815,3065,1
3066,1149284119793,1149284119894,1149284119944,3066,1
3067,1149284238301,1149284238336,1149284238516,3067,1
3068,1149284363802,1149284363837,1149284364017,3068,1
3069,1149284488437,1149284488472,1149284488591,3069,1
3070,1149284612519,1149284612553,1149284612609,3070,1
3071,1149284746918,1149284746954,1149284747125,3071,1
3072,1149284863923,1149284863959,1149284864012,3072,1
3073,1149284989131,1149284989165,1149284989235,3073,1
3074,1149285113953,1149285113989,1149285114038,3074,1
3075,1149285238171,1149285238207,1149285238278,3075,1
3076,1149285366601,1149285366636,1149285366687,3076,1
3077,1149285490390,1149285490426,1149285490504,3077,1
3078,1149285615367,1149285615403,1149285615457,3078,1
3079,1149285740321,1149285740357,1149285740433,3079,1
3080,1149285865413,1149285865447,1149285865502,3080,1
3081,1149285990433,1149285990470,1149285990550,3081,1
3082,1149286115256,1149286115291,1149286115342,3082,1
3083,1149286306870,1149286306906,1149286307011,3083,1
3084,1149286366045,1149286366080,1149286366126,3084,1
3085,1149286490365,1149286490401,1149286490477,3085,1
3086,1149286615446,1149286615481,1149286615526,3086,1
3087,1149286740452,1149286740488,1149286740622,3087,1
3088,1149286865230,1149286865266,1149286865313,3088,1
3089,1149286990668,1149286990702,1149286990782,3089,1
3090,1149287116020,1149287116056,1149287116102,3090,1
3091,1149287240567,1149287240602,1149287240685,3091,1
3092,1149287365709,1149287365745,1149287365789,3092,1
3093,1149287490522,1149287490559,1149287490728,3093,1
3094,1149287615631,1149287615666,1149287615714,3094,1
3095,1149287740479,1149287740514,1149287740559,3095,1
3096,1149287870865,1149287870901,1149287870949,3096,1
3097,1149287983200,1149287983233,1149287983286,3097,1
3098,1149288120709,1149288120816,1149288120865,3098,1
3099,1149288238846,1149288238881,1149288238938,3099,1
3100,1149288364004,1149288364038,1149288364204,3100,1
3101,1149288489218,1149288489254,1149288489441,3101,1
3102,1149288613836,1149288613871,1149288613916,3102,1
3103,1149288738876,1149288738912,1149288738958,3103,1
3104,1149288863817,1149288863852,1149288863898,3104,1
3105,1149288988876,1149288988912,1149288988958,3105,1
3106,1149289113870,1149289113905,1149289113957,3106,1
3107,1149289237971,1149289238006,1149289238051,3107,1
3108,1149289365115,1149289365150,1149289365204,3108,1
3109,1149289488742,1149289488778,1149289488832,3109,1
3110,1149289613888,1149289613923,1149289613971,3110,1
3111,1149289738768,1149289738805,1149289738855,3111,1
3112,1149289863785,1149289863821,1149289863870,3112,1
3113,1149289988813,1149289988849,1149289988900,3113,1
3114,1149290113803,1149290113838,1149290113886,3114,1
3115,1149290239009,1149290239044,1149290239097,3115,1
3116,1149290363756,1149290363791,1149290363841,3116,1
3117,1149290488891,1149290488927,1149290488973,3117,1
3118,1149290613870,1149290613906,1149290613954,3118,1
3119,1149290737900,1149290737936,1149290737990,3119,1
3120,1149290871040,1149290871075,1149290871220,3120,1
3121,1149290988068,1149290988103,1149290988153,3121,1
3122,1149291173425,1149291173461,1149291173554,3122,1
3123,1149291239371,1149291239406,1149291239452,3123,1
3124,1149291362927,1149291362962,1149291363009,3124,1
3125,1149291518706,1149291518741,1149291518835,3125,1
3126,1149291613990,1149291614026,1149291614073,3126,1
3127,1149291737939,1149291737975,1149291738092,3127,1
3128,1149291882768,1149291882804,1149291882898,3128,1
3129,1149291983359,1149291983392,1149291983512,3129,1
3130,1149292120449,1149292120551,1149292120596,3130,1
3131,1149292238991,1149292239026,1149292239075,3131,1
3132,1149292364077,1149292364113,1149292364159,3132,1
3133,1149292488931,1149292488967,1149292489013,3133,1
3134,1149292613566,1149292613600,1149292613764,3134,1
3135,1149292738627,1149292738662,1149292738831,3135,1
3136,1149292863385,1149292863420,1149292863466,3136,1
3137,1149292988409,1149292988444,1149292988555,3137,1
3138,1149293113419,1149293113453,1149293113499,3138,1
3139,1149293237582,1149293237616,1149293237727,3139,1
3140,1149293364070,1149293364105,1149293364153,3140,1
3141,1149293488463,1149293488497,1149293488547,3141,1
3142,1149293613699,1149293613733,1149293613786,3142,1
3143,1149293738554,1149293738588,1149293738640,3143,1
3144,1149293863534,1149293863569,1149293863618,3144,1
3145,1149293988449,1149293988483,1149293988531,3145,1
3146,1149294113502,1149294113536,1149294113588,3146,1
3147,1149294238568,1149294238602,1149294238655,3147,1
3148,1149294363633,1149294363668,1149294363715,3148,1
3149,1149294488469,1149294488504,1149294488553,3149,1
3150,1149294613453,1149294613487,1149294613535,3150,1
3151,1149294738455,1149294738490,1149294738539,3151,1
3152,1149294863462,1149294863498,1149294863550,3152,1
3153,1149294988714,1149294988748,1149294988855,3153,1
3154,1149295113354,1149295113389,1149295113438,3154,1
3155,1149295238499,1149295238533,1149295238580,3155,1
3156,1149295363530,1149295363565,1149295363618,3156,1
3157,1149295488593,1149295488628,1149295488680,3157,1
3158,1149295612742,1149295612777,1149295612824,3158,1
3159,1149295781459,1149295781494,1149295781614,3159,1
3160,1149295871554,1149295871588,1149295871679,3160,1
3161,1149296066868,1149296066977,1149296067060,3161,1
3162,1149296113604,1149296113638,1149296113684,3162,1
3163,1149296238443,1149296238477,1149296238520,3163,1
3164,1149296363394,1149296363429,1149296363473,3164,1
3165,1149296488646,1149296488680,1149296488755,3165,1
3166,1149296613490,1149296613524,1149296613569,3166,1
3167,1149296737733,1149296737768,1149296737927,3167,1
3168,1149296885495,1149296885529,1149296885738,3168,1
3169,1149296988676,1149296988710,1149296988819,3169,1
3170,1149297113430,1149297113464,1149297113513,3170,1
3171,1149297237499,1149297237534,1149297237636,3171,1
3172,1149297363804,1149297363839,1149297363887,3172,1
3173,1149297556609,1149297556644,1149297556798,3173,1
3174,1149297613649,1149297613683,1149297613736,3174,1
3175,1149297738386,1149297738420,1149297738529,3175,1
3176,1149297863375,1149297863411,1149297863456,3176,1
3177,1149297988399,1149297988433,1149297988551,3177,1
3178,1149298113475,1149298113509,1149298113556,3178,1
3179,1149298238291,1149298238325,1149298238445,3179,1
3180,1149298363346,1149298363381,1149298363433,3180,1
3181,1149298488465,1149298488499,1149298488599,3181,1
3182,1149298613524,1149298613558,1149298613611,3182,1
3183,1149298738365,1149298738398,1149298738506,3183,1
3184,1149298863386,1149298863420,1149298863462,3184,1
3185,1149298988389,1149298988423,1149298988530,3185,1
3186,1149299113632,1149299113668,1149299113721,3186,1
3187,1149299238632,1149299238668,1149299238830,3187,1
3188,1149299363350,1149299363384,1149299363437,3188,1
3189,1149299488397,1149299488432,1149299488791,3189,1
3190,1149299613555,1149299613590,1149299613642,3190,1
3191,1149299737900,1149299737935,1149299738010,3191,1
3192,1149299907255,1149299907290,1149299907380,3192,1
3193,1149299982857,1149299982889,1149299983151,3193,1
3194,1149300120453,1149300120559,1149300120611,3194,1
3195,1149300238443,1149300238477,1149300238544,3195,1
3196,1149300363499,1149300363533,1149300363576,3196,1
3197,1149300488505,1149300488540,1149300488764,3197,1
3198,1149300613417,1149300613452,1149300613496,3198,1
3199,1149300738596,1149300738630,1149300738689,3199,1
3200,1149300863443,1149300863478,1149300863634,3200,1
3201,1149300989030,1149300989064,1149300989229,3201,1
3202,1149301113013,1149301113049,1149301113099,3202,1
3203,1149301245430,1149301245467,1149301245559,3203,1
3204,1149301365402,1149301365438,1149301365491,3204,1
3205,1149301489017,1149301489053,1149301489107,3205,1
3206,1149301613843,1149301613879,1149301613932,3206,1
3207,1149301739045,1149301739080,1149301739166,3207,1
3208,1149301863860,1149301863896,1149301863950,3208,1
3209,1149301988826,1149301988862,1149301988939,3209,1
3210,1149302113829,1149302113865,1149302113914,3210,1
3211,1149302237898,1149302237934,1149302238016,3211,1
3212,1149302432160,1149302432196,1149302432288,3212,1
3213,1149302490641,1149302490678,1149302490753,3213,1
3214,1149302615626,1149302615662,1149302615716,3214,1
3215,1149302740617,1149302740654,1149302740933,3215,1
3216,1149302865561,1149302865597,1149302865646,3216,1
3217,1149302990551,1149302990586,1149302990667,3217,1
3218,1149303115535,1149303115570,1149303115617,3218,1
3219,1149303240609,1149303240644,1149303240720,3219,1
3220,1149303365977,1149303366013,1149303366123,3220,1
3221,1149303490692,1149303490727,1149303491043,3221,1
3222,1149303615559,1149303615595,1149303615643,3222,1
3223,1149303740559,1149303740593,1149303740677,3223,1
3224,1149303871982,1149303872018,1149303872073,3224,1
3225,1149303982910,1149303982943,1149303983025,3225,1
3226,1149304121514,1149304121620,1149304121673,3226,1
3227,1149304238867,1149304238903,1149304238988,3227,1
3228,1149304363865,1149304363902,1149304363950,3228,1
3229,1149304488841,1149304488878,1149304489129,3229,1
3230,1149304613878,1149304613914,1149304613965,3230,1
3231,1149304738861,1149304738897,1149304738970,3231,1
3232,1149304864012,1149304864049,1149304864097,3232,1
3233,1149304988872,1149304988908,1149304989075,3233,1
3234,1149305128133,1149305128169,1149305128334,3234,1
3235,1149305238014,1149305238050,1149305238153,3235,1
3236,1149305363963,1149305363999,1149305364051,3236,1
3237,1149305512892,1149305512928,1149305513088,3237,1
3238,1149305615401,1149305615438,1149305615485,3238,1
3239,1149305740485,1149305740521,1149305740638,3239,1
3240,1149305865304,1149305865339,1149305865385,3240,1
3241,1149305990561,1149305990597,1149305990710,3241,1
3242,1149306143157,1149306143192,1149306143247,3242,1
3243,1149306240393,1149306240429,1149306240549,3243,1
3244,1149306365507,1149306365542,1149306365591,3244,1
3245,1149306490602,1149306490637,1149306490743,3245,1
3246,1149306615421,1149306615457,1149306615506,3246,1
3247,1149306740316,1149306740351,1149306740463,3247,1
3248,1149306865225,1149306865260,1149306865308,3248,1
3249,1149306991039,1149306991074,1149306991183,3249,1
3250,1149307115671,1149307115707,1149307115755,3250,1
3251,1149307240576,1149307240611,1149307240722,3251,1
3252,1149307365820,1149307365856,1149307365906,3252,1
3253,1149307490824,1149307490860,1149307491026,3253,1
3254,1149307615676,1149307615711,1149307615762,3254,1
3255,1149307740620,1149307740656,1149307740774,3255,1
3256,1149307870780,1149307870816,1149307870866,3256,1
3257,1149307982916,1149307982949,1149307983003,3257,1
3258,1149308120902,1149308120938,1149308120991,3258,1
3259,1149308238983,1149308239019,1149308239069,3259,1
3260,1149308363880,1149308363916,1149308363970,3260,1
3261,1149308488866,1149308488902,1149308488955,3261,1
3262,1149308613787,1149308613823,1149308613877,3262,1
3263,1149308738967,1149308739002,1149308739056,3263,1
3264,1149308863806,1149308863842,1149308863896,3264,1
3265,1149308988785,1149308988821,1149308988874,3265,1
3266,1149309113945,1149309113981,1149309114035,3266,1
3267,1149309237876,1149309237913,1149309238097,3267,1
3268,1149309365266,1149309365302,1149309365483,3268,1
3269,1149309488913,1149309488948,1149309489067,3269,1
3270,1149309614057,1149309614092,1149309614144,3270,1
3271,1149309738929,1149309738965,1149309739014,3271,1
3272,1149309863852,1149309863888,1149309863942,3272,1
3273,1149309988834,1149309988869,1149309988920,3273,1
3274,1149310112989,1149310113024,1149310113077,3274,1
3275,1149310279984,1149310280020,1149310280113,3275,1
3276,1149310364017,1149310364051,1149310364096,3276,1
3277,1149310488961,1149310488997,1149310489040,3277,1
3278,1149310613967,1149310614003,1149310614050,3278,1
3279,1149310738786,1149310738821,1149310738866,3279,1
3280,1149310862943,1149310862979,1149310863022,3280,1
3281,1149310996260,1149310996297,1149310996390,3281,1
3282,1149311114064,1149311114101,1149311114149,3282,1
3283,1149311238161,1149311238197,1149311238247,3283,1
3284,1149311368674,1149311368709,1149311368802,3284,1
3285,1149311519100,1149311519135,1149311519230,3285,1
3286,1149311615862,1149311615898,1149311615942,3286,1
3287,1149311740859,1149311740895,1149311740998,3287,1
3288,1149311865616,1149311865652,1149311865698,3288,1
3289,1149311982971,1149311983003,1149311983049,3289,1
3290,1149312120523,1149312120628,1149312120675,3290,1
3291,1149312239226,1149312239262,1149312239305,3291,1
3292,1149312364010,1149312364046,1149312364092,3292,1
3293,1149312489089,1149312489125,1149312489176,3293,1
3294,1149312613894,1149312613930,1149312613973,3294,1
3295,1149312738999,1149312739035,1149312739142,3295,1
3296,1149312863948,1149312863985,1149312864033,3296,1
3297,1149312988892,1149312988929,1149312989043,3297,1
3298,1149313113961,1149313113996,1149313114041,3298,1
3299,1149313275858,1149313275894,1149313276031,3299,1
3300,1149313364849,1149313364885,1149313364934,3300,1
3301,1149313488946,1149313488982,1149313489046,3301,1
3302,1149313613830,1149313613866,1149313613917,3302,1
3303,1149313738978,1149313739014,1149313739183,3303,1
3304,1149313864053,1149313864091,1149313864253,3304,1
3305,1149313996417,1149313996454,1149313996607,3305,1
3306,1149314113790,1149314113826,1149314113868,3306,1
3307,1149314238651,1149314238687,1149314238794,3307,1
3308,1149314364080,1149314364116,1149314364162,3308,1
3309,1149314488812,1149314488848,1149314488959,3309,1
3310,1149314613362,1149314613396,1149314613441,3310,1
3311,1149314763968,1149314764004,1149314764122,3311,1
3312,1149314862539,1149314862573,1149314862617,3312,1
3313,1149315022999,1149315023034,1149315023199,3313,1
3314,1149315113554,1149315113590,1149315113639,3314,1
3315,1149315238479,1149315238514,1149315238636,3315,1
3316,1149315363677,1149315363712,1149315363764,3316,1
3317,1149315488677,1149315488713,1149315488867,3317,1
3318,1149315613492,1149315613527,1149315613577,3318,1
3319,1149315737495,1149315737530,1149315737597,3319,1
3320,1149315871810,1149315871845,1149315871990,3320,1
3321,1149315982745,1149315982777,1149315982846,3321,1
3322,1149316120441,1149316120477,1149316120526,3322,1
3323,1149316238045,1149316238081,1149316238155,3323,1
3324,1149316371104,1149316371140,1149316371228,3324,1
3325,1149316762405,1149316762462,1149316762565,3325,1
3326,1149316762626,1149316762659,1149316762701,3326,1
3327,1149316762862,1149316762895,1149316762958,3327,1
3328,1149316870584,1149316870620,1149316870668,3328,1
3329,1149316993640,1149316993677,1149316993749,3329,1
3330,1149317122374,1149317122410,1149317122461,3330,1
3331,1149317246092,1149317246128,1149317246203,3331,1
3332,1149317372379,1149317372413,1149317372466,3332,1
3333,1149317492396,1149317492431,1149317492506,3333,1
3334,1149317630931,1149317630967,1149317631125,3334,1
3335,1149317742066,1149317742102,1149317742212,3335,1
3336,1149317866357,1149317866393,1149317866440,3336,1
3337,1149317990057,1149317990095,1149317990207,3337,1
3338,1149318122094,1149318122129,1149318122235,3338,1
3339,1149318297230,1149318297265,1149318297424,3339,1
3340,1149318365735,1149318365771,1149318365822,3340,1
3341,1149318490759,1149318490796,1149318490916,3341,1
3342,1149318615179,1149318615214,1149318615264,3342,1
3343,1149318739948,1149318739983,1149318740106,3343,1
3344,1149318864812,1149318864848,1149318864897,3344,1
3345,1149318989856,1149318989891,1149318990076,3345,1
3346,1149319114445,1149319114481,1149319114531,3346,1
3347,1149319239429,1149319239465,1149319239646,3347,1
3348,1149319364698,1149319364733,1149319364784,3348,1
3349,1149319489289,1149319489326,1149319489400,3349,1
3350,1149319614481,1149319614517,1149319614566,3350,1
3351,1149319738325,1149319738361,1149319738439,3351,1
3352,1149319883579,1149319883614,1149319883703,3352,1
3353,1149319983940,1149319983972,1149319984082,3353,1
3354,1149320120950,1149320121055,1149320121103,3354,1
3355,1149320239298,1149320239333,1149320239379,3355,1
3356,1149320364020,1149320364056,1149320364102,3356,1
3357,1149320489131,1149320489167,1149320489353,3357,1
3358,1149320614227,1149320614263,1149320614309,3358,1
3359,1149320866480,1149320866515,1149320866750,3359,1
3360,1149320873612,1149320873647,1149320873692,3360,1
3361,1149321038324,1149321038360,1149321038575,3361,1
3362,1149321114155,1149321114191,1149321114241,3362,1
3363,1149321238045,1149321238080,1149321238258,3363,1
3364,1149321365437,1149321365473,1149321365523,3364,1
3365,1149321489035,1149321489071,1149321489272,3365,1
3366,1149321613995,1149321614031,1149321614077,3366,1
3367,1149321739010,1149321739045,1149321739211,3367,1
3368,1149321864190,1149321864225,1149321864388,3368,1
3369,1149321988866,1149321988901,1149321989011,3369,1
3370,1149322112975,1149322113011,1149322113056,3370,1
3371,1149322247253,1149322247288,1149322247435,3371,1
3372,1149322363804,1149322363840,1149322363892,3372,1
3373,1149322488846,1149322488881,1149322489006,3373,1
3374,1149322613849,1149322613885,1149322613931,3374,1
3375,1149322738952,1149322738988,1149322739110,3375,1
3376,1149322863813,1149322863847,1149322863899,3376,1
3377,1149322988699,1149322988736,1149322988851,3377,1
3378,1149323113847,1149323113884,1149323113933,3378,1
3379,1149323238997,1149323239033,1149323239143,3379,1
3380,1149323362990,1149323363025,1149323363078,3380,1
3381,1149323522281,1149323522316,1149323522487,3381,1
3382,1149323616110,1149323616146,1149323616199,3382,1
3383,1149323740895,1149323740931,1149323740979,3383,1
3384,1149323865873,1149323865908,1149323865959,3384,1
3385,1149323983136,1149323983168,1149323983222,3385,1
3386,1149324121351,1149324121387,1149324121433,3386,1
3387,1149324239404,1149324239441,1149324239549,3387,1
3388,1149324364005,1149324364040,1149324364092,3388,1
3389,1149324489192,1149324489228,1149324489276,3389,1
3390,1149324614190,1149324614226,1149324614273,3390,1
3391,1149324738925,1149324738961,1149324739009,3391,1
3392,1149324884402,1149324884438,1149324884490,3392,1
3393,1149324988955,1149324988990,1149324989041,3393,1
3394,1149325114000,1149325114037,1149325114086,3394,1
3395,1149325237949,1149325237985,1149325238038,3395,1
3396,1149325366676,1149325366710,1149325366763,3396,1
3397,1149325490440,1149325490475,1149325490561,3397,1
3398,1149325615386,1149325615421,1149325615472,3398,1
3399,1149325740420,1149325740455,1149325740505,3399,1
3400,1149325865505,1149325865541,1149325865714,3400,1
3401,1149325990732,1149325990767,1149325990945,3401,1
3402,1149326115410,1149326115446,1149326115494,3402,1
3403,1149326240482,1149326240518,1149326240631,3403,1
3404,1149326365350,1149326365387,1149326365437,3404,1
3405,1149326490575,1149326490611,1149326490721,3405,1
3406,1149326615361,1149326615396,1149326615447,3406,1
3407,1149326740461,1149326740497,1149326740546,3407,1
3408,1149326866669,1149326866703,1149326866755,3408,1
3409,1149326990119,1149326990154,1149326990203,3409,1
3410,1149327115061,1149327115095,1149327115147,3410,1
3411,1149327239773,1149327239808,1149327239857,3411,1
3412,1149327365197,1149327365233,1149327365282,3412,1
3413,1149327490048,1149327490083,1149327490132,3413,1
3414,1149327615219,1149327615254,1149327615304,3414,1
3415,1149327740335,1149327740370,1149327740422,3415,1
3416,1149327876977,1149327877011,1149327877064,3416,1
3417,1149327982821,1149327982853,1149327982904,3417,1
3418,1149328119964,1149328119998,1149328120047,3418,1
3419,1149328238472,1149328238508,1149328238558,3419,1
3420,1149328363763,1149328363862,1149328363971,3420,1
3421,1149328488366,1149328488401,1149328488453,3421,1
3422,1149328613339,1149328613375,1149328613422,3422,1
3423,1149328738372,1149328738407,1149328738458,3423,1
3424,1149328863408,1149328863442,1149328863490,3424,1
3425,1149328988509,1149328988544,1149328988593,3425,1
3426,1149329173651,1149329173686,1149329173738,3426,1
3427,1149329237797,1149329237832,1149329237879,3427,1
3428,1149329366139,1149329366173,1149329366223,3428,1
3429,1149329490123,1149329490157,1149329490210,3429,1
3430,1149329615325,1149329615360,1149329615407,3430,1
3431,1149329740222,1149329740257,1149329740370,3431,1
3432,1149329865172,1149329865207,1149329865256,3432,1
3433,1149329990010,1149329990046,1149329990167,3433,1
3434,1149330115353,1149330115387,1149330115564,3434,1
3435,1149330240316,1149330240351,1149330240523,3435,1
3436,1149330365151,1149330365186,1149330365233,3436,1
3437,1149330490074,1149330490109,1149330490210,3437,1
3438,1149330615205,1149330615239,1149330615285,3438,1
3439,1149330740195,1149330740229,1149330740335,3439,1
3440,1149330865055,1149330865090,1149330865141,3440,1
3441,1149330990257,1149330990292,1149330990398,3441,1
3442,1149331115330,1149331115365,1149331115411,3442,1
3443,1149331240088,1149331240122,1149331240186,3443,1
3444,1149331365089,1149331365124,1149331365168,3444,1
3445,1149331490083,1149331490118,1149331490528,3445,1
3446,1149331615135,1149331615171,1149331615215,3446,1
3447,1149331740240,1149331740274,1149331740349,3447,1
3448,1149331893688,1149331893721,1149331893768,3448,1
3449,1149331982764,1149331982797,1149331982874,3449,1
3450,1149332119816,1149332119850,1149332119895,3450,1
3451,1149332238528,1149332238562,1149332238639,3451,1
3452,1149332363514,1149332363549,1149332363598,3452,1
3453,1149332488841,1149332488945,1149332489081,3453,1
3454,1149332613561,1149332613596,1149332613645,3454,1
3455,1149332738576,1149332738612,1149332738694,3455,1
3456,1149332863429,1149332863464,1149332863510,3456,1
3457,1149332988448,1149332988482,1149332988686,3457,1
3458,1149333113433,1149333113467,1149333113511,3458,1
3459,1149363196789,1149363196944,1149363197311,3459,1
3460,1149363197620,1149363197684,1149363197731,3460,1
3461,1149363197768,1149363197809,1149363197882,3461,1
3462,1149363197918,1149363197957,1149363198002,3462,1
3463,1149363198075,1149363198111,1149363198286,3463,1
3464,1149363198318,1149363198364,1149363198541,3464,1
3465,1149363198580,1149363198636,1149363198702,3465,1
3466,1149363198735,1149363198768,1149363198815,3466,1
3467,1149363198896,1149363198938,1149363199108,3467,1
3468,1149363199141,1149363199176,1149363199218,3468,1
3469,1149363199251,1149363199286,1149363199469,3469,1
3470,1149363199501,1149363199534,1149363199576,3470,1
3471,1149363199630,1149363199663,1149363199841,3471,1
3472,1149363199874,1149363199906,1149363199948,3472,1
3473,1149363199980,1149363200013,1149363200172,3473,1
3474,1149363200206,1149363200238,1149363200278,3474,1
3475,1149363200312,1149363200344,1149363200497,3475,1
3476,1149363200530,1149363200562,1149363200603,3476,1
3477,1149363200637,1149363200669,1149363200728,3477,1
3478,1149363200762,1149363200794,1149363200834,3478,1
3479,1149363200868,1149363200901,1149363200941,3479,1
3480,1149363200974,1149363201007,1149363201047,3480,1
3481,1149363201080,1149363201113,1149363201154,3481,1
3482,1149363201187,1149363201220,1149363201260,3482,1
3483,1149363201293,1149363201326,1149363201367,3483,1
3484,1149363201400,1149363201433,1149363201474,3484,1
3485,1149363201507,1149363201540,1149363201580,3485,1
3486,1149363201613,1149363201645,1149363201686,3486,1
3487,1149363201719,1149363201751,1149363201793,3487,1
3488,1149363201824,1149363201893,1149363201967,3488,1
3489,1149363202031,1149363202098,1149363202171,3489,1
3490,1149363202204,1149363202273,1149363202352,3490,1
3491,1149363202418,1149363202489,1149363202567,3491,1
3492,1149363202635,1149363202706,1149363202781,3492,1
3493,1149363202846,1149363202911,1149363202986,3493,1
3494,1149363203018,1149363203084,1149363203161,3494,1
3495,1149363203231,1149363203300,1149363203378,3495,1
3496,1149363203446,1149363203513,1149363203589,3496,1
3497,1149363203661,1149363203925,1149363203974,3497,1
3498,1149363204009,1149363204044,1149363204087,3498,1
3499,1149363204122,1149363204156,1149363204200,3499,1
3500,1149363209527,1149363209563,1149363209604,3500,1
3501,1149363209637,1149363209670,1149363209716,3501,1
3502,1149363209749,1149363209782,1149363209824,3502,1
3503,1149363209856,1149363209889,1149363209935,3503,1
3504,1149363209967,1149363210000,1149363210041,3504,1
3505,1149363210074,1149363210108,1149363210154,3505,1
3506,1149363210187,1149363210220,1149363210261,3506,1
3507,1149363210294,1149363210326,1149363210372,3507,1
3508,1149363210405,1149363210438,1149363210479,3508,1
3509,1149363210511,1149363210544,1149363210591,3509,1
3510,1149363210623,1149363210655,1149363210697,3510,1
3511,1149363210729,1149363210761,1149363210808,3511,1
3512,1149363210840,1149363210872,1149363210914,3512,1
3513,1149363210946,1149363210979,1149363211025,3513,1
3514,1149363211057,1149363211090,1149363211132,3514,1
3515,1149363211164,1149363211197,1149363211243,3515,1
3516,1149363211274,1149363211306,1149363211348,3516,1
3517,1149363211394,1149363211427,1149363211473,3517,1
3518,1149363211517,1149363211549,1149363211590,3518,1
3519,1149363211622,1149363211654,1149363211700,3519,1
3520,1149363211749,1149363211781,1149363211823,3520,1
3521,1149363211855,1149363211888,1149363211934,3521,1
3522,1149363211967,1149363211999,1149363212041,3522,1
3523,1149363212074,1149363212108,1149363212153,3523,1
3524,1149363212186,1149363212219,1149363212261,3524,1
3525,1149363212292,1149363212325,1149363212372,3525,1
3526,1149363212403,1149363212436,1149363212477,3526,1
3527,1149363212510,1149363212543,1149363212725,3527,1
3528,1149363212757,1149363212790,1149363212831,3528,1
3529,1149363212863,1149363212896,1149363213062,3529,1
3530,1149363213094,1149363213126,1149363213168,3530,1
3531,1149363213200,1149363213232,1149363213395,3531,1
3532,1149363213427,1149363213460,1149363213501,3532,1
3533,1149363213533,1149363213565,1149363213630,3533,1
3534,1149363213663,1149363213696,1149363213737,3534,1
3535,1149363213769,1149363213802,1149363213864,3535,1
3536,1149363213896,1149363213929,1149363213970,3536,1
3537,1149363214003,1149363214036,1149363214243,3537,1
3538,1149363214275,1149363214307,1149363214349,3538,1
3539,1149363214381,1149363214414,1149363214575,3539,1
3540,1149363214606,1149363214639,1149363214681,3540,1
3541,1149363214713,1149363214745,1149363214817,3541,1
3542,1149363214849,1149363214882,1149363214924,3542,1
3543,1149363214956,1149363214989,1149363215169,3543,1
3544,1149363215201,1149363215234,1149363215276,3544,1
3545,1149363215308,1149363215341,1149363215515,3545,1
3546,1149363215548,1149363215581,1149363215622,3546,1
3547,1149363215655,1149363215686,1149363215734,3547,1
3548,1149363215765,1149363215798,1149363215839,3548,1
3549,1149363215872,1149363215904,1149363215950,3549,1
3550,1149363215982,1149363216014,1149363216056,3550,1
3551,1149363216089,1149363216121,1149363216167,3551,1
3552,1149363216199,1149363216232,1149363216274,3552,1
3553,1149363216305,1149363216338,1149363216384,3553,1
3554,1149363216417,1149363216449,1149363216490,3554,1
3555,1149363216522,1149363216555,1149363216602,3555,1
3556,1149363216634,1149363216666,1149363216707,3556,1
3557,1149363216739,1149363216772,1149363216819,3557,1
3558,1149363216850,1149363216883,1149363216925,3558,1
3559,1149363216957,1149363216989,1149363217035,3559,1
3560,1149363217068,1149363217101,1149363217154,3560,1
3561,1149363217188,1149363217221,1149363217266,3561,1
3562,1149363217298,1149363217330,1149363217373,3562,1
3563,1149363217405,1149363217437,1149363217484,3563,1
3564,1149363217516,1149363217549,1149363217590,3564,1
3565,1149363217622,1149363217655,1149363217701,3565,1
3566,1149363217733,1149363217766,1149363217807,3566,1
3567,1149363217839,1149363217872,1149363217918,3567,1
3568,1149363217951,1149363217983,1149363218026,3568,1
3569,1149363218058,1149363218092,1149363218137,3569,1
3570,1149363218169,1149363218202,1149363218243,3570,1
3571,1149363218275,1149363218308,1149363218354,3571,1
3572,1149363218387,1149363218419,1149363218461,3572,1
3573,1149363218492,1149363218525,1149363236396,3573,1
3574,1149363236475,1149363236510,1149363236554,3574,1
3575,1149363236586,1149363236618,1149363236682,3575,1
3576,1149363236715,1149363236748,1149363236789,3576,1
3577,1149363236821,1149363236853,1149363237129,3577,1
3578,1149363237161,1149363237193,1149363237235,3578,1
3579,1149363237268,1149363237301,1149363237590,3579,1
3580,1149363237622,1149363237654,1149363237696,3580,1
3581,1149363237728,1149363237761,1149363237832,3581,1
3582,1149363237863,1149363237896,1149363237937,3582,1
3583,1149363237968,1149363238002,1149363238246,3583,1
3584,1149363238278,1149363238310,1149363238351,3584,1
3585,1149363240093,1149363240127,1149363240208,3585,1
3586,1149363240240,1149363240273,1149363240314,3586,1
3587,1149363240345,1149363240378,1149363240460,3587,1
3588,1149363240491,1149363240524,1149363240566,3588,1
3589,1149363240597,1149363240629,1149363240693,3589,1
3590,1149363240724,1149363240757,1149363240798,3590,1
3591,1149363240829,1149363240862,1149363240907,3591,1
3592,1149363240940,1149363240972,1149363241013,3592,1
3593,1149363241045,1149363241077,1149363241122,3593,1
3594,1149363241154,1149363241187,1149363241228,3594,1
3595,1149363241260,1149363241293,1149363241339,3595,1
3596,1149363241371,1149363241402,1149363241444,3596,1
3597,1149363241476,1149363241507,1149363241553,3597,1
3598,1149363241586,1149363241618,1149363241660,3598,1
3599,1149363241691,1149363241723,1149363241769,3599,1
3600,1149363241801,1149363241833,1149363241874,3600,1
3601,1149363241906,1149363241938,1149363241984,3601,1
3602,1149363242016,1149363242047,1149363242089,3602,1
3603,1149363242121,1149363242153,1149363242200,3603,1
3604,1149363242231,1149363242263,1149363242304,3604,1
3605,1149363242336,1149363242368,1149363242414,3605,1
3606,1149363242446,1149363242479,1149363242519,3606,1
3607,1149363242551,1149363242584,1149363242629,3607,1
3608,1149363242661,1149363242693,1149363242734,3608,1
3609,1149363242766,1149363242799,1149363242844,3609,1
3610,1149363242876,1149363242908,1149363242949,3610,1
3611,1149363242981,1149363243013,1149363243059,3611,1
3612,1149363243093,1149363243123,1149363243166,3612,1
3613,1149363243196,1149363243228,1149363243274,3613,1
3614,1149363243306,1149363243338,1149363243379,3614,1
3615,1149363243411,1149363243443,1149363243489,3615,1
3616,1149363243521,1149363243553,1149363243594,3616,1
3617,1149363243626,1149363243659,1149363243704,3617,1
3618,1149363243736,1149363243768,1149363243809,3618,1
3619,1149363243841,1149363243873,1149363243919,3619,1
3620,1149363243951,1149363243983,1149363244024,3620,1
3621,1149363244056,1149363244088,1149363244134,3621,1
3622,1149363244166,1149363244198,1149363244239,3622,1
3623,1149363244271,1149363244303,1149363244349,3623,1
3624,1149363244381,1149363244412,1149363244454,3624,1
3625,1149363244485,1149363244517,1149363244563,3625,1
3626,1149363244596,1149363244627,1149363244669,3626,1
3627,1149363244701,1149363244732,1149363244779,3627,1
3628,1149363244811,1149363244842,1149363244884,3628,1
3629,1149363244916,1149363244947,1149363244994,3629,1
3630,1149363245025,1149363245058,1149363245099,3630,1
3631,1149363245131,1149363245163,1149363245209,3631,1
3632,1149363245240,1149363245272,1149363245314,3632,1
3633,1149363245345,1149363245378,1149363245424,3633,1
3634,1149363245455,1149363245487,1149363245529,3634,1
3635,1149363245560,1149363245592,1149363245638,3635,1
3636,1149363245670,1149363245702,1149363245744,3636,1
3637,1149363245775,1149363245807,1149363245853,3637,1
3638,1149363245884,1149363245917,1149363245958,3638,1
3639,1149363245989,1149363246022,1149363246067,3639,1
3640,1149363246099,1149363246131,1149363246172,3640,1
3641,1149363246204,1149363246237,1149363246282,3641,1
3642,1149363246314,1149363246346,1149363246387,3642,1
3643,1149363246419,1149363246451,1149363246498,3643,1
3644,1149363246529,1149363246561,1149363246602,3644,1
3645,1149363246634,1149363246666,1149363246712,3645,1
3646,1149363246744,1149363246776,1149363246818,3646,1
3647,1149363246849,1149363246881,1149363246927,3647,1
3648,1149363246958,1149363246990,1149363247031,3648,1
3649,1149363247063,1149363247096,1149363247141,3649,1
3650,1149363247172,1149363247206,1149363247247,3650,1
3651,1149363247278,1149363247311,1149363247357,3651,1
3652,1149363247388,1149363247421,1149363247462,3652,1
3653,1149363247493,1149363247525,1149363247571,3653,1
3654,1149363247603,1149363247636,1149363247677,3654,1
3655,1149363247708,1149363247741,1149363247787,3655,1
3656,1149363247818,1149363247850,1149363247891,3656,1
3657,1149363247923,1149363247956,1149363248001,3657,1
3658,1149363248032,1149363248066,1149363248107,3658,1
3659,1149363248138,1149363248171,1149363248217,3659,1
3660,1149363248248,1149363248281,1149363248322,3660,1
3661,1149363248353,1149363248385,1149363248431,3661,1
3662,1149363248463,1149363248496,1149363248537,3662,1
3663,1149363248568,1149363248599,1149363248647,3663,1
3664,1149363248677,1149363248711,1149363248751,3664,1
3665,1149363248783,1149363248816,1149363248861,3665,1
3666,1149363248892,1149363248925,1149363248966,3666,1
3667,1149363248997,1149363249030,1149363249076,3667,1
3668,1149363249107,1149363249140,1149363249181,3668,1
3669,1149363249212,1149363249245,1149363249290,3669,1
3670,1149363249322,1149363249355,1149363249396,3670,1
3671,1149363250754,1149363250789,1149363250835,3671,1
3672,1149363250866,1149363250899,1149363250941,3672,1
3673,1149363250972,1149363251004,1149363251050,3673,1
3674,1149363251082,1149363251114,1149363251156,3674,1
3675,1149363251187,1149363251220,1149363251265,3675,1
3676,1149363251297,1149363251330,1149363251370,3676,1
3677,1149363251402,1149363251435,1149363251481,3677,1
3678,1149363251512,1149363251544,1149363251585,3678,1
3679,1149363251617,1149363251650,1149363251696,3679,1
3680,1149363251727,1149363251760,1149363251801,3680,1
3681,1149363251833,1149363251865,1149363251911,3681,1
3682,1149363251943,1149363251976,1149363252016,3682,1
3683,1149363252048,1149363252081,1149363252126,3683,1
3684,1149363252158,1149363252190,1149363252232,3684,1
3685,1149363252263,1149363252296,1149363252342,3685,1
3686,1149363252374,1149363252406,1149363252447,3686,1
3687,1149363252479,1149363252512,1149363252557,3687,1
3688,1149363252589,1149363252622,1149363252663,3688,1
3689,1149363252694,1149363252727,1149363252772,3689,1
3690,1149363252803,1149363252836,1149363252878,3690,1
3691,1149363252909,1149363252942,1149363252988,3691,1
3692,1149363253019,1149363253052,1149363253093,3692,1
3693,1149363253124,1149363253157,1149363253202,3693,1
3694,1149363253235,1149363253267,1149363253309,3694,1
3695,1149363253340,1149363253372,1149363253418,3695,1
3696,1149363253449,1149363253482,1149363253524,3696,1
3697,1149363253556,1149363253588,1149363253634,3697,1
3698,1149363253665,1149363253698,1149363253739,3698,1
3699,1149363265978,1149363266013,1149363266061,3699,1
3700,1149363373463,1149363373500,1149363373669,3700,1
3701,1149363561196,1149363561231,1149363561538,3701,1
3702,1149363620833,1149363620868,1149363620921,3702,1
3703,1149363745254,1149363745290,1149363745410,3703,1
3704,1149363926099,1149363926135,1149363926229,3704,1
3705,1149363983264,1149363983296,1149363983405,3705,1
3706,1149364121557,1149364121593,1149364121643,3706,1
3707,1149364239029,1149364239066,1149364239185,3707,1
3708,1149364363903,1149364363938,1149364363993,3708,1
3709,1149364488850,1149364488886,1149364488996,3709,1
3710,1149364614113,1149364614149,1149364614203,3710,1
3711,1149364739042,1149364739078,1149364739194,3711,1
3712,1149364864194,1149364864229,1149364864284,3712,1
3713,1149364988963,1149364988999,1149364989102,3713,1
3714,1149365113886,1149365113922,1149365113972,3714,1
3715,1149365238112,1149365238147,1149365238255,3715,1
3716,1149365457407,1149365457443,1149365457532,3716,1
3717,1149365489257,1149365489292,1149365489413,3717,1
3718,1149365613942,1149365613979,1149365614025,3718,1
3719,1149365739116,1149365739152,1149365739274,3719,1
3720,1149365863327,1149365863431,1149365863537,3720,1
3721,1149365996282,1149365996318,1149365996484,3721,1
3722,1149366121314,1149366121349,1149366121439,3722,1
3723,1149366238854,1149366238890,1149366239004,3723,1
3724,1149366363680,1149366363716,1149366363761,3724,1
3725,1149366488774,1149366488810,1149366488918,3725,1
3726,1149366613747,1149366613782,1149366613828,3726,1
3727,1149366738942,1149366738977,1149366739084,3727,1
3728,1149366863760,1149366863795,1149366863839,3728,1
3729,1149366988843,1149366988878,1149366988922,3729,1
3730,1149367113700,1149367113735,1149367113781,3730,1
3731,1149367238707,1149367238743,1149367238795,3731,1
3732,1149367363829,1149367363864,1149367363908,3732,1
3733,1149367488801,1149367488837,1149367488881,3733,1
3734,1149367614396,1149367614431,1149367614606,3734,1
3735,1149367738240,1149367738276,1149367738389,3735,1
3736,1149367877782,1149367877817,1149367877908,3736,1
3737,1149368147711,1149368147821,1149368148027,3737,1
3738,1149368148091,1149368148125,1149368148171,3738,1
3739,1149368240282,1149368240317,1149368240435,3739,1
3740,1149368363925,1149368363960,1149368364004,3740,1
3741,1149368488103,1149368488139,1149368488249,3741,1
3742,1149368668773,1149368668809,1149368668932,3742,1
3743,1149368739091,1149368739127,1149368739229,3743,1
3744,1149368864054,1149368864091,1149368864136,3744,1
3745,1149368988883,1149368988920,1149368989034,3745,1
3746,1149369112992,1149369113028,1149369113079,3746,1
3747,1149369328861,1149369328918,1149369329097,3747,1
3748,1149369364600,1149369364636,1149369364679,3748,1
3749,1149369488876,1149369488912,1149369489027,3749,1
3750,1149369612947,1149369612983,1149369613027,3750,1
3751,1149369841247,1149369841283,1149369841476,3751,1
3752,1149369865309,1149369865344,1149369865394,3752,1
3753,1149369996825,1149369996931,1149369997241,3753,1
3754,1149370114144,1149370114180,1149370114228,3754,1
3755,1149370238901,1149370238935,1149370239022,3755,1
3756,1149370363865,1149370363901,1149370363949,3756,1
3757,1149370488744,1149370488780,1149370488830,3757,1
3758,1149370613804,1149370613840,1149370613890,3758,1
3759,1149370738731,1149370738767,1149370738847,3759,1
3760,1149370863786,1149370863823,1149370863876,3760,1
3761,1149370989120,1149370989157,1149370989234,3761,1
3762,1149371113830,1149371113866,1149371113921,3762,1
3763,1149371238891,1149371238928,1149371238981,3763,1
3764,1149371362971,1149371363008,1149371363061,3764,1
3765,1149371558472,1149371558507,1149371558602,3765,1
3766,1149371615680,1149371615715,1149371615762,3766,1
3767,1149371740649,1149371740685,1149371740865,3767,1
3768,1149371865978,1149371866013,1149371866175,3768,1
3769,1149371983183,1149371983216,1149371983318,3769,1
3770,1149372121033,1149372121070,1149372121119,3770,1
3771,1149372238930,1149372238966,1149372239064,3771,1
3772,1149372363849,1149372363887,1149372363940,3772,1
3773,1149372495553,1149372495589,1149372495716,3773,1
3774,1149372614073,1149372614108,1149372614162,3774,1
3775,1149372738801,1149372738837,1149372738958,3775,1
3776,1149372863891,1149372863926,1149372863981,3776,1
3777,1149372988767,1149372988803,1149372988915,3777,1
3778,1149373113745,1149373113781,1149373113833,3778,1
3779,1149373237895,1149373237931,1149373238046,3779,1
3780,1149373366655,1149373366690,1149373366742,3780,1
3781,1149373490825,1149373490863,1149373490968,3781,1
3782,1149373615617,1149373615653,1149373615705,3782,1
3783,1149373740014,1149373740048,1149373740157,3783,1
3784,1149373864988,1149373865022,1149373865071,3784,1
3785,1149373989974,1149373990009,1149373990118,3785,1
3786,1149374115451,1149374115486,1149374115535,3786,1
3787,1149374240571,1149374240672,1149374240836,3787,1
3788,1149374365156,1149374365191,1149374365237,3788,1
3789,1149374490243,1149374490277,1149374490402,3789,1
3790,1149374615137,1149374615171,1149374615222,3790,1
3791,1149374740190,1149374740225,1149374740275,3791,1
3792,1149374865070,1149374865104,1149374865152,3792,1
3793,1149374990245,1149374990279,1149374990333,3793,1
3794,1149375115372,1149375115407,1149375115452,3794,1
3795,1149375240003,1149375240038,1149375240089,3795,1
3796,1149375365083,1149375365118,1149375365161,3796,1
3797,1149375490157,1149375490191,1149375490242,3797,1
3798,1149375615252,1149375615285,1149375615330,3798,1
3799,1149375740157,1149375740192,1149375740241,3799,1
3800,1149375865089,1149375865124,1149375865282,3800,1
3801,1149375982879,1149375982910,1149375983069,3801,1
3802,1149376236779,1149376236815,1149376236931,3802,1
3803,1149376244666,1149376244700,1149376244808,3803,1
3804,1149376363864,1149376363898,1149376363947,3804,1
3805,1149376488468,1149376488503,1149376488624,3805,1
3806,1149376613376,1149376613411,1149376613460,3806,1
3807,1149376738367,1149376738401,1149376738525,3807,1
3808,1149376863340,1149376863375,1149376863424,3808,1
3809,1149376994284,1149376994318,1149376994431,3809,1
3810,1149377113341,1149377113375,1149377113425,3810,1
3811,1149377237642,1149377237676,1149377237793,3811,1
3812,1149377368141,1149377368183,1149377368238,3812,1
3813,1149377489260,1149377489295,1149377489348,3813,1
3814,1149377613457,1149377613492,1149377613544,3814,1
3815,1149377738360,1149377738395,1149377738447,3815,1
3816,1149377863321,1149377863356,1149377863409,3816,1
3817,1149377988353,1149377988389,1149377988495,3817,1
3818,1149378113329,1149378113363,1149378113412,3818,1
3819,1149378238504,1149378238538,1149378238647,3819,1
3820,1149378363693,1149378363810,1149378363920,3820,1
3821,1149378488449,1149378488483,1149378488606,3821,1
3822,1149378612467,1149378612501,1149378612550,3822,1
3823,1149378746195,1149378746230,1149378746317,3823,1
3824,1149378863589,1149378863622,1149378863668,3824,1
3825,1149378988380,1149378988415,1149378988460,3825,1
3826,1149379113311,1149379113345,1149379113395,3826,1
3827,1149379238350,1149379238385,1149379238575,3827,1
3828,1149379363894,1149379363930,1149379363977,3828,1
3829,1149379488916,1149379488952,1149379489285,3829,1
3830,1149379614041,1149379614077,1149379614120,3830,1
3831,1149379737878,1149379737914,1149379737991,3831,1
3832,1149379886463,1149379886498,1149379886592,3832,1
3833,1149379983023,1149379983056,1149379983326,3833,1
3834,1149380121673,1149380121774,1149380121986,3834,1
3835,1149380239065,1149380239100,1149380239295,3835,1
3836,1149380364025,1149380364061,1149380364115,3836,1
3837,1149380488882,1149380488918,1149380489022,3837,1
3838,1149380613872,1149380613907,1149380613961,3838,1
3839,1149380738809,1149380738844,1149380738948,3839,1
3840,1149380863826,1149380863861,1149380863914,3840,1
3841,1149380988926,1149380988963,1149380989070,3841,1
3842,1149381113820,1149381113856,1149381113908,3842,1
3843,1149381237990,1149381238026,1149381238140,3843,1
3844,1149381364778,1149381364813,1149381364860,3844,1
3845,1149381488979,1149381489015,1149381489069,3845,1
3846,1149381613880,1149381613916,1149381613964,3846,1
3847,1149381738934,1149381738970,1149381739016,3847,1
3848,1149381862954,1149381862990,1149381863041,3848,1
3849,1149381996481,1149381996516,1149381996678,3849,1
3850,1149382114131,1149382114166,1149382114213,3850,1
3851,1149382238929,1149382238964,1149382239126,3851,1
3852,1149382363899,1149382363934,1149382363980,3852,1
3853,1149382489377,1149382489412,1149382489518,3853,1
3854,1149382613729,1149382613765,1149382613811,3854,1
3855,1149382737972,1149382738009,1149382738060,3855,1
3856,1149382987482,1149382987518,1149382987613,3856,1
3857,1149382987673,1149382987706,1149382987748,3857,1
3858,1149383122848,1149383122883,1149383122932,3858,1
3859,1149383245302,1149383245337,1149383245387,3859,1
3860,1149383370749,1149383370783,1149383370836,3860,1
3861,1149383494967,1149383495004,1149383495057,3861,1
3862,1149383622778,1149383622814,1149383622860,3862,1
3863,1149383743839,1149383743876,1149383743919,3863,1
3864,1149383868423,1149383868459,1149383868505,3864,1
3865,1149383985096,1149383985129,1149383985182,3865,1
3866,1149384121393,1149384121497,1149384121538,3866,1
3867,1149384248319,1149384248355,1149384248583,3867,1
3868,1149384366089,1149384366125,1149384366308,3868,1
3869,1149384490247,1149384490283,1149384490395,3869,1
3870,1149384614417,1149384614453,1149384614498,3870,1
3871,1149384746983,1149384747017,1149384747170,3871,1
3872,1149384865287,1149384865322,1149384865372,3872,1
3873,1149384989672,1149384989707,1149384989818,3873,1
3874,1149385114816,1149385114852,1149385114903,3874,1
3875,1149385238372,1149385238408,1149385238521,3875,1
3876,1149385373161,1149385373198,1149385373292,3876,1
3877,1149385489341,1149385489377,1149385489490,3877,1
3878,1149385614211,1149385614247,1149385614293,3878,1
3879,1149385739242,1149385739277,1149385739404,3879,1
3880,1149385864067,1149385864101,1149385864148,3880,1
3881,1149385988999,1149385989034,1149385989150,3881,1
3882,1149386114023,1149386114059,1149386114106,3882,1
3883,1149386304093,1149386304128,1149386304258,3883,1
3884,1149386365186,1149386365222,1149386365267,3884,1
3885,1149386489057,1149386489093,1149386489203,3885,1
3886,1149386613972,1149386614007,1149386614052,3886,1
3887,1149386739282,1149386739318,1149386739484,3887,1
3888,1149386863810,1149386863845,1149386863890,3888,1
3889,1149386988910,1149386988947,1149386989062,3889,1
3890,1149387113838,1149387113873,1149387113918,3890,1
3891,1149387238839,1149387238874,1149387238982,3891,1
3892,1149387363875,1149387363911,1149387363957,3892,1
3893,1149387488962,1149387488998,1149387489107,3893,1
3894,1149387613843,1149387613878,1149387613926,3894,1
3895,1149387738031,1149387738067,1149387738167,3895,1
3896,1149387872853,1149387872890,1149387872984,3896,1
3897,1149387983406,1149387983438,1149387983488,3897,1
3898,1149388120507,1149388120613,1149388120663,3898,1
3899,1149388239093,1149388239129,1149388239183,3899,1
3900,1149388363937,1149388363973,1149388364138,3900,1
3901,1149388489117,1149388489152,1149388489326,3901,1
3902,1149388613858,1149388613893,1149388613944,3902,1
3903,1149388739277,1149388739312,1149388739427,3903,1
3904,1149388863736,1149388863772,1149388863820,3904,1
3905,1149388988818,1149388988855,1149388988972,3905,1
3906,1149389113860,1149389113895,1149389113947,3906,1
3907,1149389237968,1149389238005,1149389238126,3907,1
3908,1149389366613,1149389366648,1149389366696,3908,1
3909,1149389490577,1149389490613,1149389490716,3909,1
3910,1149389615681,1149389615718,1149389615771,3910,1
3911,1149389740567,1149389740603,1149389740713,3911,1
3912,1149389865880,1149389865916,1149389865969,3912,1
3913,1149389990696,1149389990730,1149389990783,3913,1
3914,1149390115667,1149390115702,1149390115749,3914,1
3915,1149390240583,1149390240619,1149390240669,3915,1
3916,1149390365565,1149390365600,1149390365651,3916,1
3917,1149390490679,1149390490715,1149390490765,3917,1
3918,1149390615659,1149390615694,1149390615744,3918,1
3919,1149390740581,1149390740616,1149390740664,3919,1
3920,1149390865967,1149390866004,1149390866114,3920,1
3921,1149390990656,1149390990691,1149390990745,3921,1
3922,1149391115701,1149391115736,1149391115783,3922,1
3923,1149391240728,1149391240763,1149391240818,3923,1
3924,1149391365560,1149391365596,1149391365648,3924,1
3925,1149391490621,1149391490656,1149391490707,3925,1
3926,1149391615284,1149391615319,1149391615365,3926,1
3927,1149391740099,1149391740134,1149391740186,3927,1
3928,1149391865122,1149391865156,1149391865205,3928,1
3929,1149391983697,1149391983731,1149391983780,3929,1
3930,1149392120415,1149392120517,1149392120565,3930,1
3931,1149392238812,1149392238848,1149392238895,3931,1
3932,1149392363922,1149392363958,1149392364004,3932,1
3933,1149392488855,1149392488891,1149392488937,3933,1
3934,1149392613935,1149392613971,1149392614150,3934,1
3935,1149392738948,1149392738983,1149392739158,3935,1
3936,1149392863884,1149392863919,1149392863973,3936,1
3937,1149392988998,1149392989033,1149392989152,3937,1
3938,1149393113804,1149393113839,1149393113891,3938,1
3939,1149393237916,1149393237952,1149393237999,3939,1
3940,1149393367043,1149393367078,1149393367129,3940,1
3941,1149393490608,1149393490644,1149393490694,3941,1
3942,1149393615705,1149393615741,1149393615795,3942,1
3943,1149393740646,1149393740682,1149393740734,3943,1
3944,1149393865585,1149393865620,1149393865671,3944,1
3945,1149393990701,1149393990736,1149393990788,3945,1
3946,1149394115621,1149394115656,1149394115711,3946,1
3947,1149394240556,1149394240592,1149394240641,3947,1
3948,1149394365483,1149394365518,1149394365569,3948,1
3949,1149394490545,1149394490579,1149394490630,3949,1
3950,1149394615687,1149394615722,1149394615776,3950,1
3951,1149394740496,1149394740532,1149394740652,3951,1
3952,1149394865463,1149394865499,1149394865546,3952,1
3953,1149394991022,1149394991058,1149394991234,3953,1
3954,1149395115805,1149395115841,1149395115891,3954,1
3955,1149395240662,1149395240698,1149395240817,3955,1
3956,1149395365659,1149395365694,1149395365741,3956,1
3957,1149395490675,1149395490711,1149395491073,3957,1
3958,1149395615869,1149395615904,1149395615958,3958,1
3959,1149395740600,1149395740636,1149395740705,3959,1
3960,1149395865544,1149395865580,1149395865634,3960,1
3961,1149395982888,1149395982922,1149395982988,3961,1
3962,1149396120592,1149396120696,1149396120746,3962,1
3963,1149396238922,1149396238958,1149396239122,3963,1
3964,1149396363907,1149396363941,1149396363989,3964,1
3965,1149396489014,1149396489051,1149396489235,3965,1
3966,1149396614152,1149396614187,1149396614239,3966,1
3967,1149396756026,1149396756062,1149396756245,3967,1
3968,1149396864204,1149396864240,1149396864421,3968,1
3969,1149396988784,1149396988820,1149396988925,3969,1
3970,1149397113839,1149397113874,1149397113923,3970,1
3971,1149397237924,1149397237960,1149397238030,3971,1
3972,1149397366209,1149397366245,1149397366294,3972,1
3973,1149397490406,1149397490442,1149397490616,3973,1
3974,1149397615295,1149397615330,1149397615380,3974,1
3975,1149397740274,1149397740309,1149397740681,3975,1
3976,1149397865748,1149397865784,1149397865838,3976,1
3977,1149397990637,1149397990673,1149397990727,3977,1
3978,1149398115572,1149398115607,1149398115661,3978,1
3979,1149398240821,1149398240856,1149398240905,3979,1
3980,1149398439333,1149398439368,1149398439419,3980,1
3981,1149398491403,1149398491439,1149398491485,3981,1
3982,1149398615494,1149398615530,1149398615578,3982,1
3983,1149398740644,1149398740679,1149398740724,3983,1
3984,1149398865650,1149398865685,1149398865732,3984,1
3985,1149398990542,1149398990577,1149398990624,3985,1
3986,1149399115790,1149399115825,1149399115871,3986,1
3987,1149399241094,1149399241129,1149399241237,3987,1
3988,1149399365686,1149399365722,1149399365771,3988,1
3989,1149399490629,1149399490665,1149399490720,3989,1
3990,1149399615691,1149399615727,1149399615781,3990,1
3991,1149399740565,1149399740601,1149399740654,3991,1
3992,1149399865938,1149399865974,1149399866020,3992,1
3993,1149399982912,1149399982944,1149399982995,3993,1
3994,1149400120987,1149400121088,1149400121136,3994,1
3995,1149400238830,1149400238866,1149400238916,3995,1
3996,1149400364139,1149400364175,1149400364224,3996,1
3997,1149400488744,1149400488780,1149400488961,3997,1
3998,1149400613785,1149400613821,1149400613874,3998,1
3999,1149400759520,1149400759556,1149400759774,3999,1
4000,1149400863870,1149400863905,1149400864077,4000,1
4001,1149400989314,1149400989350,1149400989533,4001,1
4002,1149401113810,1149401113846,1149401113897,4002,1
4003,1149401237867,1149401237903,1149401238025,4003,1
4004,1149401366443,1149401366478,1149401366530,4004,1
4005,1149401490646,1149401490681,1149401490789,4005,1
4006,1149401615679,1149401615715,1149401615762,4006,1
4007,1149401740501,1149401740536,1149401740647,4007,1
4008,1149401865546,1149401865582,1149401865630,4008,1
4009,1149401990566,1149401990602,1149401990708,4009,1
4010,1149402115576,1149402115612,1149402115659,4010,1
4011,1149402240627,1149402240664,1149402240781,4011,1
4012,1149402365794,1149402365829,1149402365880,4012,1
4013,1149402490658,1149402490693,1149402490748,4013,1
4014,1149402615830,1149402615865,1149402615914,4014,1
4015,1149402740576,1149402740611,1149402740663,4015,1
4016,1149402865761,1149402865797,1149402865851,4016,1
4017,1149402990623,1149402990658,1149402990713,4017,1
4018,1149403115675,1149403115711,1149403115764,4018,1
4019,1149403240734,1149403240770,1149403240824,4019,1
4020,1149403366207,1149403366242,1149403366349,4020,1
4021,1149403568517,1149403568552,1149403568733,4021,1
4022,1149403615931,1149403615967,1149403616013,4022,1
4023,1149403740768,1149403740805,1149403740874,4023,1
4024,1149403865785,1149403865820,1149403865867,4024,1
4025,1149403982900,1149403982933,1149403983001,4025,1
4026,1149404120624,1149404120729,1149404120781,4026,1
4027,1149404713712,1149404713768,1149404713941,4027,1
4028,1149404713978,1149404714012,1149404714053,4028,1
4029,1149404737805,1149404737840,1149404738036,4029,1
4030,1149404738071,1149404738103,1149404738148,4030,1
4031,1149404745800,1149404745836,1149404746079,4031,1
4032,1149404870041,1149404870077,1149404870128,4032,1
4033,1149404994268,1149404994303,1149404994465,4033,1
4034,1149405135174,1149405135209,1149405135372,4034,1
4035,1149405243136,1149405243172,1149405243279,4035,1
4036,1149405369819,1149405369854,1149405369903,4036,1
4037,1149405489014,1149405489050,1149405489173,4037,1
4038,1149405613919,1149405613955,1149405614009,4038,1
4039,1149405738815,1149405738850,1149405738973,4039,1
4040,1149405863885,1149405863919,1149405863970,4040,1
4041,1149405988892,1149405988928,1149405988978,4041,1
4042,1149406113762,1149406113798,1149406113846,4042,1
4043,1149406238753,1149406238788,1149406238841,4043,1
4044,1149406363797,1149406363832,1149406363882,4044,1
4045,1149406488775,1149406488810,1149406488862,4045,1
4046,1149406613891,1149406613925,1149406613979,4046,1
4047,1149406738908,1149406738943,1149406738997,4047,1
4048,1149406863923,1149406863958,1149406864005,4048,1
4049,1149406988948,1149406988983,1149406989033,4049,1
4050,1149407113845,1149407113881,1149407113931,4050,1
4051,1149407238937,1149407238974,1149407239023,4051,1
4052,1149407616507,1149407616542,1149407616651,4052,1
4053,1149407616689,1149407616825,1149407616867,4053,1
4054,1149407616898,1149407616931,1149407616972,4054,1
4055,1149407743274,1149407743311,1149407743364,4055,1
4056,1149407919571,1149407919606,1149407919762,4056,1
4057,1149407988380,1149407988413,1149407988463,4057,1
4058,1149408125146,1149408125253,1149408125301,4058,1
4059,1149408243056,1149408243092,1149408243143,4059,1
4060,1149408363858,1149408363894,1149408363940,4060,1
4061,1149408488959,1149408488995,1149408489040,4061,1
4062,1149408613873,1149408613909,1149408613953,4062,1
4063,1149408956847,1149408956883,1149408956932,4063,1
4064,1149408956968,1149408957107,1149408957149,4064,1
4065,1149408992901,1149408992938,1149408992986,4065,1
4066,1149409118045,1149409118081,1149409118134,4066,1
4067,1149409246250,1149409246285,1149409246449,4067,1
4068,1149409374989,1149409375025,1149409375187,4068,1
4069,1149409498796,1149409498833,1149409498956,4069,1
4070,1149409618987,1149409619022,1149409619074,4070,1
4071,1149409743584,1149409743620,1149409743743,4071,1
4072,1149409867987,1149409868023,1149409868076,4072,1
4073,1149409992957,1149409992994,1149409993106,4073,1
4074,1149410117383,1149410117419,1149410117473,4074,1
4075,1149410242124,1149410242160,1149410242283,4075,1
4076,1149410366842,1149410366878,1149410366931,4076,1
4077,1149410497886,1149410497921,1149410498062,4077,1
4078,1149410616707,1149410616744,1149410616798,4078,1
4079,1149410741590,1149410741625,1149410741742,4079,1
4080,1149410866605,1149410866641,1149410866693,4080,1
4081,1149410990991,1149410991026,1149410991137,4081,1
4082,1149411116224,1149411116259,1149411116309,4082,1
4083,1149411240957,1149411240992,1149411241096,4083,1
4084,1149411366076,1149411366112,1149411366161,4084,1
4085,1149411491105,1149411491141,1149411491789,4085,1
4086,1149411616156,1149411616192,1149411616242,4086,1
4087,1149411741282,1149411741318,1149411741488,4087,1
4088,1149411865892,1149411865928,1149411865979,4088,1
4089,1149411983351,1149411983383,1149411983437,4089,1
4090,1149412120704,1149412120739,1149412120793,4090,1
4091,1149412239562,1149412239597,1149412239652,4091,1
4092,1149412364068,1149412364106,1149412364160,4092,1
4093,1149412488845,1149412488882,1149412488932,4093,1
4094,1149412614016,1149412614052,1149412614105,4094,1
4095,1149412762210,1149412762246,1149412762327,4095,1
4096,1149412864132,1149412864167,1149412864222,4096,1
4097,1149412988915,1149412988949,1149412989001,4097,1
4098,1149413114131,1149413114166,1149413114220,4098,1
4099,1149413238105,1149413238141,1149413238195,4099,1
4100,1149413365059,1149413365094,1149413365251,4100,1
4101,1149413489140,1149413489175,1149413489348,4101,1
4102,1149413756859,1149413756895,1149413756988,4102,1
4103,1149413757048,1149413757081,1149413757121,4103,1
4104,1149413869873,1149413869909,1149413869957,4104,1
4105,1149413994066,1149413994104,1149413994153,4105,1
4106,1149414118459,1149414118495,1149414118549,4106,1
4107,1149414241836,1149414241872,1149414241923,4107,1
4108,1149414426361,1149414426396,1149414426489,4108,1
4109,1149414492394,1149414492431,1149414492475,4109,1
4110,1149414616870,1149414616906,1149414616949,4110,1
4111,1149414785265,1149414785300,1149414785384,4111,1
4112,1149414866438,1149414866475,1149414866525,4112,1
4113,1149414991006,1149414991040,1149414991085,4113,1
4114,1149415115625,1149415115661,1149415115707,4114,1
4115,1149415240339,1149415240376,1149415240423,4115,1
4116,1149415364170,1149415364205,1149415364257,4116,1
4117,1149415540112,1149415540148,1149415540269,4117,1
4118,1149415615431,1149415615466,1149415615517,4118,1
4119,1149415738747,1149415738783,1149415738854,4119,1
4120,1149415888901,1149415888936,1149415889083,4120,1
4121,1149415984236,1149415984269,1149415984532,4121,1
4122,1149416121216,1149416121321,1149416121369,4122,1
4123,1149416239482,1149416239518,1149416239906,4123,1
4124,1149416364397,1149416364434,1149416364483,4124,1
4125,1149416489143,1149416489178,1149416489249,4125,1
4126,1149416614499,1149416614535,1149416614582,4126,1
4127,1149416739214,1149416739250,1149416739497,4127,1
4128,1149417084220,1149417084256,1149417084332,4128,1
4129,1149417084367,1149417084399,1149417084680,4129,1
4130,1149417118670,1149417118706,1149417118754,4130,1
4131,1149417260023,1149417260057,1149417260357,4131,1
4132,1149417370295,1149417370330,1149417370384,4132,1
4133,1149417493542,1149417493577,1149417493663,4133,1
4134,1149417618251,1149417618287,1149417618471,4134,1
4135,1149417739212,1149417739248,1149417739424,4135,1
4136,1149417863866,1149417863901,1149417863947,4136,1
4137,1149417988790,1149417988826,1149417988874,4137,1
4138,1149418113893,1149418113930,1149418113975,4138,1
4139,1149418238810,1149418238845,1149418238894,4139,1
4140,1149418363826,1149418363862,1149418363906,4140,1
4141,1149418488813,1149418488849,1149418488896,4141,1
4142,1149418682593,1149418682628,1149418682758,4142,1
4143,1149418738823,1149418738857,1149418738904,4143,1
4144,1149418863983,1149418864019,1149418864069,4144,1
4145,1149418988818,1149418988855,1149418988903,4145,1
4146,1149419113922,1149419113958,1149419114008,4146,1
4147,1149419238976,1149419239012,1149419239058,4147,1
4148,1149419363792,1149419363827,1149419363874,4148,1
4149,1149419488853,1149419488889,1149419488935,4149,1
4150,1149419613725,1149419613760,1149419613810,4150,1
4151,1149419737906,1149419737942,1149419737987,4151,1
4152,1149419877399,1149419877434,1149419877527,4152,1
4153,1149419983566,1149419983599,1149419983766,4153,1
4154,1149420120436,1149420120471,1149420120517,4154,1
4155,1149420239441,1149420239477,1149420239726,4155,1
4156,1149420363889,1149420363924,1149420363975,4156,1
4157,1149420488881,1149420488916,1149420489037,4157,1
4158,1149420613822,1149420613857,1149420613904,4158,1
4159,1149420738950,1149420738985,1149420739101,4159,1
4160,1149420863004,1149420863039,1149420863083,4160,1
4161,1149421068316,1149421068352,1149421068475,4161,1
4162,1149421113814,1149421113849,1149421113896,4162,1
4163,1149421238039,1149421238074,1149421238152,4163,1
4164,1149421364090,1149421364126,1149421364182,4164,1
4165,1149421488989,1149421489025,1149421489091,4165,1
4166,1149421613741,1149421613776,1149421613827,4166,1
4167,1149421738785,1149421738821,1149421738988,4167,1
4168,1149421864261,1149421864296,1149421864457,4168,1
4169,1149421988821,1149421988857,1149421988969,4169,1
4170,1149422112855,1149422112891,1149422112941,4170,1
4171,1149422247617,1149422247653,1149422247804,4171,1
4172,1149422365866,1149422365902,1149422365950,4172,1
4173,1149422490593,1149422490629,1149422490747,4173,1
4174,1149422615743,1149422615778,1149422615825,4174,1
4175,1149422740613,1149422740649,1149422740769,4175,1
4176,1149422865526,1149422865562,1149422865605,4176,1
4177,1149422990575,1149422990611,1149422990728,4177,1
4178,1149423116167,1149423116210,1149423117706,4178,1
4179,1149423618487,1149423618523,1149423618727,4179,1
4180,1149423618804,1149423618941,1149423618983,4180,1
4181,1149423619016,1149423619058,1149423619163,4181,1
4182,1149423627929,1149423627964,1149423628007,4182,1
4183,1149423746842,1149423746878,1149423746992,4183,1
4184,1149423871400,1149423871435,1149423871487,4184,1
4185,1149423987210,1149423987245,1149423987359,4185,1
4186,1149424125620,1149424125732,1149424125785,4186,1
4187,1149424246115,1149424246151,1149424246321,4187,1
4188,1149424367058,1149424367095,1149424367145,4188,1
4189,1149424491471,1149424491506,1149424491631,4189,1
4190,1149424616272,1149424616308,1149424616358,4190,1
4191,1149424740869,1149424740905,1149424741026,4191,1
4192,1149424875721,1149424875758,1149424875806,4192,1
4193,1149424990959,1149424990995,1149424991113,4193,1
4194,1149425115297,1149425115333,1149425115383,4194,1
4195,1149425239287,1149425239322,1149425239450,4195,1
4196,1149425366438,1149425366473,1149425366523,4196,1
4197,1149425489300,1149425489336,1149425489389,4197,1
4198,1149425662129,1149425662163,1149425662283,4198,1
4199,1149425740947,1149425740983,1149425741031,4199,1
4200,1149425865721,1149425865757,1149425865921,4200,1
4201,1149425991114,1149425991149,1149425991317,4201,1
4202,1149426115441,1149426115477,1149426115526,4202,1
4203,1149426240189,1149426240224,1149426240338,4203,1
4204,1149426366022,1149426366059,1149426366113,4204,1
4205,1149426490850,1149426490886,1149426491010,4205,1
4206,1149426615954,1149426615990,1149426616043,4206,1
4207,1149426740802,1149426740838,1149426740960,4207,1
4208,1149426865867,1149426865903,1149426865957,4208,1
4209,1149426990696,1149426990731,1149426990853,4209,1
4210,1149427115725,1149427115760,1149427115814,4210,1
4211,1149427240703,1149427240739,1149427240869,4211,1
4212,1149427366417,1149427366453,1149427366504,4212,1
4213,1149427552982,1149427553018,1149427553507,4213,1
4214,1149427615791,1149427615827,1149427615878,4214,1
4215,1149427740739,1149427740775,1149427740968,4215,1
4216,1149427870970,1149427871006,1149427871056,4216,1
4217,1149427983006,1149427983039,1149427983208,4217,1
4218,1149428114659,1149428114694,1149428114748,4218,1
4219,1149428238956,1149428238992,1149428239173,4219,1
4220,1149428364373,1149428364478,1149428364588,4220,1
4221,1149428488976,1149428489011,1149428489095,4221,1
4222,1149428613901,1149428613937,1149428613991,4222,1
4223,1149428739031,1149428739068,1149428739153,4223,1
4224,1149428863996,1149428864031,1149428864081,4224,1
4225,1149428988754,1149428988790,1149428988971,4225,1
4226,1149429114162,1149429114198,1149429114252,4226,1
4227,1149429244573,1149429244608,1149429244746,4227,1
4228,1149429537722,1149429537758,1149429537818,4228,1
4229,1149429537854,1149429537887,1149429537940,4229,1
4230,1149429613553,1149429613589,1149429613638,4230,1
4231,1149429783991,1149429784026,1149429784234,4231,1
4232,1149429865796,1149429865831,1149429865882,4232,1
4233,1149429990794,1149429990830,1149429990898,4233,1
4234,1149430136155,1149430136190,1149430136357,4234,1
4235,1149430240787,1149430240822,1149430240927,4235,1
4236,1149430365758,1149430365795,1149430365838,4236,1
4237,1149430490725,1149430490760,1149430490890,4237,1
4238,1149430615603,1149430615638,1149430615684,4238,1
4239,1149430740646,1149430740682,1149430740806,4239,1
4240,1149430865650,1149430865686,1149430865734,4240,1
4241,1149430990711,1149430990747,1149430990915,4241,1
4242,1149431115579,1149431115615,1149431115664,4242,1
4243,1149431240471,1149431240507,1149431240552,4243,1
4244,1149431365529,1149431365564,1149431365612,4244,1
4245,1149431490599,1149431490633,1149431490677,4245,1
4246,1149431615542,1149431615579,1149431615626,4246,1
4247,1149431740672,1149431740707,1149431740755,4247,1
4248,1149431865535,1149431865570,1149431865614,4248,1
4249,1149431983084,1149431983118,1149431983163,4249,1
4250,1149432120691,1149432120727,1149432120770,4250,1
4251,1149432239132,1149432239166,1149432239212,4251,1
4252,1149432363969,1149432364005,1149432364052,4252,1
4253,1149432489249,1149432489350,1149432489455,4253,1
4254,1149432613915,1149432613950,1149432613995,4254,1
4255,1149432739045,1149432739080,1149432739125,4255,1
4256,1149432864258,1149432864295,1149432864342,4256,1
4257,1149432988976,1149432989012,1149432989060,4257,1
4258,1149433113909,1149433113946,1149433113996,4258,1
4259,1149433238002,1149433238038,1149433238081,4259,1
4260,1149433363148,1149433363183,1149433363233,4260,1
4261,1149433515331,1149433515367,1149433515460,4261,1
4262,1149433615547,1149433615583,1149433615627,4262,1
4263,1149433740483,1149433740518,1149433740562,4263,1
4264,1149433866009,1149433866045,1149433866093,4264,1
4265,1149433990599,1149433990635,1149433990681,4265,1
4266,1149434115563,1149434115599,1149434115645,4266,1
4267,1149434240664,1149434240700,1149434240856,4267,1
4268,1149434365903,1149434365939,1149434366113,4268,1
4269,1149434490906,1149434490941,1149434491057,4269,1
4270,1149434615629,1149434615665,1149434615713,4270,1
4271,1149434740526,1149434740562,1149434740679,4271,1
4272,1149434865804,1149434865839,1149434865890,4272,1
4273,1149434990647,1149434990682,1149434990793,4273,1
4274,1149435115634,1149435115671,1149435115724,4274,1
4275,1149435240556,1149435240591,1149435240700,4275,1
4276,1149435365645,1149435365680,1149435365731,4276,1
4277,1149435490629,1149435490665,1149435490786,4277,1
4278,1149435615505,1149435615540,1149435615594,4278,1
4279,1149435740628,1149435740662,1149435740713,4279,1
4280,1149435865740,1149435865777,1149435865826,4280,1
4281,1149435983185,1149435983218,1149435983269,4281,1
4282,1149436120739,1149436120774,1149436120821,4282,1
4283,1149436238868,1149436238904,1149436238951,4283,1
4284,1149436363832,1149436363869,1149436363916,4284,1
4285,1149436488791,1149436488827,1149436488874,4285,1
4286,1149436614093,1149436614130,1149436614176,4286,1
4287,1149436738940,1149436739043,1149436739148,4287,1
4288,1149436863814,1149436863850,1149436863895,4288,1
4289,1149436988978,1149436989014,1149436989064,4289,1
4290,1149437113860,1149437113897,1149437113940,4290,1
4291,1149437239051,1149437239086,1149437239129,4291,1
4292,1149437363764,1149437363800,1149437363846,4292,1
4293,1149437488659,1149437488694,1149437488743,4293,1
4294,1149437613444,1149437613479,1149437613531,4294,1
4295,1149437738354,1149437738387,1149437738510,4295,1
4296,1149437863306,1149437863340,1149437863390,4296,1
4297,1149437988360,1149437988394,1149437988508,4297,1
4298,1149438113558,1149438113593,1149438113644,4298,1
4299,1149438238539,1149438238573,1149438238615,4299,1
4300,1149438363450,1149438363483,1149438363660,4300,1
4301,1149438488573,1149438488608,1149438488776,4301,1
4302,1149438613389,1149438613423,1149438613472,4302,1
4303,1149438738364,1149438738400,1149438738512,4303,1
4304,1149439032357,1149439032391,1149439032510,4304,1
4305,1149439032567,1149439032599,1149439032693,4305,1
4306,1149439113993,1149439114028,1149439114073,4306,1
4307,1149439238392,1149439238427,1149439238533,4307,1
4308,1149439362634,1149439362668,1149439362712,4308,1
4309,1149439519000,1149439519035,1149439519197,4309,1
4310,1149439615288,1149439615322,1149439615368,4310,1
4311,1149439740071,1149439740106,1149439740152,4311,1
4312,1149439865134,1149439865168,1149439865209,4312,1
4313,1149439982631,1149439982663,1149439982709,4313,1
4314,1149440120732,1149440120766,1149440120815,4314,1
4315,1149440238471,1149440238505,1149440238557,4315,1
4316,1149440363532,1149440363567,1149440363613,4316,1
4317,1149440488595,1149440488631,1149440488680,4317,1
4318,1149440613505,1149440613540,1149440613593,4318,1
4319,1149440738393,1149440738427,1149440738481,4319,1
4320,1149440863714,1149440863818,1149440863924,4320,1
4321,1149440988554,1149440988588,1149440988656,4321,1
4322,1149441113502,1149441113535,1149441113587,4322,1
4323,1149441237753,1149441237787,1149441237835,4323,1
4324,1149441365577,1149441365612,1149441365661,4324,1
4325,1149441490423,1149441490458,1149441490503,4325,1
4326,1149441615192,1149441615226,1149441615268,4326,1
4327,1149441740196,1149441740230,1149441740276,4327,1
4328,1149441865253,1149441865288,1149441865333,4328,1
4329,1149441990261,1149441990296,1149441990404,4329,1
4330,1149442115163,1149442115198,1149442115243,4330,1
4331,1149442240209,1149442240243,1149442240355,4331,1
4332,1149442365389,1149442365423,1149442365466,4332,1
4333,1149442490217,1149442490251,1149442490325,4333,1
4334,1149442635146,1149442635182,1149442635340,4334,1
4335,1149442740725,1149442740762,1149442740863,4335,1
4336,1149442865690,1149442865725,1149442865771,4336,1
4337,1149442990703,1149442990739,1149442990839,4337,1
4338,1149443115723,1149443115759,1149443115802,4338,1
4339,1149443240683,1149443240719,1149443240789,4339,1
4340,1149443365585,1149443365620,1149443365671,4340,1
4341,1149443490561,1149443490597,1149443490839,4341,1
4342,1149443615666,1149443615702,1149443615749,4342,1
4343,1149443740893,1149443740928,1149443741002,4343,1
4344,1149443865803,1149443865839,1149443865898,4344,1
4345,1149443983034,1149443983067,1149443983303,4345,1
4346,1149444120529,1149444120564,1149444120610,4346,1
4347,1149444301265,1149444301300,1149444301559,4347,1
4348,1149444364205,1149444364241,1149444364287,4348,1
4349,1149444488037,1149444488074,1149444488355,4349,1
4350,1149444622266,1149444622301,1149444622428,4350,1
4351,1149444739087,1149444739124,1149444739394,4351,1
4352,1149444863764,1149444863800,1149444863849,4352,1
4353,1149444989333,1149444989435,1149444989745,4353,1
4354,1149445113867,1149445113903,1149445113957,4354,1
4355,1149445238174,1149445238209,1149445238463,4355,1
4356,1149445365161,1149445365197,1149445365249,4356,1
4357,1149445491849,1149445491890,1149445492125,4357,1
4358,1149445615653,1149445615689,1149445615743,4358,1
4359,1149445738940,1149445738977,1149445739046,4359,1
4360,1149445863041,1149445863077,1149445863129,4360,1
4361,1149446250649,1149446250685,1149446250986,4361,1
4362,1149446251046,1149446251078,1149446251119,4362,1
4363,1149446251154,1149446251186,1149446251429,4363,1
4364,1149446371717,1149446371752,1149446371806,4364,1
4365,1149446493349,1149446493385,1149446493638,4365,1
4366,1149446617522,1149446617558,1149446617608,4366,1
4367,1149446747400,1149446747435,1149446747607,4367,1
4368,1149446867406,1149446867441,1149446867614,4368,1
4369,1149446996694,1149446996730,1149446996846,4369,1
4370,1149447116780,1149447116816,1149447116860,4370,1
4371,1149447241248,1149447241284,1149447241406,4371,1
4372,1149447365980,1149447366015,1149447366062,4372,1
4373,1149447490575,1149447490611,1149447490658,4373,1
4374,1149447615257,1149447615294,1149447615345,4374,1
4375,1149447740209,1149447740244,1149447740291,4375,1
4376,1149447863934,1149447863970,1149447864024,4376,1
4377,1149448039150,1149448039190,1149448039287,4377,1
4378,1149448115124,1149448115160,1149448115213,4378,1
4379,1149448256275,1149448256311,1149448256431,4379,1
4380,1149448364928,1149448364964,1149448365014,4380,1
4381,1149448489516,1149448489551,1149448489601,4381,1
4382,1149448614324,1149448614359,1149448614410,4382,1
4383,1149448739199,1149448739235,1149448739284,4383,1
4384,1149448864499,1149448864535,1149448864586,4384,1
4385,1149448989243,1149448989279,1149448989329,4385,1
4386,1149449114110,1149449114146,1149449114198,4386,1
4387,1149449238502,1149449238607,1149449238716,4387,1
4388,1149449366587,1149449366624,1149449366673,4388,1
4389,1149449491175,1149449491210,1149449491261,4389,1
4390,1149449616045,1149449616082,1149449616130,4390,1
4391,1149449740658,1149449740693,1149449740743,4391,1
4392,1149449865582,1149449865618,1149449865665,4392,1
4393,1149449990644,1149449990680,1149449990788,4393,1
4394,1149450115700,1149450115736,1149450115782,4394,1
4395,1149450240788,1149450240825,1149450240934,4395,1
4396,1149450365764,1149450365800,1149450365848,4396,1
4397,1149450490669,1149450490706,1149450490760,4397,1
4398,1149450615877,1149450615913,1149450615961,4398,1
4399,1149450740697,1149450740733,1149450740787,4399,1
4400,1149450865622,1149450865657,1149450865824,4400,1
4401,1149450990777,1149450990813,1149450990980,4401,1
4402,1149451115502,1149451115538,1149451115587,4402,1
4403,1149451240621,1149451240656,1149451240771,4403,1
4404,1149451386189,1149451386225,1149451386273,4404,1
4405,1149451549692,1149451549727,1149451549880,4405,1
4406,1149451615651,1149451615687,1149451615742,4406,1
4407,1149451740809,1149451740846,1149451740960,4407,1
4408,1149451865612,1149451865648,1149451865691,4408,1
4409,1149451982719,1149451982749,1149451982799,4409,1
4410,1149452119815,1149452119851,1149452119898,4410,1
4411,1149452238411,1149452238446,1149452238488,4411,1
4412,1149452369581,1149452369616,1149452369666,4412,1
4413,1149452501466,1149452501501,1149452501591,4413,1
4414,1149452613575,1149452613609,1149452613655,4414,1
4415,1149452739530,1149452739565,1149452739613,4415,1
4416,1149452863544,1149452863579,1149452863632,4416,1
4417,1149452988442,1149452988476,1149452988528,4417,1
4418,1149453113356,1149453113390,1149453113442,4418,1
4419,1149453237536,1149453237570,1149453237622,4419,1
4420,1149453364850,1149453364951,1149453365057,4420,1
4421,1149453488633,1149453488668,1149453488793,4421,1
4422,1149453653935,1149453653991,1149453654081,4422,1
4423,1149453739011,1149453739045,1149453739164,4423,1
4424,1149453863418,1149453863453,1149453863502,4424,1
4425,1149453987641,1149453987675,1149453987744,4425,1
4426,1149454122690,1149454122725,1149454122818,4426,1
4427,1149454238571,1149454238606,1149454238868,4427,1
4428,1149454363386,1149454363421,1149454363465,4428,1
4429,1149454543441,1149454543649,1149454543717,4429,1
4430,1149454613874,1149454613909,1149454613957,4430,1
4431,1149454738290,1149454738324,1149454738571,4431,1
4432,1149454863683,1149454863717,1149454863762,4432,1
4433,1149454988407,1149454988441,1149454988503,4433,1
4434,1149455113367,1149455113403,1149455113561,4434,1
4435,1149455238606,1149455238641,1149455238752,4435,1
4436,1149455362651,1149455362686,1149455362727,4436,1
4437,1149455547713,1149455547748,1149455547944,4437,1
4438,1149455671628,1149455671662,1149455671788,4438,1
4439,1149455740762,1149455740797,1149455740907,4439,1
4440,1149455865512,1149455865546,1149455865592,4440,1
4441,1149456029915,1149456029951,1149456030112,4441,1
4442,1149456114260,1149456114295,1149456114343,4442,1
4443,1149456238541,1149456238576,1149456238691,4443,1
4444,1149456363537,1149456363572,1149456363617,4444,1
4445,1149456488449,1149456488484,1149456488589,4445,1
4446,1149456613367,1149456613401,1149456613446,4446,1
4447,1149456738425,1149456738460,1149456738570,4447,1
4448,1149456863474,1149456863508,1149456863552,4448,1
4449,1149456988637,1149456988672,1149456988782,4449,1
4450,1149457113351,1149457113385,1149457113430,4450,1
4451,1149457237596,1149457237631,1149457237675,4451,1
4452,1149457364453,1149457364487,1149457364540,4452,1
4453,1149457488875,1149457488976,1149457489083,4453,1
4454,1149457612540,1149457612575,1149457612623,4454,1
4455,1149457748158,1149457748194,1149457748284,4455,1
4456,1149457863389,1149457863424,1149457863469,4456,1
4457,1149457988568,1149457988603,1149457988647,4457,1
4458,1149458113424,1149458113460,1149458113502,4458,1
4459,1149458275706,1149458275740,1149458275868,4459,1
4460,1149458363554,1149458363588,1149458363635,4460,1
4461,1149458488406,1149458488443,1149458488548,4461,1
4462,1149458613315,1149458613351,1149458613395,4462,1
4463,1149458738814,1149458738850,1149458738955,4463,1
4464,1149458863811,1149458863847,1149458863892,4464,1
4465,1149458988886,1149458988923,1149458989019,4465,1
4466,1149459190894,1149459190931,1149459191119,4466,1
4467,1149459238942,1149459238976,1149459239083,4467,1
4468,1149459363273,1149459363309,1149459363468,4468,1
4469,1149459544770,1149459544806,1149459545041,4469,1
4470,1149459616105,1149459616141,1149459616185,4470,1
4471,1149459740804,1149459740839,1149459741096,4471,1
4472,1149459865610,1149459865644,1149459865697,4472,1
4473,1149459983007,1149459983039,1149459983290,4473,1
4474,1149460115391,1149460115427,1149460115475,4474,1
4475,1149460238946,1149460238981,1149460239233,4475,1
4476,1149460364036,1149460364072,1149460364117,4476,1
4477,1149460488961,1149460488996,1149460489248,4477,1
4478,1149460614051,1149460614087,1149460614135,4478,1
4479,1149460737978,1149460738014,1149460738060,4479,1
4480,1149460911594,1149460911631,1149460911752,4480,1
4481,1149460989306,1149460989340,1149460989395,4481,1
4482,1149461113082,1149461113117,1149461113164,4482,1
4483,1149461246382,1149461246417,1149461246849,4483,1
4484,1149461364443,1149461364480,1149461364530,4484,1
4485,1149461515564,1149461515599,1149461515896,4485,1
4486,1149461615845,1149461615881,1149461615932,4486,1
4487,1149461741021,1149461741126,1149461741250,4487,1
4488,1149461865735,1149461865770,1149461865821,4488,1
4489,1149461990495,1149461990531,1149461990871,4489,1
4490,1149462115656,1149462115692,1149462115735,4490,1
4491,1149462240624,1149462240659,1149462240917,4491,1
4492,1149462493733,1149462493787,1149462493859,4492,1
4493,1149462502383,1149462502420,1149462502643,4493,1
4494,1149462620469,1149462620505,1149462620556,4494,1
4495,1149462744572,1149462744609,1149462744850,4495,1
4496,1149462873048,1149462873083,1149462873135,4496,1
4497,1149462998504,1149462998539,1149462998795,4497,1
4498,1149463123145,1149463123181,1149463123231,4498,1
4499,1149463461128,1149463461165,1149463461383,4499,1
4500,1149463461543,1149463461583,1149463461627,4500,1
4501,1149463549506,1149463549541,1149463549683,4501,1
4502,1149463618934,1149463618971,1149463619018,4502,1
4503,1149463743556,1149463743590,1149463743714,4503,1
4504,1149463873343,1149463873378,1149463873438,4504,1
4505,1149463985408,1149463985441,1149463985556,4505,1
4506,1149464122782,1149464122818,1149464122869,4506,1
4507,1149464240597,1149464240633,1149464240746,4507,1
4508,1149464365229,1149464365265,1149464365313,4508,1
4509,1149464490078,1149464490113,1149464490225,4509,1
4510,1149464614820,1149464614854,1149464614906,4510,1
4511,1149464739701,1149464739737,1149464739843,4511,1
4512,1149464864658,1149464864693,1149464864741,4512,1
4513,1149464989678,1149464989714,1149464989823,4513,1
4514,1149465114273,1149465114308,1149465114360,4514,1
4515,1149465238876,1149465238913,1149465239017,4515,1
4516,1149465365636,1149465365672,1149465365725,4516,1
4517,1149465489220,1149465489256,1149465489310,4517,1
4518,1149465613367,1149465613402,1149465613449,4518,1
4519,1149465780085,1149465780120,1149465780248,4519,1
4520,1149465864585,1149465864689,1149465864798,4520,1
4521,1149465994420,1149465994458,1149465994571,4521,1
4522,1149466123277,1149466123313,1149466123408,4522,1
4523,1149466239305,1149466239341,1149466239455,4523,1
4524,1149466364418,1149466364455,1149466364506,4524,1
4525,1149466489183,1149466489219,1149466489477,4525,1
4526,1149466613849,1149466613885,1149466613932,4526,1
4527,1149466738931,1149466738967,1149466739014,4527,1
4528,1149466864005,1149466864041,1149466864092,4528,1
4529,1149466988974,1149466989008,1149466989055,4529,1
4530,1149467113943,1149467113978,1149467114025,4530,1
4531,1149467238885,1149467238921,1149467238966,4531,1
4532,1149467363956,1149467363991,1149467364039,4532,1
4533,1149467488895,1149467488931,1149467488977,4533,1
4534,1149467614377,1149467614412,1149467614579,4534,1
4535,1149467739144,1149467739181,1149467739294,4535,1
4536,1149467862934,1149467862969,1149467863023,4536,1
4537,1149467985640,1149467985673,1149467985826,4537,1
4538,1149468120439,1149468120474,1149468120528,4538,1
4539,1149468238923,1149468238959,1149468239068,4539,1
4540,1149468363790,1149468363826,1149468363877,4540,1
4541,1149468488195,1149468488233,1149468488359,4541,1
4542,1149468621140,1149468621175,1149468621270,4542,1
4543,1149468739186,1149468739221,1149468739342,4543,1
4544,1149468862970,1149468863005,1149468863060,4544,1
4545,1149469081340,1149469081375,1149469081535,4545,1
4546,1149469113472,1149469113507,1149469113552,4546,1
4547,1149469237917,1149469237952,1149469238058,4547,1
4548,1149469364443,1149469364477,1149469364529,4548,1
4549,1149469488606,1149469488641,1149469488753,4549,1
4550,1149469613399,1149469613434,1149469613483,4550,1
4551,1149469738472,1149469738506,1149469738614,4551,1
4552,1149469864264,1149469864299,1149469864348,4552,1
4553,1149469997976,1149469998080,1149469998288,4553,1
4554,1149470115225,1149470115259,1149470115309,4554,1
4555,1149470240144,1149470240179,1149470240295,4555,1
4556,1149470365661,1149470365697,1149470365750,4556,1
4557,1149470490808,1149470490844,1149470490966,4557,1
4558,1149470615861,1149470615898,1149470615947,4558,1
4559,1149470740721,1149470740757,1149470740867,4559,1
4560,1149470865695,1149470865731,1149470865782,4560,1
4561,1149470990523,1149470990558,1149470990678,4561,1
4562,1149471115589,1149471115625,1149471115676,4562,1
4563,1149471240837,1149471240872,1149471240923,4563,1
4564,1149471365796,1149471365832,1149471365884,4564,1
4565,1149471490604,1149471490639,1149471490691,4565,1
4566,1149471615618,1149471615653,1149471615700,4566,1
4567,1149471740664,1149471740700,1149471740865,4567,1
4568,1149471866193,1149471866228,1149471866392,4568,1
4569,1149471982978,1149471983012,1149471983117,4569,1
4570,1149472121330,1149472121367,1149472121417,4570,1
4571,1149472238996,1149472239032,1149472239136,4571,1
4572,1149472363879,1149472363915,1149472363961,4572,1
4573,1149472489066,1149472489108,1149472489231,4573,1
4574,1149472624092,1149472624128,1149472624178,4574,1
4575,1149472738859,1149472738895,1149472739004,4575,1
4576,1149472864049,1149472864085,1149472864139,4576,1
4577,1149472988892,1149472988928,1149472989047,4577,1
4578,1149473113801,1149473113837,1149473113892,4578,1
4579,1149473237969,1149473238005,1149473238257,4579,1
4580,1149473364932,1149473364968,1149473365018,4580,1
4581,1149473488845,1149473488881,1149473489168,4581,1
4582,1149473614030,1149473614065,1149473614119,4582,1
4583,1149473739086,1149473739121,1149473739174,4583,1
4584,1149473864224,1149473864260,1149473864315,4584,1
4585,1149473988867,1149473988902,1149473988946,4585,1
4586,1149474114011,1149474114046,1149474114095,4586,1
4587,1149474239154,1149474239189,1149474239310,4587,1
4588,1149474364022,1149474364057,1149474364107,4588,1
4589,1149474488932,1149474488967,1149474489019,4589,1
4590,1149474613982,1149474614017,1149474614068,4590,1
4591,1149474738880,1149474738915,1149474739040,4591,1
4592,1149474863811,1149474863848,1149474863899,4592,1
4593,1149474989212,1149474989247,1149474989359,4593,1
4594,1149475113969,1149475114004,1149475114056,4594,1
4595,1149475238776,1149475238811,1149475239058,4595,1
4596,1149475363895,1149475363930,1149475363985,4596,1
4597,1149475488007,1149475488043,1149475488433,4597,1
4598,1149475621261,1149475621297,1149475621392,4598,1
4599,1149475738033,1149475738068,1149475738271,4599,1
4600,1149475874312,1149475874347,1149475874444,4600,1
4601,1149475983001,1149475983034,1149475983210,4601,1
4602,1149476238035,1149476238072,1149476238247,4602,1
4603,1149476245969,1149476246004,1149476246123,4603,1
4604,1149476364019,1149476364055,1149476364101,4604,1
4605,1149476489021,1149476489056,1149476489255,4605,1
4606,1149476612997,1149476613033,1149476613077,4606,1
4607,1149476746604,1149476746640,1149476746876,4607,1
4608,1149476869166,1149476869202,1149476869255,4608,1
4609,1149476993395,1149476993430,1149476993603,4609,1
4610,1149477120341,1149477120377,1149477120472,4610,1
4611,1149477241200,1149477241237,1149477241402,4611,1
4612,1149477367647,1149477367682,1149477367733,4612,1
4613,1149477491324,1149477491361,1149477491526,4613,1
4614,1149477615935,1149477615971,1149477616023,4614,1
4615,1149477740794,1149477740830,1149477741003,4615,1
4616,1149477864699,1149477864735,1149477864788,4616,1
4617,1149477997835,1149477997871,1149477998102,4617,1
4618,1149478114422,1149478114459,1149478114511,4618,1
4619,1149478260696,1149478260732,1149478260970,4619,1
4620,1149478365766,1149478365802,1149478365905,4620,1
4621,1149478490110,1149478490146,1149478490323,4621,1
4622,1149478613701,1149478613736,1149478613788,4622,1
4623,1149478746679,1149478746714,1149478746829,4623,1
4624,1149478873099,1149478873136,1149478873230,4624,1
4625,1149478989975,1149478990010,1149478990189,4625,1
4626,1149479114393,1149479114429,1149479114475,4626,1
4627,1149479239414,1149479239449,1149479239630,4627,1
4628,1149479364347,1149479364383,1149479364430,4628,1
4629,1149479489276,1149479489313,1149479489480,4629,1
4630,1149479614024,1149479614059,1149479614108,4630,1
4631,1149479737607,1149479737641,1149479737809,4631,1
4632,1149479880832,1149479880866,1149479880959,4632,1
4633,1149479983224,1149479983256,1149479983327,4633,1
4634,1149480122261,1149480122296,1149480122347,4634,1
4635,1149480238688,1149480238722,1149480238909,4635,1
4636,1149480363353,1149480363388,1149480363433,4636,1
4637,1149480488496,1149480488530,1149480488593,4637,1
4638,1149480613840,1149480613941,1149480614090,4638,1
4639,1149480737729,1149480737765,1149480737939,4639,1
4640,1149480872007,1149480872042,1149480872134,4640,1
4641,1149480988421,1149480988455,1149480988563,4641,1
4642,1149481113516,1149481113551,1149481113595,4642,1
4643,1149481237577,1149481237613,1149481237790,4643,1
4644,1149481364604,1149481364638,1149481364684,4644,1
4645,1149481488707,1149481488741,1149481488819,4645,1
4646,1149481613485,1149481613521,1149481613565,4646,1
4647,1149481737655,1149481737690,1149481737767,4647,1
4648,1149481869948,1149481869983,1149481870074,4648,1
4649,1149481995731,1149481995765,1149481995886,4649,1
4650,1149482113603,1149482113638,1149482113685,4650,1
4651,1149482238282,1149482238317,1149482238398,4651,1
4652,1149482363288,1149482363323,1149482363369,4652,1
4653,1149482488681,1149482488715,1149482488825,4653,1
4654,1149482613350,1149482613383,1149482613430,4654,1
4655,1149482738348,1149482738382,1149482738430,4655,1
4656,1149482863812,1149482863847,1149482863902,4656,1
4657,1149482988046,1149482988081,1149482988137,4657,1
4658,1149483258589,1149483258645,1149483258743,4658,1
4659,1149483258802,1149483258836,1149483258878,4659,1
4660,1149483371942,1149483371977,1149483372027,4660,1
4661,1149483495030,1149483495065,1149483495116,4661,1
4662,1149483617336,1149483617373,1149483617426,4662,1
4663,1149483886086,1149483886122,1149483886217,4663,1
4664,1149483886279,1149483886315,1149483886356,4664,1
4665,1149483983029,1149483983062,1149483983112,4665,1
4666,1149484120872,1149484120977,1149484121031,4666,1
4667,1149484239099,1149484239136,1149484239306,4667,1
4668,1149484364249,1149484364286,1149484364442,4668,1
4669,1149484488524,1149484488559,1149484488669,4669,1
4670,1149484612573,1149484612608,1149484612655,4670,1
4671,1149484746288,1149484746322,1149484746414,4671,1
4672,1149484863502,1149484863537,1149484863585,4672,1
4673,1149484988591,1149484988626,1149484988676,4673,1
4674,1149485113607,1149485113641,1149485113692,4674,1
4675,1149485237711,1149485237745,1149485237797,4675,1
4676,1149485366373,1149485366408,1149485366458,4676,1
4677,1149485490351,1149485490385,1149485490435,4677,1
4678,1149485615182,1149485615216,1149485615268,4678,1
4679,1149485740069,1149485740104,1149485740168,4679,1
4680,1149485865143,1149485865179,1149485865227,4680,1
4681,1149485990262,1149485990296,1149485990407,4681,1
4682,1149486115056,1149486115091,1149486115143,4682,1
4683,1149486307589,1149486307623,1149486307738,4683,1
4684,1149486365189,1149486365224,1149486365273,4684,1
4685,1149486490127,1149486490161,1149486490273,4685,1
4686,1149486615008,1149486615042,1149486615089,4686,1
4687,1149486740039,1149486740074,1149486740193,4687,1
4688,1149486865116,1149486865151,1149486865193,4688,1
4689,1149486989973,1149486990008,1149486990200,4689,1
4690,1149487115113,1149487115148,1149487115194,4690,1
4691,1149487240003,1149487240038,1149487240110,4691,1
4692,1149487365164,1149487365199,1149487365246,4692,1
4693,1149487490049,1149487490083,1149487490130,4693,1
4694,1149487615013,1149487615049,1149487615091,4694,1
4695,1149487740224,1149487740259,1149487740311,4695,1
4696,1149487870514,1149487870548,1149487870640,4696,1
4697,1149487982855,1149487982888,1149487982936,4697,1
4698,1149488120237,1149488120341,1149488120449,4698,1
4699,1149488238537,1149488238573,1149488238621,4699,1
4700,1149488363584,1149488363619,1149488363667,4700,1
4701,1149488488457,1149488488492,1149488488541,4701,1
4702,1149488613412,1149488613447,1149488613497,4702,1
4703,1149488738391,1149488738427,1149488738479,4703,1
4704,1149488863446,1149488863482,1149488863529,4704,1
4705,1149488988324,1149488988359,1149488988427,4705,1
4706,1149489113370,1149489113403,1149489113456,4706,1
4707,1149489237484,1149489237520,1149489237700,4707,1
4708,1149489365966,1149489366001,1149489366114,4708,1
4709,1149489489938,1149489489972,1149489490020,4709,1
4710,1149489614976,1149489615012,1149489615062,4710,1
4711,1149489739872,1149489739906,1149489740057,4711,1
4712,1149489878792,1149489878826,1149489878981,4712,1
4713,1149489990145,1149489990181,1149489990276,4713,1
4714,1149491240042,1149491240114,1149491240445,4714,1
4715,1149491240821,1149491240854,1149491240946,4715,1
4716,1149491240981,1149491241137,1149491241178,4716,1
4717,1149491241210,1149491241362,1149491241467,4717,1
4718,1149491241499,1149491241532,1149491241574,4718,1
4719,1149491241774,1149491241806,1149491241903,4719,1
4720,1149491241936,1149491242090,1149491242131,4720,1
4721,1149491242163,1149491242207,1149491242289,4721,1
4722,1149491242320,1149491242352,1149491242395,4722,1
4723,1149491251672,1149491251708,1149491251781,4723,1
4724,1149491374464,1149491374500,1149491374553,4724,1
4725,1149491495997,1149491496033,1149491496324,4725,1
4726,1149491778004,1149491778037,1149491778154,4726,1
4727,1149491778210,1149491778241,1149491778390,4727,1
4728,1149491870799,1149491870834,1149491870882,4728,1
4729,1149491986563,1149491986595,1149491986765,4729,1
4730,1149492125116,1149492125151,1149492125203,4730,1
4731,1149492246490,1149492246525,1149492246701,4731,1
4732,1149492370654,1149492370688,1149492370737,4732,1
4733,1149492491570,1149492491605,1149492491774,4733,1
4734,1149492616986,1149492617091,1149492617265,4734,1
4735,1149492740830,1149492740865,1149492740995,4735,1
4736,1149492865439,1149492865474,1149492865527,4736,1
4737,1149492990385,1149492990419,1149492990591,4737,1
4738,1149493114087,1149493114122,1149493114167,4738,1
4739,1149493273203,1149493273239,1149493273364,4739,1
4740,1149493367940,1149493367974,1149493368026,4740,1
4741,1149493491201,1149493491236,1149493491286,4741,1
4742,1149493616221,1149493616255,1149493616303,4742,1
4743,1149493740969,1149493741005,1149493741053,4743,1
4744,1149493865889,1149493865923,1149493865968,4744,1
4745,1149493999999,1149494000034,1149494000209,4745,1
4746,1149494115776,1149494115811,1149494115857,4746,1
4747,1149494240535,1149494240569,1149494240739,4747,1
4748,1149494365593,1149494365627,1149494365669,4748,1
4749,1149494490692,1149494490726,1149494490911,4749,1
4750,1149494717706,1149494717740,1149494717859,4750,1
4751,1149494749283,1149494749317,1149494749525,4751,1
4752,1149494871480,1149494871515,1149494871567,4752,1
4753,1149494996686,1149494996721,1149494996955,4753,1
4754,1149495120878,1149495120912,1149495120962,4754,1
4755,1149495244722,1149495244757,1149495245116,4755,1
4756,1149495370811,1149495370845,1149495370895,4756,1
4757,1149495581035,1149495581071,1149495581305,4757,1
4758,1149495615788,1149495615824,1149495615872,4758,1
4759,1149495741006,1149495741041,1149495741231,4759,1
4760,1149495865630,1149495865666,1149495865710,4760,1
4761,1149495983041,1149495983073,1149495983248,4761,1
4762,1149497072490,1149497072612,1149497073004,4762,1
4763,1149497073376,1149497073407,1149497073510,4763,1
4764,1149497073540,1149497073683,1149497073723,4764,1
4765,1149497073754,1149497073888,1149497074015,4765,1
4766,1149497074045,1149497074079,1149497074119,4766,1
4767,1149497074318,1149497074350,1149497074458,4767,1
4768,1149497074489,1149497074638,1149497074678,4768,1
4769,1149497074710,1149497074858,1149497074982,4769,1
4770,1149497119512,1149497119547,1149497119600,4770,1
4771,1149497267308,1149497267343,1149497267572,4771,1
4772,1149497371532,1149497371568,1149497371618,4772,1
4773,1149497494293,1149497494329,1149497494502,4773,1
4774,1149497618090,1149497618126,1149497618178,4774,1
4775,1149497738181,1149497738216,1149497738374,4775,1
4776,1149497912218,1149497912254,1149497912348,4776,1
4777,1149497989148,1149497989184,1149497989252,4777,1
4778,1149498113926,1149498113962,1149498114008,4778,1
4779,1149498238847,1149498238884,1149498239073,4779,1
4780,1149498363897,1149498363932,1149498363980,4780,1
4781,1149498488845,1149498488880,1149498489051,4781,1
4782,1149498613859,1149498613895,1149498613940,4782,1
4783,1149498738886,1149498738921,1149498739098,4783,1
4784,1149498864132,1149498864168,1149498864216,4784,1
4785,1149498988460,1149498988493,1149498988680,4785,1
4786,1149499113565,1149499113599,1149499113644,4786,1
4787,1149499238792,1149499238826,1149499238928,4787,1
4788,1149499363663,1149499363696,1149499363740,4788,1
4789,1149499550501,1149499550536,1149499550607,4789,1
4790,1149499613730,1149499613764,1149499613809,4790,1
4791,1149499737595,1149499737630,1149499737805,4791,1
4792,1149499870190,1149499870225,1149499870315,4792,1
4793,1149500061893,1149500061999,1149500062220,4793,1
4794,1149500113776,1149500113810,1149500113860,4794,1
4795,1149500238498,1149500238533,1149500238722,4795,1
4796,1149500363481,1149500363516,1149500363567,4796,1
4797,1149500488412,1149500488445,1149500488622,4797,1
4798,1149500613373,1149500613407,1149500613460,4798,1
4799,1149500738365,1149500738400,1149500738596,4799,1
4800,1149500863431,1149500863466,1149500863625,4800,1
4801,1149500988735,1149500988770,1149500988935,4801,1
4802,1149501112595,1149501112629,1149501112681,4802,1
4803,1149501255789,1149501255825,1149501255918,4803,1
4804,1149501364467,1149501364502,1149501364554,4804,1
4805,1149501488541,1149501488576,1149501488628,4805,1
4806,1149501613420,1149501613454,1149501613506,4806,1
4807,1149501738550,1149501738584,1149501738710,4807,1
4808,1149501863306,1149501863340,1149501863388,4808,1
4809,1149501988480,1149501988516,1149501988628,4809,1
4810,1149502113345,1149502113379,1149502113433,4810,1
4811,1149502238434,1149502238468,1149502238588,4811,1
4812,1149502363374,1149502363409,1149502363456,4812,1
4813,1149502488330,1149502488363,1149502488469,4813,1
4814,1149502613341,1149502613376,1149502613428,4814,1
4815,1149502738243,1149502738277,1149502738388,4815,1
4816,1149502863319,1149502863355,1149502863405,4816,1
4817,1149502988351,1149502988385,1149502988435,4817,1
4818,1149503113446,1149503113480,1149503113530,4818,1
4819,1149503238830,1149503238866,1149503238917,4819,1
4820,1149503364159,1149503364193,1149503364298,4820,1
4821,1149503488502,1149503488536,1149503488586,4821,1
4822,1149503613692,1149503613727,1149503613779,4822,1
4823,1149503737537,1149503737572,1149503737623,4823,1
4824,1149503992727,1149503992760,1149503992853,4824,1
4825,1149503992913,1149503992945,1149503992987,4825,1
4826,1149504121084,1149504121192,1149504121246,4826,1
4827,1149504238961,1149504238996,1149504239050,4827,1
4828,1149504364076,1149504364111,1149504364164,4828,1
4829,1149504488961,1149504488995,1149504489045,4829,1
4830,1149504613978,1149504614014,1149504614069,4830,1
4831,1149504739059,1149504739095,1149504739143,4831,1
4832,1149504863902,1149504863938,1149504863987,4832,1
4833,1149504988890,1149504988926,1149504989088,4833,1
4834,1149505127308,1149505127345,1149505127507,4834,1
4835,1149505254357,1149505254394,1149505254544,4835,1
4836,1149505364196,1149505364231,1149505364283,4836,1
4837,1149505534567,1149505534603,1149505534770,4837,1
4838,1149505614200,1149505614236,1149505614286,4838,1
4839,1149505786037,1149505786075,1149505786244,4839,1
4840,1149505863921,1149505863956,1149505864009,4840,1
4841,1149505988890,1149505988926,1149505989047,4841,1
4842,1149506113803,1149506113838,1149506113890,4842,1
4843,1149506239077,1149506239112,1149506239218,4843,1
4844,1149506363822,1149506363857,1149506363909,4844,1
4845,1149506488873,1149506488910,1149506489017,4845,1
4846,1149506613869,1149506613905,1149506613954,4846,1
4847,1149506738785,1149506738821,1149506738938,4847,1
4848,1149506863822,1149506863857,1149506863909,4848,1
4849,1149506988797,1149506988832,1149506988902,4849,1
4850,1149507132324,1149507132360,1149507132409,4850,1
4851,1149507239172,1149507239208,1149507239270,4851,1
4852,1149507364008,1149507364044,1149507364088,4852,1
4853,1149507489193,1149507489229,1149507489771,4853,1
4854,1149507613917,1149507613954,1149507614001,4854,1
4855,1149507737885,1149507737920,1149507737974,4855,1
4856,1149507993978,1149507994014,1149507994356,4856,1
4857,1149507994418,1149507994569,1149507994645,4857,1
4858,1149508126717,1149508126823,1149508126872,4858,1
4859,1149508284218,1149508284257,1149508284470,4859,1
4860,1149508364595,1149508364631,1149508364680,4860,1
4861,1149508493739,1149508493774,1149508493849,4861,1
4862,1149508622052,1149508622088,1149508622138,4862,1
4863,1149508746426,1149508746461,1149508746516,4863,1
4864,1149508867137,1149508867172,1149508867224,4864,1
4865,1149508991749,1149508991785,1149508991865,4865,1
4866,1149509115230,1149509115266,1149509115322,4866,1
4867,1149509333777,1149509333813,1149509334035,4867,1
4868,1149509366536,1149509366572,1149509366616,4868,1
4869,1149509490817,1149509490852,1149509490977,4869,1
4870,1149509615843,1149509615879,1149509615928,4870,1
4871,1149509740199,1149509740234,1149509740594,4871,1
4872,1149509865030,1149509865065,1149509865118,4872,1
4873,1149509988893,1149509988929,1149509989002,4873,1
4874,1149510123719,1149510123755,1149510123848,4874,1
4875,1149510241243,1149510241279,1149510241441,4875,1
4876,1149510366480,1149510366516,1149510366565,4876,1
4877,1149510490892,1149510490927,1149510491114,4877,1
4878,1149510615818,1149510615853,1149510615901,4878,1
4879,1149510762907,1149510762943,1149510763154,4879,1
4880,1149510866195,1149510866231,1149510866282,4880,1
4881,1149510990685,1149510990721,1149510990986,4881,1
4882,1149511115631,1149511115666,1149511115717,4882,1
4883,1149511240711,1149511240747,1149511240798,4883,1
4884,1149511365474,1149511365510,1149511365561,4884,1
4885,1149511536984,1149511537019,1149511537079,4885,1
4886,1149511615610,1149511615645,1149511615692,4886,1
4887,1149511742239,1149511742275,1149511742381,4887,1
4888,1149511949507,1149511949542,1149511949637,4888,1
4889,1149511983355,1149511983388,1149511983437,4889,1
4890,1149512120423,1149512120527,1149512120575,4890,1
4891,1149512239298,1149512239334,1149512239384,4891,1
4892,1149512364038,1149512364074,1149512364119,4892,1
4893,1149512489245,1149512489280,1149512489325,4893,1
4894,1149512613878,1149512613914,1149512613957,4894,1
4895,1149512739192,1149512739227,1149512739399,4895,1
4896,1149512864257,1149512864294,1149512864348,4896,1
4897,1149512988931,1149512988966,1149512989126,4897,1
4898,1149513113067,1149513113103,1149513113151,4898,1
4899,1149513259526,1149513259563,1149513259784,4899,1
4900,1149513365045,1149513365081,1149513365243,4900,1
4901,1149513488534,1149513488571,1149513488741,4901,1
4902,1149513640033,1149513640069,1149513640163,4902,1
4903,1149513739135,1149513739170,1149513739294,4903,1
4904,1149513862949,1149513862985,1149513863031,4904,1
4905,1149514018830,1149514018866,1149514019023,4905,1
4906,1149514121512,1149514121549,1149514121642,4906,1
4907,1149514239003,1149514239039,1149514239165,4907,1
4908,1149514363940,1149514363975,1149514364021,4908,1
4909,1149514488995,1149514489031,1149514489129,4909,1
4910,1149514614054,1149514614090,1149514614135,4910,1
4911,1149514804148,1149514804185,1149514804350,4911,1
4912,1149514863862,1149514863897,1149514863943,4912,1
4913,1149514988144,1149514988180,1149514988288,4913,1
4914,1149515120882,1149515120918,1149515121011,4914,1
4915,1149515238895,1149515238930,1149515239035,4915,1
4916,1149515363002,1149515363038,1149515363083,4916,1
4917,1149515542785,1149515542821,1149515542979,4917,1
4918,1149515614323,1149515614359,1149515614409,4918,1
4919,1149515737985,1149515738022,1149515738138,4919,1
4920,1149515875653,1149515875689,1149515875842,4920,1
4921,1149515982957,1149515982990,1149515983092,4921,1
4922,1149516120591,1149516120697,1149516120741,4922,1
4923,1149516316035,1149516316069,1149516316183,4923,1
4924,1149516364126,1149516364160,1149516364217,4924,1
4925,1149516488914,1149516488949,1149516489071,4925,1
4926,1149516618013,1149516618049,1149516618100,4926,1
4927,1149516738634,1149516738669,1149516738795,4927,1
4928,1149516863414,1149516863449,1149516863494,4928,1
4929,1149516988375,1149516988409,1149516988522,4929,1
4930,1149517112518,1149517112553,1149517112598,4930,1
4931,1149517274554,1149517274589,1149517274757,4931,1
4932,1149517364558,1149517364592,1149517364639,4932,1
4933,1149517488505,1149517488540,1149517488654,4933,1
4934,1149517635797,1149517635833,1149517636004,4934,1
4935,1149517738706,1149517738740,1149517738848,4935,1
4936,1149517863451,1149517863487,1149517863533,4936,1
4937,1149517994686,1149517994720,1149517994824,4937,1
4938,1149518113420,1149518113455,1149518113505,4938,1
4939,1149518238670,1149518238705,1149518238820,4939,1
4940,1149518363360,1149518363394,1149518363446,4940,1
4941,1149518510688,1149518510723,1149518510837,4941,1
4942,1149518613434,1149518613469,1149518613517,4942,1
4943,1149518737491,1149518737526,1149518737655,4943,1
4944,1149518938558,1149518938594,1149518938684,4944,1
4945,1149518988523,1149518988558,1149518988678,4945,1
4946,1149519113453,1149519113488,1149519113533,4946,1
4947,1149519238444,1149519238479,1149519238594,4947,1
4948,1149519363341,1149519363376,1149519363418,4948,1
4949,1149519488389,1149519488424,1149519488528,4949,1
4950,1149519613361,1149519613396,1149519613440,4950,1
4951,1149519737606,1149519737640,1149519737746,4951,1
4952,1149519881592,1149519881627,1149519881719,4952,1
4953,1149519983343,1149519983375,1149519983541,4953,1
4954,1149520120045,1149520120153,1149520120205,4954,1
4955,1149520238791,1149520238826,1149520238932,4955,1
4956,1149520363574,1149520363608,1149520363658,4956,1
4957,1149520488459,1149520488492,1149520488606,4957,1
4958,1149520613422,1149520613456,1149520613506,4958,1
4959,1149520738448,1149520738483,1149520738597,4959,1
4960,1149520863674,1149520863708,1149520863761,4960,1
4961,1149520988523,1149520988558,1149520988679,4961,1
4962,1149521112715,1149521112749,1149521112798,4962,1
4963,1149521410240,1149521410276,1149521410520,4963,1
4964,1149521410576,1149521410608,1149521410650,4964,1
4965,1149521535802,1149521535839,1149521536189,4965,1
4966,1149521619838,1149521619872,1149521619925,4966,1
4967,1149521744449,1149521744484,1149521744648,4967,1
4968,1149522120013,1149522120050,1149522120255,4968,1
4969,1149522120310,1149522120342,1149522120447,4969,1
4970,1149522120481,1149522120515,1149522120556,4970,1
4971,1149522245566,1149522245601,1149522245765,4971,1
4972,1149522369328,1149522369364,1149522369417,4972,1
4973,1149522493379,1149522493415,1149522493526,4973,1
4974,1149522621472,1149522621507,1149522621559,4974,1
4975,1149522746465,1149522746501,1149522746619,4975,1
4976,1149522867268,1149522867304,1149522867348,4976,1
4977,1149522992051,1149522992087,1149522992207,4977,1
4978,1149523116216,1149523116252,1149523116298,4978,1
4979,1149523240999,1149523241035,1149523241142,4979,1
4980,1149523365545,1149523365579,1149523365627,4980,1
4981,1149523538567,1149523538602,1149523539002,4981,1
4982,1149523615537,1149523615572,1149523615626,4982,1
4983,1149523739029,1149523739064,1149523739243,4983,1
4984,1149523871414,1149523871450,1149523871543,4984,1
4985,1149523992430,1149523992467,1149523992698,4985,1
4986,1149524122387,1149524122496,1149524122545,4986,1
4987,1149524239702,1149524239738,1149524239871,4987,1
4988,1149524364430,1149524364465,1149524364509,4988,1
4989,1149524489476,1149524489512,1149524489689,4989,1
4990,1149524613518,1149524613555,1149524613598,4990,1
4991,1149524986051,1149524986086,1149524986215,4991,1
4992,1149524986271,1149524986303,1149524986345,4992,1
4993,1149524994502,1149524994538,1149524994744,4993,1
4994,1149525120098,1149525120134,1149525120183,4994,1
4995,1149525255315,1149525255351,1149525255582,4995,1
4996,1149525373459,1149525373494,1149525373547,4996,1
4997,1149525495915,1149525495952,1149525496022,4997,1
4998,1149525620419,1149525620455,1149525620506,4998,1
4999,1149525740685,1149525740720,1149525740792,4999,1
5000,1149525865671,1149525865708,1149525865878,5000,1
5001,1149525990793,1149525990827,1149525991009,5001,1
5002,1149526116043,1149526116078,1149526116128,5002,1
5003,1149526240621,1149526240657,1149526240707,5003,1
5004,1149526365655,1149526365690,1149526365738,5004,1
5005,1149526490573,1149526490608,1149526490659,5005,1
5006,1149526615686,1149526615722,1149526615776,5006,1
5007,1149526740545,1149526740580,1149526740628,5007,1
5008,1149526865597,1149526865633,1149526865682,5008,1
5009,1149526990692,1149526990727,1149526990782,5009,1
5010,1149527115641,1149527115676,1149527115728,5010,1
5011,1149527240705,1149527240742,1149527240792,5011,1
5012,1149527365564,1149527365600,1149527365649,5012,1
5013,1149527490670,1149527490705,1149527490758,5013,1
5014,1149527615707,1149527615743,1149527615795,5014,1
5015,1149527740603,1149527740639,1149527740690,5015,1
5016,1149527871039,1149527871074,1149527871123,5016,1
5017,1149527982972,1149527983004,1149527983057,5017,1
5018,1149528120692,1149528120728,1149528120776,5018,1
5019,1149528238991,1149528239027,1149528239078,5019,1
5020,1149528364127,1149528364227,1149528364331,5020,1
5021,1149528488805,1149528488842,1149528488896,5021,1
5022,1149528612970,1149528613005,1149528613059,5022,1
5023,1149528747829,1149528747864,1149528747958,5023,1
5024,1149528864153,1149528864189,1149528864235,5024,1
5025,1149528988962,1149528988996,1149528989051,5025,1
5026,1149529113785,1149529113820,1149529113871,5026,1
5027,1149529238103,1149529238138,1149529238194,5027,1
5028,1149529366839,1149529366875,1149529366928,5028,1
5029,1149529490847,1149529490882,1149529490933,5029,1
5030,1149529615920,1149529615956,1149529616007,5030,1
5031,1149529740684,1149529740720,1149529740769,5031,1
5032,1149529865566,1149529865602,1149529865653,5032,1
5033,1149529990549,1149529990584,1149529990635,5033,1
5034,1149530115211,1149530115246,1149530115415,5034,1
5035,1149530258549,1149530258583,1149530258760,5035,1
5036,1149530365398,1149530365434,1149530365479,5036,1
5037,1149530490206,1149530490240,1149530490290,5037,1
5038,1149530615144,1149530615179,1149530615227,5038,1
5039,1149530740076,1149530740111,1149530740161,5039,1
5040,1149530865212,1149530865247,1149530865299,5040,1
5041,1149530990222,1149530990257,1149530990361,5041,1
5042,1149531115110,1149531115145,1149531115193,5042,1
5043,1149531240147,1149531240181,1149531240294,5043,1
5044,1149531365358,1149531365393,1149531365445,5044,1
5045,1149531490241,1149531490276,1149531490377,5045,1
5046,1149531615146,1149531615180,1149531615233,5046,1
5047,1149531740189,1149531740224,1149531740329,5047,1
5048,1149531865193,1149531865227,1149531865278,5048,1
5049,1149531982715,1149531982747,1149531982857,5049,1
5050,1149532119862,1149532119896,1149532119945,5050,1
5051,1149532238523,1149532238558,1149532238663,5051,1
5052,1149532363473,1149532363507,1149532363560,5052,1
5053,1149532488831,1149532488934,1149532489039,5053,1
5054,1149532613498,1149532613533,1149532613586,5054,1
5055,1149532738503,1149532738537,1149532738590,5055,1
5056,1149532863570,1149532863605,1149532863652,5056,1
5057,1149532988610,1149532988645,1149532988693,5057,1
5058,1149533113575,1149533113609,1149533113655,5058,1
5059,1149533237584,1149533237619,1149533237668,5059,1
5060,1149533365362,1149533365396,1149533365445,5060,1
5061,1149533490382,1149533490416,1149533490466,5061,1
5062,1149533615250,1149533615284,1149533615332,5062,1
5063,1149533740137,1149533740171,1149533740219,5063,1
5064,1149533865065,1149533865100,1149533865147,5064,1
5065,1149533993720,1149533993755,1149533993804,5065,1
5066,1149534115339,1149534115373,1149534115426,5066,1
5067,1149534240191,1149534240226,1149534240400,5067,1
5068,1149534365318,1149534365353,1149534365517,5068,1
5069,1149534490368,1149534490402,1149534490532,5069,1
5070,1149534615262,1149534615297,1149534615349,5070,1
5071,1149534740154,1149534740189,1149534740238,5071,1
5072,1149534865149,1149534865184,1149534865228,5072,1
5073,1149534990215,1149534990250,1149534990299,5073,1
5074,1149535115077,1149535115110,1149535115158,5074,1
5075,1149535240085,1149535240120,1149535240169,5075,1
5076,1149535365081,1149535365115,1149535365164,5076,1
5077,1149535490304,1149535490339,1149535490388,5077,1
5078,1149535615356,1149535615389,1149535615437,5078,1
5079,1149535740147,1149535740181,1149535740232,5079,1
5080,1149535865176,1149535865210,1149535865256,5080,1
5081,1149535982721,1149535982753,1149535982801,5081,1
5082,1149536120536,1149536120571,1149536120623,5082,1
5083,1149536238927,1149536238963,1149536239012,5083,1
5084,1149536363540,1149536363576,1149536363624,5084,1
5085,1149536488419,1149536488453,1149536488500,5085,1
5086,1149536613718,1149536613753,1149536613800,5086,1
5087,1149536738669,1149536738771,1149536738878,5087,1
5088,1149536863439,1149536863473,1149536863523,5088,1
5089,1149536988415,1149536988450,1149536988498,5089,1
5090,1149537113444,1149537113478,1149537113526,5090,1
5091,1149537237609,1149537237644,1149537237692,5091,1
5092,1149537365431,1149537365466,1149537365517,5092,1
5093,1149537490339,1149537490374,1149537490424,5093,1
5094,1149537615133,1149537615168,1149537615216,5094,1
5095,1149537740217,1149537740252,1149537740304,5095,1
5096,1149537865126,1149537865161,1149537865210,5096,1
5097,1149537990162,1149537990196,1149537990248,5097,1
5098,1149538115170,1149538115204,1149538115254,5098,1
5099,1149538240719,1149538240755,1149538240806,5099,1
5100,1149538365813,1149538365848,1149538366019,5100,1
5101,1149538491183,1149538491219,1149538491397,5101,1
5102,1149538615556,1149538615591,1149538615641,5102,1
5103,1149538740903,1149538740939,1149538741047,5103,1
5104,1149538865824,1149538865859,1149538865911,5104,1
5105,1149538990670,1149538990707,1149538990829,5105,1
5106,1149539115580,1149539115616,1149539115671,5106,1
5107,1149539240749,1149539240785,1149539240897,5107,1
5108,1149539365768,1149539365804,1149539365855,5108,1
5109,1149539490096,1149539490130,1149539490449,5109,1
5110,1149539615010,1149539615046,1149539615098,5110,1
5111,1149539740233,1149539740268,1149539740316,5111,1
5112,1149539865071,1149539865105,1149539865154,5112,1
5113,1149539982675,1149539982707,1149539982758,5113,1
5114,1149540149686,1149540149721,1149540149825,5114,1
5115,1149540239026,1149540239061,1149540239109,5115,1
5116,1149540364339,1149540364375,1149540364420,5116,1
5117,1149540489461,1149540489496,1149540489542,5117,1
5118,1149540613824,1149540613859,1149540613911,5118,1
5119,1149540738893,1149540738928,1149540738982,5119,1
5120,1149540864370,1149540864474,1149540864581,5120,1
5121,1149540988921,1149540988956,1149540989011,5121,1
5122,1149541113996,1149541114031,1149541114081,5122,1
5123,1149541238158,1149541238194,1149541238249,5123,1
5124,1149541366877,1149541366913,1149541366966,5124,1
5125,1149541490400,1149541490436,1149541490490,5125,1
5126,1149541615359,1149541615394,1149541615444,5126,1
5127,1149541740417,1149541740454,1149541740501,5127,1
5128,1149541865479,1149541865516,1149541865563,5128,1
5129,1149541990512,1149541990548,1149541990601,5129,1
5130,1149542115453,1149542115489,1149542115539,5130,1
5131,1149542240533,1149542240568,1149542240617,5131,1
5132,1149542365243,1149542365279,1149542365327,5132,1
5133,1149542492132,1149542492167,1149542492219,5133,1
5134,1149542616218,1149542616254,1149542616433,5134,1
5135,1149542740861,1149542740897,1149542741019,5135,1
5136,1149542865721,1149542865756,1149542865802,5136,1
5137,1149542990672,1149542990709,1149542990821,5137,1
5138,1149543115782,1149543115817,1149543115862,5138,1
5139,1149543240546,1149543240581,1149543240705,5139,1
5140,1149543365588,1149543365623,1149543365673,5140,1
5141,1149543490597,1149543490632,1149543490739,5141,1
5142,1149543615686,1149543615721,1149543615774,5142,1
5143,1149543740715,1149543740751,1149543740864,5143,1
5144,1149543865703,1149543865739,1149543865788,5144,1
5145,1149543983093,1149543983127,1149543983237,5145,1
5146,1149544120120,1149544120157,1149544120210,5146,1
5147,1149544238994,1149544239030,1149544239138,5147,1
5148,1149544364012,1149544364048,1149544364096,5148,1
5149,1149544489198,1149544489233,1149544489287,5149,1
5150,1149544613877,1149544613913,1149544613961,5150,1
5151,1149544738933,1149544738969,1149544739019,5151,1
5152,1149544863874,1149544863909,1149544863958,5152,1
5153,1149544989344,1149544989448,1149544989557,5153,1
5154,1149545121368,1149545121404,1149545121452,5154,1
5155,1149545238204,1149545238241,1149545238290,5155,1
5156,1149545366340,1149545366375,1149545366426,5156,1
5157,1149545490623,1149545490659,1149545490706,5157,1
5158,1149545615706,1149545615741,1149545615789,5158,1
5159,1149545740591,1149545740627,1149545740677,5159,1
5160,1149545865837,1149545865873,1149545865924,5160,1
5161,1149545990673,1149545990709,1149545990761,5161,1
5162,1149546115594,1149546115630,1149546115679,5162,1
5163,1149546240522,1149546240558,1149546240607,5163,1
5164,1149546365528,1149546365563,1149546365612,5164,1
5165,1149546490569,1149546490605,1149546490780,5165,1
5166,1149546615592,1149546615627,1149546615678,5166,1
5167,1149546740787,1149546740822,1149546740990,5167,1
5168,1149546865953,1149546865990,1149546866156,5168,1
5169,1149546990687,1149546990722,1149546990775,5169,1
5170,1149547115649,1149547115685,1149547115732,5170,1
5171,1149547240667,1149547240702,1149547240753,5171,1
5172,1149547365619,1149547365655,1149547365705,5172,1
5173,1149547490642,1149547490677,1149547490728,5173,1
5174,1149547615568,1149547615604,1149547615655,5174,1
5175,1149547740521,1149547740556,1149547740611,5175,1
5176,1149547865668,1149547865704,1149547865755,5176,1
5177,1149547983066,1149547983099,1149547983154,5177,1
5178,1149548120138,1149548120175,1149548120222,5178,1
5179,1149548261753,1149548261789,1149548261909,5179,1
5180,1149548364489,1149548364525,1149548364576,5180,1
5181,1149548488928,1149548488963,1149548489015,5181,1
5182,1149548613833,1149548613868,1149548613923,5182,1
5183,1149548774221,1149548774255,1149548774307,5183,1
5184,1149548864042,1149548864077,1149548864123,5184,1
5185,1149548988833,1149548988868,1149548988915,5185,1
5186,1149549114109,1149549114144,1149549114190,5186,1
5187,1149549238522,1149549238627,1149549238729,5187,1
5188,1149549366472,1149549366508,1149549366559,5188,1
5189,1149549490641,1149549490677,1149549490725,5189,1
5190,1149549615757,1149549615793,1149549615842,5190,1
5191,1149549740697,1149549740732,1149549740783,5191,1
5192,1149549865593,1149549865629,1149549865679,5192,1
5193,1149550172668,1149550172723,1149550172942,5193,1
5194,1149550172978,1149550173011,1149550173054,5194,1
5195,1149550245780,1149550245816,1149550245994,5195,1
5196,1149550371465,1149550371500,1149550371554,5196,1
5197,1149550497329,1149550497366,1149550497557,5197,1
5198,1149550621145,1149550621180,1149550621232,5198,1
5199,1149550744993,1149550745029,1149550745109,5199,1
5200,1149550865799,1149550865836,1149550865999,5200,1
5201,1149550990850,1149550990885,1149550991046,5201,1
5202,1149551115611,1149551115646,1149551115697,5202,1
5203,1149551240657,1149551240692,1149551240811,5203,1
5204,1149551365921,1149551365957,1149551366009,5204,1
5205,1149551490676,1149551490711,1149551490764,5205,1
5206,1149551615581,1149551615615,1149551615669,5206,1
5207,1149551740679,1149551740714,1149551740765,5207,1
5208,1149551865807,1149551865842,1149551865890,5208,1
5209,1149552031147,1149552031189,1149552031269,5209,1
5210,1149552114407,1149552114441,1149552114494,5210,1
5211,1149552238486,1149552238522,1149552238574,5211,1
5212,1149552368668,1149552368703,1149552368752,5212,1
5213,1149552488429,1149552488464,1149552488513,5213,1
5214,1149552613404,1149552613439,1149552613493,5214,1
5215,1149552738989,1149552739023,1149552739076,5215,1
5216,1149552863383,1149552863417,1149552863470,5216,1
5217,1149552988363,1149552988397,1149552988448,5217,1
5218,1149553146220,1149553146328,1149553146426,5218,1
5219,1149553239278,1149553239312,1149553239363,5219,1
5220,1149553364893,1149553364995,1149553365103,5220,1
5221,1149553488451,1149553488486,1149553488535,5221,1
5222,1149553613492,1149553613527,1149553613571,5222,1
5223,1149553737557,1149553737592,1149553737644,5223,1
5224,1149553896836,1149553896871,1149553896963,5224,1
5225,1149553988436,1149553988470,1149553988517,5225,1
5226,1149554113445,1149554113479,1149554113525,5226,1
5227,1149554243800,1149554243835,1149554243896,5227,1
5228,1149554363620,1149554363655,1149554363701,5228,1
5229,1149554488658,1149554488693,1149554488738,5229,1
5230,1149554613432,1149554613466,1149554613512,5230,1
5231,1149554738544,1149554738579,1149554738625,5231,1
5232,1149554863919,1149554863955,1149554864006,5232,1
5233,1149554988843,1149554988880,1149554988927,5233,1
5234,1149555113974,1149555114009,1149555114166,5234,1
5235,1149555373141,1149555373177,1149555373421,5235,1
5236,1149555380798,1149555380833,1149555380876,5236,1
5237,1149555569075,1149555569112,1149555569609,5237,1
5238,1149555616000,1149555616037,1149555616080,5238,1
5239,1149555740794,1149555740830,1149555741063,5239,1
5240,1149555865645,1149555865683,1149555865726,5240,1
5241,1149555982926,1149555982958,1149555983129,5241,1
5242,1149556121543,1149556121580,1149556121634,5242,1
5243,1149556238927,1149556238965,1149556239144,5243,1
5244,1149556363910,1149556363945,1149556363994,5244,1
5245,1149556488885,1149556488920,1149556488997,5245,1
5246,1149556613822,1149556613856,1149556613909,5246,1
5247,1149556767680,1149556767716,1149556767936,5247,1
5248,1149556863931,1149556863967,1149556864018,5248,1
5249,1149556988859,1149556988894,1149556989066,5249,1
5250,1149557113123,1149557113159,1149557113214,5250,1
5251,1149557244906,1149557244943,1149557245071,5251,1
5252,1149557364995,1149557365029,1149557365083,5252,1
5253,1149557489327,1149557489432,1149557489652,5253,1
5254,1149557614588,1149557614622,1149557614673,5254,1
5255,1149557739099,1149557739135,1149557739335,5255,1
5256,1149557863128,1149557863163,1149557863209,5256,1
5257,1149558166135,1149558166192,1149558166450,5257,1
5258,1149558166510,1149558166542,1149558166583,5258,1
5259,1149558245649,1149558245684,1149558245866,5259,1
5260,1149558370589,1149558370624,1149558370675,5260,1
5261,1149558494889,1149558494925,1149558494996,5261,1
5262,1149558623524,1149558623560,1149558623609,5262,1
5263,1149558748472,1149558748508,1149558748584,5263,1
5264,1149558869365,1149558869401,1149558869445,5264,1
5265,1149558993481,1149558993516,1149558993588,5265,1
5266,1149559118010,1149559118046,1149559118092,5266,1
5267,1149559244299,1149559244338,1149559244517,5267,1
5268,1149559387681,1149559387718,1149559387943,5268,1
5269,1149559550864,1149559550899,1149559551011,5269,1
5270,1149559618162,1149559618198,1149559618245,5270,1
5271,1149559742230,1149559742267,1149559742371,5271,1
5272,1149559867194,1149559867230,1149559867276,5272,1
5273,1149559984241,1149559984274,1149559984376,5273,1
5274,1149560115683,1149560115719,1149560115774,5274,1
5275,1149560239740,1149560239776,1149560239885,5275,1
5276,1149560364613,1149560364649,1149560364695,5276,1
5277,1149560489415,1149560489449,1149560489562,5277,1
5278,1149560614244,1149560614279,1149560614324,5278,1
5279,1149560739316,1149560739351,1149560739472,5279,1
5280,1149560864113,1149560864149,1149560864199,5280,1
5281,1149560989242,1149560989278,1149560989392,5281,1
5282,1149561113669,1149561113705,1149561113755,5282,1
5283,1149561245518,1149561245553,1149561245746,5283,1
5284,1149561364565,1149561364601,1149561364649,5284,1
5285,1149561513877,1149561513913,1149561514063,5285,1
5286,1149561615899,1149561615935,1149561615980,5286,1
5287,1149561741014,1149561741116,1149561741283,5287,1
5288,1149561865978,1149561866013,1149561866057,5288,1
5289,1149561996438,1149561996474,1149561996579,5289,1
5290,1149562115601,1149562115637,1149562115688,5290,1
5291,1149562240600,1149562240636,1149562240738,5291,1
5292,1149562419150,1149562419185,1149562419237,5292,1
5293,1149562588372,1149562588407,1149562588567,5293,1
5294,1149562615915,1149562615950,1149562615999,5294,1
5295,1149562740498,1149562740533,1149562740578,5295,1
5296,1149562865585,1149562865622,1149562865673,5296,1
5297,1149562990394,1149562990429,1149562990548,5297,1
5298,1149563115828,1149563115863,1149563115907,5298,1
5299,1149563240778,1149563240814,1149563240928,5299,1
5300,1149563370706,1149563370741,1149563370912,5300,1
5301,1149563593333,1149563593369,1149563609912,5301,1
5302,1149563620837,1149563620873,1149563620915,5302,1
5303,1149563742766,1149563742802,1149563742925,5303,1
5304,1149563873834,1149563873870,1149563873928,5304,1
5305,1149563983433,1149563983466,1149563983593,5305,1
5306,1149564121528,1149564121564,1149564121651,5306,1
5307,1149564238842,1149564238878,1149564238997,5307,1
5308,1149564364316,1149564364351,1149564364401,5308,1
5309,1149564488393,1149564488429,1149564488544,5309,1
5310,1149564613430,1149564613465,1149564613515,5310,1
5311,1149564738790,1149564738826,1149564738931,5311,1
5312,1149564862942,1149564862978,1149564863028,5312,1
5313,1149565055362,1149565055397,1149565055557,5313,1
5314,1149565114096,1149565114132,1149565114183,5314,1
5315,1149565237897,1149565237934,1149565238050,5315,1
5316,1149565365042,1149565365079,1149565365130,5316,1
5317,1149565488890,1149565488925,1149565489048,5317,1
5318,1149565613770,1149565613806,1149565613856,5318,1
5319,1149565738894,1149565738930,1149565739057,5319,1
5320,1149565864206,1149565864309,1149565864417,5320,1
5321,1149565994609,1149565994646,1149565994765,5321,1
5322,1149566119919,1149566119956,1149566120049,5322,1
5323,1149566238945,1149566238980,1149566239094,5323,1
5324,1149566363844,1149566363880,1149566363928,5324,1
5325,1149566488841,1149566488877,1149566488991,5325,1
5326,1149566613871,1149566613906,1149566613953,5326,1
5327,1149566738811,1149566738846,1149566738954,5327,1
5328,1149566863863,1149566863900,1149566863943,5328,1
5329,1149566988885,1149566988920,1149566989026,5329,1
5330,1149567113758,1149567113793,1149567113839,5330,1
5331,1149567238864,1149567238899,1149567239013,5331,1
5332,1149567362952,1149567362987,1149567363033,5332,1
5333,1149567562525,1149567562560,1149567562784,5333,1
5334,1149567616276,1149567616312,1149567616494,5334,1
5335,1149567741038,1149567741074,1149567741195,5335,1
5336,1149567865622,1149567865658,1149567865703,5336,1
5337,1149567983235,1149567983268,1149567983377,5337,1
5338,1149568120866,1149568120903,1149568120958,5338,1
5339,1149568238065,1149568238102,1149568238218,5339,1
5340,1149568371506,1149568371543,1149568371637,5340,1
5341,1149568488107,1149568488143,1149568488249,5341,1
5342,1149568620024,1149568620059,1149568620152,5342,1
5343,1149568738804,1149568738840,1149568738951,5343,1
5344,1149568863914,1149568863949,1149568863995,5344,1
5345,1149568988873,1149568988909,1149568989009,5345,1
5346,1149569114059,1149569114094,1149569114141,5346,1
5347,1149569237893,1149569237929,1149569238036,5347,1
5348,1149569363671,1149569363707,1149569363757,5348,1
5349,1149569537008,1149569537044,1149569537204,5349,1
5350,1149569614058,1149569614093,1149569614142,5350,1
5351,1149569738790,1149569738827,1149569738943,5351,1
5352,1149569862935,1149569862970,1149569863014,5352,1
5353,1149569998453,1149569998488,1149569998705,5353,1
5354,1149570115611,1149570115645,1149570115689,5354,1
5355,1149570240724,1149570240760,1149570240872,5355,1
5356,1149570365643,1149570365678,1149570365726,5356,1
5357,1149570490702,1149570490738,1149570490844,5357,1
5358,1149570615681,1149570615717,1149570615761,5358,1
5359,1149570740601,1149570740636,1149570740743,5359,1
5360,1149570865724,1149570865759,1149570865806,5360,1
5361,1149570991069,1149570991104,1149570991210,5361,1
5362,1149571115711,1149571115747,1149571115795,5362,1
5363,1149571241057,1149571241093,1149571241203,5363,1
5364,1149571365737,1149571365772,1149571365820,5364,1
5365,1149571490705,1149571490741,1149571491110,5365,1
5366,1149571615621,1149571615657,1149571615702,5366,1
5367,1149571740542,1149571740577,1149571740745,5367,1
5368,1149571865910,1149571865946,1149571866128,5368,1
5369,1149571982976,1149571983008,1149571983126,5369,1
5370,1149572120958,1149572120993,1149572121047,5370,1
5371,1149572238985,1149572239021,1149572239138,5371,1
5372,1149572363794,1149572363829,1149572363883,5372,1
5373,1149572488890,1149572488925,1149572488979,5373,1
5374,1149572613845,1149572613881,1149572613929,5374,1
5375,1149572746871,1149572746907,1149572747115,5375,1
5376,1149572863887,1149572863923,1149572863972,5376,1
5377,1149572988906,1149572988940,1149572989009,5377,1
5378,1149573113812,1149573113848,1149573113900,5378,1
5379,1149573238264,1149573238300,1149573238366,5379,1
5380,1149573365314,1149573365350,1149573365400,5380,1
5381,1149573489022,1149573489058,1149573489112,5381,1
5382,1149573614144,1149573614180,1149573614234,5382,1
5383,1149573738899,1149573738936,1149573739019,5383,1
5384,1149573863984,1149573864020,1149573864070,5384,1
5385,1149573988944,1149573988979,1149573989063,5385,1
5386,1149574114126,1149574114162,1149574114213,5386,1
5387,1149574239223,1149574239327,1149574239564,5387,1
5388,1149574363913,1149574363949,1149574364003,5388,1
5389,1149574488923,1149574488959,1149574489151,5389,1
5390,1149574613874,1149574613909,1149574613955,5390,1
5391,1149574738880,1149574738916,1149574738991,5391,1
5392,1149574863992,1149574864028,1149574864079,5392,1
5393,1149574989026,1149574989061,1149574989111,5393,1
5394,1149575112919,1149575112955,1149575113007,5394,1
5395,1149575247455,1149575247491,1149575247583,5395,1
5396,1149575364315,1149575364351,1149575364400,5396,1
5397,1149575552817,1149575552853,1149575552929,5397,1
5398,1149575614180,1149575614216,1149575614267,5398,1
5399,1149575738065,1149575738101,1149575738294,5399,1
5400,1149575873104,1149575873139,1149575873357,5400,1
5401,1149575983585,1149575983618,1149575983807,5401,1
5402,1149576286379,1149576286436,1149576286528,5402,1
5403,1149576286586,1149576286617,1149576286682,5403,1
5404,1149576364488,1149576364524,1149576364571,5404,1
5405,1149576489051,1149576489088,1149576489278,5405,1
5406,1149576613855,1149576613891,1149576613938,5406,1
5407,1149576738891,1149576738927,1149576739138,5407,1
5408,1149576863888,1149576863926,1149576863974,5408,1
5409,1149576988872,1149576988908,1149576989129,5409,1
5410,1149577264982,1149577265018,1149577265077,5410,1
5411,1149577272188,1149577272224,1149577272393,5411,1
5412,1149577365117,1149577365152,1149577365205,5412,1
5413,1149577489200,1149577489235,1149577489310,5413,1
5414,1149577614004,1149577614039,1149577614085,5414,1
5415,1149577738919,1149577738955,1149577739030,5415,1
5416,1149577863927,1149577863963,1149577864011,5416,1
5417,1149577988943,1149577988980,1149577989170,5417,1
5418,1149578114323,1149578114358,1149578114407,5418,1
5419,1149578238861,1149578238895,1149578239081,5419,1
5420,1149578364258,1149578364360,1149578364466,5420,1
5421,1149578488948,1149578488984,1149578489154,5421,1
5422,1149578613094,1149578613131,1149578613178,5422,1
5423,1149578746414,1149578746451,1149578746661,5423,1
5424,1149578863962,1149578863997,1149578864049,5424,1
5425,1149578989984,1149578990018,1149578990080,5425,1
5426,1149579113781,1149579113816,1149579113858,5426,1
5427,1149579238276,1149579238311,1149579238493,5427,1
5428,1149579363451,1149579363486,1149579363529,5428,1
5429,1149579488624,1149579488659,1149579488822,5429,1
5430,1149579613617,1149579613652,1149579613698,5430,1
5431,1149579737514,1149579737549,1149579737609,5431,1
5432,1149579885544,1149579885580,1149579885671,5432,1
5433,1149579983066,1149579983101,1149579983166,5433,1
5434,1149580120782,1149580120894,1149580121067,5434,1
5435,1149580238628,1149580238663,1149580238822,5435,1
5436,1149580363447,1149580363482,1149580363529,5436,1
5437,1149580488331,1149580488366,1149580488489,5437,1
5438,1149580613506,1149580613541,1149580613590,5438,1
5439,1149580738423,1149580738459,1149580738581,5439,1
5440,1149580863671,1149580863707,1149580863755,5440,1
5441,1149580988338,1149580988373,1149580988491,5441,1
5442,1149581113331,1149581113366,1149581113415,5442,1
5443,1149581237481,1149581237516,1149581237625,5443,1
5444,1149581364227,1149581364262,1149581364313,5444,1
5445,1149581488425,1149581488461,1149581488513,5445,1
5446,1149581613305,1149581613340,1149581613390,5446,1
5447,1149581738932,1149581738968,1149581739018,5447,1
5448,1149581862936,1149581862972,1149581863021,5448,1
5449,1149581995914,1149581995949,1149581996100,5449,1
5450,1149582114310,1149582114346,1149582114392,5450,1
5451,1149582238894,1149582238930,1149582239041,5451,1
5452,1149582363852,1149582363887,1149582363935,5452,1
5453,1149582489124,1149582489159,1149582489337,5453,1
5454,1149582613850,1149582613886,1149582613934,5454,1
5455,1149582738964,1149582738998,1149582739113,5455,1
5456,1149582863778,1149582863814,1149582863859,5456,1
5457,1149582988833,1149582988869,1149582988978,5457,1
5458,1149583113883,1149583113919,1149583113965,5458,1
5459,1149583237862,1149583237897,1149583238009,5459,1
5460,1149583448488,1149583448523,1149583448619,5460,1
5461,1149583490952,1149583490988,1149583491031,5461,1
5462,1149583615632,1149583615669,1149583615715,5462,1
5463,1149583740966,1149583741002,1149583741052,5463,1
5464,1149583865606,1149583865642,1149583865688,5464,1
5465,1149583982977,1149583983011,1149583983125,5465,1
5466,1149584120485,1149584120590,1149584120643,5466,1
5467,1149584238080,1149584238116,1149584238287,5467,1
5468,1149584382764,1149584382800,1149584383011,5468,1
5469,1149584489084,1149584489120,1149584489168,5469,1
5470,1149584613057,1149584613092,1149584613137,5470,1
5471,1149584746110,1149584746146,1149584746326,5471,1
5472,1149584864405,1149584864440,1149584864492,5472,1
5473,1149584989009,1149584989044,1149584989165,5473,1
5474,1149585113900,1149585113936,1149585113987,5474,1
5475,1149585237936,1149585237973,1149585238100,5475,1
5476,1149585363384,1149585363420,1149585363468,5476,1
5477,1149585666098,1149585666133,1149585666243,5477,1
5478,1149585666299,1149585666332,1149585666373,5478,1
5479,1149585746998,1149585747033,1149585747100,5479,1
5480,1149585869052,1149585869087,1149585869141,5480,1
5481,1149585994372,1149585994407,1149585994522,5481,1
5482,1149586119938,1149586119973,1149586120027,5482,1
5483,1149586300899,1149586300935,1149586301040,5483,1
5484,1149586363344,1149586363379,1149586363429,5484,1
5485,1149586514292,1149586514329,1149586514504,5485,1
5486,1149586614286,1149586614322,1149586614372,5486,1
5487,1149586739245,1149586739280,1149586739453,5487,1
5488,1149586863790,1149586863824,1149586863870,5488,1
5489,1149586988970,1149586989006,1149586989074,5489,1
5490,1149587114072,1149587114108,1149587114155,5490,1
5491,1149587239009,1149587239044,1149587239114,5491,1
5492,1149587363903,1149587363939,1149587363990,5492,1
5493,1149587488819,1149587488854,1149587489234,5493,1
5494,1149587613902,1149587613938,1149587613987,5494,1
5495,1149587737997,1149587738032,1149587738211,5495,1
5496,1149587874042,1149587874078,1149587874172,5496,1
5497,1149587983567,1149587983604,1149587983803,5497,1
5498,1149588120627,1149588120730,1149588120779,5498,1
5499,1149588238915,1149588238950,1149588239162,5499,1
5500,1149588363852,1149588363888,1149588364074,5500,1
5501,1149588489049,1149588489085,1149588489252,5501,1
5502,1149588613835,1149588613870,1149588613916,5502,1
5503,1149588738781,1149588738816,1149588738938,5503,1
5504,1149588863732,1149588863768,1149588863819,5504,1
5505,1149588988750,1149588988784,1149588988983,5505,1
5506,1149589113817,1149589113853,1149589113900,5506,1
5507,1149589238009,1149589238044,1149589238092,5507,1
5508,1149589365247,1149589365283,1149589365331,5508,1
5509,1149589488979,1149589489015,1149589489064,5509,1
5510,1149589613931,1149589613967,1149589614016,5510,1
5511,1149589738895,1149589738930,1149589738983,5511,1
5512,1149589863936,1149589863972,1149589864025,5512,1
5513,1149589988799,1149589988835,1149589988883,5513,1
5514,1149590114312,1149590114347,1149590114400,5514,1
5515,1149590238743,1149590238778,1149590238850,5515,1
5516,1149590363991,1149590364026,1149590364070,5516,1
5517,1149590488792,1149590488828,1149590489016,5517,1
5518,1149590613738,1149590613773,1149590613825,5518,1
5519,1149590738791,1149590738827,1149590738894,5519,1
5520,1149590864164,1149590864199,1149590864306,5520,1
5521,1149590988770,1149590988806,1149590988972,5521,1
5522,1149591113901,1149591113938,1149591113985,5522,1
5523,1149591238884,1149591238920,1149591238986,5523,1
5524,1149591363931,1149591363966,1149591364016,5524,1
5525,1149591488929,1149591488965,1149591489037,5525,1
5526,1149591613999,1149591614034,1149591614083,5526,1
5527,1149591738803,1149591738839,1149591738910,5527,1
5528,1149591862952,1149591862989,1149591863037,5528,1
5529,1149592079167,1149592079274,1149592079368,5529,1
5530,1149592114730,1149592114766,1149592114815,5530,1
5531,1149592239048,1149592239082,1149592239134,5531,1
5532,1149592364149,1149592364184,1149592364234,5532,1
5533,1149592488982,1149592489018,1149592489186,5533,1
5534,1149592628327,1149592628363,1149592628521,5534,1
5535,1149592739040,1149592739076,1149592739174,5535,1
5536,1149592863857,1149592863893,1149592863939,5536,1
5537,1149592988854,1149592988888,1149592989000,5537,1
5538,1149593113030,1149593113065,1149593113112,5538,1
5539,1149593266234,1149593266269,1149593266422,5539,1
5540,1149593365010,1149593365045,1149593365095,5540,1
5541,1149593488811,1149593488847,1149593488956,5541,1
5542,1149593613956,1149593613992,1149593614040,5542,1
5543,1149593751185,1149593751221,1149593751376,5543,1
5544,1149593863993,1149593864029,1149593864082,5544,1
5545,1149593988962,1149593988998,1149593989119,5545,1
5546,1149594114149,1149594114184,1149594114232,5546,1
5547,1149594239015,1149594239051,1149594239170,5547,1
5548,1149594363910,1149594363945,1149594363996,5548,1
5549,1149594488949,1149594488984,1149594489061,5549,1
5550,1149594613641,1149594613676,1149594613722,5550,1
5551,1149594738881,1149594738916,1149594739029,5551,1
5552,1149594863971,1149594864007,1149594864056,5552,1
5553,1149594989071,1149594989106,1149594989279,5553,1
5554,1149595113792,1149595113828,1149595113877,5554,1
5555,1149595238655,1149595238690,1149595238874,5555,1
5556,1149595363498,1149595363534,1149595363585,5556,1
5557,1149595488630,1149595488664,1149595488832,5557,1
5558,1149595613470,1149595613504,1149595613551,5558,1
5559,1149595738595,1149595738630,1149595738681,5559,1
5560,1149595862560,1149595862594,1149595862646,5560,1
5561,1149595995601,1149595995635,1149595995725,5561,1
5562,1149596117412,1149596117514,1149596117567,5562,1
5563,1149596238574,1149596238609,1149596238657,5563,1
5564,1149596363655,1149596363690,1149596363737,5564,1
5565,1149596488733,1149596488767,1149596488816,5565,1
5566,1149596613500,1149596613534,1149596613581,5566,1
5567,1149596738717,1149596738752,1149596738928,5567,1
5568,1149596863692,1149596863727,1149596863888,5568,1
5569,1149596988416,1149596988451,1149596988572,5569,1
5570,1149597113420,1149597113455,1149597113501,5570,1
5571,1149597237697,1149597237733,1149597237844,5571,1
5572,1149597366312,1149597366349,1149597366396,5572,1
5573,1149597490577,1149597490612,1149597490715,5573,1
5574,1149597615176,1149597615210,1149597615259,5574,1
5575,1149597740194,1149597740229,1149597740338,5575,1
5576,1149597864976,1149597865011,1149597865060,5576,1
5577,1149597990090,1149597990125,1149597990243,5577,1
5578,1149598115205,1149598115239,1149598115289,5578,1
5579,1149598240279,1149598240314,1149598240376,5579,1
5580,1149598365002,1149598365037,1149598365086,5580,1
5581,1149598490181,1149598490215,1149598490288,5581,1
5582,1149598615251,1149598615286,1149598615335,5582,1
5583,1149598740096,1149598740130,1149598740182,5583,1
5584,1149598865132,1149598865167,1149598865216,5584,1
5585,1149598990184,1149598990218,1149598990266,5585,1
5586,1149599115317,1149599115351,1149599115402,5586,1
5587,1149599240399,1149599240434,1149599240541,5587,1
5588,1149599365121,1149599365155,1149599365204,5588,1
5589,1149599490171,1149599490206,1149599490254,5589,1
5590,1149599615072,1149599615106,1149599615156,5590,1
5591,1149599740198,1149599740232,1149599740284,5591,1
5592,1149599865015,1149599865050,1149599865099,5592,1
5593,1149599982669,1149599982700,1149599982751,5593,1
5594,1149600190436,1149600190543,1149600190615,5594,1
5595,1149600238788,1149600238822,1149600238866,5595,1
5596,1149600363559,1149600363595,1149600363639,5596,1
5597,1149600488463,1149600488497,1149600488545,5597,1
5598,1149600613463,1149600613497,1149600613548,5598,1
5599,1149600738386,1149600738419,1149600738466,5599,1
5600,1149600863322,1149600863357,1149600863524,5600,1
5601,1149600988806,1149600988840,1149600989019,5601,1
5602,1149601113503,1149601113537,1149601113589,5602,1
5603,1149601237762,1149601237796,1149601237903,5603,1
5604,1149601363175,1149601363209,1149601363261,5604,1
5605,1149601511102,1149601511136,1149601511277,5605,1
5606,1149601615409,1149601615444,1149601615492,5606,1
5607,1149601739993,1149601740029,1149601740130,5607,1
5608,1149601864982,1149601865016,1149601865065,5608,1
5609,1149601989925,1149601989959,1149601990066,5609,1
5610,1149602114950,1149602114985,1149602115035,5610,1
5611,1149602239947,1149602239982,1149602240080,5611,1
5612,1149602365002,1149602365036,1149602365088,5612,1
5613,1149602489966,1149602490001,1149602490118,5613,1
5614,1149602615431,1149602615467,1149602615522,5614,1
5615,1149602740424,1149602740460,1149602740581,5615,1
5616,1149602865358,1149602865393,1149602865444,5616,1
5617,1149602990397,1149602990433,1149602990549,5617,1
5618,1149603115510,1149603115545,1149603115599,5618,1
5619,1149603240475,1149603240510,1149603240633,5619,1
5620,1149603365725,1149603365761,1149603365876,5620,1
5621,1149603490552,1149603490588,1149603490992,5621,1
5622,1149603615789,1149603615825,1149603615876,5622,1
5623,1149603740937,1149603740972,1149603741152,5623,1
5624,1149603865720,1149603865755,1149603865805,5624,1
5625,1149603983097,1149603983133,1149603983327,5625,1
5626,1149604122215,1149604122252,1149604122301,5626,1
5627,1149604269188,1149604269223,1149604269455,5627,1
5628,1149604364214,1149604364249,1149604364295,5628,1
5629,1149604488839,1149604488876,1149604489146,5629,1
5630,1149604613927,1149604613962,1149604614006,5630,1
5631,1149604739001,1149604739038,1149604739357,5631,1
5632,1149604863835,1149604863871,1149604863918,5632,1
5633,1149604988882,1149604988918,1149604989105,5633,1
5634,1149605136744,1149605136780,1149605136945,5634,1
5635,1149605238034,1149605238070,1149605238178,5635,1
5636,1149605365100,1149605365135,1149605365187,5636,1
5637,1149605488963,1149605488998,1149605489111,5637,1
5638,1149605613964,1149605614000,1149605614054,5638,1
5639,1149605738933,1149605738969,1149605739161,5639,1
5640,1149605863970,1149605864006,1149605864054,5640,1
5641,1149605988223,1149605988259,1149605988549,5641,1
5642,1149606161550,1149606161587,1149606161679,5642,1
5643,1149606240930,1149606240967,1149606241139,5643,1
5644,1149606365534,1149606365571,1149606365615,5644,1
5645,1149606490711,1149606490747,1149606490935,5645,1
5646,1149606615584,1149606615619,1149606615665,5646,1
5647,1149606740493,1149606740528,1149606740715,5647,1
5648,1149606865779,1149606865814,1149606865859,5648,1
5649,1149606990585,1149606990621,1149606990785,5649,1
5650,1149607115656,1149607115691,1149607115735,5650,1
5651,1149607240858,1149607240894,1149607241052,5651,1
5652,1149607365503,1149607365538,1149607365585,5652,1
5653,1149607491009,1149607491045,1149607491288,5653,1
5654,1149607615698,1149607615734,1149607615780,5654,1
5655,1149607740588,1149607740624,1149607740668,5655,1
5656,1149607865575,1149607865610,1149607865657,5656,1
5657,1149607983038,1149607983074,1149607983121,5657,1
5658,1149608120540,1149608120647,1149608120689,5658,1
5659,1149608238978,1149608239013,1149608239058,5659,1
5660,1149608363991,1149608364027,1149608364071,5660,1
5661,1149608488905,1149608488941,1149608488986,5661,1
5662,1149608613911,1149608613945,1149608613991,5662,1
5663,1149608738801,1149608738836,1149608738881,5663,1
5664,1149608863784,1149608863820,1149608863864,5664,1
5665,1149608988981,1149608989015,1149608989060,5665,1
5666,1149609113746,1149609113782,1149609113827,5666,1
5667,1149609238072,1149609238107,1149609238272,5667,1
5668,1149609367526,1149609367562,1149609367725,5668,1
5669,1149609490720,1149609490756,1149609490874,5669,1
5670,1149609615723,1149609615759,1149609615807,5670,1
5671,1149609740680,1149609740716,1149609740830,5671,1
5672,1149609865521,1149609865556,1149609865604,5672,1
5673,1149609990739,1149609990775,1149609990899,5673,1
5674,1149610115536,1149610115572,1149610115621,5674,1
5675,1149610240610,1149610240646,1149610240764,5675,1
5676,1149610365658,1149610365694,1149610365740,5676,1
5677,1149610490654,1149610490690,1149610490794,5677,1
5678,1149610615648,1149610615683,1149610615732,5678,1
5679,1149610740648,1149610740685,1149610740793,5679,1
5680,1149610865548,1149610865582,1149610865635,5680,1
5681,1149610990556,1149610990591,1149610990692,5681,1
5682,1149611115776,1149611115812,1149611115862,5682,1
5683,1149611240627,1149611240663,1149611240713,5683,1
5684,1149611365612,1149611365648,1149611365696,5684,1
5685,1149611490570,1149611490605,1149611490657,5685,1
5686,1149611616242,1149611616279,1149611616327,5686,1
5687,1149611740890,1149611740926,1149611741032,5687,1
5688,1149611865586,1149611865621,1149611865674,5688,1
5689,1149611983223,1149611983255,1149611983305,5689,1
5690,1149612122838,1149612122946,1149612123039,5690,1
5691,1149612239033,1149612239068,1149612239119,5691,1
5692,1149612364178,1149612364213,1149612364264,5692,1
5693,1149612489037,1149612489072,1149612489126,5693,1
5694,1149612614041,1149612614076,1149612614130,5694,1
5695,1149612739014,1149612739049,1149612739098,5695,1
5696,1149612863949,1149612863985,1149612864035,5696,1
5697,1149612988945,1149612988981,1149612989032,5697,1
5698,1149613114040,1149613114077,1149613114127,5698,1
5699,1149613238038,1149613238075,1149613238126,5699,1
5700,1149613364251,1149613364286,1149613364462,5700,1
5701,1149613489167,1149613489202,1149613489367,5701,1
5702,1149613614050,1149613614086,1149613614140,5702,1
5703,1149613739050,1149613739085,1149613739136,5703,1
5704,1149613863902,1149613863938,1149613863985,5704,1
5705,1149613988843,1149613988879,1149613988928,5705,1
5706,1149614113039,1149614113074,1149614113126,5706,1
5707,1149614277570,1149614277606,1149614277701,5707,1
5708,1149614364092,1149614364127,1149614364172,5708,1
5709,1149614488036,1149614488071,1149614488118,5709,1
5710,1149614620932,1149614620967,1149614621062,5710,1
5711,1149614778195,1149614778230,1149614778361,5711,1
5712,1149614863492,1149614863526,1149614863579,5712,1
5713,1149614988593,1149614988628,1149614988680,5713,1
5714,1149615113452,1149615113486,1149615113538,5714,1
5715,1149615238575,1149615238611,1149615238661,5715,1
5716,1149615363732,1149615363766,1149615363818,5716,1
5717,1149615488461,1149615488496,1149615488547,5717,1
5718,1149615612946,1149615612982,1149615613035,5718,1
5719,1149615740758,1149615740793,1149615740887,5719,1
5720,1149615908253,1149615908289,1149615908439,5720,1
5721,1149615983355,1149615983390,1149615983455,5721,1
5722,1149616120641,1149616120748,1149616120795,5722,1
5723,1149616239097,1149616239132,1149616239198,5723,1
5724,1149616364077,1149616364111,1149616364158,5724,1
5725,1149616489031,1149616489066,1149616489140,5725,1
5726,1149616613875,1149616613910,1149616613961,5726,1
5727,1149616739204,1149616739240,1149616739361,5727,1
5728,1149616863920,1149616863956,1149616864002,5728,1
5729,1149616988858,1149616988893,1149616989058,5729,1
5730,1149617113969,1149617114004,1149617114054,5730,1
5731,1149617238077,1149617238113,1149617238163,5731,1
5732,1149617365209,1149617365246,1149617365299,5732,1
5733,1149617488952,1149617488987,1149617489037,5733,1
5734,1149617629194,1149617629229,1149617629394,5734,1
5735,1149617738963,1149617738999,1149617739101,5735,1
5736,1149617863826,1149617863861,1149617863912,5736,1
5737,1149617987986,1149617988023,1149617988131,5737,1
5738,1149618237846,1149618237901,1149618237998,5738,1
5739,1149618238058,1149618238090,1149618238203,5739,1
5740,1149618369162,1149618369199,1149618369248,5740,1
5741,1149618493627,1149618493663,1149618493782,5741,1
5742,1149618621419,1149618621454,1149618621501,5742,1
5743,1149618747422,1149618747457,1149618747578,5743,1
5744,1149618871425,1149618871463,1149618871516,5744,1
5745,1149618992052,1149618992088,1149618992202,5745,1
5746,1149619116508,1149619116545,1149619116592,5746,1
5747,1149619241299,1149619241335,1149619241448,5747,1
5748,1149619365988,1149619366024,1149619366070,5748,1
5749,1149619490930,1149619490966,1149619491246,5749,1
5750,1149619615458,1149619615495,1149619615540,5750,1
5751,1149619739224,1149619739259,1149619739437,5751,1
5752,1149619874730,1149619874767,1149619874859,5752,1
5753,1149619984708,1149619984743,1149619984966,5753,1
5754,1149620121744,1149620121850,1149620121896,5754,1
5755,1149620239770,1149620239805,1149620239851,5755,1
5756,1149620364475,1149620364510,1149620364557,5756,1
5757,1149620489607,1149620489643,1149620489690,5757,1
5758,1149620614795,1149620614832,1149620614877,5758,1
5759,1149620739422,1149620739457,1149620739506,5759,1
5760,1149620864151,1149620864186,1149620864232,5760,1
5761,1149620989093,1149620989129,1149620989172,5761,1
5762,1149621113236,1149621113272,1149621113314,5762,1
5763,1149621244366,1149621244402,1149621244499,5763,1
5764,1149621364393,1149621364429,1149621364478,5764,1
5765,1149621645077,1149621645113,1149621645207,5765,1
5766,1149621645265,1149621645297,1149621645339,5766,1
5767,1149621739864,1149621739899,1149621740068,5767,1
5768,1149621863978,1149621864012,1149621864184,5768,1
5769,1149621988837,1149621988873,1149621988990,5769,1
5770,1149622113143,1149622113178,1149622113224,5770,1
5771,1149622308054,1149622308090,1149622308188,5771,1
5772,1149622365415,1149622365452,1149622365499,5772,1
5773,1149622490430,1149622490465,1149622490516,5773,1
5774,1149622615600,1149622615637,1149622615688,5774,1
5775,1149622740220,1149622740258,1149622740311,5775,1
5776,1149622865357,1149622865393,1149622865442,5776,1
5777,1149622990234,1149622990271,1149622990320,5777,1
5778,1149623115247,1149623115282,1149623115330,5778,1
5779,1149623240186,1149623240221,1149623240328,5779,1
5780,1149623365419,1149623365456,1149623365509,5780,1
5781,1149623490340,1149623490377,1149623490488,5781,1
5782,1149623615491,1149623615526,1149623615576,5782,1
5783,1149623740217,1149623740253,1149623740373,5783,1
5784,1149623865622,1149623865657,1149623865705,5784,1
5785,1149623983220,1149623983255,1149623983309,5785,1
5786,1149624121690,1149624121796,1149624121898,5786,1
5787,1149624239093,1149624239127,1149624239322,5787,1
5788,1149624364006,1149624364042,1149624364085,5788,1
5789,1149624488809,1149624488845,1149624489019,5789,1
5790,1149624613915,1149624613949,1149624613994,5790,1
5791,1149624739099,1149624739135,1149624739320,5791,1
5792,1149624884623,1149624884658,1149624884775,5792,1
5793,1149624989090,1149624989125,1149624989325,5793,1
5794,1149625113702,1149625113736,1149625113788,5794,1
5795,1149625320071,1149625320106,1149625320224,5795,1
5796,1149625364035,1149625364071,1149625364120,5796,1
5797,1149625515380,1149625515416,1149625515651,5797,1
5798,1149625615918,1149625615954,1149625616002,5798,1
5799,1149625740905,1149625740940,1149625741119,5799,1
5800,1149625865834,1149625865869,1149625866032,5800,1
5801,1149625990950,1149625990986,1149625991162,5801,1
5802,1149626115185,1149626115219,1149626115263,5802,1
5803,1149626240211,1149626240245,1149626240362,5803,1
5804,1149626365349,1149626365384,1149626365435,5804,1
5805,1149626490170,1149626490204,1149626490310,5805,1
5806,1149626615160,1149626615194,1149626615243,5806,1
5807,1149626740230,1149626740264,1149626740372,5807,1
5808,1149626865093,1149626865127,1149626865176,5808,1
5809,1149626990092,1149626990127,1149626990177,5809,1
5810,1149627115137,1149627115171,1149627115218,5810,1
5811,1149627240139,1149627240173,1149627240222,5811,1
5812,1149627365205,1149627365239,1149627365286,5812,1
5813,1149627490115,1149627490149,1149627490198,5813,1
5814,1149627615117,1149627615152,1149627615205,5814,1
5815,1149627740168,1149627740203,1149627740251,5815,1
5816,1149627883144,1149627883179,1149627883226,5816,1
5817,1149627982772,1149627982805,1149627982871,5817,1
5818,1149628121026,1149628121129,1149628121196,5818,1
5819,1149628238474,1149628238509,1149628238554,5819,1
5820,1149628363911,1149628363945,1149628364048,5820,1
5821,1149628488630,1149628488665,1149628488714,5821,1
5822,1149628613535,1149628613570,1149628613615,5822,1
5823,1149628738374,1149628738408,1149628738450,5823,1
5824,1149628863451,1149628863485,1149628863528,5824,1
5825,1149628988393,1149628988427,1149628988750,5825,1
5826,1149629115479,1149629115515,1149629115564,5826,1
5827,1149629245100,1149629245135,1149629245226,5827,1
5828,1149629366405,1149629366440,1149629366490,5828,1
5829,1149629490191,1149629490226,1149629490274,5829,1
5830,1149629615205,1149629615240,1149629615290,5830,1
5831,1149629740486,1149629740520,1149629740572,5831,1
5832,1149629865351,1149629865388,1149629865437,5832,1
5833,1149629990198,1149629990232,1149629990343,5833,1
5834,1149630115662,1149630115696,1149630115864,5834,1
5835,1149630240518,1149630240552,1149630240673,5835,1
5836,1149630365112,1149630365147,1149630365203,5836,1
5837,1149630490109,1149630490144,1149630490196,5837,1
5838,1149630615241,1149630615276,1149630615323,5838,1
5839,1149630740136,1149630740171,1149630740222,5839,1
5840,1149630865311,1149630865345,1149630865397,5840,1
5841,1149630990186,1149630990220,1149630990272,5841,1
5842,1149631114976,1149631115011,1149631115056,5842,1
5843,1149631240135,1149631240170,1149631240218,5843,1
5844,1149631365029,1149631365063,1149631365111,5844,1
5845,1149631490249,1149631490284,1149631490334,5845,1
5846,1149631615102,1149631615137,1149631615188,5846,1
5847,1149631740045,1149631740081,1149631740132,5847,1
5848,1149631865142,1149631865176,1149631865228,5848,1
5849,1149631982818,1149631982852,1149631982901,5849,1
5850,1149632120837,1149632120873,1149632120935,5850,1
5851,1149632238484,1149632238518,1149632238568,5851,1
5852,1149632363435,1149632363470,1149632363518,5852,1
5853,1149632488786,1149632488822,1149632488934,5853,1
5854,1149632613377,1149632613412,1149632613464,5854,1
5855,1149632738417,1149632738451,1149632738505,5855,1
5856,1149632863481,1149632863515,1149632863563,5856,1
5857,1149632988364,1149632988399,1149632988449,5857,1
5858,1149633113417,1149633113451,1149633113501,5858,1
5859,1149633237578,1149633237612,1149633237658,5859,1
5860,1149633363361,1149633363394,1149633363447,5860,1
5861,1149633560384,1149633560419,1149633560511,5861,1
5862,1149633613613,1149633613648,1149633613691,5862,1
5863,1149633738329,1149633738364,1149633738410,5863,1
5864,1149633863435,1149633863469,1149633863520,5864,1
5865,1149633988462,1149633988497,1149633988547,5865,1
5866,1149634114141,1149634114177,1149634114224,5866,1
5867,1149634238776,1149634238813,1149634238971,5867,1
5868,1149634429567,1149634429603,1149634429756,5868,1
5869,1149634489060,1149634489096,1149634489218,5869,1
5870,1149634613822,1149634613857,1149634613905,5870,1
5871,1149634738719,1149634738755,1149634738891,5871,1
5872,1149634863240,1149634863275,1149634863319,5872,1
5873,1149634988304,1149634988338,1149634988448,5873,1
5874,1149635113273,1149635113307,1149635113352,5874,1
5875,1149635238481,1149635238516,1149635238622,5875,1
5876,1149635363349,1149635363384,1149635363433,5876,1
5877,1149635488443,1149635488478,1149635488602,5877,1
5878,1149635612412,1149635612446,1149635612494,5878,1
5879,1149635781598,1149635781633,1149635781848,5879,1
5880,1149635872061,1149635872096,1149635872178,5880,1
5881,1149636075286,1149636075404,1149636075621,5881,1
5882,1149636177667,1149636177702,1149636177785,5882,1
5883,1149636238528,1149636238564,1149636238628,5883,1
5884,1149636363454,1149636363489,1149636363536,5884,1
5885,1149636488345,1149636488380,1149636488560,5885,1
5886,1149636613517,1149636613552,1149636613599,5886,1
5887,1149636737660,1149636737694,1149636737934,5887,1
5888,1149636887779,1149636887815,1149636887896,5888,1
5889,1149636988621,1149636988656,1149636988823,5889,1
5890,1149637113498,1149637113532,1149637113575,5890,1
5891,1149637237692,1149637237726,1149637237796,5891,1
5892,1149637364364,1149637364399,1149637364448,5892,1
5893,1149637488579,1149637488614,1149637488683,5893,1
5894,1149637614247,1149637614282,1149637614336,5894,1
5895,1149637738806,1149637738842,1149637738919,5895,1
5896,1149637863881,1149637863916,1149637863967,5896,1
5897,1149637987878,1149637987915,1149637987989,5897,1
5898,1149638122082,1149638122117,1149638122203,5898,1
5899,1149638239475,1149638239510,1149638239579,5899,1
5900,1149638364059,1149638364093,1149638364248,5900,1
5901,1149638489199,1149638489236,1149638489414,5901,1
5902,1149638613909,1149638613945,1149638613993,5902,1
5903,1149638738934,1149638738969,1149638739094,5903,1
5904,1149638863791,1149638863826,1149638863872,5904,1
5905,1149638988815,1149638988849,1149638988962,5905,1
5906,1149639113812,1149639113847,1149639113893,5906,1
5907,1149639238948,1149639238983,1149639239097,5907,1
5908,1149639363952,1149639363988,1149639364038,5908,1
5909,1149639488937,1149639488972,1149639489020,5909,1
5910,1149639613863,1149639613898,1149639613942,5910,1
5911,1149639738020,1149639738054,1149639738101,5911,1
5912,1149639874751,1149639874787,1149639874872,5912,1
5913,1149639983411,1149639983447,1149639983495,5913,1
5914,1149640146036,1149640146072,1149640146133,5914,1
5915,1149640239213,1149640239248,1149640239299,5915,1
5916,1149640363971,1149640364007,1149640364056,5916,1
5917,1149640489003,1149640489039,1149640489086,5917,1
5918,1149640613885,1149640613921,1149640613972,5918,1
5919,1149640739001,1149640739037,1149640739092,5919,1
5920,1149640864205,1149640864309,1149640864415,5920,1
5921,1149640988858,1149640988894,1149640988945,5921,1
5922,1149641113863,1149641113898,1149641113953,5922,1
5923,1149641238035,1149641238072,1149641238126,5923,1
5924,1149641365118,1149641365154,1149641365204,5924,1
5925,1149641489078,1149641489113,1149641489218,5925,1
5926,1149641613993,1149641614028,1149641614076,5926,1
5927,1149641738886,1149641738922,1149641739033,5927,1
5928,1149641863829,1149641863864,1149641863914,5928,1
5929,1149641989047,1149641989083,1149641989198,5929,1
5930,1149642113804,1149642113840,1149642113888,5930,1
5931,1149642238714,1149642238750,1149642238855,5931,1
5932,1149642363956,1149642363992,1149642364041,5932,1
5933,1149642489047,1149642489083,1149642489206,5933,1
5934,1149642613973,1149642614008,1149642614187,5934,1
5935,1149642739098,1149642739133,1149642739255,5935,1
5936,1149642863769,1149642863804,1149642863853,5936,1
5937,1149642989150,1149642989186,1149642989233,5937,1
5938,1149643113782,1149643113819,1149643113865,5938,1
5939,1149643238967,1149643239002,1149643239056,5939,1
5940,1149643363882,1149643363918,1149643363967,5940,1
5941,1149643572796,1149643572832,1149643572917,5941,1
5942,1149643614614,1149643614649,1149643614699,5942,1
5943,1149643821844,1149643821880,1149643821965,5943,1
5944,1149643866965,1149643867002,1149643867052,5944,1
5945,1149643983030,1149643983065,1149643983110,5945,1
5946,1149644120478,1149644120514,1149644120563,5946,1
5947,1149644238876,1149644238912,1149644238958,5947,1
5948,1149644363891,1149644363926,1149644363974,5948,1
5949,1149644488969,1149644489004,1149644489177,5949,1
5950,1149644614073,1149644614110,1149644614162,5950,1
5951,1149644738741,1149644738776,1149644738820,5951,1
5952,1149644863888,1149644863924,1149644863970,5952,1
5953,1149644989175,1149644989280,1149644989382,5953,1
5954,1149645113958,1149645113994,1149645114040,5954,1
5955,1149645237922,1149645237957,1149645238003,5955,1
5956,1149645364822,1149645364858,1149645364911,5956,1
5957,1149645488901,1149645488937,1149645489051,5957,1
5958,1149645613823,1149645613858,1149645613903,5958,1
5959,1149645738775,1149645738811,1149645738934,5959,1
5960,1149645864135,1149645864171,1149645864222,5960,1
5961,1149645988909,1149645988945,1149645988996,5961,1
5962,1149646135206,1149646135242,1149646135290,5962,1
5963,1149646239327,1149646239362,1149646239414,5963,1
5964,1149646363749,1149646363784,1149646363837,5964,1
5965,1149646488812,1149646488847,1149646488899,5965,1
5966,1149646613770,1149646613806,1149646613856,5966,1
5967,1149646738980,1149646739015,1149646739172,5967,1
5968,1149646864203,1149646864239,1149646864401,5968,1
5969,1149646987957,1149646987994,1149646988100,5969,1
5970,1149647123635,1149647123671,1149647123758,5970,1
5971,1149647239026,1149647239061,1149647239111,5971,1
5972,1149647431632,1149647431666,1149647431729,5972,1
5973,1149647521168,1149647521203,1149647521289,5973,1
5974,1149647614057,1149647614093,1149647614147,5974,1
5975,1149647738290,1149647738326,1149647738444,5975,1
5976,1149647874225,1149647874262,1149647874346,5976,1
5977,1149647983221,1149647983254,1149647983384,5977,1
5978,1149648120638,1149648120674,1149648120720,5978,1
5979,1149648239130,1149648239165,1149648239285,5979,1
5980,1149648363871,1149648363907,1149648363949,5980,1
5981,1149648488794,1149648488829,1149648488876,5981,1
5982,1149648613717,1149648613752,1149648613795,5982,1
5983,1149648738879,1149648738916,1149648738962,5983,1
5984,1149648863904,1149648863939,1149648863985,5984,1
5985,1149648988848,1149648988884,1149648988930,5985,1
5986,1149649113801,1149649113835,1149649113881,5986,1
5987,1149649238304,1149649238405,1149649238515,5987,1
5988,1149649435456,1149649435491,1149649435577,5988,1
5989,1149649489752,1149649489788,1149649489842,5989,1
5990,1149649613983,1149649614018,1149649614071,5990,1
5991,1149649738925,1149649738961,1149649739014,5991,1
5992,1149649863081,1149649863118,1149649863167,5992,1
5993,1149650000235,1149650000271,1149650000357,5993,1
5994,1149650115980,1149650116016,1149650116070,5994,1
5995,1149650240868,1149650240904,1149650240956,5995,1
5996,1149650365679,1149650365714,1149650365762,5996,1
5997,1149650490640,1149650490676,1149650490726,5997,1
5998,1149650615692,1149650615728,1149650615780,5998,1
5999,1149650740465,1149650740502,1149650740556,5999,1
6000,1149650865765,1149650865800,1149650865965,6000,1
6001,1149650990948,1149650990983,1149650991150,6001,1
6002,1149651115566,1149651115602,1149651115647,6002,1
6003,1149651240488,1149651240523,1149651240635,6003,1
6004,1149651365632,1149651365668,1149651365718,6004,1
6005,1149651611294,1149651611351,1149651611641,6005,1
6006,1149651620154,1149651620189,1149651620231,6006,1
6007,1149651746005,1149651746039,1149651746218,6007,1
6008,1149651870876,1149651870910,1149651870961,6008,1
6009,1149651992865,1149651992900,1149651993072,6009,1
6010,1149652127381,1149652127417,1149652127471,6010,1
6011,1149652250197,1149652250240,1149652250409,6011,1
6012,1149652373758,1149652373793,1149652373847,6012,1
6013,1149652491807,1149652491842,1149652491916,6013,1
6014,1149652653231,1149652653266,1149652653358,6014,1
6015,1149652742883,1149652742920,1149652743104,6015,1
6016,1149652866065,1149652866101,1149652866154,6016,1
6017,1149652990805,1149652990840,1149652991137,6017,1
6018,1149653115277,1149653115313,1149653115359,6018,1
6019,1149653239257,1149653239293,1149653239462,6019,1
6020,1149653365940,1149653365975,1149653366029,6020,1
6021,1149653556429,1149653556464,1149653556672,6021,1
6022,1149653615125,1149653615161,1149653615214,6022,1
6023,1149653739503,1149653739539,1149653739709,6023,1
6024,1149653864499,1149653864534,1149653864579,6024,1
6025,1149653989286,1149653989321,1149653989513,6025,1
6026,1149654114375,1149654114410,1149654114456,6026,1
6027,1149654239682,1149654239789,1149654240019,6027,1
6028,1149654364627,1149654364663,1149654364710,6028,1
6029,1149654489471,1149654489506,1149654489679,6029,1
6030,1149654614339,1149654614375,1149654614418,6030,1
6031,1149655192761,1149655192817,1149655192941,6031,1
6032,1149655192978,1149655193011,1149655193054,6032,1
6033,1149655193085,1149655193117,1149655193163,6033,1
6034,1149655193195,1149655193228,1149655193269,6034,1
6035,1149655246616,1149655246651,1149655246869,6035,1
6036,1149655367880,1149655367917,1149655367969,6036,1
6037,1149655544274,1149655544310,1149655544552,6037,1
6038,1149655622318,1149655622353,1149655622405,6038,1
6039,1149656193318,1149656193434,1149656193656,6039,1
6040,1149656193743,1149656193893,1149656193934,6040,1
6041,1149656193968,1149656194099,1149656194209,6041,1
6042,1149656194242,1149656194277,1149656194320,6042,1
6043,1149656260450,1149656260485,1149656260650,6043,1
6044,1149656370118,1149656370153,1149656370208,6044,1
6045,1149656494050,1149656494086,1149656494208,6045,1
6046,1149656619518,1149656619553,1149656619603,6046,1
6047,1149656744596,1149656744633,1149656744752,6047,1
6048,1149656864412,1149656864448,1149656864500,6048,1
6049,1149656988844,1149656988882,1149656989005,6049,1
6050,1149657113867,1149657113902,1149657113953,6050,1
6051,1149657238133,1149657238169,1149657238279,6051,1
6052,1149657364905,1149657364940,1149657364993,6052,1
6053,1149657489210,1149657489245,1149657489362,6053,1
6054,1149657613890,1149657613926,1149657614035,6054,1
6055,1149657739062,1149657739107,1149657739218,6055,1
6056,1149658031559,1149658031594,1149658031675,6056,1
6057,1149658031734,1149658031768,1149658031865,6057,1
6058,1149658118147,1149658118183,1149658118232,6058,1
6059,1149658391131,1149658391167,1149658391276,6059,1
6060,1149658397067,1149658397102,1149658397148,6060,1
6061,1149658504657,1149658504692,1149658504782,6061,1
6062,1149658618545,1149658618581,1149658618634,6062,1
6063,1149658778197,1149658778233,1149658778372,6063,1
6064,1149658868623,1149658868658,1149658868711,6064,1
6065,1149658992154,1149658992189,1149658992312,6065,1
6066,1149659117171,1149659117207,1149659117250,6066,1
6067,1149659628265,1149659628300,1149659628540,6067,1
6068,1149659628601,1149659628634,1149659628677,6068,1
6069,1149659628711,1149659628744,1149659628858,6069,1
6070,1149659628892,1149659628925,1149659628966,6070,1
6071,1149659748587,1149659748623,1149659748745,6071,1
6072,1149659872737,1149659872773,1149659872825,6072,1
6073,1149660108118,1149660108156,1149660108352,6073,1
6074,1149660108426,1149660108464,1149660108511,6074,1
6075,1149660248946,1149660248981,1149660249096,6075,1
6076,1149660371190,1149660371227,1149660371281,6076,1
6077,1149660491759,1149660491793,1149660491838,6077,1
6078,1149660616344,1149660616380,1149660616426,6078,1
6079,1149660769829,1149660769864,1149660769917,6079,1
6080,1149660866142,1149660866179,1149660866226,6080,1
6081,1149660990626,1149660990662,1149660990709,6081,1
6082,1149661114570,1149661114607,1149661114650,6082,1
6083,1149661247383,1149661247418,1149661247510,6083,1
6084,1149661437217,1149661437252,1149661437341,6084,1
6085,1149661513038,1149661513075,1149661513164,6085,1
6086,1149661615540,1149661615576,1149661615623,6086,1
6087,1149661740346,1149661740382,1149661740491,6087,1
6088,1149661864845,1149661864881,1149661864928,6088,1
6089,1149661989662,1149661989697,1149661989748,6089,1
6090,1149662114422,1149662114458,1149662114505,6090,1
6091,1149662239460,1149662239497,1149662239543,6091,1
6092,1149662423004,1149662423041,1149662423115,6092,1
6093,1149662489758,1149662489794,1149662489966,6093,1
6094,1149662614252,1149662614288,1149662614332,6094,1
6095,1149662871698,1149662871734,1149662871809,6095,1
6096,1149662871844,1149662871879,1149662871920,6096,1
6097,1149662994832,1149662994868,1149662994945,6097,1
6098,1149663119522,1149663119558,1149663119607,6098,1
6099,1149663244756,1149663244792,1149663244978,6099,1
6100,1149663371823,1149663371858,1149663372023,6100,1
6101,1149663549123,1149663549158,1149663549374,6101,1
6102,1149663718298,1149663718333,1149663718433,6102,1
6103,1149663744335,1149663744372,1149663744492,6103,1
6104,1149663881532,1149663881567,1149663881623,6104,1
6105,1149664202309,1149664202345,1149664202542,6105,1
6106,1149664202602,1149664202635,1149664202676,6106,1
6107,1149664239740,1149664239777,1149664239903,6107,1
6108,1149664368033,1149664368068,1149664368118,6108,1
6109,1149664492411,1149664492447,1149664492552,6109,1
6110,1149664616696,1149664616732,1149664616779,6110,1
6111,1149664741253,1149664741289,1149664741398,6111,1
6112,1149664866118,1149664866153,1149664866206,6112,1
6113,1149664990603,1149664990641,1149664990694,6113,1
6114,1149665114485,1149665114520,1149665114577,6114,1
6115,1149665323839,1149665323874,1149665324074,6115,1
6116,1149665365575,1149665365611,1149665365657,6116,1
6117,1149665490408,1149665490444,1149665490515,6117,1
6118,1149665630959,1149665630993,1149665631037,6118,1
6119,1149665740569,1149665740605,1149665740655,6119,1
6120,1149665864970,1149665865005,1149665865113,6120,1
6121,1149665997077,1149665997113,1149665997280,6121,1
6122,1149666152846,1149666152882,1149666152974,6122,1
6123,1149666240746,1149666240781,1149666240957,6123,1
6124,1149666374033,1149666374068,1149666374118,6124,1
6125,1149666490096,1149666490131,1149666490313,6125,1
6126,1149666614224,1149666614260,1149666614309,6126,1
6127,1149666738828,1149666738864,1149666739050,6127,1
6128,1149666863879,1149666863914,1149666863960,6128,1
6129,1149666988807,1149666988843,1149666988960,6129,1
6130,1149667113758,1149667113795,1149667113843,6130,1
6131,1149667238980,1149667239016,1149667239182,6131,1
6132,1149667651435,1149667651470,1149667651672,6132,1
6133,1149667651732,1149667651769,1149667651932,6133,1
6134,1149667651966,1149667651999,1149667652040,6134,1
6135,1149667746091,1149667746126,1149667746236,6135,1
6136,1149667871927,1149667871962,1149667872012,6136,1
6137,1149667990013,1149667990046,1149667990215,6137,1
6138,1149668127954,1149668127991,1149668128042,6138,1
6139,1149668243404,1149668243438,1149668243604,6139,1
6140,1149668363976,1149668364011,1149668364063,6140,1
6141,1149668487980,1149668488016,1149668488193,6141,1
6142,1149668642157,1149668642192,1149668642287,6142,1
6143,1149668739021,1149668739059,1149668739245,6143,1
6144,1149668863750,1149668863786,1149668863840,6144,1
6145,1149668988997,1149668989032,1149668989203,6145,1
6146,1149669112970,1149669113007,1149669113052,6146,1
6147,1149669264538,1149669264574,1149669264836,6147,1
6148,1149669365214,1149669365250,1149669365297,6148,1
6149,1149669488963,1149669488998,1149669489175,6149,1
6150,1149669612951,1149669612987,1149669613041,6150,1
6151,1149669746955,1149669746992,1149669747215,6151,1
6152,1149669863010,1149669863046,1149669863089,6152,1
6153,1149669995684,1149669995789,1149669995958,6153,1
6154,1149670113859,1149670113894,1149670113942,6154,1
6155,1149670238882,1149670238917,1149670239288,6155,1
6156,1149670363987,1149670364024,1149670364067,6156,1
6157,1149670488842,1149670488877,1149670489175,6157,1
6158,1149670614122,1149670614158,1149670614201,6158,1
6159,1149670738859,1149670738896,1149670739073,6159,1
6160,1149670864035,1149670864071,1149670864118,6160,1
6161,1149670988963,1149670989000,1149670989187,6161,1
6162,1149671113857,1149671113892,1149671113938,6162,1
6163,1149671238856,1149671238892,1149671238938,6163,1
6164,1149671362971,1149671363007,1149671363057,6164,1
6165,1149671665288,1149671665323,1149671665580,6165,1
6166,1149671665640,1149671665673,1149671665714,6166,1
6167,1149671741090,1149671741126,1149671741297,6167,1
6168,1149671866176,1149671866211,1149671866378,6168,1
6169,1149671983142,1149671983175,1149671983280,6169,1
6170,1149672120659,1149672120695,1149672120746,6170,1
6171,1149672250428,1149672250465,1149672250566,6171,1
6172,1149672364080,1149672364116,1149672364160,6172,1
6173,1149672488857,1149672488893,1149672489015,6173,1
6174,1149672613289,1149672613325,1149672613375,6174,1
6175,1149672751603,1149672751643,1149672751826,6175,1
6176,1149672910817,1149672910854,1149672910952,6176,1
6177,1149672992154,1149672992198,1149672992326,6177,1
6178,1149673123740,1149673123777,1149673123897,6178,1
6179,1149673238219,1149673238254,1149673238374,6179,1
6180,1149682045615,1149682045760,1149682046129,6180,1
6181,1149682046676,1149682046709,1149682046762,6181,1
6182,1149682046794,1149682046827,1149682046868,6182,1
6183,1149682047061,1149682047093,1149682047199,6183,1
6184,1149682047230,1149682047382,1149682047423,6184,1
6185,1149682047455,1149682047596,1149682047755,6185,1
6186,1149682047788,1149682047821,1149682047863,6186,1
6187,1149682048141,1149682048174,1149682048327,6187,1
6188,1149682048361,1149682048534,1149682048576,6188,1
6189,1149682048608,1149682048765,1149682048952,6189,1
6190,1149682048984,1149682049016,1149682049057,6190,1
6191,1149682049407,1149682049440,1149682049616,6191,1
6192,1149682049647,1149682049807,1149682049848,6192,1
6193,1149682049881,1149682049913,1149682050072,6193,1
6194,1149682050103,1149682050137,1149682050178,6194,1
6195,1149682050209,1149682050241,1149682050301,6195,1
6196,1149682050334,1149682050367,1149682050408,6196,1
6197,1149682050440,1149682050472,1149682050649,6197,1
6198,1149682050681,1149682050714,1149682050755,6198,1
6199,1149682050787,1149682050819,1149682050860,6199,1
6200,1149682050892,1149682050926,1149682050967,6200,1
6201,1149682050998,1149682051030,1149682051072,6201,1
6202,1149682051104,1149682051136,1149682051177,6202,1
6203,1149682051208,1149682051241,1149682051282,6203,1
6204,1149682051313,1149682051347,1149682051388,6204,1
6205,1149682051420,1149682051452,1149682051493,6205,1
6206,1149682051526,1149682051558,1149682051599,6206,1
6207,1149682051631,1149682051663,1149682051704,6207,1
6208,1149682051736,1149682051769,1149682051810,6208,1
6209,1149682051841,1149682051873,1149682051920,6209,1
6210,1149682051952,1149682051983,1149682052025,6210,1
6211,1149682052058,1149682052089,1149682052130,6211,1
6212,1149682052162,1149682052194,1149682052235,6212,1
6213,1149682052267,1149682052300,1149682052346,6213,1
6214,1149682052378,1149682052410,1149682052451,6214,1
6215,1149682052483,1149682052515,1149682052557,6215,1
6216,1149682052589,1149682052620,1149682052661,6216,1
6217,1149682052693,1149682052726,1149682052772,6217,1
6218,1149682052803,1149682052835,1149682052877,6218,1
6219,1149682052908,1149682052940,1149682052981,6219,1
6220,1149682053013,1149682053046,1149682053087,6220,1
6221,1149682053120,1149682053152,1149682053197,6221,1
6222,1149682053229,1149682053261,1149682053302,6222,1
6223,1149682053335,1149682053366,1149682053408,6223,1
6224,1149682053440,1149682053472,1149682053513,6224,1
6225,1149682053545,1149682053577,1149682053624,6225,1
6226,1149682053655,1149682053687,1149682053729,6226,1
6227,1149682053761,1149682053793,1149682053834,6227,1
6228,1149682053866,1149682053899,1149682053940,6228,1
6229,1149682053972,1149682054004,1149682054050,6229,1
6230,1149682054081,1149682054113,1149682054155,6230,1
6231,1149682058999,1149682059035,1149682059081,6231,1
6232,1149682059113,1149682059146,1149682059187,6232,1
6233,1149682059219,1149682059251,1149682059297,6233,1
6234,1149682059330,1149682059363,1149682059404,6234,1
6235,1149682059436,1149682059469,1149682059515,6235,1
6236,1149682059546,1149682059580,1149682059621,6236,1
6237,1149682059653,1149682059686,1149682059731,6237,1
6238,1149682059763,1149682059797,1149682059838,6238,1
6239,1149682059870,1149682059903,1149682059949,6239,1
6240,1149682059981,1149682060014,1149682060055,6240,1
6241,1149682060087,1149682060121,1149682060166,6241,1
6242,1149682060197,1149682060230,1149682060272,6242,1
6243,1149682060304,1149682060338,1149682060384,6243,1
6244,1149682060416,1149682060449,1149682060490,6244,1
6245,1149682060522,1149682060556,1149682060601,6245,1
6246,1149682060633,1149682060666,1149682060708,6246,1
6247,1149682060740,1149682060773,1149682060819,6247,1
6248,1149682060851,1149682060884,1149682060925,6248,1
6249,1149682060957,1149682060991,1149682061037,6249,1
6250,1149682123995,1149682124031,1149682124080,6250,1
6251,1149682243931,1149682243967,1149682244017,6251,1
6252,1149682368487,1149682368523,1149682368569,6252,1
6253,1149682497701,1149682497737,1149682497846,6253,1
6254,1149682621548,1149682621583,1149682621633,6254,1
6255,1149682742621,1149682742657,1149682742706,6255,1
6256,1149682866649,1149682866684,1149682866732,6256,1
6257,1149683008505,1149683008541,1149683008590,6257,1
6258,1149683116343,1149683116379,1149683116430,6258,1
6259,1149683240747,1149683240783,1149683240837,6259,1
6260,1149683365040,1149683365076,1149683365130,6260,1
6261,1149683551634,1149683551671,1149683552062,6261,1
6262,1149683615317,1149683615355,1149683615405,6262,1
6263,1149683897302,1149683897338,1149683897648,6263,1
6264,1149683897708,1149683897740,1149683897782,6264,1
6265,1149683985141,1149683985173,1149683985349,6265,1
6266,1149684122348,1149684122384,1149684122433,6266,1
6267,1149684239934,1149684239969,1149684240150,6267,1
6268,1149684365005,1149684365042,1149684365222,6268,1
6269,1149684489815,1149684489851,1149684489981,6269,1
6270,1149684613564,1149684613600,1149684613650,6270,1
6271,1149684782183,1149684782218,1149684782368,6271,1
6272,1149684864464,1149684864501,1149684864551,6272,1
6273,1149684989084,1149684989119,1149684989172,6273,1
6274,1149685114295,1149685114330,1149685114382,6274,1
6275,1149685238096,1149685238132,1149685238306,6275,1
6276,1149685367263,1149685367303,1149685367367,6276,1
6277,1149686441061,1149686441157,1149686441673,6277,1
6278,1149686441990,1149686442024,1149686442065,6278,1
6279,1149686442261,1149686442295,1149686442455,6279,1
6280,1149686442487,1149686442527,1149686442568,6280,1
6281,1149686442600,1149686442834,1149686443024,6281,1
6282,1149686443057,1149686443090,1149686443131,6282,1
6283,1149686443201,1149686443234,1149686443412,6283,1
6284,1149686443443,1149686443477,1149686443518,6284,1
6285,1149686827042,1149686827103,1149686827398,6285,1
6286,1149686827562,1149686827595,1149686827637,6286,1
6287,1149686827886,1149686827917,1149686828073,6287,1
6288,1149686872604,1149686872640,1149686872690,6288,1
6289,1149686995978,1149686996014,1149686996209,6289,1
6290,1149687119939,1149687119976,1149687120029,6290,1
6291,1149687243554,1149687243589,1149687243779,6291,1
6292,1149687367832,1149687367869,1149687367922,6292,1
6293,1149687559256,1149687559292,1149687559530,6293,1
6294,1149687616711,1149687616746,1149687616792,6294,1
6295,1149687740789,1149687740823,1149687741008,6295,1
6296,1149687865879,1149687865916,1149687865961,6296,1
6297,1149687983050,1149687983083,1149687983264,6297,1
6298,1149688182729,1149688182835,1149688182909,6298,1
6299,1149688239826,1149688239862,1149688240049,6299,1
6300,1149688363912,1149688363948,1149688364106,6300,1
6301,1149688489161,1149688489196,1149688489358,6301,1
6302,1149688614259,1149688614295,1149688614341,6302,1
6303,1149688738594,1149688738628,1149688738741,6303,1
6304,1149688864238,1149688864273,1149688864318,6304,1
6305,1149688989145,1149688989181,1149688989280,6305,1
6306,1149689113472,1149689113507,1149689113549,6306,1
6307,1149689237697,1149689237732,1149689237837,6307,1
6308,1149689371822,1149689371858,1149689371905,6308,1
6309,1149689546981,1149689547016,1149689547169,6309,1
6310,1149689613567,1149689613601,1149689613645,6310,1
6311,1149689738681,1149689738715,1149689738834,6311,1
6312,1149689862554,1149689862589,1149689862635,6312,1
6313,1149689998045,1149689998081,1149689998238,6313,1
6314,1149690831827,1149690831861,1149690831910,6314,1
6315,1149690832085,1149690832117,1149690832218,6315,1
6316,1149690837449,1149690837484,1149690837591,6316,1
6317,1149690837632,1149690837664,1149690837773,6317,1
6318,1149690837806,1149690837838,1149690837878,6318,1
6319,1149690837909,1149690837939,1149690838043,6319,1
6320,1149690868574,1149690868609,1149690868657,6320,1
6321,1149691002715,1149691002756,1149691002940,6321,1
6322,1149691129579,1149691129615,1149691129671,6322,1
6323,1149691247590,1149691247625,1149691247832,6323,1
6324,1149691368474,1149691368508,1149691368561,6324,1
6325,1149691562380,1149691562415,1149691562705,6325,1
6326,1149691615597,1149691615632,1149691615682,6326,1
6327,1149691740300,1149691740334,1149691740544,6327,1
6328,1149691871086,1149691871120,1149691871169,6328,1
6329,1149691982821,1149691982854,1149691983028,6329,1
6330,1149692124039,1149692124146,1149692124197,6330,1
6331,1149692238605,1149692238639,1149692238747,6331,1
6332,1149692363592,1149692363626,1149692363674,6332,1
6333,1149692488514,1149692488549,1149692488756,6333,1
6334,1149692613521,1149692613556,1149692613722,6334,1
6335,1149692738780,1149692738815,1149692738994,6335,1
6336,1149692863815,1149692863849,1149692863900,6336,1
6337,1149692989130,1149692989165,1149692989273,6337,1
6338,1149693113751,1149693113786,1149693113836,6338,1
6339,1149693237546,1149693237582,1149693237705,6339,1
6340,1149693379472,1149693379507,1149693379556,6340,1
6341,1149693488781,1149693488816,1149693488867,6341,1
6342,1149693613521,1149693613555,1149693613607,6342,1
6343,1149693744934,1149693744968,1149693745035,6343,1
6344,1149693863514,1149693863548,1149693863594,6344,1
6345,1149693988358,1149693988394,1149693988504,6345,1
6346,1149694113410,1149694113444,1149694113493,6346,1
6347,1149694238290,1149694238325,1149694238429,6347,1
6348,1149694363393,1149694363427,1149694363472,6348,1
6349,1149694488821,1149694488856,1149694488975,6349,1
6350,1149694613787,1149694613822,1149694613869,6350,1
6351,1149694738739,1149694738775,1149694738898,6351,1
6352,1149694863880,1149694863916,1149694863962,6352,1
6353,1149694989292,1149694989328,1149694989432,6353,1
6354,1149695113913,1149695113949,1149695113994,6354,1
6355,1149695238953,1149695238989,1149695239039,6355,1
6356,1149695362871,1149695362906,1149695362954,6356,1
6357,1149695571818,1149695571853,1149695571972,6357,1
6358,1149695615878,1149695615915,1149695615962,6358,1
6359,1149695740841,1149695740878,1149695740933,6359,1
6360,1149695865578,1149695865614,1149695865662,6360,1
6361,1149695983248,1149695983282,1149695983331,6361,1
6362,1149696121219,1149696121322,1149696121431,6362,1
6363,1149696239113,1149696239148,1149696239194,6363,1
6364,1149696363312,1149696363348,1149696363391,6364,1
6365,1149696710162,1149696710198,1149696710409,6365,1
6366,1149696710470,1149696710503,1149696710544,6366,1
6367,1149696745982,1149696746017,1149696746133,6367,1
6368,1149696870314,1149696870350,1149696870528,6368,1
6369,1149696994848,1149696994884,1149696995007,6369,1
6370,1149697154354,1149697154389,1149697154479,6370,1
6371,1149697238207,1149697238241,1149697238293,6371,1
6372,1149697365227,1149697365263,1149697365316,6372,1
6373,1149697488873,1149697488908,1149697488956,6373,1
6374,1149697613851,1149697613886,1149697613939,6374,1
6375,1149697738797,1149697738832,1149697738945,6375,1
6376,1149697863745,1149697863781,1149697863835,6376,1
6377,1149698024632,1149698024667,1149698024773,6377,1
6378,1149698113629,1149698113663,1149698113714,6378,1
6379,1149698245713,1149698245749,1149698245897,6379,1
6380,1149698364150,1149698364186,1149698364234,6380,1
6381,1149698488966,1149698489001,1149698489126,6381,1
6382,1149698614037,1149698614074,1149698614117,6382,1
6383,1149698738869,1149698738905,1149698739030,6383,1
6384,1149698863986,1149698864022,1149698864069,6384,1
6385,1149698988817,1149698988852,1149698988968,6385,1
6386,1149699114267,1149699114302,1149699114353,6386,1
6387,1149699239199,1149699239234,1149699239402,6387,1
6388,1149699363111,1149699363147,1149699363201,6388,1
6389,1149699551893,1149699551928,1149699552242,6389,1
6390,1149699614119,1149699614155,1149699614208,6390,1
6391,1149699737941,1149699737977,1149699738148,6391,1
6392,1149699881035,1149699881070,1149699881161,6392,1
6393,1149700022313,1149700022419,1149700022641,6393,1
6394,1149700114321,1149700114356,1149700114407,6394,1
6395,1149700239854,1149700239890,1149700240092,6395,1
6396,1149700363988,1149700364024,1149700364073,6396,1
6397,1149700488834,1149700488870,1149700489034,6397,1
6398,1149700613967,1149700614002,1149700614054,6398,1
6399,1149700738781,1149700738817,1149700738986,6399,1
6400,1149700863804,1149700863840,1149700864010,6400,1
6401,1149700989414,1149700989449,1149700989613,6401,1
6402,1149701120682,1149701120718,1149701120769,6402,1
6403,1149701238290,1149701238326,1149701238505,6403,1
6404,1149701366863,1149701366899,1149701366952,6404,1
6405,1149701490970,1149701491007,1149701491199,6405,1
6406,1149701615643,1149701615678,1149701615733,6406,1
6407,1149701740653,1149701740689,1149701740887,6407,1
6408,1149701865539,1149701865575,1149701865622,6408,1
6409,1149701990557,1149701990593,1149701990772,6409,1
6410,1149702115574,1149702115610,1149702115660,6410,1
6411,1149702240800,1149702240835,1149702241014,6411,1
6412,1149702365612,1149702365647,1149702365701,6412,1
6413,1149702490653,1149702490688,1149702490880,6413,1
6414,1149702615750,1149702615786,1149702615837,6414,1
6415,1149702740597,1149702740634,1149702740683,6415,1
6416,1149702865568,1149702865604,1149702865658,6416,1
6417,1149702990559,1149702990595,1149702990645,6417,1
6418,1149703115528,1149703115564,1149703115610,6418,1
6419,1149703240692,1149703240727,1149703240779,6419,1
6420,1149703366090,1149703366125,1149703366234,6420,1
6421,1149703557304,1149703557338,1149703557392,6421,1
6422,1149703615726,1149703615762,1149703615810,6422,1
6423,1149703740725,1149703740761,1149703740815,6423,1
6424,1149703865748,1149703865783,1149703865831,6424,1
6425,1149703982863,1149703982896,1149703982944,6425,1
6426,1149704121784,1149704121893,1149704121941,6426,1
6427,1149704238926,1149704238963,1149704239014,6427,1
6428,1149704364136,1149704364172,1149704364223,6428,1
6429,1149704488798,1149704488833,1149704488884,6429,1
6430,1149704614056,1149704614091,1149704614137,6430,1
6431,1149704738952,1149704738988,1149704739041,6431,1
6432,1149704863818,1149704863854,1149704863903,6432,1
6433,1149704988810,1149704988846,1149704989095,6433,1
6434,1149705128380,1149705128415,1149705128587,6434,1
6435,1149705237911,1149705237947,1149705238051,6435,1
6436,1149705366611,1149705366647,1149705366697,6436,1
6437,1149705500024,1149705500060,1149705500178,6437,1
6438,1149705616256,1149705616292,1149705616347,6438,1
6439,1149705740328,1149705740363,1149705740483,6439,1
6440,1149705865347,1149705865382,1149705865430,6440,1
6441,1149705990271,1149705990307,1149705990428,6441,1
6442,1149706115266,1149706115303,1149706115349,6442,1
6443,1149706240362,1149706240398,1149706240523,6443,1
6444,1149706365194,1149706365229,1149706365278,6444,1
6445,1149706490742,1149706490778,1149706490886,6445,1
6446,1149706615617,1149706615652,1149706615704,6446,1
6447,1149706740729,1149706740765,1149706740810,6447,1
6448,1149706865623,1149706865658,1149706865709,6448,1
6449,1149706990527,1149706990563,1149706990616,6449,1
6450,1149707115670,1149707115705,1149707115757,6450,1
6451,1149707240616,1149707240651,1149707240706,6451,1
6452,1149707365624,1149707365660,1149707365709,6452,1
6453,1149707868294,1149707868338,1149707868614,6453,1
6454,1149707868932,1149707868965,1149707869011,6454,1
6455,1149707869176,1149707869209,1149707869386,6455,1
6456,1149707869418,1149707869548,1149707869588,6456,1
6457,1149708487692,1149708487797,1149708488070,6457,1
6458,1149708488439,1149708488471,1149708488512,6458,1
6459,1149708488686,1149708488718,1149708488898,6459,1
6460,1149708488930,1149708489063,1149708489105,6460,1
6461,1149708499191,1149708499231,1149708499407,6461,1
6462,1149708617078,1149708617114,1149708617201,6462,1
6463,1149708739083,1149708739118,1149708739298,6463,1
6464,1149708864041,1149708864075,1149708864120,6464,1
6465,1149708988886,1149708988922,1149708989099,6465,1
6466,1149709113865,1149709113901,1149709113944,6466,1
6467,1149709238048,1149709238084,1149709238261,6467,1
6468,1149709365388,1149709365424,1149709365597,6468,1
6469,1149709488890,1149709488925,1149709489023,6469,1
6470,1149709614268,1149709614303,1149709614354,6470,1
6471,1149709739017,1149709739052,1149709739152,6471,1
6472,1149709863077,1149709863113,1149709863160,6472,1
6473,1149709997486,1149709997522,1149709997665,6473,1
6474,1149710113901,1149710113936,1149710113987,6474,1
6475,1149710238970,1149710239007,1149710239052,6475,1
6476,1149710364104,1149710364139,1149710364182,6476,1
6477,1149710488810,1149710488845,1149710489037,6477,1
6478,1149710613820,1149710613855,1149710613899,6478,1
6479,1149710738855,1149710738890,1149710739004,6479,1
6480,1149710863795,1149710863831,1149710863876,6480,1
6481,1149710988884,1149710988919,1149710989037,6481,1
6482,1149711113760,1149711113795,1149711113841,6482,1
6483,1149711238916,1149711238951,1149711239064,6483,1
6484,1149711363133,1149711363169,1149711363224,6484,1
6485,1149711552347,1149711552382,1149711552472,6485,1
6486,1149711616428,1149711616464,1149711616510,6486,1
6487,1149711741301,1149711741336,1149711741444,6487,1
6488,1149711941372,1149711941407,1149711941483,6488,1
6489,1149711983952,1149711983985,1149711984036,6489,1
6490,1149712159150,1149712159255,1149712159344,6490,1
6491,1149712239148,1149712239184,1149712239238,6491,1
6492,1149712364118,1149712364155,1149712364205,6492,1
6493,1149712488069,1149712488104,1149712488298,6493,1
6494,1149712660670,1149712660705,1149712660793,6494,1
6495,1149712739754,1149712739789,1149712739998,6495,1
6496,1149712863964,1149712863999,1149712864043,6496,1
6497,1149712988924,1149712988960,1149712989077,6497,1
6498,1149713113824,1149713113859,1149713113907,6498,1
6499,1149713237914,1149713237950,1149713238124,6499,1
6500,1149713364923,1149713364958,1149713365138,6500,1
6501,1149713489340,1149713489377,1149713489545,6501,1
6502,1149713613908,1149713613944,1149713613995,6502,1
6503,1149713739002,1149713739038,1149713739143,6503,1
6504,1149713863190,1149713863225,1149713863269,6504,1
6505,1149713996010,1149713996044,1149713996195,6505,1
6506,1149714114052,1149714114089,1149714114143,6506,1
6507,1149714238118,1149714238153,1149714238267,6507,1
6508,1149714371379,1149714371414,1149714371502,6508,1
6509,1149714488960,1149714488995,1149714489113,6509,1
6510,1149714613764,1149714613801,1149714613848,6510,1
6511,1149714787043,1149714787078,1149714787204,6511,1
6512,1149714864042,1149714864076,1149714864120,6512,1
6513,1149714988850,1149714988886,1149714988996,6513,1
6514,1149715113910,1149715113946,1149715113997,6514,1
6515,1149715237936,1149715237973,1149715238099,6515,1
6516,1149715393562,1149715393598,1149715393685,6516,1
6517,1149715552533,1149715552569,1149715552819,6517,1
6518,1149715614185,1149715614221,1149715614273,6518,1
6519,1149715738243,1149715738279,1149715738391,6519,1
6520,1149715884332,1149715884368,1149715884529,6520,1
6521,1149715983053,1149715983086,1149715983212,6521,1
6522,1149716122119,1149716122226,1149716122278,6522,1
6523,1149716239045,1149716239080,1149716239198,6523,1
6524,1149716363805,1149716363841,1149716363885,6524,1
6525,1149716488855,1149716488891,1149716489000,6525,1
6526,1149716616014,1149716616051,1149716616094,6526,1
6527,1149716738862,1149716738897,1149716739006,6527,1
6528,1149716863827,1149716863865,1149716863920,6528,1
6529,1149716989020,1149716989056,1149716989160,6529,1
6530,1149717113833,1149717113868,1149717113914,6530,1
6531,1149717237964,1149717237999,1149717238111,6531,1
6532,1149717364882,1149717364919,1149717364980,6532,1
6533,1149717489040,1149717489077,1149717489265,6533,1
6534,1149717637019,1149717637054,1149717637247,6534,1
6535,1149717741402,1149717741438,1149717741556,6535,1
6536,1149717863826,1149717863862,1149717863918,6536,1
6537,1149717988984,1149717989020,1149717989145,6537,1
6538,1149718113777,1149718113813,1149718113865,6538,1
6539,1149718238911,1149718238947,1149718239076,6539,1
6540,1149718363857,1149718363893,1149718363941,6540,1
6541,1149718488835,1149718488870,1149718488979,6541,1
6542,1149718697647,1149718697702,1149718697792,6542,1
6543,1149718739665,1149718739701,1149718739814,6543,1
6544,1149718863918,1149718863953,1149718864003,6544,1
6545,1149718988875,1149718988910,1149718989098,6545,1
6546,1149719114092,1149719114127,1149719114178,6546,1
6547,1149719238727,1149719238762,1149719238942,6547,1
6548,1149719364048,1149719364083,1149719364139,6548,1
6549,1149720297681,1149720297789,1149720298198,6549,1
6550,1149720298529,1149720298562,1149720298603,6550,1
6551,1149720298837,1149720298868,1149720299017,6551,1
6552,1149720299049,1149720299088,1149720299129,6552,1
6553,1149720299161,1149720299377,1149720299562,6553,1
6554,1149720299593,1149720299626,1149720299666,6554,1
6555,1149720299922,1149720299954,1149720300128,6555,1
6556,1149720755794,1149720755919,1149720756232,6556,1
6557,1149720756567,1149720756807,1149720756953,6557,1
6558,1149720756984,1149720757014,1149720757056,6558,1
6559,1149720757322,1149720757354,1149720757512,6559,1
6560,1149720872221,1149720872256,1149720872302,6560,1
6561,1149720993901,1149720993937,1149720994112,6561,1
6562,1149721118517,1149721118551,1149721118598,6562,1
6563,1149721241212,1149721241246,1149721241428,6563,1
6564,1149721374153,1149721374187,1149721374235,6564,1
6565,1149721492031,1149721492066,1149721492112,6565,1
6566,1149721615353,1149721615388,1149721615440,6566,1
6567,1149721878004,1149721878038,1149721878319,6567,1
6568,1149721878431,1149721878648,1149721878688,6568,1
6569,1149722052659,1149722052694,1149722052851,6569,1
6570,1149722122806,1149722122840,1149722122894,6570,1
6571,1149722250230,1149722250266,1149722250429,6571,1
6572,1149722372235,1149722372271,1149722372316,6572,1
6573,1149722497562,1149722497596,1149722497696,6573,1
6574,1149722617852,1149722617887,1149722617934,6574,1
6575,1149722742149,1149722742184,1149722742287,6575,1
6576,1149722866813,1149722866847,1149722866900,6576,1
6577,1149722991666,1149722991701,1149722991812,6577,1
6578,1149723116257,1149723116291,1149723116341,6578,1
6579,1149723241245,1149723241280,1149723241383,6579,1
6580,1149723366087,1149723366122,1149723366169,6580,1
6581,1149723565800,1149723565835,1149723565975,6581,1
6582,1149723616128,1149723616163,1149723616208,6582,1
6583,1149723740883,1149723740917,1149723741030,6583,1
6584,1149723865447,1149723865482,1149723865533,6584,1
6585,1149723983004,1149723983036,1149723983138,6585,1
6586,1149724121292,1149724121398,1149724121444,6586,1
6587,1149724238825,1149724238860,1149724239027,6587,1
6588,1149724363769,1149724363804,1149724363853,6588,1
6589,1149724488515,1149724488549,1149724488665,6589,1
6590,1149724613602,1149724613637,1149724613683,6590,1
6591,1149724738702,1149724738736,1149724738790,6591,1
6592,1149724881049,1149724881085,1149724881136,6592,1
6593,1149724988597,1149724988632,1149724988681,6593,1
6594,1149725113410,1149725113445,1149725113493,6594,1
6595,1149725237435,1149725237470,1149725237523,6595,1
6596,1149725366599,1149725366634,1149725366683,6596,1
6597,1149725490184,1149725490219,1149725490271,6597,1
6598,1149725615077,1149725615112,1149725615161,6598,1
6599,1149725739882,1149725739916,1149725740024,6599,1
6600,1149725865305,1149725865340,1149725865500,6600,1
6601,1149725990557,1149725990594,1149725990760,6601,1
6602,1149726115305,1149726115341,1149726115391,6602,1
6603,1149726240424,1149726240460,1149726240564,6603,1
6604,1149726365707,1149726365742,1149726365789,6604,1
6605,1149726490400,1149726490435,1149726490549,6605,1
6606,1149726615412,1149726615449,1149726615494,6606,1
6607,1149726740340,1149726740374,1149726740493,6607,1
6608,1149726865422,1149726865457,1149726865509,6608,1
6609,1149726990331,1149726990367,1149726990411,6609,1
6610,1149727115757,1149727115792,1149727115838,6610,1
6611,1149727240575,1149727240610,1149727240667,6611,1
6612,1149727365788,1149727365823,1149727365872,6612,1
6613,1149727555688,1149727555723,1149727555773,6613,1
6614,1149727615723,1149727615760,1149727615805,6614,1
6615,1149727740566,1149727740601,1149727740647,6615,1
6616,1149727871139,1149727871174,1149727871227,6616,1
6617,1149727983021,1149727983053,1149727983107,6617,1
6618,1149728120795,1149728120831,1149728120882,6618,1
6619,1149728238892,1149728238928,1149728238976,6619,1
6620,1149728364300,1149728364405,1149728364511,6620,1
6621,1149728489044,1149728489079,1149728489130,6621,1
6622,1149728613911,1149728613949,1149728614002,6622,1
6623,1149728738748,1149728738784,1149728738836,6623,1
6624,1149728863783,1149728863820,1149728863873,6624,1
6625,1149728989045,1149728989080,1149728989132,6625,1
6626,1149729113710,1149729113746,1149729113796,6626,1
6627,1149729238019,1149729238055,1149729238106,6627,1
6628,1149729366990,1149729367026,1149729367077,6628,1
6629,1149729490717,1149729490752,1149729490861,6629,1
6630,1149729615763,1149729615799,1149729615844,6630,1
6631,1149729740725,1149729740761,1149729740872,6631,1
6632,1149729865655,1149729865691,1149729865741,6632,1
6633,1149729990664,1149729990701,1149729990863,6633,1
6634,1149730133535,1149730133571,1149730133731,6634,1
6635,1149730240688,1149730240723,1149730240834,6635,1
6636,1149730365746,1149730365781,1149730365827,6636,1
6637,1149730490642,1149730490677,1149730490787,6637,1
6638,1149730615841,1149730615877,1149730615924,6638,1
6639,1149730740560,1149730740597,1149730740707,6639,1
6640,1149730865569,1149730865606,1149730865648,6640,1
6641,1149730990676,1149730990711,1149730990835,6641,1
6642,1149731115740,1149731115776,1149731115827,6642,1
6643,1149731280400,1149731280435,1149731280551,6643,1
6644,1149731365695,1149731365732,1149731365778,6644,1
6645,1149731490936,1149731490973,1149731491356,6645,1
6646,1149731615702,1149731615737,1149731615786,6646,1
6647,1149731740942,1149731740977,1149731741262,6647,1
6648,1149731882134,1149731882170,1149731882220,6648,1
6649,1149731983003,1149731983036,1149731983305,6649,1
6650,1149732120784,1149732120820,1149732120870,6650,1
6651,1149732239061,1149732239096,1149732239359,6651,1
6652,1149732363880,1149732363916,1149732363966,6652,1
6653,1149732489299,1149732489401,1149732489509,6653,1
6654,1149732613874,1149732613910,1149732613962,6654,1
6655,1149732739482,1149732739518,1149732739568,6655,1
6656,1149732863849,1149732863885,1149732863937,6656,1
6657,1149732988948,1149732988984,1149732989032,6657,1
6658,1149733113903,1149733113939,1149733113992,6658,1
6659,1149733237839,1149733237875,1149733237928,6659,1
6660,1149733366881,1149733366917,1149733366969,6660,1
6661,1149733490563,1149733490599,1149733490649,6661,1
6662,1149733615740,1149733615776,1149733615824,6662,1
6663,1149733740840,1149733740875,1149733740929,6663,1
6664,1149733865675,1149733865710,1149733865758,6664,1
6665,1149733990628,1149733990664,1149733990714,6665,1
6666,1149734115584,1149734115621,1149734115668,6666,1
6667,1149734240648,1149734240685,1149734240850,6667,1
6668,1149734366406,1149734366443,1149734366598,6668,1
6669,1149734490973,1149734491008,1149734491131,6669,1
6670,1149734615498,1149734615534,1149734615581,6670,1
6671,1149734740686,1149734740722,1149734740841,6671,1
6672,1149734865642,1149734865677,1149734865722,6672,1
6673,1149734990619,1149734990654,1149734990760,6673,1
6674,1149735115856,1149735115891,1149735115936,6674,1
6675,1149735240742,1149735240778,1149735240891,6675,1
6676,1149735365629,1149735365665,1149735365709,6676,1
6677,1149735490784,1149735490820,1149735490930,6677,1
6678,1149735615585,1149735615622,1149735615666,6678,1
6679,1149735740658,1149735740692,1149735740740,6679,1
6680,1149735865672,1149735865707,1149735865751,6680,1
6681,1149735982844,1149735982876,1149735982929,6681,1
6682,1149736120656,1149736120693,1149736120738,6682,1
6683,1149736238747,1149736238783,1149736238826,6683,1
6684,1149736363783,1149736363818,1149736363862,6684,1
6685,1149736488860,1149736488897,1149736488943,6685,1
6686,1149736613875,1149736613910,1149736613954,6686,1
6687,1149736738966,1149736739066,1149736739170,6687,1
6688,1149736864081,1149736864117,1149736864165,6688,1
6689,1149736988937,1149736988971,1149736989019,6689,1
6690,1149737115991,1149737116027,1149737116073,6690,1
6691,1149737238220,1149737238256,1149737238300,6691,1
6692,1149737366794,1149737366830,1149737366881,6692,1
6693,1149737490787,1149737490823,1149737490874,6693,1
6694,1149737615687,1149737615723,1149737615771,6694,1
6695,1149737740724,1149737740759,1149737740813,6695,1
6696,1149737865586,1149737865620,1149737865675,6696,1
6697,1149737990863,1149737990900,1149737990950,6697,1
6698,1149738115951,1149738115988,1149738116036,6698,1
6699,1149738240877,1149738240913,1149738240956,6699,1
6700,1149738365543,1149738365578,1149738365749,6700,1
6701,1149738490778,1149738490814,1149738490990,6701,1
6702,1149738615625,1149738615660,1149738615703,6702,1
6703,1149738740783,1149738740819,1149738740870,6703,1
6704,1149738865588,1149738865624,1149738865671,6704,1
6705,1149738990642,1149738990678,1149738990724,6705,1
6706,1149739115517,1149739115552,1149739115596,6706,1
6707,1149739240636,1149739240672,1149739240718,6707,1
6708,1149739365820,1149739365856,1149739365899,6708,1
6709,1149739490655,1149739490691,1149739490736,6709,1
6710,1149739615626,1149739615662,1149739615712,6710,1
6711,1149739740653,1149739740688,1149739740735,6711,1
6712,1149739865526,1149739865563,1149739865610,6712,1
6713,1149739983094,1149739983126,1149739983173,6713,1
6714,1149740138192,1149740138227,1149740138277,6714,1
6715,1149740238665,1149740238700,1149740238750,6715,1
6716,1149740363559,1149740363595,1149740363644,6716,1
6717,1149740488371,1149740488407,1149740488459,6717,1
6718,1149740613484,1149740613517,1149740613567,6718,1
6719,1149740738500,1149740738534,1149740738583,6719,1
6720,1149740863788,1149740863891,1149740864006,6720,1
6721,1149740988488,1149740988524,1149740988573,6721,1
6722,1149741113556,1149741113590,1149741113643,6722,1
6723,1149741237744,1149741237779,1149741237826,6723,1
6724,1149741366428,1149741366463,1149741366511,6724,1
6725,1149741490282,1149741490316,1149741490368,6725,1
6726,1149741615694,1149741615728,1149741615780,6726,1
6727,1149741740264,1149741740299,1149741740350,6727,1
6728,1149741865208,1149741865242,1149741865291,6728,1
6729,1149741990345,1149741990380,1149741990431,6729,1
6730,1149742116766,1149742116800,1149742116852,6730,1
6731,1149742240843,1149742240878,1149742240929,6731,1
6732,1149742365762,1149742365798,1149742365848,6732,1
6733,1149742490840,1149742490875,1149742490924,6733,1
6734,1149742615564,1149742615600,1149742615765,6734,1
6735,1149742740882,1149742740917,1149742741017,6735,1
6736,1149742865702,1149742865737,1149742865784,6736,1
6737,1149742990629,1149742990666,1149742990768,6737,1
6738,1149743115617,1149743115652,1149743115704,6738,1
6739,1149743240645,1149743240681,1149743240785,6739,1
6740,1149743365756,1149743365791,1149743365839,6740,1
6741,1149743490734,1149743490770,1149743490879,6741,1
6742,1149743615446,1149743615481,1149743615525,6742,1
6743,1149743740547,1149743740582,1149743740634,6743,1
6744,1149743865656,1149743865691,1149743865739,6744,1
6745,1149743983050,1149743983082,1149743983136,6745,1
6746,1149744120528,1149744120563,1149744120608,6746,1
6747,1149744239145,1149744239180,1149744239231,6747,1
6748,1149744363943,1149744363979,1149744364028,6748,1
6749,1149744488894,1149744488930,1149744488980,6749,1
6750,1149744613896,1149744613932,1149744613985,6750,1
6751,1149744738898,1149744738934,1149744738988,6751,1
6752,1149744863843,1149744863879,1149744863932,6752,1
6753,1149744989180,1149744989286,1149744989396,6753,1
6754,1149745113816,1149745113853,1149745113901,6754,1
6755,1149745238065,1149745238100,1149745238149,6755,1
6756,1149745364149,1149745364184,1149745364235,6756,1
6757,1149745548078,1149745548115,1149745548210,6757,1
6758,1149745615770,1149745615806,1149745615854,6758,1
6759,1149745740498,1149745740532,1149745740581,6759,1
6760,1149745865442,1149745865478,1149745865527,6760,1
6761,1149745990320,1149745990356,1149745990404,6761,1
6762,1149746115346,1149746115381,1149746115429,6762,1
6763,1149746240451,1149746240487,1149746240540,6763,1
6764,1149746365515,1149746365551,1149746365604,6764,1
6765,1149746490394,1149746490430,1149746490480,6765,1
6766,1149746615503,1149746615539,1149746615593,6766,1
6767,1149746740444,1149746740481,1149746740646,6767,1
6768,1149746865670,1149746865707,1149746865870,6768,1
6769,1149746990209,1149746990244,1149746990344,6769,1
6770,1149747115626,1149747115661,1149747115709,6770,1
6771,1149747240570,1149747240606,1149747240710,6771,1
6772,1149747365722,1149747365759,1149747365810,6772,1
6773,1149747490820,1149747490855,1149747491189,6773,1
6774,1149747615530,1149747615566,1149747615618,6774,1
6775,1149747740523,1149747740559,1149747740747,6775,1
6776,1149747865702,1149747865738,1149747865785,6776,1
6777,1149747983039,1149747983071,1149747983237,6777,1
6778,1149748120779,1149748120815,1149748120861,6778,1
6779,1149748287734,1149748287771,1149748287957,6779,1
6780,1149748364158,1149748364193,1149748364241,6780,1
6781,1149748488920,1149748488956,1149748489135,6781,1
6782,1149748613972,1149748614007,1149748614055,6782,1
6783,1149748739091,1149748739127,1149748739306,6783,1
6784,1149748863914,1149748863950,1149748864001,6784,1
6785,1149748989009,1149748989044,1149748989270,6785,1
6786,1149749113180,1149749113217,1149749113259,6786,1
6787,1149749245186,1149749245222,1149749245495,6787,1
6788,1149749365148,1149749365184,1149749365234,6788,1
6789,1149749489071,1149749489108,1149749489449,6789,1
6790,1149749613845,1149749613880,1149749613931,6790,1
6791,1149749737916,1149749737953,1149749738130,6791,1
6792,1149749986055,1149749986090,1149749986185,6792,1
6793,1149749986245,1149749986277,1149749986646,6793,1
6794,1149750115483,1149750115517,1149750115565,6794,1
6795,1149750240614,1149750240648,1149750240840,6795,1
6796,1149750365624,1149750365660,1149750365710,6796,1
6797,1149750493079,1149750493113,1149750493286,6797,1
6798,1149750615628,1149750615663,1149750615710,6798,1
6799,1149750740527,1149750740564,1149750740836,6799,1
6800,1149750865577,1149750865613,1149750865656,6800,1
6801,1149750991336,1149750991372,1149750991532,6801,1
6802,1149751115909,1149751115946,1149751115990,6802,1
6803,1149751240564,1149751240600,1149751240646,6803,1
6804,1149751365822,1149751365857,1149751365901,6804,1
6805,1149751490853,1149751490889,1149751490937,6805,1
6806,1149751615733,1149751615769,1149751615816,6806,1
6807,1149751746901,1149751746937,1149751746983,6807,1
6808,1149751865627,1149751865662,1149751865710,6808,1
6809,1149751982920,1149751982953,1149751983002,6809,1
6810,1149752119566,1149752119600,1149752119656,6810,1
6811,1149752360649,1149752360684,1149752360804,6811,1
6812,1149752360861,1149752361090,1149752361131,6812,1
6813,1149752494922,1149752494957,1149752495011,6813,1
6814,1149752618745,1149752618780,1149752618829,6814,1
6815,1149752744905,1149752744947,1149752745010,6815,1
6816,1149752921708,1149752921743,1149752921858,6816,1
6817,1149752996545,1149752996579,1149752996626,6817,1
6818,1149753120038,1149753120073,1149753120126,6818,1
6819,1149753246810,1149753246846,1149753247098,6819,1
6820,1149753367268,1149753367373,1149753367479,6820,1
6821,1149753514212,1149753514248,1149753514578,6821,1
6822,1149753616547,1149753616581,1149753616624,6822,1
6823,1149753740635,1149753740669,1149753740850,6823,1
6824,1149753864385,1149753864420,1149753864462,6824,1
6825,1149753997714,1149753997748,1149753998108,6825,1
6826,1149754115159,1149754115194,1149754115238,6826,1
6827,1149754239797,1149754239833,1149754239997,6827,1
6828,1149754365134,1149754365169,1149754365220,6828,1
6829,1149754489589,1149754489623,1149754489810,6829,1
6830,1149754614316,1149754614350,1149754614398,6830,1
6831,1149754739393,1149754739427,1149754739609,6831,1
6832,1149754864015,1149754864049,1149754864101,6832,1
6833,1149754997912,1149754997947,1149754998135,6833,1
6834,1149755114540,1149755114575,1149755114736,6834,1
6835,1149755239350,1149755239385,1149755239556,6835,1
6836,1149755363258,1149755363292,1149755363341,6836,1
6837,1149755540271,1149755540306,1149755540455,6837,1
6838,1149755616037,1149755616071,1149755616120,6838,1
6839,1149755740537,1149755740573,1149755740682,6839,1
6840,1149755865398,1149755865432,1149755865485,6840,1
6841,1149755984947,1149755984985,1149755985095,6841,1
6842,1149756141887,1149756141992,1149756142083,6842,1
6843,1149756238912,1149756238946,1149756239010,6843,1
6844,1149756363418,1149756363452,1149756363498,6844,1
6845,1149756488528,1149756488564,1149756488675,6845,1
6846,1149756613520,1149756613556,1149756613607,6846,1
6847,1149756738921,1149756738956,1149756739072,6847,1
6848,1149756863605,1149756863640,1149756863689,6848,1
6849,1149756988441,1149756988475,1149756988596,6849,1
6850,1149757113350,1149757113384,1149757113432,6850,1
6851,1149757237561,1149757237595,1149757237719,6851,1
6852,1149757364762,1149757364797,1149757364847,6852,1
6853,1149757487819,1149757487854,1149757487960,6853,1
6854,1149757666864,1149757666900,1149757666993,6854,1
6855,1149757739275,1149757739310,1149757739361,6855,1
6856,1149757885417,1149757885453,1149757885501,6856,1
6857,1149757988981,1149757989017,1149757989134,6857,1
6858,1149758114029,1149758114064,1149758114115,6858,1
6859,1149758238910,1149758238946,1149758239145,6859,1
6860,1149758363912,1149758363948,1149758363997,6860,1
6861,1149758488897,1149758488932,1149758489013,6861,1
6862,1149758613723,1149758613758,1149758613813,6862,1
6863,1149758738742,1149758738778,1149758738891,6863,1
6864,1149758863961,1149758863997,1149758864048,6864,1
6865,1149758988654,1149758988691,1149758988806,6865,1
6866,1149759113809,1149759113845,1149759113888,6866,1
6867,1149759238787,1149759238824,1149759239003,6867,1
6868,1149759363334,1149759363369,1149759363545,6868,1
6869,1149759587930,1149759587964,1149759588090,6869,1
6870,1149759616019,1149759616054,1149759616098,6870,1
6871,1149759796376,1149759796412,1149759796518,6871,1
6872,1149759865717,1149759865752,1149759865797,6872,1
6873,1149759983542,1149759983574,1149759983686,6873,1
6874,1149760115113,1149760115148,1149760115193,6874,1
6875,1149760239155,1149760239191,1149760239297,6875,1
6876,1149760363015,1149760363050,1149760363094,6876,1
6877,1149760496842,1149760496877,1149760497048,6877,1
6878,1149760613583,1149760613619,1149760613666,6878,1
6879,1149760753159,1149760753194,1149760753364,6879,1
6880,1149760863135,1149760863172,1149760863221,6880,1
6881,1149761048204,1149761048243,1149761048415,6881,1
6882,1149761113050,1149761113086,1149761113131,6882,1
6883,1149761245502,1149761245540,1149761245701,6883,1
6884,1149761364013,1149761364049,1149761364098,6884,1
6885,1149761513427,1149761513462,1149761513686,6885,1
6886,1149761614016,1149761614052,1149761614100,6886,1
6887,1149761739215,1149761739317,1149761739444,6887,1
6888,1149761862905,1149761862940,1149761862988,6888,1
6889,1149761998632,1149761998667,1149761998818,6889,1
6890,1149762115745,1149762115781,1149762115835,6890,1
6891,1149762240789,1149762240824,1149762240949,6891,1
6892,1149762419483,1149762419518,1149762419570,6892,1
6893,1149762491324,1149762491360,1149762491481,6893,1
6894,1149762615661,1149762615697,1149762615740,6894,1
6895,1149762740603,1149762740638,1149762740754,6895,1
6896,1149762865705,1149762865741,1149762865785,6896,1
6897,1149763051485,1149763051521,1149763051619,6897,1
6898,1149763115722,1149763115758,1149763115801,6898,1
6899,1149763240673,1149763240708,1149763240833,6899,1
6900,1149763365680,1149763365716,1149763365897,6900,1
6901,1149763561588,1149763561624,1149763561996,6901,1
6902,1149763615697,1149763615732,1149763615793,6902,1
6903,1149763740465,1149763740501,1149763740681,6903,1
6904,1149763927729,1149763927764,1149763927833,6904,1
6905,1149763987868,1149763987902,1149763988093,6905,1
6906,1149764120371,1149764120408,1149764120464,6906,1
6907,1149764241907,1149764241944,1149764242145,6907,1
6908,1149764439057,1149764439093,1149764439184,6908,1
6909,1149764491814,1149764491851,1149764492034,6909,1
6910,1149764666347,1149764666383,1149764666453,6910,1
6911,1149764740860,1149764740895,1149764741079,6911,1
6912,1149764865237,1149764865272,1149764865325,6912,1
6913,1149764990168,1149764990204,1149764990415,6913,1
6914,1149765115817,1149765115853,1149765115906,6914,1
6915,1149765239080,1149765239116,1149765239311,6915,1
6916,1149765364929,1149765364964,1149765365024,6916,1
6917,1149765548523,1149765548559,1149765548789,6917,1
6918,1149765614864,1149765614900,1149765614951,6918,1
6919,1149765739266,1149765739301,1149765739476,6919,1
6920,1149765864718,1149765864820,1149765864929,6920,1
6921,1149765995174,1149765995230,1149765995399,6921,1
6922,1149766121542,1149766121577,1149766121667,6922,1
6923,1149766239864,1149766239900,1149766240065,6923,1
6924,1149766363994,1149766364029,1149766364073,6924,1
6925,1149766489035,1149766489071,1149766489259,6925,1
6926,1149766614138,1149766614173,1149766614221,6926,1
6927,1149766738901,1149766738937,1149766739122,6927,1
6928,1149766863762,1149766863798,1149766863845,6928,1
6929,1149766988966,1149766989002,1149766989181,6929,1
6930,1149767114111,1149767114147,1149767114193,6930,1
6931,1149767238897,1149767238932,1149767239099,6931,1
6932,1149767364414,1149767364450,1149767364497,6932,1
6933,1149767488856,1149767488891,1149767489071,6933,1
6934,1149767614487,1149767614522,1149767614687,6934,1
6935,1149767738682,1149767738717,1149767738820,6935,1
6936,1149767874922,1149767874957,1149767875047,6936,1
6937,1149768060847,1149768060884,1149768061025,6937,1
6938,1149768114400,1149768114435,1149768114487,6938,1
6939,1149768238877,1149768238914,1149768238963,6939,1
6940,1149768364042,1149768364079,1149768364126,6940,1
6941,1149768488762,1149768488798,1149768488846,6941,1
6942,1149768613807,1149768613842,1149768613895,6942,1
6943,1149768737935,1149768737970,1149768738018,6943,1
6944,1149768994745,1149768994781,1149768994875,6944,1
6945,1149769002938,1149769002974,1149769003024,6945,1
6946,1149769121655,1149769121690,1149769121741,6946,1
6947,1149769243715,1149769243750,1149769243873,6947,1
6948,1149769370686,1149769370721,1149769370775,6948,1
6949,1149769495407,1149769495443,1149769495548,6949,1
6950,1149769618212,1149769618249,1149769618301,6950,1
6951,1149769739131,1149769739167,1149769739275,6951,1
6952,1149769862892,1149769862928,1149769862980,6952,1
6953,1149769996764,1149769996868,1149769997079,6953,1
6954,1149770114143,1149770114178,1149770114224,6954,1
6955,1149770238771,1149770238807,1149770238910,6955,1
6956,1149770363809,1149770363845,1149770363891,6956,1
6957,1149770488128,1149770488164,1149770488275,6957,1
6958,1149770615337,1149770615372,1149770615464,6958,1
6959,1149770738916,1149770738952,1149770739066,6959,1
6960,1149770862895,1149770862931,1149770862979,6960,1
6961,1149770998054,1149770998090,1149770998256,6961,1
6962,1149771115750,1149771115785,1149771115831,6962,1
6963,1149771240729,1149771240765,1149771240876,6963,1
6964,1149771365777,1149771365813,1149771365861,6964,1
6965,1149771490385,1149771490419,1149771490540,6965,1
6966,1149771615131,1149771615167,1149771615210,6966,1
6967,1149771740115,1149771740150,1149771740313,6967,1
6968,1149771865489,1149771865524,1149771865694,6968,1
6969,1149772034589,1149772034624,1149772034748,6969,1
6970,1149772119981,1149772120015,1149772120061,6970,1
6971,1149772237790,1149772237825,1149772237941,6971,1
6972,1149772605410,1149772605444,1149772605531,6972,1
6973,1149772605588,1149772605620,1149772605717,6973,1
6974,1149772605750,1149772605782,1149772605823,6974,1
6975,1149772743532,1149772743567,1149772743675,6975,1
6976,1149772868556,1149772868591,1149772868639,6976,1
6977,1149772999498,1149772999534,1149772999638,6977,1
6978,1149773118311,1149773118345,1149773118394,6978,1
6979,1149773242923,1149773242957,1149773243076,6979,1
6980,1149773365019,1149773365055,1149773365103,6980,1
6981,1149773488946,1149773488983,1149773489033,6981,1
6982,1149773614149,1149773614185,1149773614237,6982,1
6983,1149773738830,1149773738865,1149773738915,6983,1
6984,1149773863004,1149773863040,1149773863095,6984,1
6985,1149773996490,1149773996525,1149773996694,6985,1
6986,1149774113967,1149774114001,1149774114049,6986,1
6987,1149774239256,1149774239358,1149774239532,6987,1
6988,1149774363750,1149774363785,1149774363832,6988,1
6989,1149774488831,1149774488866,1149774488971,6989,1
6990,1149774614036,1149774614072,1149774614115,6990,1
6991,1149774738787,1149774738823,1149774738934,6991,1
6992,1149774863973,1149774864008,1149774864054,6992,1
6993,1149774988953,1149774988989,1149774989104,6993,1
6994,1149775114124,1149775114160,1149775114211,6994,1
6995,1149775238769,1149775238804,1149775238966,6995,1
6996,1149775363004,1149775363040,1149775363092,6996,1
6997,1149775497642,1149775497677,1149775497793,6997,1
6998,1149775614040,1149775614075,1149775614123,6998,1
6999,1149775738302,1149775738337,1149775738390,6999,1
7000,1149775869868,1149775869904,1149775869994,7000,1
7001,1149775992076,1149775992112,1149775992329,7001,1
7002,1149776234715,1149776234754,1149776234930,7002,1
7003,1149776242821,1149776242856,1149776242963,7003,1
7004,1149776364141,1149776364177,1149776364227,7004,1
7005,1149776487992,1149776488028,1149776488132,7005,1
7006,1149776623086,1149776623122,1149776623212,7006,1
7007,1149776739061,1149776739096,1149776739201,7007,1
7008,1149776863877,1149776863912,1149776863964,7008,1
7009,1149776988859,1149776988894,1149776988997,7009,1
7010,1149777114043,1149777114078,1149777114140,7010,1
7011,1149777238161,1149777238196,1149777238304,7011,1
7012,1149777364700,1149777364736,1149777364791,7012,1
7013,1149777489026,1149777489062,1149777489147,7013,1
7014,1149777613799,1149777613835,1149777613887,7014,1
7015,1149777738955,1149777738990,1149777739041,7015,1
7016,1149777863867,1149777863902,1149777863953,7016,1
7017,1149777988738,1149777988773,1149777988819,7017,1
7018,1149778113899,1149778113935,1149778113989,7018,1
7019,1149778238885,1149778238921,1149778238971,7019,1
7020,1149778364105,1149778364141,1149778364251,7020,1
7021,1149778488929,1149778488964,1149778489018,7021,1
7022,1149778614027,1149778614062,1149778614117,7022,1
7023,1149778738861,1149778738897,1149778738948,7023,1
7024,1149778863902,1149778863938,1149778863986,7024,1
7025,1149778989091,1149778989127,1149778989182,7025,1
7026,1149779113972,1149779114007,1149779114059,7026,1
7027,1149779238967,1149779239003,1149779239053,7027,1
7028,1149779363890,1149779363926,1149779363976,7028,1
7029,1149779488910,1149779488946,1149779489305,7029,1
7030,1149779614078,1149779614112,1149779614165,7030,1
7031,1149779738035,1149779738073,1149779738121,7031,1
7032,1149779887407,1149779887443,1149779887537,7032,1
7033,1149779983230,1149779983262,1149779983311,7033,1
7034,1149780137938,1149780138044,1149780138226,7034,1
7035,1149780239016,1149780239051,1149780239156,7035,1
7036,1149780364116,1149780364151,1149780364202,7036,1
7037,1149780488865,1149780488901,1149780489005,7037,1
7038,1149780613803,1149780613838,1149780613890,7038,1
7039,1149780738927,1149780738961,1149780739014,7039,1
7040,1149780863838,1149780863874,1149780863926,7040,1
7041,1149780988850,1149780988886,1149780988934,7041,1
7042,1149781113753,1149781113789,1149781113835,7042,1
7043,1149781237950,1149781237986,1149781238033,7043,1
7044,1149781365180,1149781365216,1149781365265,7044,1
7045,1149781681553,1149781681587,1149781681678,7045,1
7046,1149781690054,1149781690090,1149781690136,7046,1
7047,1149781740101,1149781740137,1149781740189,7047,1
7048,1149781863843,1149781863878,1149781863929,7048,1
7049,1149781989050,1149781989086,1149781989139,7049,1
7050,1149782113781,1149782113816,1149782113863,7050,1
7051,1149782238873,1149782238909,1149782238952,7051,1
7052,1149782363768,1149782363803,1149782363856,7052,1
7053,1149782488959,1149782488995,1149782489165,7053,1
7054,1149782614097,1149782614134,1149782614243,7054,1
7055,1149782738846,1149782738882,1149782739050,7055,1
7056,1149782863841,1149782863876,1149782863924,7056,1
7057,1149782988882,1149782988918,1149782989125,7057,1
7058,1149783113962,1149783113999,1149783114048,7058,1
7059,1149783238878,1149783238914,1149783239106,7059,1
7060,1149783363781,1149783363818,1149783363866,7060,1
7061,1149783488371,1149783488406,1149783488582,7061,1
7062,1149783613347,1149783613381,1149783613434,7062,1
7063,1149783738336,1149783738371,1149783738538,7063,1
7064,1149783862578,1149783862613,1149783862664,7064,1
7065,1149784030108,1149784030143,1149784030233,7065,1
7066,1149784113889,1149784113924,1149784113968,7066,1
7067,1149784238489,1149784238523,1149784238571,7067,1
7068,1149784363905,1149784364009,1149784364182,7068,1
7069,1149784488691,1149784488725,1149784488881,7069,1
7070,1149784612522,1149784612557,1149784612599,7070,1
7071,1149784745817,1149784745852,1149784746000,7071,1
7072,1149784863562,1149784863596,1149784863643,7072,1
7073,1149784988517,1149784988552,1149784988660,7073,1
7074,1149785112721,1149785112755,1149785112807,7074,1
7075,1149785246420,1149785246456,1149785246604,7075,1
7076,1149785365484,1149785365519,1149785365564,7076,1
7077,1149785489906,1149785489940,1149785490060,7077,1
7078,1149785614985,1149785615020,1149785615063,7078,1
7079,1149785740065,1149785740100,1149785740213,7079,1
7080,1149785864857,1149785864892,1149785864934,7080,1
7081,1149785990007,1149785990041,1149785990160,7081,1
7082,1149786114948,1149786114983,1149786115025,7082,1
7083,1149786304154,1149786304189,1149786304323,7083,1
7084,1149786365226,1149786365261,1149786365308,7084,1
7085,1149786489938,1149786489973,1149786490077,7085,1
7086,1149786615032,1149786615068,1149786615114,7086,1
7087,1149786740161,1149786740195,1149786740315,7087,1
7088,1149786864925,1149786864960,1149786865007,7088,1
7089,1149786989900,1149786989934,1149786990037,7089,1
7090,1149787115131,1149787115166,1149787115212,7090,1
7091,1149787240084,1149787240119,1149787240234,7091,1
7092,1149787364833,1149787364867,1149787364915,7092,1
7093,1149787490233,1149787490267,1149787490387,7093,1
7094,1149787615177,1149787615211,1149787615263,7094,1
7095,1149787740049,1149787740084,1149787740192,7095,1
7096,1149787879032,1149787879065,1149787879113,7096,1
7097,1149787984903,1149787984935,1149787984989,7097,1
7098,1149789235828,1149789235946,1149789236334,7098,1
7099,1149789236659,1149789236692,1149789236793,7099,1
7100,1149789236825,1149789237139,1149789237180,7100,1
7101,1149789237212,1149789237245,1149789237361,7101,1
7102,1149789237393,1149789237425,1149789237466,7102,1
7103,1149789237613,1149789237646,1149789237753,7103,1
7104,1149789237786,1149789237903,1149789237945,7104,1
7105,1149789237976,1149789238126,1149789238250,7105,1
7106,1149789238280,1149789238313,1149789238354,7106,1
7107,1149789249558,1149789249593,1149789249709,7107,1
7108,1149789383247,1149789383282,1149789383330,7108,1
7109,1149789495707,1149789495744,1149789495859,7109,1
7110,1149789622405,1149789622440,1149789622487,7110,1
7111,1149790731807,1149790731877,1149790732202,7111,1
7112,1149790732625,1149790732658,1149790732700,7112,1
7113,1149790732733,1149790732878,1149790732975,7113,1
7114,1149790733006,1149790733039,1149790733080,7114,1
7115,1149790733132,1149790733164,1149790733266,7115,1
7116,1149790733299,1149790733344,1149790733386,7116,1
7117,1149790733418,1149790733569,1149790733679,7117,1
7118,1149790733712,1149790733744,1149790733786,7118,1
7119,1149790733962,1149790733994,1149790734110,7119,1
7120,1149790875212,1149790875317,1149790875425,7120,1
7121,1149790995879,1149790995915,1149790995999,7121,1
7122,1149791120333,1149791120369,1149791120418,7122,1
7123,1149791243900,1149791243937,1149791244148,7123,1
7124,1149791368575,1149791368612,1149791368663,7124,1
7125,1149791493212,1149791493248,1149791493294,7125,1
7126,1149791617492,1149791617528,1149791617572,7126,1
7127,1149791741637,1149791741672,1149791741720,7127,1
7128,1149791865111,1149791865146,1149791865198,7128,1
7129,1149792059237,1149792059347,1149792059457,7129,1
7130,1149792123181,1149792123216,1149792123264,7130,1
7131,1149792241061,1149792241095,1149792241147,7131,1
7132,1149792365234,1149792365268,1149792365318,7132,1
7133,1149792490182,1149792490217,1149792490294,7133,1
7134,1149792614589,1149792614624,1149792614672,7134,1
7135,1149792876244,1149792876280,1149792876473,7135,1
7136,1149792876506,1149792876553,1149792876593,7136,1
7137,1149792995978,1149792996013,1149792996131,7137,1
7138,1149793119207,1149793119242,1149793119290,7138,1
7139,1149793244302,1149793244336,1149793244450,7139,1
7140,1149793370800,1149793370835,1149793370887,7140,1
7141,1149793493720,1149793493756,1149793493869,7141,1
7142,1149793614847,1149793614881,1149793614931,7142,1
7143,1149793739604,1149793739638,1149793739741,7143,1
7144,1149793864196,1149793864230,1149793864284,7144,1
7145,1149793989064,1149793989098,1149793989213,7145,1
7146,1149794113956,1149794113991,1149794114040,7146,1
7147,1149794238834,1149794238869,1149794239077,7147,1
7148,1149794363744,1149794363778,1149794363827,7148,1
7149,1149794488484,1149794488520,1149794488700,7149,1
7150,1149794613868,1149794613902,1149794613951,7150,1
7151,1149794739238,1149794739274,1149794739452,7151,1
7152,1149794864143,1149794864178,1149794864230,7152,1
7153,1149794989348,1149794989384,1149794989606,7153,1
7154,1149795114263,1149795114300,1149795114345,7154,1
7155,1149795238880,1149795238916,1149795239147,7155,1
7156,1149795364132,1149795364168,1149795364217,7156,1
7157,1149795488971,1149795489006,1149795489398,7157,1
7158,1149795613976,1149795614012,1149795614066,7158,1
7159,1149795738966,1149795739001,1149795739186,7159,1
7160,1149795862951,1149795862987,1149795863041,7160,1
7161,1149796032084,1149796032191,1149796032411,7161,1
7162,1149796114818,1149796114855,1149796114905,7162,1
7163,1149796239011,1149796239046,1149796239204,7163,1
7164,1149796363468,1149796363502,1149796363555,7164,1
7165,1149796488995,1149796489032,1149796489199,7165,1
7166,1149796614027,1149796614062,1149796614113,7166,1
7167,1149796738783,1149796738818,1149796739001,7167,1
7168,1149796864241,1149796864275,1149796864457,7168,1
7169,1149796988879,1149796988915,1149796989040,7169,1
7170,1149797113993,1149797114029,1149797114083,7170,1
7171,1149797238064,1149797238098,1149797238274,7171,1
7172,1149797365203,1149797365240,1149797365293,7172,1
7173,1149797488829,1149797488864,1149797488915,7173,1
7174,1149797613917,1149797613953,1149797614001,7174,1
7175,1149797738436,1149797738470,1149797738523,7175,1
7176,1149797863317,1149797863351,1149797863401,7176,1
7177,1149797988318,1149797988352,1149797988562,7177,1
7178,1149798113285,1149798113319,1149798113369,7178,1
7179,1149798238262,1149798238297,1149798238347,7179,1
7180,1149798363288,1149798363324,1149798363374,7180,1
7181,1149798488238,1149798488273,1149798488318,7181,1
7182,1149798613218,1149798613252,1149798613300,7182,1
7183,1149798738613,1149798738647,1149798738697,7183,1
7184,1149798863423,1149798863459,1149798863503,7184,1
7185,1149798988491,1149798988526,1149798988573,7185,1
7186,1149799113607,1149799113641,1149799113688,7186,1
7187,1149799238596,1149799238630,1149799238734,7187,1
7188,1149799363739,1149799363774,1149799363824,7188,1
7189,1149799488531,1149799488567,1149799488615,7189,1
7190,1149799613397,1149799613431,1149799613478,7190,1
7191,1149799738368,1149799738402,1149799738451,7191,1
7192,1149799862585,1149799862619,1149799862669,7192,1
7193,1149800027896,1149800028000,1149800028090,7193,1
7194,1149800113983,1149800114018,1149800114069,7194,1
7195,1149800238455,1149800238489,1149800238533,7195,1
7196,1149800363685,1149800363719,1149800363763,7196,1
7197,1149800488367,1149800488402,1149800488450,7197,1
7198,1149800613416,1149800613450,1149800613492,7198,1
7199,1149800738380,1149800738414,1149800738463,7199,1
7200,1149800863538,1149800863574,1149800863745,7200,1
7201,1149800988707,1149800988741,1149800988905,7201,1
7202,1149801113345,1149801113379,1149801113425,7202,1
7203,1149801237589,1149801237624,1149801237743,7203,1
7204,1149801364677,1149801364712,1149801364760,7204,1
7205,1149801488446,1149801488481,1149801488528,7205,1
7206,1149801613401,1149801613435,1149801613481,7206,1
7207,1149801738471,1149801738505,1149801738557,7207,1
7208,1149801863658,1149801863693,1149801863741,7208,1
7209,1149801988434,1149801988468,1149801988518,7209,1
7210,1149802113434,1149802113470,1149802113516,7210,1
7211,1149802238378,1149802238412,1149802238461,7211,1
7212,1149802363355,1149802363390,1149802363437,7212,1
7213,1149802488369,1149802488403,1149802488454,7213,1
7214,1149802613432,1149802613468,1149802613515,7214,1
7215,1149802738328,1149802738363,1149802738415,7215,1
7216,1149802863449,1149802863484,1149802863538,7216,1
7217,1149802988852,1149802988886,1149802988936,7217,1
7218,1149803113478,1149803113513,1149803113558,7218,1
7219,1149803238475,1149803238509,1149803238561,7219,1
7220,1149803363745,1149803363779,1149803363889,7220,1
7221,1149803488539,1149803488573,1149803488622,7221,1
7222,1149803613563,1149803613597,1149803613644,7222,1
7223,1149803737570,1149803737605,1149803737653,7223,1
7224,1149803919616,1149804019921,1149804020037,7224,1
7225,1149804028407,1149804028442,1149804028487,7225,1
7226,1149804114541,1149804114577,1149804114620,7226,1
7227,1149804238945,1149804238980,1149804239023,7227,1
7228,1149804363454,1149804363488,1149804363532,7228,1
7229,1149804488584,1149804488618,1149804488661,7229,1
7230,1149804613397,1149804613431,1149804613474,7230,1
7231,1149804738928,1149804738963,1149804739009,7231,1
7232,1149804864042,1149804864078,1149804864124,7232,1
7233,1149804988905,1149804988941,1149804989101,7233,1
7234,1149805128400,1149805128435,1149805128608,7234,1
7235,1149805238137,1149805238173,1149805238277,7235,1
7236,1149805365047,1149805365083,1149805365137,7236,1
7237,1149805488916,1149805488951,1149805489004,7237,1
7238,1149805612968,1149805613004,1149805613058,7238,1
7239,1149805748118,1149805748153,1149805748249,7239,1
7240,1149805863853,1149805863888,1149805863940,7240,1
7241,1149805989040,1149805989076,1149805989123,7241,1
7242,1149806114031,1149806114066,1149806114110,7242,1
7243,1149806238897,1149806238932,1149806238983,7243,1
7244,1149806364030,1149806364065,1149806364116,7244,1
7245,1149806489168,1149806489202,1149806489251,7245,1
7246,1149806613826,1149806613862,1149806613910,7246,1
7247,1149806739066,1149806739102,1149806739146,7247,1
7248,1149806863984,1149806864019,1149806864067,7248,1
7249,1149806988773,1149806988809,1149806988915,7249,1
7250,1149807114014,1149807114052,1149807114094,7250,1
7251,1149807238807,1149807238843,1149807238950,7251,1
7252,1149807364052,1149807364088,1149807364133,7252,1
7253,1149807489231,1149807489267,1149807489429,7253,1
7254,1149807613910,1149807613945,1149807613990,7254,1
7255,1149807738150,1149807738186,1149807738301,7255,1
7256,1149807882534,1149807882570,1149807882663,7256,1
7257,1149808028744,1149808028852,1149808029020,7257,1
7258,1149808114144,1149808114179,1149808114229,7258,1
7259,1149808239014,1149808239050,1149808239164,7259,1
7260,1149808363919,1149808363954,1149808364001,7260,1
7261,1149808489117,1149808489153,1149808489268,7261,1
7262,1149808613983,1149808614018,1149808614066,7262,1
7263,1149808738927,1149808738962,1149808739071,7263,1
7264,1149808864003,1149808864038,1149808864083,7264,1
7265,1149808988918,1149808988953,1149808989064,7265,1
7266,1149809113957,1149809113993,1149809114038,7266,1
7267,1149809238387,1149809238423,1149809238578,7267,1
7268,1149809365628,1149809365664,1149809365826,7268,1
7269,1149809488957,1149809488992,1149809489106,7269,1
7270,1149809613028,1149809613064,1149809613115,7270,1
7271,1149809781225,1149809781260,1149809781417,7271,1
7272,1149809864226,1149809864262,1149809864305,7272,1
7273,1149809988820,1149809988856,1149809988902,7273,1
7274,1149810113874,1149810113909,1149810113956,7274,1
7275,1149810239049,1149810239085,1149810239207,7275,1
7276,1149810363842,1149810363877,1149810363923,7276,1
7277,1149810488930,1149810488965,1149810489074,7277,1
7278,1149810613864,1149810613900,1149810613944,7278,1
7279,1149810738892,1149810738928,1149810739032,7279,1
7280,1149810863855,1149810863891,1149810863941,7280,1
7281,1149810988795,1149810988831,1149810988939,7281,1
7282,1149811113899,1149811113935,1149811113982,7282,1
7283,1149811238900,1149811238936,1149811239042,7283,1
7284,1149811363936,1149811363972,1149811364020,7284,1
7285,1149811489045,1149811489081,1149811489656,7285,1
7286,1149811614282,1149811614318,1149811614361,7286,1
7287,1149811739271,1149811739308,1149811739553,7287,1
7288,1149811863011,1149811863046,1149811863090,7288,1
7289,1149812018822,1149812018930,1149812019178,7289,1
7290,1149812114162,1149812114197,1149812114243,7290,1
7291,1149812238854,1149812238889,1149812239090,7291,1
7292,1149812363920,1149812363955,1149812364001,7292,1
7293,1149812488801,1149812488836,1149812489019,7293,1
7294,1149812613973,1149812614009,1149812614055,7294,1
7295,1149812738792,1149812738828,1149812739018,7295,1
7296,1149812863850,1149812863886,1149812863940,7296,1
7297,1149812988891,1149812988926,1149812989081,7297,1
7298,1149813112900,1149813112937,1149813112984,7298,1
7299,1149813245126,1149813245161,1149813245383,7299,1
7300,1149813365376,1149813365411,1149813365575,7300,1
7301,1149813488425,1149813488461,1149813488632,7301,1
7302,1149813660315,1149813660351,1149813660457,7302,1
7303,1149813738883,1149813738919,1149813739035,7303,1
7304,1149813862922,1149813862957,1149813863004,7304,1
7305,1149814000687,1149814000722,1149814000920,7305,1
7306,1149814174557,1149814174592,1149814174687,7306,1
7307,1149814238952,1149814238986,1149814239099,7307,1
7308,1149814425027,1149814425062,1149814425125,7308,1
7309,1149814488945,1149814488981,1149814489085,7309,1
7310,1149814613067,1149814613103,1149814613154,7310,1
7311,1149814756094,1149814756131,1149814756319,7311,1
7312,1149814863975,1149814864010,1149814864060,7312,1
7313,1149814988920,1149814988956,1149814989064,7313,1
7314,1149815114027,1149815114063,1149815114113,7314,1
7315,1149815238835,1149815238871,1149815238991,7315,1
7316,1149815363981,1149815364018,1149815364065,7316,1
7317,1149815489043,1149815489079,1149815489204,7317,1
7318,1149815613813,1149815613849,1149815613904,7318,1
7319,1149815737918,1149815737954,1149815738075,7319,1
7320,1149815887058,1149815887094,1149815887278,7320,1
7321,1149815990349,1149815990385,1149815990558,7321,1
7322,1149816120735,1149816120840,1149816120887,7322,1
7323,1149816238954,1149816238989,1149816239115,7323,1
7324,1149816363915,1149816363952,1149816363999,7324,1
7325,1149816488934,1149816488969,1149816489082,7325,1
7326,1149816613985,1149816614020,1149816614068,7326,1
7327,1149816738782,1149816738819,1149816738928,7327,1
7328,1149816863989,1149816864025,1149816864072,7328,1
7329,1149816988876,1149816988913,1149816989030,7329,1
7330,1149817113866,1149817113904,1149817113954,7330,1
7331,1149817237898,1149817237934,1149817238051,7331,1
7332,1149817364218,1149817364253,1149817364303,7332,1
7333,1149817513683,1149817513719,1149817513936,7333,1
7334,1149817628155,1149817628191,1149817628363,7334,1
7335,1149817738973,1149817739008,1149817739130,7335,1
7336,1149817863877,1149817863913,1149817863959,7336,1
7337,1149817995991,1149817996025,1149817996228,7337,1
7338,1149818113982,1149818114017,1149818114061,7338,1
7339,1149818238833,1149818238867,1149818238985,7339,1
7340,1149818363856,1149818363892,1149818363941,7340,1
7341,1149818488735,1149818488772,1149818488881,7341,1
7342,1149818613839,1149818613874,1149818613926,7342,1
7343,1149818738861,1149818738897,1149818739006,7343,1
7344,1149818862940,1149818862976,1149818863024,7344,1
7345,1149819022016,1149819022051,1149819022230,7345,1
7346,1149819113926,1149819113962,1149819114010,7346,1
7347,1149819238787,1149819238823,1149819238939,7347,1
7348,1149819363996,1149819364032,1149819364080,7348,1
7349,1149819489012,1149819489047,1149819489156,7349,1
7350,1149819613856,1149819613892,1149819613942,7350,1
7351,1149819738093,1149819738130,1149819738236,7351,1
7352,1149819882555,1149819882591,1149819882688,7352,1
7353,1149819983127,1149819983160,1149819983208,7353,1
7354,1149820123174,1149820123209,1149820123261,7354,1
7355,1149820243522,1149820243632,1149820243755,7355,1
7356,1149820364990,1149820365028,1149820365080,7356,1
7357,1149820489094,1149820489130,1149820489182,7357,1
7358,1149820613835,1149820613870,1149820613921,7358,1
7359,1149820739011,1149820739048,1149820739103,7359,1
7360,1149820863803,1149820863839,1149820863888,7360,1
7361,1149820988917,1149820988953,1149820989018,7361,1
7362,1149821113794,1149821113829,1149821113876,7362,1
7363,1149821238090,1149821238126,1149821238200,7363,1
7364,1149821365076,1149821365112,1149821365165,7364,1
7365,1149821546539,1149821546575,1149821546850,7365,1
7366,1149821614071,1149821614107,1149821614155,7366,1
7367,1149821738890,1149821738927,1149821739004,7367,1
7368,1149821863244,1149821863280,1149821863327,7368,1
7369,1149822118318,1149822118375,1149822118620,7369,1
7370,1149822128380,1149822128415,1149822128468,7370,1
7371,1149822246282,1149822246319,1149822246467,7371,1
7372,1149822421933,1149822421970,1149822422018,7372,1
7373,1149822490833,1149822490869,1149822490992,7373,1
7374,1149822615619,1149822615655,1149822615709,7374,1
7375,1149822740619,1149822740654,1149822740782,7375,1
7376,1149822866023,1149822866058,1149822866108,7376,1
7377,1149822990892,1149822990928,1149822991048,7377,1
7378,1149823115651,1149823115687,1149823115740,7378,1
7379,1149823240566,1149823240601,1149823240713,7379,1
7380,1149823365569,1149823365606,1149823365657,7380,1
7381,1149823490654,1149823490689,1149823490808,7381,1
7382,1149823615545,1149823615580,1149823615634,7382,1
7383,1149823740594,1149823740629,1149823740741,7383,1
7384,1149823865631,1149823865668,1149823865719,7384,1
7385,1149823983110,1149823983143,1149823983256,7385,1
7386,1149824120622,1149824120657,1149824120712,7386,1
7387,1149824238912,1149824238948,1149824239001,7387,1
7388,1149824363810,1149824363846,1149824363900,7388,1
7389,1149824516232,1149824516335,1149824516441,7389,1
7390,1149824614660,1149824614696,1149824614741,7390,1
7391,1149824784594,1149824784630,1149824784693,7391,1
7392,1149824863924,1149824863959,1149824864010,7392,1
7393,1149824989169,1149824989205,1149824989254,7393,1
7394,1149825114040,1149825114075,1149825114125,7394,1
7395,1149825237997,1149825238033,1149825238087,7395,1
7396,1149825364738,1149825364774,1149825364828,7396,1
7397,1149825488801,1149825488837,1149825488891,7397,1
7398,1149825613988,1149825614023,1149825614075,7398,1
7399,1149825738813,1149825738848,1149825738902,7399,1
7400,1149825862907,1149825862943,1149825863006,7400,1
7401,1149825998936,1149825998971,1149825999097,7401,1
7402,1149826116514,1149826116549,1149826116603,7402,1
7403,1149826240701,1149826240737,1149826240903,7403,1
7404,1149826365775,1149826365811,1149826365968,7404,1
7405,1149826490644,1149826490678,1149826490792,7405,1
7406,1149826615619,1149826615655,1149826615704,7406,1
7407,1149826740634,1149826740671,1149826740795,7407,1
7408,1149826865765,1149826865801,1149826865853,7408,1
7409,1149826990657,1149826990692,1149826990816,7409,1
7410,1149827115798,1149827115834,1149827115878,7410,1
7411,1149827240702,1149827240738,1149827240806,7411,1
7412,1149827365749,1149827365786,1149827365830,7412,1
7413,1149827490621,1149827490657,1149827490997,7413,1
7414,1149827615669,1149827615705,1149827615749,7414,1
7415,1149827740882,1149827740917,1149827741108,7415,1
7416,1149827871283,1149827871320,1149827871376,7416,1
7417,1149827983053,1149827983087,1149827983275,7417,1
7418,1149828120796,1149828120898,1149828120949,7418,1
7419,1149828238895,1149828238930,1149828239268,7419,1
7420,1149828364169,1149828364206,1149828364320,7420,1
7421,1149828487933,1149828487969,1149828488153,7421,1
7422,1149828670606,1149828670663,1149828670754,7422,1
7423,1149828739283,1149828739318,1149828739521,7423,1
7424,1149828864002,1149828864038,1149828864082,7424,1
7425,1149828989080,1149828989116,1149828989302,7425,1
7426,1149829114137,1149829114173,1149829114226,7426,1
7427,1149829238011,1149829238047,1149829238216,7427,1
7428,1149829365508,1149829365543,1149829365597,7428,1
7429,1149829489043,1149829489079,1149829489258,7429,1
7430,1149829613928,1149829613965,1149829614015,7430,1
7431,1149829738926,1149829738962,1149829739129,7431,1
7432,1149829863049,1149829863086,1149829863139,7432,1
7433,1149829996153,1149829996190,1149829996419,7433,1
7434,1149830123726,1149830123762,1149830123983,7434,1
7435,1149830242187,1149830242223,1149830242398,7435,1
7436,1149830365759,1149830365796,1149830365841,7436,1
7437,1149830490688,1149830490724,1149830490837,7437,1
7438,1149830615663,1149830615698,1149830615744,7438,1
7439,1149830740740,1149830740775,1149830740884,7439,1
7440,1149830865565,1149830865600,1149830865645,7440,1
7441,1149830990578,1149830990614,1149830990721,7441,1
7442,1149831115602,1149831115637,1149831115684,7442,1
7443,1149832461419,1149832461553,1149832461878,7443,1
7444,1149832462248,1149832462283,1149832462396,7444,1
7445,1149832462431,1149832462579,1149832462752,7445,1
7446,1149832462792,1149832462828,1149832462872,7446,1
7447,1149832463032,1149832463068,1149832463174,7447,1
7448,1149832463214,1149832463329,1149832463373,7448,1
7449,1149832463410,1149832463561,1149832463747,7449,1
7450,1149832463788,1149832463823,1149832463864,7450,1
7451,1149832464032,1149832464064,1149832464240,7451,1
7452,1149832464271,1149832464399,1149832464446,7452,1
7453,1149832521727,1149832521761,1149832521912,7453,1
7454,1149832621194,1149832621227,1149832621280,7454,1
7455,1149833036671,1149833036706,1149833037117,7455,1
7456,1149833037265,1149833037407,1149833037447,7456,1
7457,1149833037479,1149833037637,1149833037814,7457,1
7458,1149833164639,1149833164673,1149833164761,7458,1
7459,1149833244477,1149833244512,1149833244687,7459,1
7460,1149833369778,1149833369813,1149833369861,7460,1
7461,1149833493083,1149833493117,1149833493414,7461,1
7462,1149833617702,1149833617737,1149833617787,7462,1
7463,1149833742168,1149833742204,1149833742390,7463,1
7464,1149833865934,1149833865968,1149833866015,7464,1
7465,1149833996461,1149833996496,1149833996689,7465,1
7466,1149834242468,1149834242503,1149834242592,7466,1
7467,1149834242678,1149834242710,1149834242877,7467,1
7468,1149834390048,1149834390084,1149834390268,7468,1
7469,1149834499663,1149834499699,1149834499809,7469,1
7470,1149834820602,1149834820636,1149834820713,7470,1
7471,1149834820935,1149834820966,1149834821058,7471,1
7472,1149834872316,1149834872350,1149834872398,7472,1
7473,1149834999289,1149834999325,1149834999656,7473,1
7474,1149835122077,1149835122113,1149835122164,7474,1
7475,1149835248275,1149835248310,1149835248484,7475,1
7476,1149835372202,1149835372236,1149835372285,7476,1
7477,1149835493083,1149835493117,1149835493308,7477,1
7478,1149835616980,1149835617015,1149835617067,7478,1
7479,1149835741855,1149835741889,1149835741964,7479,1
7480,1149835866490,1149835866525,1149835866572,7480,1
7481,1149835984141,1149835984175,1149835984351,7481,1
7482,1149836121524,1149836121558,1149836121603,7482,1
7483,1149836239310,1149836239344,1149836239390,7483,1
7484,1149836364056,1149836364090,1149836364140,7484,1
7485,1149836489987,1149836490021,1149836490073,7485,1
7486,1149836614435,1149836614471,1149836614521,7486,1
7487,1149836739567,1149836739669,1149836739917,7487,1
7488,1149836864379,1149836864415,1149836864467,7488,1
7489,1149836989283,1149836989320,1149836989555,7489,1
7490,1149837114242,1149837114278,1149837114327,7490,1
7491,1149837238273,1149837238308,1149837238488,7491,1
7492,1149837365408,1149837365445,1149837365496,7492,1
7493,1149837489148,1149837489184,1149837489344,7493,1
7494,1149837614059,1149837614095,1149837614146,7494,1
7495,1149837739197,1149837739232,1149837739300,7495,1
7496,1149837863999,1149837864036,1149837864088,7496,1
7497,1149837988156,1149837988192,1149837988381,7497,1
7498,1149838156864,1149838156901,1149838157017,7498,1
7499,1149838240737,1149838240773,1149838240955,7499,1
7500,1149838365330,1149838365365,1149838365535,7500,1
7501,1149838490720,1149838490756,1149838490940,7501,1
7502,1149838615763,1149838615798,1149838615849,7502,1
7503,1149838740488,1149838740523,1149838740641,7503,1
7504,1149838865407,1149838865443,1149838865491,7504,1
7505,1149838990439,1149838990474,1149838990592,7505,1
7506,1149839246603,1149839246683,1149839246749,7506,1
7507,1149842636832,1149842636925,1149842637268,7507,1
7508,1149842652687,1149842652738,1149842652796,7508,1
7509,1149842652860,1149842653040,1149842653106,7509,1
7510,1149842653142,1149842653182,1149842653229,7510,1
7511,1149842657095,1149842657140,1149842657205,7511,1
7512,1149842657251,1149842657292,1149842657337,7512,1
7513,1149842657378,1149842657418,1149842657491,7513,1
7514,1149842657532,1149842657575,1149842657619,7514,1
7515,1149842657660,1149842657704,1149842657878,7515,1
7516,1149842657919,1149842657962,1149842658007,7516,1
7517,1149842658044,1149842658079,1149842658152,7517,1
7518,1149842658193,1149842658233,1149842658279,7518,1
7519,1149842658320,1149842658361,1149842658437,7519,1
7520,1149842658483,1149842658521,1149842658565,7520,1
7521,1149842658599,1149842658637,1149842658830,7521,1
7522,1149842658864,1149842658906,1149842658953,7522,1
7523,1149842658996,1149842659035,1149842659222,7523,1
7524,1149842659258,1149842659300,1149842659362,7524,1
7525,1149842659398,1149842659436,1149842659631,7525,1
7526,1149842659669,1149842659708,1149842659764,7526,1
7527,1149842659804,1149842659844,1149842660051,7527,1
7528,1149842660089,1149842660131,1149842660178,7528,1
7529,1149842660221,1149842660261,1149842660334,7529,1
7530,1149842660370,1149842660404,1149842660460,7530,1
7531,1149842660497,1149842660537,1149842660590,7531,1
7532,1149842660632,1149842660672,1149842660724,7532,1
7533,1149842660769,1149842660812,1149842660865,7533,1
7534,1149842660905,1149842660941,1149842660982,7534,1
7535,1149842745328,1149842745363,1149842745412,7535,1
7536,1149842866287,1149842866323,1149842866376,7536,1
7537,1149842991048,1149842991083,1149842991135,7537,1
7538,1149843115679,1149843115715,1149843115768,7538,1
7539,1149843240797,1149843240834,1149843240887,7539,1
7540,1149843420686,1149843420791,1149843420898,7540,1
7541,1149843490995,1149843491031,1149843491451,7541,1
7542,1149843615817,1149843615852,1149843615905,7542,1
7543,1149843740685,1149843740721,1149843740880,7543,1
7544,1149843865947,1149843865983,1149843866033,7544,1
7545,1149843983267,1149843983303,1149843983479,7545,1
7546,1149844185245,1149844185348,1149844185442,7546,1
7547,1149844239168,1149844239204,1149844239383,7547,1
7548,1149844364072,1149844364106,1149844364160,7548,1
7549,1149844488882,1149844488918,1149844489086,7549,1
7550,1149844613787,1149844613823,1149844613870,7550,1
7551,1149844738777,1149844738813,1149844738986,7551,1
7552,1149844864075,1149844864111,1149844864162,7552,1
7553,1149844988760,1149844988795,1149844988984,7553,1
7554,1149845113802,1149845113838,1149845114016,7554,1
7555,1149845238185,1149845238221,1149845238401,7555,1
7556,1149845365170,1149845365205,1149845365270,7556,1
7557,1149845513145,1149845513181,1149845513292,7557,1
7558,1149845614363,1149845614398,1149845614444,7558,1
7559,1149845792694,1149845792729,1149845792848,7559,1
7560,1149845872943,1149845872979,1149845873029,7560,1
7561,1149847836461,1149847836542,1149847836921,7561,1
7562,1149847837108,1149847837151,1149847837191,7562,1
7563,1149847837349,1149847837382,1149847837448,7563,1
7564,1149847837478,1149847837514,1149847837554,7564,1
7565,1149847837584,1149847837618,1149847837809,7565,1
7566,1149847837840,1149847837872,1149847837912,7566,1
7567,1149847837970,1149847838001,1149847838207,7567,1
7568,1149847838238,1149847838272,1149847838312,7568,1
7569,1149847838344,1149847838563,1149847838726,7569,1
7570,1149847838757,1149847838790,1149847838830,7570,1
7571,1149847838882,1149847838913,1149847839144,7571,1
7572,1149847839177,1149847839318,1149847839358,7572,1
7573,1149847839390,1149847839423,1149847839614,7573,1
7574,1149847839645,1149847839677,1149847839717,7574,1
7575,1149847839749,1149847839780,1149847840085,7575,1
7576,1149847872427,1149847872462,1149847872512,7576,1
7577,1149847984691,1149847984723,1149847984897,7577,1
7578,1149848200191,1149848200230,1149848200331,7578,1
7579,1149848287341,1149848287377,1149848287548,7579,1
7580,1149848363764,1149848363798,1149848363845,7580,1
7581,1149848488491,1149848488525,1149848488740,7581,1
7582,1149848613353,1149848613388,1149848613434,7582,1
7583,1149848738335,1149848738369,1149848738571,7583,1
7584,1149848863515,1149848863549,1149848863597,7584,1
7585,1149848988350,1149848988385,1149848988568,7585,1
7586,1149849436706,1149849436810,1149849436954,7586,1
7587,1149849437074,1149849437106,1149849437271,7587,1
7588,1149849437302,1149849437349,1149849437389,7588,1
7589,1149849490487,1149849490521,1149849490687,7589,1
7590,1149849613553,1149849613587,1149849613639,7590,1
7591,1149852057059,1149852057197,1149852057613,7591,1
7592,1149852057832,1149852057869,1149852057914,7592,1
7593,1149852057946,1149852058093,1149852058197,7593,1
7594,1149852058228,1149852058260,1149852058302,7594,1
7595,1149852058459,1149852058491,1149852058596,7595,1
7596,1149852070695,1149852070735,1149852070782,7596,1
7597,1149852070826,1149852070865,1149852071037,7597,1
7598,1149852071074,1149852071110,1149852071301,7598,1
7599,1149852071333,1149852071365,1149852071478,7599,1
7600,1149852071510,1149852071542,1149852071583,7600,1
7601,1149852071615,1149852071648,1149852071767,7601,1
7602,1149852071799,1149852071831,1149852071874,7602,1
7603,1149852071905,1149852071937,1149852072123,7603,1
7604,1149852072155,1149852072187,1149852072227,7604,1
7605,1149852072259,1149852072291,1149852072408,7605,1
7606,1149852072440,1149852072474,1149852072514,7606,1
7607,1149852072546,1149852072578,1149852072749,7607,1
7608,1149852072781,1149852072812,1149852072852,7608,1
7609,1149852072885,1149852072917,1149852073106,7609,1
7610,1149853422312,1149853422433,1149853422945,7610,1
7611,1149853423114,1149853423147,1149853423322,7611,1
7612,1149853423354,1149853423498,1149853423540,7612,1
7613,1149853423572,1149853423713,1149853423864,7613,1
7614,1149853423895,1149853423927,1149853423968,7614,1
7615,1149853424034,1149853424067,1149853424211,7615,1
7616,1149853424244,1149853424397,1149853424438,7616,1
7617,1149853424471,1149853424514,1149853424616,7617,1
7618,1149853424648,1149853424681,1149853424722,7618,1
7619,1149853424888,1149853424920,1149853425011,7619,1
7620,1149853425044,1149853425195,1149853425237,7620,1
7621,1149853499229,1149853499265,1149853499457,7621,1
7622,1149853621948,1149853621982,1149853622036,7622,1
7623,1149853745993,1149853746028,1149853746221,7623,1
7624,1149853868850,1149853868887,1149853868941,7624,1
7625,1149853994320,1149853994356,1149853994409,7625,1
7626,1149854190171,1149854190207,1149854190301,7626,1
7627,1149854239193,1149854239228,1149854239281,7627,1
7628,1149854363445,1149854363479,1149854363533,7628,1
7629,1149854543921,1149854543957,1149854544236,7629,1
7630,1149854614344,1149854614379,1149854614431,7630,1
7631,1149854738890,1149854738926,1149854739111,7631,1
7632,1149854863951,1149854863986,1149854864040,7632,1
7633,1149854988918,1149854988954,1149854989007,7633,1
7634,1149855114230,1149855114265,1149855114427,7634,1
7635,1149855239323,1149855239358,1149855239529,7635,1
7636,1149855363376,1149855363411,1149855363467,7636,1
7637,1149855552116,1149855552158,1149855552338,7637,1
7638,1149855712155,1149855712189,1149855712283,7638,1
7639,1149855740793,1149855740830,1149855740952,7639,1
7640,1149855865673,1149855865708,1149855865756,7640,1
7641,1149855983265,1149855983297,1149855983414,7641,1
7642,1149856217547,1149856217583,1149856217676,7642,1
7643,1149856242528,1149856242565,1149856242687,7643,1
7644,1149856364255,1149856364290,1149856364338,7644,1
7645,1149856488899,1149856488934,1149856489039,7645,1
7646,1149856613906,1149856613942,1149856613992,7646,1
7647,1149856738974,1149856739010,1149856739118,7647,1
7648,1149856863896,1149856863932,1149856863986,7648,1
7649,1149856988923,1149856988959,1149856989068,7649,1
7650,1149857113825,1149857113861,1149857113909,7650,1
7651,1149857237944,1149857237980,1149857238087,7651,1
7652,1149857365031,1149857365067,1149857365114,7652,1
7653,1149857489404,1149857489507,1149857489685,7653,1
7654,1149857613895,1149857613930,1149857613981,7654,1
7655,1149857738058,1149857738093,1149857738211,7655,1
7656,1149857923640,1149857923675,1149857923773,7656,1
7657,1149857988049,1149857988084,1149857988208,7657,1
7658,1149858158206,1149858158242,1149858158339,7658,1
7659,1149858270427,1149858270464,1149858270574,7659,1
7660,1149858363184,1149858363220,1149858363268,7660,1
7661,1149858498262,1149858498298,1149858498454,7661,1
7662,1149858613761,1149858613796,1149858613843,7662,1
7663,1149858739001,1149858739036,1149858739139,7663,1
7664,1149858863786,1149858863821,1149858863868,7664,1
7665,1149858988798,1149858988835,1149858988939,7665,1
7666,1149859113856,1149859113892,1149859113939,7666,1
7667,1149859238791,1149859238826,1149859238990,7667,1
7668,1149859363327,1149859363363,1149859363526,7668,1
7669,1149859544821,1149859544857,1149859545114,7669,1
7670,1149859615713,1149859615749,1149859615796,7670,1
7671,1149859740601,1149859740636,1149859740758,7671,1
7672,1149859965004,1149859965040,1149859965111,7672,1
7673,1149859983810,1149859983846,1149859983970,7673,1
7674,1149860173429,1149860173465,1149860173556,7674,1
7675,1149860238909,1149860238945,1149860239063,7675,1
7676,1149860363811,1149860363847,1149860363899,7676,1
7677,1149860488693,1149860488728,1149860488835,7677,1
7678,1149860613908,1149860613944,1149860613991,7678,1
7679,1149860738865,1149860738901,1149860739012,7679,1
7680,1149860863806,1149860863841,1149860863892,7680,1
7681,1149860988881,1149860988916,1149860989096,7681,1
7682,1149861113023,1149861113058,1149861113112,7682,1
7683,1149861503976,1149861504012,1149861504245,7683,1
7684,1149861504302,1149861504336,1149861504376,7684,1
7685,1149861504412,1149861504444,1149861504529,7685,1
7686,1149861622885,1149861622921,1149861622968,7686,1
7687,1149861746048,1149861746151,1149861746259,7687,1
7688,1149861871568,1149861871604,1149861871654,7688,1
7689,1149861992899,1149861992934,1149861992989,7689,1
7690,1149862123851,1149862123886,1149862123979,7690,1
7691,1149862239010,1149862239045,1149862239253,7691,1
7692,1149862362881,1149862362917,1149862362968,7692,1
7693,1149862525764,1149862525820,1149862525940,7693,1
7694,1149862615820,1149862615856,1149862615900,7694,1
7695,1149862740942,1149862740977,1149862741149,7695,1
7696,1149862865627,1149862865663,1149862865712,7696,1
7697,1149862990262,1149862990297,1149862990499,7697,1
7698,1149863232909,1149863232944,1149863233020,7698,1
7699,1149863233193,1149863233225,1149863233409,7699,1
7700,1149863421800,1149863421835,1149863422004,7700,1
7701,1149863549166,1149863549201,1149863549366,7701,1
7702,1149863615243,1149863615278,1149863615327,7702,1
7703,1149863740371,1149863740405,1149863740518,7703,1
7704,1149863865185,1149863865219,1149863865264,7704,1
7705,1149864201013,1149864201125,1149864201333,7705,1
7706,1149864201398,1149864201444,1149864201488,7706,1
7707,1149864243517,1149864243551,1149864243673,7707,1
7708,1149864364381,1149864364416,1149864364468,7708,1
7709,1149864488794,1149864488829,1149864488931,7709,1
7710,1149864613471,1149864613507,1149864613553,7710,1
7711,1149864738476,1149864738511,1149864738618,7711,1
7712,1149864863801,1149864863837,1149864863887,7712,1
7713,1149864988402,1149864988438,1149864988545,7713,1
7714,1149865113507,1149865113541,1149865113591,7714,1
7715,1149865237592,1149865237628,1149865237730,7715,1
7716,1149865364433,1149865364467,1149865364583,7716,1
7717,1149865488687,1149865488721,1149865488844,7717,1
7718,1149865612726,1149865612761,1149865612805,7718,1
7719,1149865807593,1149865807628,1149865807839,7719,1
7720,1149865863767,1149865863802,1149865863848,7720,1
7721,1149865993868,1149865993904,1149865994022,7721,1
7722,1149866131441,1149866131475,1149866131564,7722,1
7723,1149866238461,1149866238495,1149866238603,7723,1
7724,1149866362650,1149866362684,1149866362727,7724,1
7725,1149866504730,1149866504764,1149866504917,7725,1
7726,1149866613658,1149866613692,1149866613734,7726,1
7727,1149866738607,1149866738642,1149866738745,7727,1
7728,1149866863694,1149866863728,1149866863773,7728,1
7729,1149866987777,1149866987811,1149866987916,7729,1
7730,1149867134068,1149867134103,1149867134190,7730,1
7731,1149867238495,1149867238529,1149867238639,7731,1
7732,1149867363319,1149867363353,1149867363402,7732,1
7733,1149867488367,1149867488401,1149867488467,7733,1
7734,1149867614012,1149867614047,1149867614215,7734,1
7735,1149867737769,1149867737805,1149867737914,7735,1
7736,1149867928972,1149867929007,1149867929094,7736,1
7737,1149867982046,1149867982077,1149867982194,7737,1
7738,1149868237445,1149868237480,1149868237570,7738,1
7739,1149868245575,1149868245611,1149868245673,7739,1
7740,1149868364391,1149868364426,1149868364476,7740,1
7741,1149868488113,1149868488148,1149868488267,7741,1
7742,1149868620800,1149868620836,1149868620927,7742,1
7743,1149868738964,1149868738999,1149868739050,7743,1
7744,1149868864233,1149868864268,1149868864311,7744,1
7745,1149868988276,1149868988312,1149868988360,7745,1
7746,1149869250419,1149869250456,1149869250546,7746,1
7747,1149869250604,1149869250637,1149869250744,7747,1
7748,1149869372320,1149869372356,1149869372405,7748,1
7749,1149869493418,1149869493453,1149869493570,7749,1
7750,1149869618064,1149869618100,1149869618148,7750,1
7751,1149869751071,1149869751107,1149869751187,7751,1
7752,1149869871379,1149869871414,1149869871469,7752,1
7753,1149870004392,1149870004494,1149870004692,7753,1
7754,1149870126487,1149870126524,1149870126614,7754,1
7755,1149870242534,1149870242569,1149870242682,7755,1
7756,1149870365519,1149870365555,1149870365607,7756,1
7757,1149870504772,1149870504807,1149870504967,7757,1
7758,1149870618135,1149870618171,1149870618216,7758,1
7759,1149870742582,1149870742617,1149870742746,7759,1
7760,1149870867399,1149870867434,1149870867478,7760,1
7761,1149870992311,1149870992347,1149870992464,7761,1
7762,1149871117200,1149871117234,1149871117282,7762,1
7763,1149871241856,1149871241890,1149871241970,7763,1
7764,1149871367090,1149871367126,1149871367172,7764,1
7765,1149871491729,1149871491764,1149871491865,7765,1
7766,1149871616340,1149871616374,1149871616419,7766,1
7767,1149871741777,1149871741813,1149871741971,7767,1
7768,1149871916305,1149871916341,1149871916502,7768,1
7769,1149871983636,1149871983668,1149871983777,7769,1
7770,1149872185276,1149872185311,1149872185401,7770,1
7771,1149872239875,1149872239910,1149872240019,7771,1
7772,1149872364108,1149872364144,1149872364189,7772,1
7773,1149872488955,1149872488990,1149872489102,7773,1
7774,1149872613828,1149872613864,1149872613915,7774,1
7775,1149872738910,1149872738944,1149872739059,7775,1
7776,1149872863913,1149872863948,1149872863995,7776,1
7777,1149872989066,1149872989102,1149872989223,7777,1
7778,1149873122092,1149873122129,1149873122208,7778,1
7779,1149873238476,1149873238511,1149873238627,7779,1
7780,1149873375979,1149873376014,1149873376068,7780,1
7781,1149873490136,1149873490170,1149873490278,7781,1
7782,1149873638643,1149873638678,1149873638726,7782,1
7783,1149873739494,1149873739529,1149873739635,7783,1
7784,1149873864026,1149873864061,1149873864110,7784,1
7785,1149873988131,1149873988167,1149873988281,7785,1
7786,1149874120398,1149874120435,1149874120525,7786,1
7787,1149874239635,1149874239740,1149874239903,7787,1
7788,1149874363024,1149874363060,1149874363112,7788,1
7789,1149874521851,1149874521888,1149874522048,7789,1
7790,1149874614050,1149874614085,1149874614129,7790,1
7791,1149874738956,1149874738992,1149874739170,7791,1
7792,1149874863931,1149874863966,1149874864014,7792,1
7793,1149874989134,1149874989169,1149874989335,7793,1
7794,1149875113867,1149875113903,1149875113953,7794,1
7795,1149875238855,1149875238892,1149875239073,7795,1
7796,1149875363964,1149875364000,1149875364052,7796,1
7797,1149875488954,1149875488990,1149875489249,7797,1
7798,1149875613862,1149875613897,1149875613945,7798,1
7799,1149875738131,1149875738167,1149875738341,7799,1
7800,1149875872648,1149875872684,1149875872884,7800,1
7801,1149875983034,1149875983069,1149875983173,7801,1
7802,1149876241646,1149876241681,1149876241883,7802,1
7803,1149876249905,1149876249941,1149876250049,7803,1
7804,1149876364236,1149876364271,1149876364318,7804,1
7805,1149876488907,1149876488944,1149876489130,7805,1
7806,1149876614070,1149876614106,1149876614156,7806,1
7807,1149876738818,1149876738853,1149876739039,7807,1
7808,1149876862925,1149876862961,1149876863012,7808,1
7809,1149877084879,1149877084914,1149877085135,7809,1
7810,1149877114010,1149877114046,1149877114100,7810,1
7811,1149877238066,1149877238100,1149877238268,7811,1
7812,1149877365629,1149877365665,1149877365719,7812,1
7813,1149877489132,1149877489167,1149877489339,7813,1
7814,1149877613889,1149877613923,1149877613972,7814,1
7815,1149877738739,1149877738774,1149877738945,7815,1
7816,1149877863004,1149877863040,1149877863089,7816,1
7817,1149877996343,1149877996379,1149877996610,7817,1
7818,1149878120534,1149878120570,1149878120660,7818,1
7819,1149878238765,1149878238801,1149878238997,7819,1
7820,1149878363381,1149878363417,1149878363526,7820,1
7821,1149878544114,1149878544150,1149878544374,7821,1
7822,1149878613381,1149878613417,1149878613465,7822,1
7823,1149878745755,1149878745790,1149878746014,7823,1
7824,1149878863940,1149878863976,1149878864022,7824,1
7825,1149878988894,1149878988931,1149878989143,7825,1
7826,1149879112840,1149879112874,1149879112927,7826,1
7827,1149879277789,1149879277825,1149879278160,7827,1
7828,1149879363337,1149879363373,1149879363423,7828,1
7829,1149879515123,1149879515160,1149879515379,7829,1
7830,1149879613893,1149879613928,1149879613978,7830,1
7831,1149879738218,1149879738255,1149879738302,7831,1
7832,1149879883451,1149879883487,1149879883577,7832,1
7833,1149880074125,1149880074160,1149880074252,7833,1
7834,1149880183415,1149880183520,1149880183724,7834,1
7835,1149880238316,1149880238351,1149880238470,7835,1
7836,1149880405588,1149880405624,1149880405836,7836,1
7837,1149880489502,1149880489538,1149880489662,7837,1
7838,1149880613926,1149880613962,1149880614011,7838,1
7839,1149880797209,1149880797245,1149880797381,7839,1
7840,1149880864207,1149880864244,1149880864287,7840,1
7841,1149880989008,1149880989043,1149880989164,7841,1
7842,1149881136681,1149881136717,1149881136765,7842,1
7843,1149881247629,1149881247665,1149881247823,7843,1
7844,1149881364832,1149881364868,1149881364919,7844,1
7845,1149881488908,1149881488944,1149881489124,7845,1
7846,1149881614065,1149881614100,1149881614144,7846,1
7847,1149881738975,1149881739011,1149881739121,7847,1
7848,1149882005853,1149882005909,1149882006030,7848,1
7849,1149882006090,1149882006268,1149882006372,7849,1
7850,1149882129341,1149882129378,1149882129466,7850,1
7851,1149882245837,1149882245872,1149882245981,7851,1
7852,1149882367201,1149882367236,1149882367284,7852,1
7853,1149882499487,1149882499523,1149882499686,7853,1
7854,1149882619878,1149882619915,1149882619968,7854,1
7855,1149882738914,1149882738949,1149882739070,7855,1
7856,1149882863913,1149882863949,1149882864003,7856,1
7857,1149882988850,1149882988885,1149882988958,7857,1
7858,1149883113984,1149883114020,1149883114064,7858,1
7859,1149883238836,1149883238873,1149883239042,7859,1
7860,1149883362966,1149883363002,1149883363055,7860,1
7861,1149883556330,1149883556364,1149883556503,7861,1
7862,1149883615236,1149883615271,1149883615319,7862,1
7863,1149883740419,1149883740453,1149883740524,7863,1
7864,1149883865701,1149883865736,1149883865784,7864,1
7865,1149883982968,1149883983001,1149883983123,7865,1
7866,1149884322291,1149884322396,1149884322613,7866,1
7867,1149884322675,1149884322707,1149884322822,7867,1
7868,1149884370835,1149884370870,1149884370920,7868,1
7869,1149884623292,1149884623329,1149884623478,7869,1
7870,1149884623556,1149884623589,1149884623631,7870,1
7871,1149884756560,1149884756595,1149884756742,7871,1
7872,1149884870847,1149884870883,1149884870935,7872,1
7873,1149884993362,1149884993398,1149884993508,7873,1
7874,1149885114126,1149885114161,1149885114216,7874,1
7875,1149885238047,1149885238083,1149885238191,7875,1
7876,1149885364738,1149885364773,1149885364836,7876,1
7877,1149885488974,1149885489010,1149885489124,7877,1
7878,1149885613859,1149885613894,1149885613944,7878,1
7879,1149885739043,1149885739078,1149885739197,7879,1
7880,1149885862956,1149885862991,1149885863045,7880,1
7881,1149885996705,1149885996739,1149885996906,7881,1
7882,1149886134311,1149886134347,1149886134437,7882,1
7883,1149886302742,1149886302777,1149886302892,7883,1
7884,1149886363573,1149886363609,1149886363654,7884,1
7885,1149886524897,1149886524934,1149886525092,7885,1
7886,1149886616083,1149886616119,1149886616164,7886,1
7887,1149886740874,1149886740910,1149886741139,7887,1
7888,1149886865877,1149886865913,1149886865960,7888,1
7889,1149886990911,1149886990946,1149886990993,7889,1
7890,1149887115722,1149887115757,1149887115807,7890,1
7891,1149887240539,1149887240574,1149887240621,7891,1
7892,1149887365639,1149887365675,1149887365722,7892,1
7893,1149887490868,1149887490904,1149887490951,7893,1
7894,1149887615696,1149887615732,1149887615782,7894,1
7895,1149887740555,1149887740591,1149887740638,7895,1
7896,1149887870986,1149887871023,1149887871081,7896,1
7897,1149887983018,1149887983051,1149887983105,7897,1
7898,1149888177030,1149888177135,1149888177225,7898,1
7899,1149888239110,1149888239145,1149888239193,7899,1
7900,1149888364017,1149888364052,1149888364231,7900,1
7901,1149888489081,1149888489117,1149888489284,7901,1
7902,1149888613807,1149888613843,1149888613894,7902,1
7903,1149888738855,1149888738891,1149888739004,7903,1
7904,1149888863774,1149888863809,1149888863855,7904,1
7905,1149888988807,1149888988842,1149888988940,7905,1
7906,1149889113820,1149889113855,1149889113907,7906,1
7907,1149889237960,1149889237996,1149889238097,7907,1
7908,1149889365322,1149889365359,1149889365412,7908,1
7909,1149889488229,1149889488264,1149889488331,7909,1
7910,1149889620697,1149889620731,1149889620843,7910,1
7911,1149889738895,1149889738930,1149889739117,7911,1
7912,1149889862991,1149889863027,1149889863079,7912,1
7913,1149889997273,1149889997308,1149889997477,7913,1
7914,1149890121196,1149890121230,1149890121321,7914,1
7915,1149890239051,1149890239087,1149890239220,7915,1
7916,1149890362959,1149890362996,1149890363050,7916,1
7917,1149890501704,1149890501740,1149890501971,7917,1
7918,1149890616673,1149890616710,1149890616762,7918,1
7919,1149890740784,1149890740819,1149890740928,7919,1
7920,1149890865838,1149890865873,1149890865984,7920,1
7921,1149890990652,1149890990688,1149890990854,7921,1
7922,1149891115551,1149891115585,1149891115634,7922,1
7923,1149891246121,1149891246157,1149891246357,7923,1
7924,1149891365734,1149891365770,1149891365817,7924,1
7925,1149891561532,1149891561569,1149891561916,7925,1
7926,1149891615607,1149891615643,1149891615691,7926,1
7927,1149891740570,1149891740606,1149891740774,7927,1
7928,1149891865535,1149891865570,1149891865619,7928,1
7929,1149891982983,1149891983016,1149891983201,7929,1
7930,1149892182952,1149892183060,1149892183152,7930,1
7931,1149892239077,1149892239113,1149892239287,7931,1
7932,1149892364011,1149892364048,1149892364094,7932,1
7933,1149892488876,1149892488912,1149892489153,7933,1
7934,1149892613912,1149892613948,1149892614123,7934,1
7935,1149892739846,1149892739882,1149892740066,7935,1
7936,1149892863943,1149892863979,1149892864028,7936,1
7937,1149892988821,1149892988858,1149892988975,7937,1
7938,1149893114045,1149893114082,1149893114125,7938,1
7939,1149893237986,1149893238021,1149893238212,7939,1
7940,1149893365131,1149893365167,1149893365216,7940,1
7941,1149893488883,1149893488919,1149893488967,7941,1
7942,1149893613844,1149893613881,1149893613929,7942,1
7943,1149893745957,1149893745993,1149893746041,7943,1
7944,1149893863839,1149893863875,1149893863923,7944,1
7945,1149893987966,1149893988002,1149893988177,7945,1
7946,1149894121613,1149894121649,1149894121739,7946,1
7947,1149894238938,1149894238973,1149894239138,7947,1
7948,1149894362557,1149894362591,1149894362642,7948,1
7949,1149894497075,1149894497109,1149894497345,7949,1
7950,1149894615261,1149894615296,1149894615347,7950,1
7951,1149894740099,1149894740134,1149894740338,7951,1
7952,1149894865074,1149894865109,1149894865154,7952,1
7953,1149894991558,1149894991595,1149894991831,7953,1
7954,1149895116327,1149895116362,1149895116411,7954,1
7955,1149895240172,1149895240207,1149895240382,7955,1
7956,1149895364984,1149895365019,1149895365064,7956,1
7957,1149895491434,1149895491470,1149895491660,7957,1
7958,1149895615563,1149895615599,1149895615652,7958,1
7959,1149895740450,1149895740486,1149895740531,7959,1
7960,1149895865623,1149895865659,1149895865704,7960,1
7961,1149895983072,1149895983104,1149895983151,7961,1
7962,1149896197953,1149896198065,1149896198155,7962,1
7963,1149896239207,1149896239243,1149896239288,7963,1
7964,1149896363840,1149896363877,1149896363930,7964,1
7965,1149896488925,1149896488961,1149896489010,7965,1
7966,1149896613827,1149896613864,1149896613907,7966,1
7967,1149896739014,1149896739049,1149896739208,7967,1
7968,1149896864030,1149896864066,1149896864233,7968,1
7969,1149896988755,1149896988790,1149896988903,7969,1
7970,1149897113816,1149897113852,1149897113899,7970,1
7971,1149897237942,1149897237978,1149897238100,7971,1
7972,1149897365089,1149897365124,1149897365174,7972,1
7973,1149897488935,1149897488971,1149897489018,7973,1
7974,1149897613865,1149897613900,1149897613949,7974,1
7975,1149897738814,1149897738849,1149897738904,7975,1
7976,1149897862963,1149897862999,1149897863052,7976,1
7977,1149898052018,1149898052055,1149898052144,7977,1
7978,1149898143821,1149898143856,1149898143947,7978,1
7979,1149898238955,1149898238990,1149898239035,7979,1
7980,1149898369329,1149898369364,1149898369417,7980,1
7981,1149898513685,1149898513720,1149898513810,7981,1
7982,1149898614139,1149898614176,1149898614224,7982,1
7983,1149898738567,1149898738601,1149898738650,7983,1
7984,1149898863480,1149898863515,1149898863560,7984,1
7985,1149898987604,1149898987639,1149898987758,7985,1
7986,1149899137573,1149899137609,1149899137749,7986,1
7987,1149899238496,1149899238531,1149899238651,7987,1
7988,1149899363610,1149899363645,1149899363690,7988,1
7989,1149899488677,1149899488711,1149899488823,7989,1
7990,1149899613480,1149899613515,1149899613559,7990,1
7991,1149899737456,1149899737491,1149899737536,7991,1
7992,1149899881257,1149899881293,1149899881380,7992,1
7993,1149899983042,1149899983074,1149899983123,7993,1
7994,1149900180104,1149900180209,1149900180320,7994,1
7995,1149900239242,1149900239278,1149900239326,7995,1
7996,1149900363923,1149900363958,1149900364007,7996,1
7997,1149900489271,1149900489306,1149900489355,7997,1
7998,1149900613888,1149900613923,1149900613971,7998,1
7999,1149900741104,1149900741138,1149900741189,7999,1
8000,1149900863825,1149900863861,1149900864023,8000,1
8001,1149900989289,1149900989325,1149900989493,8001,1
8002,1149901113856,1149901113892,1149901113941,8002,1
8003,1149901237921,1149901237958,1149901238075,8003,1
8004,1149901365256,1149901365293,1149901365342,8004,1
8005,1149901489181,1149901489217,1149901489327,8005,1
8006,1149901614143,1149901614179,1149901614226,8006,1
8007,1149901738975,1149901739011,1149901739137,8007,1
8008,1149901863903,1149901863939,1149901863987,8008,1
8009,1149901988822,1149901988858,1149901988977,8009,1
8010,1149902113965,1149902114001,1149902114051,8010,1
8011,1149902238859,1149902238894,1149902239021,8011,1
8012,1149902362843,1149902362879,1149902362927,8012,1
8013,1149902507637,1149902507672,1149902507822,8013,1
8014,1149902615746,1149902615780,1149902615834,8014,1
8015,1149902740591,1149902740627,1149902740737,8015,1
8016,1149902865710,1149902865746,1149902865795,8016,1
8017,1149902990623,1149902990658,1149902990779,8017,1
8018,1149903122578,1149903122617,1149903122671,8018,1
8019,1149903241626,1149903241661,1149903241785,8019,1
8020,1149903366020,1149903366056,1149903366165,8020,1
8021,1149903490817,1149903490854,1149903490979,8021,1
8022,1149903615862,1149903615897,1149903615945,8022,1
8023,1149903740733,1149903740769,1149903740884,8023,1
8024,1149903883513,1149903883549,1149903883597,8024,1
8025,1149903983017,1149903983049,1149903983173,8025,1
8026,1149904236712,1149904236816,1149904236865,8026,1
8027,1149904236900,1149904236932,1149904237037,8027,1
8028,1149904363889,1149904363925,1149904363973,8028,1
8029,1149904488895,1149904488931,1149904489036,8029,1
8030,1149904614053,1149904614090,1149904614142,8030,1
8031,1149904739029,1149904739067,1149904739168,8031,1
8032,1149904863772,1149904863808,1149904863858,8032,1
8033,1149904988864,1149904988900,1149904989007,8033,1
8034,1149905136405,1149905136441,1149905136600,8034,1
8035,1149905677211,1149905677246,1149905677380,8035,1
8036,1149905677439,1149905677472,1149905677514,8036,1
8037,1149905677547,1149905677579,1149905677687,8037,1
8038,1149905677718,1149905677752,1149905677793,8038,1
8039,1149905746787,1149905746824,1149905746945,8039,1
8040,1149905869349,1149905869384,1149905869433,8040,1
8041,1149905993035,1149905993072,1149905993185,8041,1
8042,1149906120345,1149906120381,1149906120431,8042,1
8043,1149906242419,1149906242455,1149906242579,8043,1
8044,1149906366326,1149906366362,1149906366417,8044,1
8045,1149906501697,1149906501733,1149906501882,8045,1
8046,1149906618698,1149906618734,1149906618784,8046,1
8047,1149906743135,1149906743170,1149906743278,8047,1
8048,1149906867515,1149906867551,1149906867604,8048,1
8049,1149906992436,1149906992472,1149906992583,8049,1
8050,1149907117014,1149907117049,1149907117102,8050,1
8051,1149907241786,1149907241822,1149907241929,8051,1
8052,1149907366748,1149907366783,1149907366839,8052,1
8053,1149907491794,1149907491830,1149907492318,8053,1
8054,1149907616395,1149907616430,1149907616481,8054,1
8055,1149907741295,1149907741331,1149907741517,8055,1
8056,1149907912450,1149907912485,1149907912578,8056,1
8057,1149907983926,1149907983959,1149907984122,8057,1
8058,1149908168833,1149908168940,1149908168990,8058,1
8059,1149908501110,1149908501147,1149908501333,8059,1
8060,1149908501367,1149908501400,1149908501441,8060,1
8061,1149908501476,1149908501747,1149908502101,8061,1
8062,1149908614974,1149908615010,1149908615057,8062,1
8063,1149908739080,1149908739116,1149908739306,8063,1
8064,1149908864261,1149908864295,1149908864348,8064,1
8065,1149908988808,1149908988844,1149908989011,8065,1
8066,1149909113936,1149909113972,1149909114019,8066,1
8067,1149909237940,1149909237976,1149909238157,8067,1
8068,1149909407359,1149909407394,1149909407623,8068,1
8069,1149909489983,1149909490017,1149909490137,8069,1
8070,1149909613839,1149909613874,1149909613925,8070,1
8071,1149909915080,1149909915115,1149909915230,8071,1
8072,1149909915267,1149909915404,1149909915445,8072,1
8073,1149909996371,1149909996407,1149909996487,8073,1
8074,1149910120487,1149910120522,1149910120576,8074,1
8075,1149910243929,1149910243965,1149910244068,8075,1
8076,1149910368408,1149910368444,1149910368497,8076,1
8077,1149910511315,1149910511351,1149910511522,8077,1
8078,1149910615389,1149910615425,1149910615477,8078,1
8079,1149910740386,1149910740422,1149910740600,8079,1
8080,1149910865456,1149910865492,1149910865545,8080,1
8081,1149910990569,1149910990604,1149910990801,8081,1
8082,1149911115383,1149911115418,1149911115472,8082,1
8083,1149911240278,1149911240314,1149911240396,8083,1
8084,1149911365755,1149911365791,1149911365845,8084,1
8085,1149911490594,1149911490630,1149911490802,8085,1
8086,1149911615563,1149911615598,1149911615651,8086,1
8087,1149911740636,1149911740672,1149911740860,8087,1
8088,1149911877006,1149911877041,1149911877151,8088,1
8089,1149911989435,1149911989471,1149911989519,8089,1
8090,1149912183161,1149912183267,1149912183320,8090,1
8091,1149912239494,1149912239529,1149912239580,8091,1
8092,1149912424171,1149912424207,1149912424300,8092,1
8093,1149912488985,1149912489021,1149912489101,8093,1
8094,1149912614097,1149912614134,1149912614186,8094,1
8095,1149912771383,1149912771420,1149912771552,8095,1
8096,1149912864200,1149912864237,1149912864284,8096,1
8097,1149913121883,1149913121917,1149913122040,8097,1
8098,1149913130094,1149913130129,1149913130169,8098,1
8099,1149913238142,1149913238178,1149913238394,8099,1
8100,1149913364798,1149913364833,1149913364894,8100,1
8101,1149913488585,1149913488620,1149913488776,8101,1
8102,1149913613677,1149913613711,1149913613860,8102,1
8103,1149913738395,1149913738430,1149913738532,8103,1
8104,1149913863390,1149913863423,1149913863468,8104,1
8105,1149913988244,1149913988278,1149913988375,8105,1
8106,1149914112846,1149914112881,1149914112930,8106,1
8107,1149914245790,1149914245824,1149914245983,8107,1
8108,1149914362744,1149914362779,1149914362830,8108,1
8109,1149914699739,1149914699779,1149914699973,8109,1
8110,1149914700044,1149914700081,1149914700123,8110,1
8111,1149914778029,1149914778064,1149914778181,8111,1
8112,1149914868713,1149914868747,1149914868794,8112,1
8113,1149914995023,1149914995058,1149914995176,8113,1
8114,1149915117940,1149915117975,1149915118022,8114,1
8115,1149915292088,1149915292123,1149915292353,8115,1
8116,1149915366461,1149915366496,1149915366541,8116,1
8117,1149915592286,1149915592322,1149915592462,8117,1
8118,1149915616755,1149915616789,1149915616839,8118,1
8119,1149915740528,1149915740564,1149915740750,8119,1
8120,1149915878411,1149915878447,1149915878597,8120,1
8121,1149915985650,1149915985683,1149915985748,8121,1
8122,1149916177051,1149916177157,1149916177247,8122,1
8123,1149916241250,1149916241286,1149916241414,8123,1
8124,1149916365175,1149916365211,1149916365260,8124,1
8125,1149916489807,1149916489843,1149916490028,8125,1
8126,1149916615009,1149916615045,1149916615098,8126,1
8127,1149916762477,1149916762513,1149916762695,8127,1
8128,1149916865104,1149916865139,1149916865188,8128,1
8129,1149916990084,1149916990119,1149916990283,8129,1
8130,1149917114336,1149917114372,1149917114420,8130,1
8131,1149917238916,1149917238952,1149917239117,8131,1
8132,1149917365552,1149917365588,1149917365635,8132,1
8133,1149917489624,1149917489660,1149917489836,8133,1
8134,1149917614272,1149917614307,1149917614472,8134,1
8135,1149917739425,1149917739460,1149917739643,8135,1
8136,1149918120072,1149918120107,1149918120160,8136,1
8137,1149918120196,1149918120227,1149918120333,8137,1
8138,1149918120365,1149918120397,1149918120439,8138,1
8139,1149918263562,1149918263598,1149918263725,8139,1
8140,1149918368678,1149918368715,1149918368768,8140,1
8141,1149918513240,1149918513276,1149918513490,8141,1
8142,1149918620041,1149918620076,1149918620124,8142,1
8143,1149918743842,1149918743878,1149918743952,8143,1
8144,1149918864312,1149918864347,1149918864396,8144,1
8145,1149918988921,1149918988956,1149918989036,8145,1
8146,1149919113964,1149919113999,1149919114051,8146,1
8147,1149919238845,1149919238881,1149919239069,8147,1
8148,1149919364047,1149919364083,1149919364133,8148,1
8149,1149919563093,1149919563128,1149919563304,8149,1
8150,1149919613957,1149919613993,1149919614041,8150,1
8151,1149919787879,1149919787915,1149919788091,8151,1
8152,1149919915710,1149919915745,1149919915839,8152,1
8153,1149919983576,1149919983609,1149919984024,8153,1
8154,1149920171370,1149920171477,1149920171530,8154,1
8155,1149920238905,1149920238940,1149920239143,8155,1
8156,1149920364147,1149920364183,1149920364237,8156,1
8157,1149920488862,1149920488899,1149920488971,8157,1
8158,1149920613886,1149920613922,1149920613975,8158,1
8159,1149920738859,1149920738894,1149920739066,8159,1
8160,1149920863787,1149920863822,1149920863878,8160,1
8161,1149920989094,1149920989130,1149920989334,8161,1
8162,1149921113737,1149921113773,1149921113827,8162,1
8163,1149921270242,1149921270278,1149921270481,8163,1
8164,1149921365567,1149921365602,1149921365650,8164,1
8165,1149921489079,1149921489115,1149921489299,8165,1
8166,1149921613750,1149921613785,1149921613838,8166,1
8167,1149921738993,1149921739029,1149921739210,8167,1
8168,1149921864589,1149921864626,1149921864804,8168,1
8169,1149921988894,1149921988930,1149921989045,8169,1
8170,1149922112946,1149922112982,1149922113035,8170,1
8171,1149922310274,1149922310309,1149922310472,8171,1
8172,1149922363178,1149922363213,1149922363263,8172,1
8173,1149922498716,1149922498752,1149922498904,8173,1
8174,1149922613821,1149922613857,1149922613912,8174,1
8175,1149922801856,1149922801892,1149922802008,8175,1
8176,1149922863924,1149922863960,1149922864014,8176,1
8177,1149922988761,1149922988797,1149922988908,8177,1
8178,1149923113776,1149923113811,1149923113862,8178,1
8179,1149923238805,1149923238840,1149923238946,8179,1
8180,1149923363717,1149923363753,1149923363808,8180,1
8181,1149923551478,1149923551512,1149923551800,8181,1
8182,1149923613858,1149923613893,1149923613943,8182,1
8183,1149923737958,1149923737993,1149923738170,8183,1
8184,1149923879383,1149923879417,1149923879509,8184,1
8185,1149923983162,1149923983194,1149923983399,8185,1
8186,1149924178184,1149924178288,1149924178393,8186,1
8187,1149924239015,1149924239050,1149924239251,8187,1
8188,1149924364020,1149924364055,1149924364110,8188,1
8189,1149924488883,1149924488918,1149924489092,8189,1
8190,1149924614119,1149924614155,1149924614204,8190,1
8191,1149924738883,1149924738918,1149924739091,8191,1
8192,1149924883908,1149924883944,1149924883993,8192,1
8193,1149924988967,1149924989004,1149924989180,8193,1
8194,1149925113808,1149925113843,1149925113892,8194,1
8195,1149925237828,1149925237865,1149925238065,8195,1
8196,1149925365095,1149925365131,1149925365179,8196,1
8197,1149925488950,1149925488985,1149925489170,8197,1
8198,1149925614084,1149925614119,1149925614169,8198,1
8199,1149925739025,1149925739061,1149925739242,8199,1
8200,1149925868572,1149925868608,1149925868778,8200,1
8201,1149926006831,1149926006866,1149926007048,8201,1
8202,1149926367161,1149926367197,1149926367286,8202,1
8203,1149926367346,1149926367379,1149926367489,8203,1
8204,1149926374337,1149926374373,1149926374425,8204,1
8205,1149926500376,1149926500412,1149926500566,8205,1
8206,1149926620920,1149926620956,1149926621011,8206,1
8207,1149926744899,1149926744934,1149926745038,8207,1
8208,1149926869434,1149926869470,1149926869524,8208,1
8209,1149926998948,1149926998984,1149926999095,8209,1
8210,1149927119196,1149927119231,1149927119281,8210,1
8211,1149927243598,1149927243634,1149927243742,8211,1
8212,1149927368179,1149927368216,1149927368270,8212,1
8213,1149927492771,1149927492806,1149927492928,8213,1
8214,1149927617432,1149927617468,1149927617522,8214,1
8215,1149927742211,1149927742246,1149927742369,8215,1
8216,1149927872222,1149927872258,1149927872308,8216,1
8217,1149927984325,1149927984358,1149927984412,8217,1
8218,1149928164235,1149928164271,1149928164326,8218,1
8219,1149928240015,1149928240051,1149928240100,8219,1
8220,1149928365111,1149928365214,1149928365323,8220,1
8221,1149928489604,1149928489640,1149928489826,8221,1
8222,1149928614319,1149928614355,1149928614404,8222,1
8223,1149928739399,1149928739434,1149928739609,8223,1
8224,1149928864392,1149928864428,1149928864477,8224,1
8225,1149928988597,1149928988631,1149928988796,8225,1
8226,1149929113737,1149929113771,1149929113823,8226,1
8227,1149929237974,1149929238009,1149929238175,8227,1
8228,1149929366242,1149929366277,1149929366329,8228,1
8229,1149929489914,1149929489948,1149929490153,8229,1
8230,1149929616004,1149929616040,1149929616089,8230,1
8231,1149929740471,1149929740507,1149929740684,8231,1
8232,1149929865486,1149929865522,1149929865571,8232,1
8233,1149929996705,1149929996743,1149929996953,8233,1
8234,1149930116183,1149930116219,1149930116395,8234,1
8235,1149930240681,1149930240717,1149930240840,8235,1
8236,1149930365371,1149930365406,1149930365450,8236,1
8237,1149930490418,1149930490453,1149930490505,8237,1
8238,1149930615422,1149930615457,1149930615502,8238,1
8239,1149930740339,1149930740375,1149930740425,8239,1
8240,1149930865521,1149930865556,1149930865606,8240,1
8241,1149930990450,1149930990485,1149930990532,8241,1
8242,1149931115621,1149931115656,1149931115701,8242,1
8243,1149931240302,1149931240338,1149931240391,8243,1
8244,1149931365326,1149931365361,1149931365408,8244,1
8245,1149931490581,1149931490617,1149931490664,8245,1
8246,1149931615410,1149931615445,1149931615496,8246,1
8247,1149931740327,1149931740363,1149931740414,8247,1
8248,1149931865288,1149931865323,1149931865375,8248,1
8249,1149931982952,1149931982985,1149931983040,8249,1
8250,1149932342688,1149932342724,1149932342844,8250,1
8251,1149932342880,1149932342913,1149932342954,8251,1
8252,1149932375091,1149932375126,1149932375176,8252,1
8253,1149932489482,1149932489584,1149932489824,8253,1
8254,1149932614045,1149932614080,1149932614132,8254,1
8255,1149932739226,1149932739261,1149932739316,8255,1
8256,1149932863968,1149932864004,1149932864054,8256,1
8257,1149932989020,1149932989057,1149932989104,8257,1
8258,1149933113919,1149933113955,1149933114008,8258,1
8259,1149933243483,1149933243519,1149933243710,8259,1
8260,1149933365310,1149933365346,1149933365396,8260,1
8261,1149933488928,1149933488963,1149933489016,8261,1
8262,1149933692742,1149933692778,1149933692867,8262,1
8263,1149933741003,1149933741039,1149933741092,8263,1
8264,1149933865885,1149933865921,1149933865972,8264,1
8265,1149933990780,1149933990815,1149933990879,8265,1
8266,1149934115628,1149934115663,1149934115710,8266,1
8267,1149934240676,1149934240711,1149934240868,8267,1
8268,1149934365824,1149934365859,1149934366021,8268,1
8269,1149934490573,1149934490608,1149934490725,8269,1
8270,1149934615563,1149934615600,1149934615647,8270,1
8271,1149934740532,1149934740568,1149934740681,8271,1
8272,1149934865498,1149934865534,1149934865585,8272,1
8273,1149934990592,1149934990628,1149934990747,8273,1
8274,1149935115949,1149935115984,1149935116032,8274,1
8275,1149935240766,1149935240802,1149935240854,8275,1
8276,1149935365589,1149935365624,1149935365675,8276,1
8277,1149935490711,1149935490747,1149935490794,8277,1
8278,1149935615610,1149935615645,1149935615689,8278,1
8279,1149935740520,1149935740556,1149935740611,8279,1
8280,1149935865577,1149935865611,1149935865670,8280,1
8281,1149935983047,1149935983080,1149935983129,8281,1
8282,1149936165909,1149936165945,1149936165998,8282,1
8283,1149936238942,1149936238979,1149936239029,8283,1
8284,1149936363067,1149936363103,1149936363156,8284,1
8285,1149936496882,1149936496917,1149936497030,8285,1
8286,1149936613121,1149936613157,1149936613210,8286,1
8287,1149936745662,1149936745698,1149936745991,8287,1
8288,1149936863969,1149936864005,1149936864063,8288,1
8289,1149936988794,1149936988830,1149936988888,8289,1
8290,1149937113079,1149937113115,1149937113171,8290,1
8291,1149937244251,1149937244288,1149937244380,8291,1
8292,1149937368321,1149937368355,1149937368404,8292,1
8293,1149937491603,1149937491639,1149937491690,8293,1
8294,1149937616315,1149937616350,1149937616403,8294,1
8295,1149937740942,1149937740977,1149937741030,8295,1
8296,1149937864724,1149937864760,1149937864808,8296,1
8297,1149938040718,1149938040754,1149938040844,8297,1
8298,1149938117463,1149938117499,1149938117549,8298,1
8299,1149938242345,1149938242381,1149938242472,8299,1
8300,1149938366806,1149938366841,1149938367008,8300,1
8301,1149938491946,1149938491982,1149938492158,8301,1
8302,1149938616573,1149938616609,1149938616657,8302,1
8303,1149938741413,1149938741449,1149938741561,8303,1
8304,1149938866098,1149938866134,1149938866181,8304,1
8305,1149938991019,1149938991057,1149938991138,8305,1
8306,1149939116247,1149939116281,1149939116328,8306,1
8307,1149939240940,1149939240975,1149939241052,8307,1
8308,1149939365793,1149939365830,1149939365880,8308,1
8309,1149939490957,1149939490992,1149939491393,8309,1
8310,1149939615933,1149939615969,1149939616015,8310,1
8311,1149939740833,1149939740870,1149939741045,8311,1
8312,1149939865571,1149939865607,1149939865658,8312,1
8313,1149939983145,1149939983179,1149939983371,8313,1
8314,1149940183682,1149940183718,1149940183769,8314,1
8315,1149940239425,1149940239461,1149940239742,8315,1
8316,1149940364066,1149940364102,1149940364158,8316,1
8317,1149940488978,1149940489014,1149940489230,8317,1
8318,1149940613900,1149940613935,1149940613986,8318,1
8319,1149940738895,1149940738929,1149940739109,8319,1
8320,1149940864314,1149940864350,1149940864403,8320,1
8321,1149940989034,1149940989138,1149940989404,8321,1
8322,1149941113311,1149941113346,1149941113403,8322,1
8323,1149941247430,1149941247465,1149941247709,8323,1
8324,1149941365365,1149941365401,1149941365454,8324,1
8325,1149941489100,1149941489135,1149941489314,8325,1
8326,1149941613898,1149941613933,1149941613981,8326,1
8327,1149941738735,1149941738771,1149941739079,8327,1
8328,1149941863830,1149941863865,1149941863915,8328,1
8329,1149941988860,1149941988895,1149941989065,8329,1
8330,1149942114000,1149942114036,1149942114085,8330,1
8331,1149942239854,1149942239889,1149942240198,8331,1
8332,1149942364068,1149942364104,1149942364151,8332,1
8333,1149942487954,1149942487989,1149942488183,8333,1
8334,1149942622271,1149942622307,1149942622401,8334,1
8335,1149942740751,1149942740787,1149942740959,8335,1
8336,1149942866102,1149942866137,1149942866183,8336,1
8337,1149942990751,1149942990786,1149942990903,8337,1
8338,1149943115603,1149943115639,1149943115690,8338,1
8339,1149943240765,1149943240800,1149943240923,8339,1
8340,1149943365696,1149943365732,1149943365779,8340,1
8341,1149943490868,1149943490904,1149943491016,8341,1
8342,1149943615576,1149943615611,1149943615659,8342,1
8343,1149943740740,1149943740776,1149943740885,8343,1
8344,1149943865645,1149943865681,1149943865726,8344,1
8345,1149943982948,1149943982982,1149943983091,8345,1
8346,1149944171646,1149944171681,1149944171730,8346,1
8347,1149944238979,1149944239014,1149944239119,8347,1
8348,1149944363882,1149944363917,1149944363971,8348,1
8349,1149944489050,1149944489085,1149944489210,8349,1
8350,1149944613803,1149944613839,1149944613887,8350,1
8351,1149944738715,1149944738751,1149944738874,8351,1
8352,1149944863894,1149944863929,1149944863982,8352,1
8353,1149944989280,1149944989382,1149944989612,8353,1
8354,1149945113723,1149945113759,1149945113811,8354,1
8355,1149945237921,1149945237958,1149945238126,8355,1
8356,1149945364264,1149945364301,1149945364351,8356,1
8357,1149945513650,1149945513685,1149945513781,8357,1
8358,1149945613896,1149945613933,1149945613975,8358,1
8359,1149945738809,1149945738845,1149945738891,8359,1
8360,1149945863795,1149945863831,1149945863884,8360,1
8361,1149945988760,1149945988797,1149945989112,8361,1
8362,1149946113749,1149946113785,1149946113834,8362,1
8363,1149946238783,1149946238819,1149946239007,8363,1
8364,1149946364021,1149946364057,1149946364112,8364,1
8365,1149946488823,1149946488859,1149946489038,8365,1
8366,1149946613935,1149946613970,1149946614023,8366,1
8367,1149946738810,1149946738845,1149946739021,8367,1
8368,1149946863335,1149946863371,1149946863537,8368,1
8369,1149947167031,1149947167084,1149947167180,8369,1
8370,1149947167241,1149947167275,1149947167315,8370,1
8371,1149947246446,1149947246480,1149947246601,8371,1
8372,1149947368489,1149947368524,1149947368572,8372,1
8373,1149947493224,1149947493258,1149947493384,8373,1
8374,1149947617016,1149947617052,1149947617098,8374,1
8375,1149947745967,1149947746002,1149947746178,8375,1
8376,1149947865627,1149947865663,1149947865717,8376,1
8377,1149948036391,1149948036430,1149948036604,8377,1
8378,1149948117577,1149948117611,1149948117664,8378,1
8379,1149948268798,1149948268834,1149948268945,8379,1
8380,1149948365992,1149948366026,1149948366078,8380,1
8381,1149948490565,1149948490599,1149948490707,8381,1
8382,1149948615103,1149948615138,1149948615186,8382,1
8383,1149948739907,1149948739941,1149948740057,8383,1
8384,1149948864719,1149948864754,1149948864801,8384,1
8385,1149948989536,1149948989570,1149948989679,8385,1
8386,1149949114338,1149949114372,1149949114420,8386,1
8387,1149949238850,1149949238951,1149949239114,8387,1
8388,1149949366852,1149949366887,1149949366934,8388,1
8389,1149949490204,1149949490239,1149949490363,8389,1
8390,1149949615437,1149949615472,1149949615524,8390,1
8391,1149949740471,1149949740506,1149949740622,8391,1
8392,1149949865216,1149949865250,1149949865297,8392,1
8393,1149949990142,1149949990176,1149949990224,8393,1
8394,1149950115067,1149950115101,1149950115151,8394,1
8395,1149950240086,1149950240121,1149950240171,8395,1
8396,1149950365068,1149950365103,1149950365150,8396,1
8397,1149950489927,1149950489962,1149950490009,8397,1
8398,1149950614903,1149950614936,1149950614988,8398,1
8399,1149950740299,1149950740334,1149950740381,8399,1
8400,1149950864981,1149950865016,1149950865175,8400,1
8401,1149950990325,1149950990359,1149950990515,8401,1
8402,1149951114962,1149951114996,1149951115040,8402,1
8403,1149951239936,1149951239971,1149951240079,8403,1
8404,1149951364996,1149951365032,1149951365078,8404,1
8405,1149951489945,1149951489979,1149951490094,8405,1
8406,1149951614855,1149951614890,1149951614933,8406,1
8407,1149951740038,1149951740073,1149951740180,8407,1
8408,1149951865035,1149951865069,1149951865113,8408,1
8409,1149951982931,1149951982962,1149951983080,8409,1
8410,1149952120002,1149952120036,1149952120082,8410,1
8411,1149952244751,1149952244786,1149952244903,8411,1
8412,1149952370037,1149952370073,1149952370122,8412,1
8413,1149952488473,1149952488507,1149952488611,8413,1
8414,1149952613400,1149952613435,1149952613492,8414,1
8415,1149952739391,1149952739426,1149952739474,8415,1
8416,1149952863580,1149952863614,1149952863666,8416,1
8417,1149952988316,1149952988351,1149952988403,8417,1
8418,1149953113316,1149953113350,1149953113398,8418,1
8419,1149953366571,1149953366675,1149953366964,8419,1
8420,1149953367023,1149953367055,1149953367095,8420,1
8421,1149953488768,1149953488803,1149953488850,8421,1
8422,1149953613501,1149953613536,1149953613584,8422,1
8423,1149953738490,1149953738524,1149953738704,8423,1
8424,1149953863315,1149953863350,1149953863401,8424,1
8425,1149953988557,1149953988593,1149953988803,8425,1
8426,1149954113249,1149954113284,1149954113336,8426,1
8427,1149954238469,1149954238503,1149954238556,8427,1
8428,1149954423753,1149954423788,1149954423860,8428,1
8429,1149954488741,1149954488775,1149954488949,8429,1
8430,1149954613306,1149954613340,1149954613392,8430,1
8431,1149954738653,1149954738687,1149954738740,8431,1
8432,1149954863452,1149954863486,1149954863541,8432,1
8433,1149954988509,1149954988543,1149954988595,8433,1
8434,1149955113484,1149955113518,1149955113666,8434,1
8435,1149955291883,1149955291917,1149955292062,8435,1
8436,1149955362879,1149955362913,1149955362966,8436,1
8437,1149955573967,1149955574003,1149955574352,8437,1
8438,1149955613562,1149955613596,1149955613642,8438,1
8439,1149955738409,1149955738444,1149955738637,8439,1
8440,1149955862513,1149955862550,1149955862598,8440,1
8441,1149955985364,1149955985421,1149955985642,8441,1
8442,1149956120613,1149956120647,1149956120692,8442,1
8443,1149956238581,1149956238614,1149956238791,8443,1
8444,1149956363481,1149956363516,1149956363567,8444,1
8445,1149956488382,1149956488417,1149956488600,8445,1
8446,1149956613348,1149956613383,1149956613428,8446,1
8447,1149956738530,1149956738565,1149956738755,8447,1
8448,1149956863645,1149956863679,1149956863732,8448,1
8449,1149956988481,1149956988518,1149956988686,8449,1
8450,1149957113453,1149957113488,1149957113542,8450,1
8451,1149957237494,1149957237529,1149957237582,8451,1
8452,1149957364396,1149957364430,1149957364479,8452,1
8453,1149957488840,1149957488942,1149957489051,8453,1
8454,1149957710426,1149957710461,1149957710575,8454,1
8455,1149957738632,1149957738667,1149957738718,8455,1
8456,1149957863705,1149957863740,1149957863785,8456,1
8457,1149957987512,1149957987547,1149957987598,8457,1
8458,1149958121408,1149958121443,1149958121535,8458,1
8459,1149958238363,1149958238397,1149958238582,8459,1
8460,1149958363374,1149958363410,1149958363460,8460,1
8461,1149958488451,1149958488486,1149958488641,8461,1
8462,1149958613366,1149958613400,1149958613452,8462,1
8463,1149958738396,1149958738429,1149958738605,8463,1
8464,1149958863327,1149958863362,1149958863413,8464,1
8465,1149958988355,1149958988390,1149958988563,8465,1
8466,1149959113332,1149959113366,1149959113417,8466,1
8467,1149959238416,1149959238451,1149959238608,8467,1
8468,1149959362799,1149959362835,1149959362996,8468,1
8469,1149959537271,1149959537305,1149959537424,8469,1
8470,1149959615445,1149959615480,1149959615525,8470,1
8471,1149959740131,1149959740166,1149959740212,8471,1
8472,1149959865055,1149959865089,1149959865134,8472,1
8473,1149959982630,1149959982662,1149959982773,8473,1
8474,1149960217538,1149960217572,1149960217677,8474,1
8475,1149960247795,1149960247830,1149960248021,8475,1
8476,1149960363511,1149960363545,1149960363593,8476,1
8477,1149960488506,1149960488540,1149960488651,8477,1
8478,1149960700860,1149960700896,1149960701016,8478,1
8479,1149960739105,1149960739140,1149960739243,8479,1
8480,1149960863521,1149960863556,1149960863601,8480,1
8481,1149960988426,1149960988459,1149960988566,8481,1
8482,1149961112569,1149961112605,1149961112652,8482,1
8483,1149961245234,1149961245269,1149961245428,8483,1
8484,1149961363601,1149961363636,1149961363686,8484,1
8485,1149961512311,1149961512346,1149961512504,8485,1
8486,1149961615108,1149961615144,1149961615191,8486,1
8487,1149961740290,1149961740391,1149961740637,8487,1
8488,1149961865220,1149961865255,1149961865298,8488,1
8489,1149961990161,1149961990196,1149961990374,8489,1
8490,1149962115094,1149962115129,1149962115176,8490,1
8491,1149962240171,1149962240205,1149962240254,8491,1
8492,1149962394407,1149962394442,1149962394496,8492,1
8493,1149962490420,1149962490454,1149962490504,8493,1
8494,1149962615201,1149962615236,1149962615286,8494,1
8495,1149962739931,1149962739966,1149962740017,8495,1
8496,1149962865017,1149962865052,1149962865104,8496,1
8497,1149962989968,1149962990003,1149962990050,8497,1
8498,1149963115063,1149963115097,1149963115148,8498,1
8499,1149963240026,1149963240061,1149963240228,8499,1
8500,1149963544791,1149963544850,1149963545011,8500,1
8501,1149963545073,1149963545117,1149963545215,8501,1
8502,1149963615406,1149963615440,1149963615489,8502,1
8503,1149963740258,1149963740293,1149963740407,8503,1
8504,1149963865163,1149963865198,1149963865246,8504,1
8505,1149963982552,1149963982584,1149963982698,8505,1
8506,1149964115775,1149964115810,1149964115859,8506,1
8507,1149964294773,1149964294808,1149964294917,8507,1
8508,1149964365175,1149964365209,1149964365258,8508,1
8509,1149964489575,1149964489609,1149964489725,8509,1
8510,1149964613567,1149964613602,1149964613650,8510,1
8511,1149964738462,1149964738496,1149964738607,8511,1
8512,1149964862507,1149964862541,1149964862593,8512,1
8513,1149965058260,1149965058294,1149965058506,8513,1
8514,1149965113959,1149965113994,1149965114042,8514,1
8515,1149965238012,1149965238048,1149965238167,8515,1
8516,1149965364729,1149965364764,1149965364813,8516,1
8517,1149965488833,1149965488867,1149965488973,8517,1
8518,1149965613555,1149965613591,1149965613638,8518,1
8519,1149965738568,1149965738601,1149965738711,8519,1
8520,1149965863831,1149965863933,1149965864043,8520,1
8521,1149965995690,1149965995725,1149965995831,8521,1
8522,1149966120717,1149966120754,1149966120848,8522,1
8523,1149966238974,1149966239010,1149966239121,8523,1
8524,1149966363816,1149966363852,1149966363898,8524,1
8525,1149966489067,1149966489102,1149966489215,8525,1
8526,1149966613890,1149966613926,1149966613978,8526,1
8527,1149966739024,1149966739059,1149966739175,8527,1
8528,1149966863856,1149966863891,1149966863937,8528,1
8529,1149966989173,1149966989207,1149966989327,8529,1
8530,1149967113903,1149967113940,1149967113992,8530,1
8531,1149967238820,1149967238855,1149967238905,8531,1
8532,1149967363902,1149967363937,1149967363987,8532,1
8533,1149967556571,1149967556607,1149967556773,8533,1
8534,1149967613845,1149967613881,1149967614046,8534,1
8535,1149967748026,1149967748062,1149967748224,8535,1
8536,1149967870636,1149967870671,1149967870720,8536,1
8537,1149967986275,1149967986308,1149967986410,8537,1
8538,1149968122711,1149968122746,1149968122805,8538,1
8539,1149968241169,1149968241205,1149968241311,8539,1
8540,1149968365781,1149968365816,1149968365866,8540,1
8541,1149968489619,1149968489655,1149968489709,8541,1
8542,1149968623869,1149968623905,1149968624002,8542,1
8543,1149968739380,1149968739415,1149968739469,8543,1
8544,1149968911644,1149968911679,1149968911773,8544,1
8545,1149968990272,1149968990308,1149968990361,8545,1
8546,1149969114956,1149969114992,1149969115036,8546,1
8547,1149969238818,1149969238854,1149969238907,8547,1
8548,1149969365821,1149969365858,1149969365907,8548,1
8549,1149969489601,1149969489637,1149969489690,8549,1
8550,1149969614600,1149969614635,1149969614686,8550,1
8551,1149969738337,1149969738374,1149969738423,8551,1
8552,1149969958552,1149969958587,1149969958701,8552,1
8553,1149969991742,1149969991843,1149969992012,8553,1
8554,1149970115689,1149970115725,1149970115773,8554,1
8555,1149970240551,1149970240587,1149970240693,8555,1
8556,1149970365366,1149970365401,1149970365450,8556,1
8557,1149970490584,1149970490620,1149970490749,8557,1
8558,1149970615534,1149970615570,1149970615618,8558,1
8559,1149970740726,1149970740762,1149970740882,8559,1
8560,1149970944715,1149970944750,1149970944804,8560,1
8561,1149970990632,1149970990668,1149970990750,8561,1
8562,1149971115272,1149971115308,1149971115358,8562,1
8563,1149971240369,1149971240404,1149971240523,8563,1
8564,1149971365546,1149971365582,1149971365633,8564,1
8565,1149971490376,1149971490412,1149971490793,8565,1
8566,1149971615473,1149971615509,1149971615558,8566,1
8567,1149971740404,1149971740441,1149971740625,8567,1
8568,1149971871331,1149971871367,1149971871547,8568,1
8569,1149971983090,1149971983123,1149971983235,8569,1
8570,1149972121131,1149972121166,1149972121220,8570,1
8571,1149972238906,1149972238941,1149972239061,8571,1
8572,1149972363977,1149972364012,1149972364064,8572,1
8573,1149972488970,1149972489006,1149972489213,8573,1
8574,1149972659883,1149972659918,1149972659968,8574,1
8575,1149972739279,1149972739314,1149972739501,8575,1
8576,1149972864096,1149972864131,1149972864179,8576,1
8577,1149972988845,1149972988881,1149972989053,8577,1
8578,1149973213446,1149973213481,1149973213528,8578,1
8579,1149973238096,1149973238132,1149973238308,8579,1
8580,1149973364072,1149973364107,1149973364156,8580,1
8581,1149973488404,1149973488439,1149973488604,8581,1
8582,1149973613344,1149973613379,1149973613426,8582,1
8583,1149973783178,1149973783213,1149973783487,8583,1
8584,1149973933780,1149973933820,1149973933952,8584,1
8585,1149973990164,1149973990198,1149973990388,8585,1
8586,1149974113944,1149974113978,1149974114029,8586,1
8587,1149974239891,1149974239994,1149974240239,8587,1
8588,1149974364187,1149974364222,1149974364273,8588,1
8589,1149974495199,1149974495234,1149974495414,8589,1
8590,1149974613518,1149974613553,1149974613605,8590,1
8591,1149974743911,1149974743951,1149974744116,8591,1
8592,1149974865190,1149974865224,1149974865274,8592,1
8593,1149974989040,1149974989075,1149974989261,8593,1
8594,1149975113763,1149975113798,1149975113841,8594,1
8595,1149975237512,1149975237546,1149975237814,8595,1
8596,1149975418173,1149975418209,1149975418304,8596,1
8597,1149975488396,1149975488432,1149975488478,8597,1
8598,1149975613468,1149975613504,1149975613555,8598,1
8599,1149975737465,1149975737499,1149975737552,8599,1
8600,1149975872782,1149975872817,1149975873042,8600,1
8601,1149975982937,1149975982968,1149975983084,8601,1
8602,1149976216854,1149976216890,1149976217082,8602,1
8603,1149976240848,1149976240884,1149976241006,8603,1
8604,1149976373731,1149976373765,1149976373817,8604,1
8605,1149976520860,1149976520895,1149976521057,8605,1
8606,1149976613453,1149976613488,1149976613539,8606,1
8607,1149976738433,1149976738469,1149976738627,8607,1
8608,1149976863511,1149976863546,1149976863593,8608,1
8609,1149976988492,1149976988526,1149976988697,8609,1
8610,1149977113409,1149977113444,1149977113492,8610,1
8611,1149977488360,1149977488409,1149977488616,8611,1
8612,1149977488676,1149977488713,1149977488754,8612,1
8613,1149977496727,1149977496762,1149977496947,8613,1
8614,1149977614223,1149977614258,1149977614302,8614,1
8615,1149977745411,1149977745445,1149977745660,8615,1
8616,1149977863524,1149977863559,1149977863611,8616,1
8617,1149977988383,1149977988417,1149977988594,8617,1
8618,1149978113613,1149978113647,1149978113706,8618,1
8619,1149978238380,1149978238415,1149978238499,8619,1
8620,1149978363707,1149978363741,1149978363847,8620,1
8621,1149978488369,1149978488403,1149978488603,8621,1
8622,1149978612531,1149978612566,1149978612618,8622,1
8623,1149978747438,1149978747472,1149978747623,8623,1
8624,1149978864017,1149978864052,1149978864100,8624,1
8625,1149978989335,1149978989372,1149978989543,8625,1
8626,1149979114207,1149979114243,1149979114291,8626,1
8627,1149979239178,1149979239214,1149979239287,8627,1
8628,1149979363896,1149979363931,1149979363983,8628,1
8629,1149979488910,1149979488946,1149979489022,8629,1
8630,1149979613886,1149979613922,1149979613973,8630,1
8631,1149979737915,1149979737949,1149979738141,8631,1
8632,1149979889950,1149979889987,1149979890085,8632,1
8633,1149979982996,1149979983028,1149979983329,8633,1
8634,1149980121614,1149980121719,1149980121890,8634,1
8635,1149980239447,1149980239482,1149980239654,8635,1
8636,1149980364006,1149980364043,1149980364097,8636,1
8637,1149980488835,1149980488871,1149980488990,8637,1
8638,1149980613697,1149980613732,1149980613780,8638,1
8639,1149980738853,1149980738889,1149980739007,8639,1
8640,1149980863921,1149980863956,1149980864004,8640,1
8641,1149980988810,1149980988846,1149980988975,8641,1
8642,1149981114089,1149981114126,1149981114178,8642,1
8643,1149981320018,1149981320061,1149981320218,8643,1
8644,1149981364417,1149981364453,1149981364502,8644,1
8645,1149981488924,1149981488959,1149981489067,8645,1
8646,1149981613918,1149981613954,1149981614009,8646,1
8647,1149981738760,1149981738795,1149981738904,8647,1
8648,1149981863179,1149981863215,1149981863268,8648,1
8649,1149981998039,1149981998075,1149981998190,8649,1
8650,1149982116111,1149982116148,1149982116194,8650,1
8651,1149982239616,1149982239651,1149982239764,8651,1
8652,1149982365326,1149982365361,1149982365414,8652,1
8653,1149982489166,1149982489203,1149982489381,8653,1
8654,1149982613825,1149982613861,1149982613910,8654,1
8655,1149982738748,1149982738783,1149982738908,8655,1
8656,1149982863739,1149982863775,1149982863823,8656,1
8657,1149982988905,1149982988940,1149982989064,8657,1
8658,1149983113769,1149983113805,1149983113854,8658,1
8659,1149983238797,1149983238832,1149983238951,8659,1
8660,1149983363848,1149983363884,1149983363934,8660,1
8661,1149983488792,1149983488828,1149983488936,8661,1
8662,1149983613861,1149983613897,1149983613945,8662,1
8663,1149983738090,1149983738125,1149983738235,8663,1
8664,1149983905599,1149983905634,1149983905733,8664,1
8665,1149983983179,1149983983212,1149983983315,8665,1
8666,1149984144520,1149984144556,1149984144653,8666,1
8667,1149984238650,1149984238755,1149984238916,8667,1
8668,1149984488462,1149984488496,1149984488713,8668,1
8669,1149984496557,1149984496593,1149984496712,8669,1
8670,1149984613659,1149984613693,1149984613750,8670,1
8671,1149984746359,1149984746393,1149984746568,8671,1
8672,1149984864074,1149984864110,1149984864163,8672,1
8673,1149984988841,1149984988876,1149984988987,8673,1
8674,1149985113776,1149985113812,1149985113860,8674,1
8675,1149985259110,1149985259146,1149985259195,8675,1
8676,1149985365041,1149985365077,1149985365128,8676,1
8677,1149985488942,1149985488976,1149985489028,8677,1
8678,1149985614139,1149985614174,1149985614226,8678,1
8679,1149985738894,1149985738930,1149985739035,8679,1
8680,1149985862932,1149985862968,1149985863018,8680,1
8681,1149985998435,1149985998470,1149985998631,8681,1
8682,1149986115693,1149986115729,1149986115778,8682,1
8683,1149986312122,1149986312158,1149986312266,8683,1
8684,1149986365861,1149986365897,1149986365945,8684,1
8685,1149986490774,1149986490810,1149986490889,8685,1
8686,1149986615739,1149986615776,1149986615830,8686,1
8687,1149986740875,1149986740910,1149986741093,8687,1
8688,1149986865639,1149986865676,1149986865725,8688,1
8689,1149986990747,1149986990783,1149986990962,8689,1
8690,1149987115533,1149987115569,1149987115623,8690,1
8691,1149987240610,1149987240646,1149987240831,8691,1
8692,1149987365590,1149987365625,1149987365675,8692,1
8693,1149987490861,1149987490896,1149987491467,8693,1
8694,1149987615613,1149987615649,1149987615702,8694,1
8695,1149987872082,1149987872117,1149987872430,8695,1
8696,1149987881101,1149987881137,1149987881183,8696,1
8697,1149987983241,1149987983273,1149987983492,8697,1
8698,1149988120864,1149988120972,1149988121015,8698,1
8699,1149988238992,1149988239027,1149988239266,8699,1
8700,1149988363838,1149988363873,1149988364036,8700,1
8701,1149988489518,1149988489552,1149988489725,8701,1
8702,1149988614081,1149988614116,1149988614165,8702,1
8703,1149988738952,1149988738988,1149988739105,8703,1
8704,1149988863790,1149988863825,1149988863876,8704,1
8705,1149988988464,1149988988499,1149988988552,8705,1
8706,1149989113516,1149989113551,1149989113602,8706,1
8707,1149989237492,1149989237527,1149989237579,8707,1
8708,1149989363701,1149989363736,1149989363788,8708,1
8709,1149989818886,1149989818920,1149989819042,8709,1
8710,1149989819097,1149989819130,1149989819170,8710,1
8711,1149989819202,1149989819234,1149989819309,8711,1
8712,1149989867786,1149989867820,1149989867873,8712,1
8713,1149989998333,1149989998368,1149989998464,8713,1
8714,1149990120299,1149990120332,1149990120379,8714,1
8715,1149990244315,1149990244350,1149990244402,8715,1
8716,1149990370906,1149990370941,1149990370987,8716,1
8717,1149990489823,1149990489858,1149990489907,8717,1
8718,1149990615080,1149990615114,1149990615167,8718,1
8719,1149990739801,1149990739836,1149990739883,8719,1
8720,1149990865157,1149990865193,1149990865298,8720,1
8721,1149990989929,1149990989963,1149990990012,8721,1
8722,1149991115040,1149991115075,1149991115126,8722,1
8723,1149991239820,1149991239855,1149991239909,8723,1
8724,1149991365752,1149991365786,1149991365838,8724,1
8725,1149991489868,1149991489902,1149991490139,8725,1
8726,1149991614848,1149991614883,1149991614934,8726,1
8727,1149991739843,1149991739877,1149991740129,8727,1
8728,1149991864771,1149991864805,1149991864857,8728,1
8729,1149991982786,1149991982818,1149991983072,8729,1
8730,1149992119189,1149992119293,1149992119350,8730,1
8731,1149992244996,1149992245050,1149992245373,8731,1
8732,1149992363423,1149992363458,1149992363500,8732,1
8733,1149992488386,1149992488421,1149992488669,8733,1
8734,1149992635417,1149992635451,1149992635629,8734,1
8735,1149992738657,1149992738692,1149992738812,8735,1
8736,1149992863371,1149992863406,1149992863455,8736,1
8737,1149992988408,1149992988443,1149992988563,8737,1
8738,1149993113383,1149993113418,1149993113468,8738,1
8739,1149993237506,1149993237540,1149993237660,8739,1
8740,1149993364647,1149993364681,1149993364730,8740,1
8741,1149993488561,1149993488595,1149993488703,8741,1
8742,1149993613429,1149993613465,1149993613509,8742,1
8743,1149993752651,1149993752685,1149993752815,8743,1
8744,1149993863422,1149993863456,1149993863504,8744,1
8745,1149993988411,1149993988445,1149993988557,8745,1
8746,1149994113339,1149994113373,1149994113426,8746,1
8747,1149994238403,1149994238438,1149994238550,8747,1
8748,1149994363260,1149994363294,1149994363341,8748,1
8749,1149994488424,1149994488459,1149994488580,8749,1
8750,1149994613875,1149994613911,1149994613964,8750,1
8751,1149994738788,1149994738824,1149994738947,8751,1
8752,1149994863911,1149994863947,1149994863998,8752,1
8753,1149994989214,1149994989250,1149994989426,8753,1
8754,1149995113914,1149995113950,1149995113999,8754,1
8755,1149995237875,1149995237910,1149995237963,8755,1
8756,1149995384451,1149995384487,1149995384585,8756,1
8757,1149995571513,1149995571550,1149995571620,8757,1
8758,1149995613911,1149995613947,1149995613994,8758,1
8759,1149995737998,1149995738034,1149995738083,8759,1
8760,1149995878877,1149995878912,1149995879011,8760,1
8761,1149995983166,1149995983199,1149995983248,8761,1
8762,1149996121106,1149996121142,1149996121188,8762,1
8763,1149996238932,1149996238968,1149996239015,8763,1
8764,1149996363818,1149996363854,1149996363901,8764,1
8765,1149996488793,1149996488829,1149996488893,8765,1
8766,1149996614034,1149996614070,1149996614115,8766,1
8767,1149996738887,1149996738923,1149996739097,8767,1
8768,1149996863845,1149996863881,1149996864042,8768,1
8769,1149996988827,1149996988861,1149996988972,8769,1
8770,1149997113744,1149997113780,1149997113830,8770,1
8771,1149997237937,1149997237972,1149997238073,8771,1
8772,1149997365171,1149997365208,1149997365261,8772,1
8773,1149997488891,1149997488926,1149997489049,8773,1
8774,1149997613788,1149997613823,1149997613875,8774,1
8775,1149997738931,1149997738966,1149997739091,8775,1
8776,1149997863876,1149997863912,1149997863960,8776,1
8777,1149997988952,1149997988988,1149997989108,8777,1
8778,1149998112890,1149998112926,1149998112976,8778,1
8779,1149998271196,1149998271232,1149998271421,8779,1
8780,1149998364115,1149998364151,1149998364203,8780,1
8781,1149998503879,1149998503914,1149998504023,8781,1
8782,1149998613985,1149998614021,1149998614072,8782,1
8783,1149998738908,1149998738945,1149998739047,8783,1
8784,1149998862862,1149998862897,1149998862951,8784,1
8785,1149998995555,1149998995590,1149998995956,8785,1
8786,1149999114339,1149999114375,1149999114429,8786,1
8787,1149999239204,1149999239239,1149999239566,8787,1
8788,1149999363895,1149999363931,1149999363978,8788,1
8789,1149999554773,1149999554808,1149999554919,8789,1
8790,1149999613108,1149999613144,1149999613197,8790,1
8791,1149999760389,1149999760424,1149999760721,8791,1
8792,1149999865687,1149999865723,1149999865767,8792,1
8793,1149999982957,1149999982991,1149999983105,8793,1
8794,1150000146062,1150000146181,1150000146289,8794,1
8795,1150000239310,1150000239346,1150000239635,8795,1
8796,1150000363945,1150000363982,1150000364033,8796,1
8797,1150000488979,1150000489015,1150000489124,8797,1
8798,1150000613862,1150000613899,1150000613949,8798,1
8799,1150000738976,1150000739011,1150000739126,8799,1
8800,1150000863866,1150000863900,1150000864064,8800,1
8801,1150000989129,1150000989165,1150000989342,8801,1
8802,1150001113980,1150001114016,1150001114071,8802,1
8803,1150001238178,1150001238214,1150001238327,8803,1
8804,1150001365159,1150001365197,1150001365245,8804,1
8805,1150001488853,1150001488889,1150001489013,8805,1
8806,1150001613783,1150001613819,1150001613869,8806,1
8807,1150001811839,1150001811877,1150001812051,8807,1
8808,1150001863373,1150001863409,1150001863462,8808,1
8809,1150001999658,1150001999694,1150001999864,8809,1
8810,1150002115599,1150002115635,1150002115684,8810,1
8811,1150002259286,1150002259322,1150002259464,8811,1
8812,1150002365676,1150002365712,1150002365764,8812,1
8813,1150002490648,1150002490684,1150002490799,8813,1
8814,1150002615513,1150002615549,1150002615603,8814,1
8815,1150002740593,1150002740628,1150002740737,8815,1
8816,1150002865641,1150002865677,1150002865732,8816,1
8817,1150002990494,1150002990530,1150002990644,8817,1
8818,1150003115705,1150003115741,1150003115797,8818,1
8819,1150003240726,1150003240761,1150003240874,8819,1
8820,1150003365930,1150003365967,1150003366079,8820,1
8821,1150003490258,1150003490293,1150003490568,8821,1
8822,1150003615117,1150003615153,1150003615206,8822,1
8823,1150003740076,1150003740113,1150003740299,8823,1
8824,1150003865077,1150003865112,1150003865165,8824,1
8825,1150003982568,1150003982601,1150003982776,8825,1
8826,1150004120396,1150004120518,1150004120580,8826,1
8827,1150004239289,1150004239334,1150004239521,8827,1
8828,1150004363885,1150004363930,1150004363983,8828,1
8829,1150004488946,1150004488991,1150004489159,8829,1
8830,1150004613831,1150004613867,1150004613918,8830,1
8831,1150004738846,1150004738882,1150004738940,8831,1
8832,1150004863503,1150004863537,1150004863593,8832,1
8833,1150004988353,1150004988389,1150004988441,8833,1
8834,1150005127500,1150005127535,1150005127694,8834,1
8835,1150005244702,1150005244737,1150005244890,8835,1
8836,1150005364928,1150005364962,1150005365015,8836,1
8837,1150005488626,1150005488662,1150005488773,8837,1
8838,1150005613795,1150005613829,1150005613882,8838,1
8839,1150005809399,1150005809433,1150005809599,8839,1
8840,1150005865272,1150005865308,1150005865359,8840,1
8841,1150005990131,1150005990165,1150005990276,8841,1
8842,1150006114943,1150006114978,1150006115030,8842,1
8843,1150006240161,1150006240196,1150006240304,8843,1
8844,1150006365373,1150006365407,1150006365459,8844,1
8845,1150006490023,1150006490057,1150006490159,8845,1
8846,1150006615325,1150006615360,1150006615408,8846,1
8847,1150006740073,1150006740108,1150006740154,8847,1
8848,1150006870845,1150006870881,1150006870932,8848,1
8849,1150006990348,1150006990382,1150006990429,8849,1
8850,1150007115125,1150007115160,1150007115211,8850,1
8851,1150007239985,1150007240020,1150007240130,8851,1
8852,1150007365129,1150007365164,1150007365212,8852,1
8853,1150007490418,1150007490453,1150007490634,8853,1
8854,1150007615355,1150007615390,1150007615442,8854,1
8855,1150007740003,1150007740038,1150007740085,8855,1
8856,1150007864997,1150007865031,1150007865079,8856,1
8857,1150007982747,1150007982793,1150007982845,8857,1
8858,1150008119758,1150008119795,1150008119844,8858,1
8859,1150008238389,1150008238425,1150008238474,8859,1
8860,1150008363521,1150008363556,1150008363603,8860,1
8861,1150008488428,1150008488462,1150008488513,8861,1
8862,1150008613539,1150008613574,1150008613626,8862,1
8863,1150008738336,1150008738370,1150008738422,8863,1
8864,1150008863298,1150008863332,1150008863379,8864,1
8865,1150008988221,1150008988255,1150008988307,8865,1
8866,1150009112571,1150009112605,1150009112659,8866,1
8867,1150009261996,1150009262030,1150009262246,8867,1
8868,1150009393037,1150009393072,1150009393168,8868,1
8869,1150009510125,1150009510160,1150009510323,8869,1
8870,1150009613641,1150009613676,1150009613727,8870,1
8871,1150009737552,1150009737588,1150009737705,8871,1
8872,1150009870926,1150009870961,1150009871055,8872,1
8873,1150009997173,1150009997208,1150009997303,8873,1
8874,1150010113637,1150010113671,1150010113724,8874,1
8875,1150010238467,1150010238503,1150010238552,8875,1
8876,1150010363593,1150010363627,1150010363673,8876,1
8877,1150010487975,1150010488012,1150010488120,8877,1
8878,1150010629061,1150010629097,1150010629198,8878,1
8879,1150010738932,1150010738967,1150010739064,8879,1
8880,1150010863794,1150010863830,1150010863877,8880,1
8881,1150010992227,1150010992270,1150010992382,8881,1
8882,1150011116005,1150011116042,1150011116090,8882,1
8883,1150011238864,1150011238900,1150011239009,8883,1
8884,1150011363773,1150011363809,1150011363858,8884,1
8885,1150011488899,1150011488935,1150011489044,8885,1
8886,1150011613029,1150011613064,1150011613117,8886,1
8887,1150011746456,1150011746491,1150011746719,8887,1
8888,1150011872393,1150011872430,1150011872530,8888,1
8889,1150011983425,1150011983472,1150011983573,8889,1
8890,1150012120712,1150012120816,1150012120870,8890,1
8891,1150012239102,1150012239138,1150012239245,8891,1
8892,1150012409173,1150012409208,1150012409306,8892,1
8893,1150012489052,1150012489089,1150012489199,8893,1
8894,1150012614167,1150012614202,1150012614257,8894,1
8895,1150012738820,1150012738856,1150012738978,8895,1
8896,1150012863943,1150012863978,1150012864030,8896,1
8897,1150012989004,1150012989040,1150012989157,8897,1
8898,1150013112994,1150013113030,1150013113083,8898,1
8899,1150013244884,1150013244921,1150013245093,8899,1
8900,1150013365188,1150013365224,1150013365400,8900,1
8901,1150013489293,1150013489328,1150013489491,8901,1
8902,1150013613082,1150013613118,1150013613171,8902,1
8903,1150013781772,1150013781808,1150013781965,8903,1
8904,1150013864131,1150013864167,1150013864213,8904,1
8905,1150013988944,1150013988979,1150013989150,8905,1
8906,1150014208127,1150014208162,1150014208261,8906,1
8907,1150014239679,1150014239716,1150014239768,8907,1
8908,1150014364104,1150014364140,1150014364188,8908,1
8909,1150014488793,1150014488828,1150014488876,8909,1
8910,1150014614158,1150014614193,1150014614247,8910,1
8911,1150014738223,1150014738258,1150014738379,8911,1
8912,1150014870659,1150014870695,1150014870793,8912,1
8913,1150014989276,1150014989312,1150014989430,8913,1
8914,1150015113782,1150015113819,1150015113872,8914,1
8915,1150015238764,1150015238799,1150015238924,8915,1
8916,1150015364050,1150015364086,1150015364134,8916,1
8917,1150015488991,1150015489028,1150015489233,8917,1
8918,1150015613866,1150015613902,1150015613955,8918,1
8919,1150015737869,1150015737905,1150015738009,8919,1
8920,1150015914737,1150015914772,1150015914926,8920,1
8921,1150015983512,1150015983544,1150015983653,8921,1
8922,1150016120661,1150016120768,1150016120816,8922,1
8923,1150016239136,1150016239173,1150016239281,8923,1
8924,1150016364051,1150016364088,1150016364138,8924,1
8925,1150016488927,1150016488961,1150016489082,8925,1
8926,1150016613932,1150016613968,1150016614016,8926,1
8927,1150016738996,1150016739031,1150016739158,8927,1
8928,1150016864351,1150016864387,1150016864438,8928,1
8929,1150016988991,1150016989026,1150016989139,8929,1
8930,1150017113997,1150017114031,1150017114083,8930,1
8931,1150017238263,1150017238298,1150017238348,8931,1
8932,1150017364352,1150017364388,1150017364432,8932,1
8933,1150017488996,1150017489032,1150017489081,8933,1
8934,1150017633009,1150017633044,1150017633206,8934,1
8935,1150017739193,1150017739229,1150017739339,8935,1
8936,1150017864029,1150017864063,1150017864115,8936,1
8937,1150017988066,1150017988101,1150017988209,8937,1
8938,1150018120674,1150018120710,1150018120807,8938,1
8939,1150018238891,1150018238926,1150018239032,8939,1
8940,1150018363247,1150018363283,1150018363334,8940,1
8941,1150018495608,1150018495643,1150018495818,8941,1
8942,1150018613861,1150018613896,1150018613944,8942,1
8943,1150018739148,1150018739184,1150018739307,8943,1
8944,1150018863939,1150018863975,1150018864024,8944,1
8945,1150018988968,1150018989004,1150018989119,8945,1
8946,1150019117154,1150019117195,1150019117245,8946,1
8947,1150019240896,1150019240931,1150019241084,8947,1
8948,1150019364162,1150019364198,1150019364254,8948,1
8949,1150019563617,1150019563652,1150019564119,8949,1
8950,1150019614158,1150019614194,1150019614247,8950,1
8951,1150019738047,1150019738084,1150019738316,8951,1
8952,1150019882648,1150019882683,1150019882782,8952,1
8953,1150019983585,1150019983618,1150019983871,8953,1
8954,1150020273622,1150020273727,1150020273849,8954,1
8955,1150020274046,1150020274079,1150020274269,8955,1
8956,1150020364375,1150020364411,1150020364467,8956,1
8957,1150020488970,1150020489005,1150020489370,8957,1
8958,1150020614008,1150020614045,1150020614097,8958,1
8959,1150020739063,1150020739099,1150020739304,8959,1
8960,1150020863662,1150020863697,1150020863749,8960,1
8961,1150020988732,1150020988767,1150020988943,8961,1
8962,1150021177327,1150021177363,1150021177410,8962,1
8963,1150021237805,1150021237839,1150021238048,8963,1
8964,1150021564401,1150021564437,1150021564528,8964,1
8965,1150021564561,1150021564592,1150021564755,8965,1
8966,1150021618524,1150021618558,1150021618610,8966,1
8967,1150021742545,1150021742581,1150021742747,8967,1
8968,1150021872727,1150021872763,1150021872925,8968,1
8969,1150021994934,1150021994971,1150021995080,8969,1
8970,1150022126638,1150022126673,1150022126768,8970,1
8971,1150022241701,1150022241735,1150022241836,8971,1
8972,1150022365495,1150022365530,1150022365581,8972,1
8973,1150022517963,1150022517999,1150022518163,8973,1
8974,1150022616418,1150022616453,1150022616504,8974,1
8975,1150022739552,1150022739587,1150022739705,8975,1
8976,1150023114224,1150023114258,1150023114353,8976,1
8977,1150023114414,1150023114446,1150023114545,8977,1
8978,1150023122123,1150023122158,1150023122205,8978,1
8979,1150023245791,1150023245826,1150023245946,8979,1
8980,1150023370935,1150023370969,1150023371022,8980,1
8981,1150023494608,1150023494643,1150023494693,8981,1
8982,1150023619757,1150023619791,1150023619841,8982,1
8983,1150023744216,1150023744251,1150023744299,8983,1
8984,1150023881145,1150023881179,1150023881231,8984,1
8985,1150023992973,1150023993007,1150023993159,8985,1
8986,1150024122758,1150024122864,1150024122909,8986,1
8987,1150024240213,1150024240248,1150024240477,8987,1
8988,1150024364561,1150024364595,1150024364646,8988,1
8989,1150024489367,1150024489402,1150024489582,8989,1
8990,1150024614192,1150024614226,1150024614274,8990,1
8991,1150024739139,1150024739173,1150024739357,8991,1
8992,1150024863913,1150024863948,1150024863995,8992,1
8993,1150024989127,1150024989162,1150024989330,8993,1
8994,1150025113684,1150025113719,1150025113767,8994,1
8995,1150025238173,1150025238208,1150025238531,8995,1
8996,1150025364912,1150025364946,1150025364995,8996,1
8997,1150025488867,1150025488902,1150025489087,8997,1
8998,1150025613785,1150025613820,1150025613869,8998,1
8999,1150025738755,1150025738789,1150025738964,8999,1
9000,1150025863558,1150025863593,1150025863753,9000,1
9001,1150025988735,1150025988770,1150025988946,9001,1
9002,1150026112653,1150026112689,1150026112746,9002,1
9003,1150026247355,1150026247391,1150026247547,9003,1
9004,1150026366076,1150026366112,1150026366159,9004,1
9005,1150026490946,1150026490981,1150026491090,9005,1
9006,1150026615723,1150026615758,1150026615806,9006,1
9007,1150026740722,1150026740758,1150026740882,9007,1
9008,1150026865563,1150026865598,1150026865651,9008,1
9009,1150026990881,1150026990917,1150026991040,9009,1
9010,1150027115766,1150027115802,1150027115851,9010,1
9011,1150027240577,1150027240613,1150027240738,9011,1
9012,1150027365763,1150027365799,1150027365852,9012,1
9013,1150027490680,1150027490716,1150027490832,9013,1
9014,1150027615594,1150027615630,1150027615677,9014,1
9015,1150027740478,1150027740513,1150027740626,9015,1
9016,1150027865522,1150027865557,1150027865611,9016,1
9017,1150027982974,1150027983006,1150027983061,9017,1
9018,1150028120393,1150028120428,1150028120477,9018,1
9019,1150028238985,1150028239019,1150028239073,9019,1
9020,1150028364379,1150028364482,1150028364592,9020,1
9021,1150028488876,1150028488912,1150028488966,9021,1
9022,1150028613888,1150028613922,1150028613968,9022,1
9023,1150028738793,1150028738830,1150028738883,9023,1
9024,1150028863723,1150028863759,1150028863807,9024,1
9025,1150028988855,1150028988890,1150028988938,9025,1
9026,1150029113839,1150029113875,1150029113923,9026,1
9027,1150029237993,1150029238030,1150029238084,9027,1
9028,1150029364488,1150029364523,1150029364572,9028,1
9029,1150029488878,1150029488913,1150029488964,9029,1
9030,1150029613953,1150029613988,1150029614040,9030,1
9031,1150029738750,1150029738784,1150029738838,9031,1
9032,1150029863775,1150029863810,1150029863859,9032,1
9033,1150029988830,1150029988865,1150029988918,9033,1
9034,1150030132868,1150030132903,1150030133082,9034,1
9035,1150030238858,1150030238893,1150030239010,9035,1
9036,1150030363763,1150030363800,1150030363847,9036,1
9037,1150030509716,1150030509752,1150030509806,9037,1
9038,1150030613925,1150030613960,1150030614012,9038,1
9039,1150030738923,1150030738959,1150030739012,9039,1
9040,1150030947293,1150030947330,1150030947416,9040,1
9041,1150030989068,1150030989104,1150030989157,9041,1
9042,1150031113783,1150031113820,1150031113867,9042,1
9043,1150031238816,1150031238851,1150031238899,9043,1
9044,1150031363742,1150031363777,1150031363831,9044,1
9045,1150031488998,1150031489035,1150031489156,9045,1
9046,1150031613761,1150031613798,1150031613846,9046,1
9047,1150031738496,1150031738531,1150031738644,9047,1
9048,1150031889542,1150031889578,1150031889696,9048,1
9049,1150031983243,1150031983274,1150031983398,9049,1
9050,1150032120340,1150032120376,1150032120424,9050,1
9051,1150032238795,1150032238829,1150032238952,9051,1
9052,1150032363960,1150032363996,1150032364050,9052,1
9053,1150032489241,1150032489342,1150032489500,9053,1
9054,1150032614057,1150032614092,1150032614149,9054,1
9055,1150032738828,1150032738863,1150032738979,9055,1
9056,1150032864111,1150032864146,1150032864199,9056,1
9057,1150032988795,1150032988831,1150032988941,9057,1
9058,1150033113813,1150033113848,1150033113903,9058,1
9059,1150033237901,1150033237938,1150033237990,9059,1
9060,1150033364937,1150033364972,1150033365023,9060,1
9061,1150033488922,1150033488958,1150033489006,9061,1
9062,1150033613995,1150033614030,1150033614075,9062,1
9063,1150033738834,1150033738869,1150033738921,9063,1
9064,1150033863790,1150033863825,1150033863874,9064,1
9065,1150033993717,1150033993752,1150033993806,9065,1
9066,1150034113777,1150034113815,1150034113866,9066,1
9067,1150034238907,1150034238942,1150034239121,9067,1
9068,1150034364087,1150034364123,1150034364294,9068,1
9069,1150034488897,1150034488933,1150034489013,9069,1
9070,1150034613775,1150034613810,1150034613859,9070,1
9071,1150034738792,1150034738827,1150034738943,9071,1
9072,1150034863948,1150034863983,1150034864036,9072,1
9073,1150034988916,1150034988952,1150034989028,9073,1
9074,1150035113808,1150035113842,1150035113896,9074,1
9075,1150035238845,1150035238880,1150035238993,9075,1
9076,1150035363421,1150035363456,1150035363509,9076,1
9077,1150035488445,1150035488479,1150035488828,9077,1
9078,1150035613368,1150035613402,1150035613452,9078,1
9079,1150035737589,1150035737625,1150035737677,9079,1
9080,1150035871534,1150035871569,1150035871665,9080,1
9081,1150035982938,1150035982970,1150035983016,9081,1
9082,1150036120385,1150036120419,1150036120467,9082,1
9083,1150036238557,1150036238591,1150036238638,9083,1
9084,1150036363428,1150036363462,1150036363516,9084,1
9085,1150036488401,1150036488435,1150036488486,9085,1
9086,1150036613621,1150036613657,1150036613707,9086,1
9087,1150036739356,1150036739458,1150036739566,9087,1
9088,1150036863433,1150036863467,1150036863524,9088,1
9089,1150036988548,1150036988584,1150036988635,9089,1
9090,1150037113528,1150037113565,1150037113612,9090,1
9091,1150037237653,1150037237687,1150037237739,9091,1
9092,1150037366215,1150037366249,1150037366369,9092,1
9093,1150037490415,1150037490450,1150037490497,9093,1
9094,1150037615152,1150037615186,1150037615233,9094,1
9095,1150037740296,1150037740330,1150037740383,9095,1
9096,1150037865241,1150037865276,1150037865323,9096,1
9097,1150037990064,1150037990099,1150037990146,9097,1
9098,1150038115213,1150038115247,1150038115295,9098,1
9099,1150038240026,1150038240061,1150038240228,9099,1
9100,1150038365036,1150038365071,1150038365237,9100,1
9101,1150038490448,1150038490482,1150038490639,9101,1
9102,1150038615185,1150038615218,1150038615265,9102,1
9103,1150038740062,1150038740097,1150038740148,9103,1
9104,1150038865299,1150038865334,1150038865377,9104,1
9105,1150038990251,1150038990285,1150038990331,9105,1
9106,1150039115314,1150039115348,1150039115395,9106,1
9107,1150039240178,1150039240214,1150039240262,9107,1
9108,1150039365158,1150039365192,1150039365242,9108,1
9109,1150039490138,1150039490173,1150039490224,9109,1
9110,1150039615110,1150039615144,1150039615190,9110,1
9111,1150039740155,1150039740190,1150039740240,9111,1
9112,1150039865227,1150039865262,1150039865314,9112,1
9113,1150039982614,1150039982645,1150039982696,9113,1
9114,1150040127961,1150040127995,1150040128090,9114,1
9115,1150040238801,1150040238836,1150040238887,9115,1
9116,1150040363457,1150040363493,1150040363537,9116,1
9117,1150040488363,1150040488400,1150040488450,9117,1
9118,1150040613415,1150040613450,1150040613494,9118,1
9119,1150040738358,1150040738392,1150040738443,9119,1
9120,1150040863709,1150040863812,1150040863917,9120,1
9121,1150040988557,1150040988592,1150040988638,9121,1
9122,1150041113067,1150041113101,1150041113152,9122,1
9123,1150041290295,1150041290329,1150041290425,9123,1
9124,1150041366194,1150041366228,1150041366278,9124,1
9125,1150041489993,1150041490027,1150041490073,9125,1
9126,1150041614816,1150041614851,1150041614896,9126,1
9127,1150041739900,1150041739935,1150041739986,9127,1
9128,1150041864973,1150041865008,1150041865057,9128,1
9129,1150041989939,1150041989974,1150041990026,9129,1
9130,1150042115900,1150042115935,1150042115983,9130,1
9131,1150042240804,1150042240839,1150042240889,9131,1
9132,1150042366267,1150042366303,1150042366351,9132,1
9133,1150042490643,1150042490678,1150042490726,9133,1
9134,1150042616161,1150042616197,1150042616352,9134,1
9135,1150042740887,1150042740923,1150042741024,9135,1
9136,1150042865589,1150042865625,1150042865678,9136,1
9137,1150042990774,1150042990811,1150042990866,9137,1
9138,1150043115577,1150043115613,1150043115667,9138,1
9139,1150043240588,1150043240624,1150043240677,9139,1
9140,1150043365678,1150043365713,1150043365767,9140,1
9141,1150043490489,1150043490524,1150043490579,9141,1
9142,1150043615595,1150043615630,1150043615683,9142,1
9143,1150043740668,1150043740703,1150043740756,9143,1
9144,1150043865740,1150043865776,1150043865829,9144,1
9145,1150043982945,1150043982978,1150043983032,9145,1
9146,1150044120548,1150044120584,1150044120631,9146,1
9147,1150044238997,1150044239033,1150044239078,9147,1
9148,1150044364113,1150044364147,1150044364197,9148,1
9149,1150044488977,1150044489012,1150044489057,9149,1
9150,1150044613926,1150044613961,1150044614009,9150,1
9151,1150044739007,1150044739043,1150044739090,9151,1
9152,1150044863875,1150044863911,1150044863958,9152,1
9153,1150044989193,1150044989297,1150044989412,9153,1
9154,1150045170080,1150045170115,1150045170163,9154,1
9155,1150045249219,1150045249254,1150045249306,9155,1
9156,1150045367091,1150045367126,1150045367179,9156,1
9157,1150045490780,1150045490815,1150045490863,9157,1
9158,1150045615574,1150045615610,1150045615658,9158,1
9159,1150045740611,1150045740646,1150045740697,9159,1
9160,1150045865546,1150045865582,1150045865631,9160,1
9161,1150045996704,1150045996739,1150045996793,9161,1
9162,1150046115791,1150046115825,1150046115878,9162,1
9163,1150046240866,1150046240901,1150046240952,9163,1
9164,1150046365636,1150046365671,1150046365727,9164,1
9165,1150046490591,1150046490627,1150046490678,9165,1
9166,1150046615794,1150046615830,1150046615879,9166,1
9167,1150046740643,1150046740680,1150046740857,9167,1
9168,1150046865878,1150046865914,1150046866093,9168,1
9169,1150046990504,1150046990540,1150046990658,9169,1
9170,1150047115640,1150047115677,1150047115718,9170,1
9171,1150047240744,1150047240780,1150047240894,9171,1
9172,1150047365591,1150047365627,1150047365671,9172,1
9173,1150047490521,1150047490556,1150047490659,9173,1
9174,1150047615630,1150047615665,1150047615709,9174,1
9175,1150047740627,1150047740663,1150047740764,9175,1
9176,1150047865404,1150047865440,1150047865484,9176,1
9177,1150047983022,1150047983055,1150047983159,9177,1
9178,1150048120667,1150048120702,1150048120746,9178,1
9179,1150048270815,1150048270850,1150048270957,9179,1
9180,1150048363923,1150048363958,1150048364009,9180,1
9181,1150048488959,1150048488995,1150048489109,9181,1
9182,1150048613921,1150048613956,1150048614011,9182,1
9183,1150048739112,1150048739147,1150048739258,9183,1
9184,1150048863977,1150048864013,1150048864063,9184,1
9185,1150048988924,1150048988959,1150048989079,9185,1
9186,1150049114015,1150049114051,1150049114101,9186,1
9187,1150049238346,1150049238450,1150049238625,9187,1
9188,1150049366602,1150049366639,1150049366688,9188,1
9189,1150049490394,1150049490430,1150049490478,9189,1
9190,1150049615676,1150049615711,1150049615764,9190,1
9191,1150049740489,1150049740524,1150049740574,9191,1
9192,1150049865368,1150049865405,1150049865458,9192,1
9193,1150049990293,1150049990329,1150049990379,9193,1
9194,1150050115436,1150050115472,1150050115521,9194,1
9195,1150050240414,1150050240450,1150050240498,9195,1
9196,1150050365478,1150050365514,1150050365564,9196,1
9197,1150050490424,1150050490460,1150050490509,9197,1
9198,1150050615358,1150050615394,1150050615439,9198,1
9199,1150050740430,1150050740467,1150050740518,9199,1
9200,1150050865333,1150050865369,1150050865538,9200,1
9201,1150051004330,1150051004366,1150051004545,9201,1
9202,1150051115686,1150051115723,1150051115769,9202,1
9203,1150051240494,1150051240530,1150051240641,9203,1
9204,1150051365376,1150051365412,1150051365462,9204,1
9205,1150051490685,1150051490721,1150051491061,9205,1
9206,1150051615401,1150051615437,1150051615485,9206,1
9207,1150051746338,1150051746373,1150051746427,9207,1
9208,1150051911659,1150051911695,1150051911749,9208,1
9209,1150051983190,1150051983222,1150051983274,9209,1
9210,1150052120847,1150052120882,1150052120931,9210,1
9211,1150052244468,1150052244504,1150052244559,9211,1
9212,1150052370801,1150052370837,1150052370890,9212,1
9213,1150052489189,1150052489225,1150052489275,9213,1
9214,1150052613747,1150052613784,1150052613836,9214,1
9215,1150052891949,1150052891984,1150052892155,9215,1
9216,1150052892211,1150052892244,1150052892286,9216,1
9217,1150052994861,1150052994897,1150052995260,9217,1
9218,1150053118430,1150053118465,1150053118518,9218,1
9219,1150053242495,1150053242530,1150053242584,9219,1
9220,1150053374168,1150053374203,1150053374309,9220,1
9221,1150053497276,1150053497312,1150053497360,9221,1
9222,1150053617508,1150053617544,1150053617599,9222,1
9223,1150053741610,1150053741646,1150053741833,9223,1
9224,1150053866094,1150053866130,1150053866183,9224,1
9225,1150053990870,1150053990905,1150053991101,9225,1
9226,1150054115556,1150054115590,1150054115649,9226,1
9227,1150054240316,1150054240353,1150054240401,9227,1
9228,1150054365299,1150054365334,1150054365386,9228,1
9229,1150054490039,1150054490074,1150054490128,9229,1
9230,1150054614945,1150054614982,1150054615034,9230,1
9231,1150054740038,1150054740074,1150054740124,9231,1
9232,1150054864576,1150054864612,1150054864660,9232,1
9233,1150054997222,1150054997257,1150054997310,9233,1
9234,1150055114976,1150055115012,1150055115176,9234,1
9235,1150055240170,1150055240206,1150055240326,9235,1
9236,1150055364415,1150055364449,1150055364502,9236,1
9237,1150055537522,1150055537556,1150055537726,9237,1
9238,1150055616088,1150055616123,1150055616175,9238,1
9239,1150055740601,1150055740636,1150055740754,9239,1
9240,1150055865930,1150055865966,1150055866015,9240,1
9241,1150056060856,1150056060966,1150056061159,9241,1
9242,1150056114927,1150056114962,1150056115009,9242,1
9243,1150056238470,1150056238505,1150056238621,9243,1
9244,1150056363469,1150056363504,1150056363551,9244,1
9245,1150056488299,1150056488333,1150056488436,9245,1
9246,1150056613402,1150056613436,1150056613487,9246,1
9247,1150056738921,1150056738955,1150056739063,9247,1
9248,1150056863467,1150056863501,1150056863549,9248,1
9249,1150056988217,1150056988251,1150056988369,9249,1
9250,1150057113314,1150057113348,1150057113401,9250,1
9251,1150057237678,1150057237712,1150057237816,9251,1
9252,1150057364124,1150057364160,1150057364210,9252,1
9253,1150057488781,1150057488815,1150057488924,9253,1
9254,1150057613485,1150057613519,1150057613569,9254,1
9255,1150057737725,1150057737761,1150057737809,9255,1
9256,1150057954098,1150057954133,1150057954228,9256,1
9257,1150057988604,1150057988638,1150057988683,9257,1
9258,1150058113412,1150058113448,1150058113490,9258,1
9259,1150058238886,1150058238922,1150058238976,9259,1
9260,1150058364015,1150058364052,1150058364095,9260,1
9261,1150058489206,1150058489242,1150058489290,9261,1
9262,1150058613835,1150058613872,1150058613917,9262,1
9263,1150058739038,1150058739075,1150058739121,9263,1
9264,1150058863913,1150058863949,1150058863999,9264,1
9265,1150058988976,1150058989011,1150058989206,9265,1
9266,1150059113794,1150059113830,1150059113879,9266,1
9267,1150059238782,1150059238818,1150059238989,9267,1
9268,1150059363524,1150059363559,1150059363726,9268,1
9269,1150059613336,1150059613372,1150059613559,9269,1
9270,1150059621247,1150059621283,1150059621331,9270,1
9271,1150059738186,1150059738222,1150059738326,9271,1
9272,1150059881674,1150059881711,1150059881806,9272,1
9273,1150059983069,1150059983101,1150059983203,9273,1
9274,1150060120849,1150060120885,1150060120935,9274,1
9275,1150060239102,1150060239138,1150060239241,9275,1
9276,1150060392774,1150060392832,1150060392963,9276,1
9277,1150060489083,1150060489118,1150060489228,9277,1
9278,1150060613879,1150060613915,1150060613963,9278,1
9279,1150060738208,1150060738244,1150060738369,9279,1
9280,1150060962621,1150060962656,1150060962755,9280,1
9281,1150060988961,1150060988997,1150060989120,9281,1
9282,1150061113065,1150061113100,1150061113151,9282,1
9283,1150061245296,1150061245332,1150061245505,9283,1
9284,1150061363953,1150061363989,1150061364047,9284,1
9285,1150061514282,1150061514316,1150061514472,9285,1
9286,1150061615790,1150061615827,1150061615875,9286,1
9287,1150061740914,1150061740951,1150061741119,9287,1
9288,1150061865454,1150061865490,1150061865538,9288,1
9289,1150062046788,1150062046824,1150062046899,9289,1
9290,1150062115515,1150062115551,1150062115600,9290,1
9291,1150062240477,1150062240514,1150062240559,9291,1
9292,1150062401713,1150062401748,1150062401810,9292,1
9293,1150062491104,1150062491140,1150062491187,9293,1
9294,1150062615573,1150062615609,1150062615663,9294,1
9295,1150062740673,1150062740709,1150062740755,9295,1
9296,1150062865612,1150062865647,1150062865694,9296,1
9297,1150062990776,1150062990811,1150062990929,9297,1
9298,1150063116118,1150063116152,1150063116203,9298,1
9299,1150063240713,1150063240748,1150063240862,9299,1
9300,1150063371222,1150063371258,1150063371449,9300,1
9301,1150063651149,1150063651184,1150063651356,9301,1
9302,1150063660164,1150063660200,1150063660245,9302,1
9303,1150063740979,1150063741013,1150063741122,9303,1
9304,1150063865644,1150063865680,1150063865733,9304,1
9305,1150063983102,1150063983135,1150063983251,9305,1
9306,1150064116346,1150064116382,1150064116429,9306,1
9307,1150064240778,1150064240814,1150064240930,9307,1
9308,1150064490916,1150064490952,1150064491026,9308,1
9309,1150064498859,1150064498896,1150064499021,9309,1
9310,1150064615017,1150064615052,1150064615106,9310,1
9311,1150064738962,1150064738997,1150064739120,9311,1
9312,1150064864289,1150064864325,1150064864379,9312,1
9313,1150064989062,1150064989098,1150064989222,9313,1
9314,1150065113314,1150065113349,1150065113403,9314,1
9315,1150065332360,1150065332414,1150065332600,9315,1
9316,1150065364289,1150065364325,1150065364377,9316,1
9317,1150065488945,1150065488981,1150065489092,9317,1
9318,1150065613897,1150065613934,1150065613982,9318,1
9319,1150065738932,1150065738968,1150065739080,9319,1
9320,1150065864188,1150065864290,1150065864457,9320,1
9321,1150065993815,1150065993851,1150065993962,9321,1
9322,1150066122596,1150066122633,1150066122730,9322,1
9323,1150066240727,1150066240763,1150066240870,9323,1
9324,1150066366552,1150066366587,1150066366636,9324,1
9325,1150066490619,1150066490655,1150066490777,9325,1
9326,1150066615567,1150066615602,1150066615654,9326,1
9327,1150066740465,1150066740501,1150066740619,9327,1
9328,1150066865568,1150066865604,1150066865659,9328,1
9329,1150066990551,1150066990586,1150066990710,9329,1
9330,1150067115617,1150067115653,1150067115703,9330,1
9331,1150067240474,1150067240510,1150067240698,9331,1
9332,1150067365677,1150067365713,1150067365760,9332,1
9333,1150067490636,1150067490671,1150067491135,9333,1
9334,1150067615606,1150067615641,1150067615813,9334,1
9335,1150067740792,1150067740827,1150067741007,9335,1
9336,1150067871757,1150067871791,1150067871845,9336,1
9337,1150067983200,1150067983233,1150067983347,9337,1
9338,1150068119647,1150068119684,1150068119733,9338,1
9339,1150068246054,1150068246090,1150068246314,9339,1
9340,1150068364001,1150068364037,1150068364084,9340,1
9341,1150068487513,1150068487549,1150068487729,9341,1
9342,1150068619386,1150068619421,1150068619516,9342,1
9343,1150068738600,1150068738634,1150068738833,9343,1
9344,1150068863552,1150068863586,1150068863636,9344,1
9345,1150068988438,1150068988473,1150068988629,9345,1
9346,1150069113380,1150069113415,1150069113460,9346,1
9347,1150069237695,1150069237729,1150069237885,9347,1
9348,1150069393408,1150069393442,1150069393570,9348,1
9349,1150069488590,1150069488625,1150069488800,9349,1
9350,1150069613498,1150069613532,1150069613578,9350,1
9351,1150069738475,1150069738509,1150069738681,9351,1
9352,1150069862553,1150069862588,1150069862641,9352,1
9353,1150069998906,1150069999007,1150069999317,9353,1
9354,1150070115395,1150070115429,1150070115476,9354,1
9355,1150070240295,1150070240329,1150070240519,9355,1
9356,1150070365278,1150070365314,1150070365365,9356,1
9357,1150070490211,1150070490247,1150070490416,9357,1
9358,1150070615090,1150070615124,1150070615171,9358,1
9359,1150070740192,1150070740227,1150070740395,9359,1
9360,1150070865130,1150070865163,1150070865216,9360,1
9361,1150070990054,1150070990089,1150070990290,9361,1
9362,1150071115336,1150071115370,1150071115417,9362,1
9363,1150071240085,1150071240119,1150071240326,9363,1
9364,1150071365262,1150071365296,1150071365348,9364,1
9365,1150071489991,1150071490026,1150071490226,9365,1
9366,1150071615168,1150071615202,1150071615247,9366,1
9367,1150071740222,1150071740256,1150071740426,9367,1
9368,1150071865405,1150071865440,1150071865606,9368,1
9369,1150071982769,1150071982801,1150071982916,9369,1
9370,1150072120507,1150072120541,1150072120590,9370,1
9371,1150072238390,1150072238425,1150072238544,9371,1
9372,1150072363347,1150072363381,1150072363433,9372,1
9373,1150072488544,1150072488578,1150072488678,9373,1
9374,1150072613473,1150072613507,1150072613554,9374,1
9375,1150072738322,1150072738357,1150072738405,9375,1
9376,1150072863284,1150072863319,1150072863372,9376,1
9377,1150072988330,1150072988365,1150072988412,9377,1
9378,1150073113426,1150073113461,1150073113508,9378,1
9379,1150073360724,1150073360758,1150073360807,9379,1
9380,1150073368364,1150073368398,1150073368449,9380,1
9381,1150073488700,1150073488734,1150073488783,9381,1
9382,1150073613585,1150073613620,1150073613667,9382,1
9383,1150073738590,1150073738625,1150073738674,9383,1
9384,1150073863782,1150073863818,1150073863867,9384,1
9385,1150073996177,1150073996212,1150073996265,9385,1
9386,1150074114075,1150074114111,1150074114166,9386,1
9387,1150074239144,1150074239181,1150074239287,9387,1
9388,1150074363995,1150074364031,1150074364079,9388,1
9389,1150074489082,1150074489117,1150074489167,9389,1
9390,1150074613773,1150074613807,1150074613860,9390,1
9391,1150074738842,1150074738877,1150074738985,9391,1
9392,1150074863962,1150074863998,1150074864046,9392,1
9393,1150074988875,1150074988911,1150074989020,9393,1
9394,1150075113773,1150075113808,1150075113862,9394,1
9395,1150075238699,1150075238734,1150075238785,9395,1
9396,1150075364129,1150075364165,1150075364212,9396,1
9397,1150075488993,1150075489028,1150075489077,9397,1
9398,1150075614012,1150075614048,1150075614102,9398,1
9399,1150075739018,1150075739054,1150075739103,9399,1
9400,1150075862944,1150075862979,1150075863032,9400,1
9401,1150075990287,1150075990319,1150075990552,9401,1
9402,1150076196684,1150076196721,1150076196886,9402,1
9403,1150076239457,1150076239492,1150076239597,9403,1
9404,1150076364113,1150076364149,1150076364197,9404,1
9405,1150076488856,1150076488892,1150076489010,9405,1
9406,1150076614120,1150076614155,1150076614205,9406,1
9407,1150076738906,1150076738941,1150076739059,9407,1
9408,1150076863936,1150076863971,1150076864019,9408,1
9409,1150077048047,1150077048083,1150077048251,9409,1
9410,1150077114395,1150077114431,1150077114479,9410,1
9411,1150077238296,1150077238332,1150077238457,9411,1
9412,1150077364919,1150077364954,1150077365004,9412,1
9413,1150077488975,1150077489011,1150077489124,9413,1
9414,1150077614197,1150077614231,1150077614281,9414,1
9415,1150077739074,1150077739110,1150077739221,9415,1
9416,1150077864094,1150077864130,1150077864178,9416,1
9417,1150077988870,1150077988906,1150077988953,9417,1
9418,1150078113823,1150078113859,1150078113907,9418,1
9419,1150078238931,1150078238966,1150078239016,9419,1
9420,1150078364083,1150078364117,1150078364234,9420,1
9421,1150078488810,1150078488846,1150078488893,9421,1
9422,1150078613119,1150078613155,1150078613203,9422,1
9423,1150078747215,1150078747250,1150078747348,9423,1
9424,1150078864131,1150078864166,1150078864213,9424,1
9425,1150078988806,1150078988840,1150078988887,9425,1
9426,1150079113832,1150079113868,1150079113921,9426,1
9427,1150079238946,1150079238981,1150079239026,9427,1
9428,1150079364014,1150079364050,1150079364102,9428,1
9429,1150079488905,1150079488939,1150079488988,9429,1
9430,1150079613864,1150079613901,1150079613953,9430,1
9431,1150079738099,1150079738134,1150079738186,9431,1
9432,1150079876579,1150079876616,1150079876714,9432,1
9433,1150079983309,1150079983342,1150079983387,9433,1
9434,1150080194903,1150080195004,1150080195189,9434,1
9435,1150080238160,1150080238196,1150080238298,9435,1
9436,1150080405998,1150080406033,1150080406133,9436,1
9437,1150080488994,1150080489030,1150080489140,9437,1
9438,1150080613803,1150080613839,1150080613883,9438,1
9439,1150080738888,1150080738924,1150080739044,9439,1
9440,1150080864067,1150080864102,1150080864150,9440,1
9441,1150080988798,1150080988834,1150080988910,9441,1
9442,1150081113810,1150081113846,1150081113889,9442,1
9443,1150081237905,1150081237942,1150081238024,9443,1
9444,1150081364826,1150081364862,1150081364913,9444,1
9445,1150081488912,1150081488949,1150081489010,9445,1
9446,1150081613937,1150081613973,1150081614021,9446,1
9447,1150081738900,1150081738935,1150081739002,9447,1
9448,1150081863022,1150081863058,1150081863107,9448,1
9449,1150081999022,1150081999058,1150081999156,9449,1
9450,1150082115532,1150082115568,1150082115614,9450,1
9451,1150082240539,1150082240575,1150082240633,9451,1
9452,1150082365549,1150082365584,1150082365636,9452,1
9453,1150082493188,1150082493225,1150082493391,9453,1
9454,1150082615705,1150082615740,1150082615788,9454,1
9455,1150082741252,1150082741287,1150082741332,9455,1
9456,1150082865084,1150082865118,1150082865163,9456,1
9457,1150082990141,1150082990175,1150082990243,9457,1
9458,1150083115071,1150083115105,1150083115150,9458,1
9459,1150083240066,1150083240100,1150083240265,9459,1
9460,1150083365038,1150083365072,1150083365117,9460,1
9461,1150083490127,1150083490161,1150083490516,9461,1
9462,1150083615072,1150083615107,1150083615152,9462,1
9463,1150083740124,1150083740159,1150083740327,9463,1
9464,1150083865044,1150083865077,1150083865123,9464,1
9465,1150083982975,1150083983006,1150083983193,9465,1
9466,1150084172050,1150084172153,1150084172318,9466,1
9467,1150084239017,1150084239052,1150084239165,9467,1
9468,1150084364439,1150084364475,1150084364652,9468,1
9469,1150084487610,1150084487644,1150084487764,9469,1
9470,1150084688462,1150084688497,1150084688618,9470,1
9471,1150084754117,1150084754152,1150084754343,9471,1
9472,1150084864198,1150084864233,1150084864279,9472,1
9473,1150084988698,1150084988733,1150084988940,9473,1
9474,1150085113396,1150085113430,1150085113477,9474,1
9475,1150085237555,1150085237590,1150085237784,9475,1
9476,1150085371857,1150085371892,1150085371940,9476,1
9477,1150085490319,1150085490352,1150085490532,9477,1
9478,1150085615094,1150085615129,1150085615176,9478,1
9479,1150085740221,1150085740257,1150085740430,9479,1
9480,1150085865174,1150085865209,1150085865261,9480,1
9481,1150085990653,1150085990689,1150085990861,9481,1
9482,1150086115506,1150086115542,1150086115589,9482,1
9483,1150086312133,1150086312169,1150086312367,9483,1
9484,1150086365715,1150086365752,1150086365800,9484,1
9485,1150086490736,1150086490771,1150086490967,9485,1
9486,1150086615897,1150086615933,1150086615988,9486,1
9487,1150086740783,1150086740818,1150086741064,9487,1
9488,1150086865795,1150086865831,1150086865879,9488,1
9489,1150086990726,1150086990762,1150086990931,9489,1
9490,1150087115655,1150087115690,1150087115744,9490,1
9491,1150087240571,1150087240606,1150087240770,9491,1
9492,1150087365677,1150087365713,1150087365760,9492,1
9493,1150087490584,1150087490619,1150087490798,9493,1
9494,1150087615600,1150087615635,1150087615688,9494,1
9495,1150087740563,1150087740598,1150087740851,9495,1
9496,1150087872837,1150087872874,1150087872927,9496,1
9497,1150087983092,1150087983128,1150087983181,9497,1
9498,1150088120789,1150088120891,1150088120938,9498,1
9499,1150088238957,1150088238994,1150088239048,9499,1
9500,1150088364073,1150088364109,1150088364271,9500,1
9501,1150088489266,1150088489303,1150088489422,9501,1
9502,1150088613871,1150088613907,1150088613952,9502,1
9503,1150088738820,1150088738856,1150088738906,9503,1
9504,1150088863816,1150088863852,1150088863897,9504,1
9505,1150088988750,1150088988787,1150088988833,9505,1
9506,1150089113908,1150089113944,1150089113992,9506,1
9507,1150089238105,1150089238140,1150089238190,9507,1
9508,1150089364819,1150089364854,1150089364903,9508,1
9509,1150089489000,1150089489036,1150089489085,9509,1
9510,1150089614166,1150089614202,1150089614250,9510,1
9511,1150089738917,1150089738953,1150089739002,9511,1
9512,1150089863767,1150089863803,1150089863852,9512,1
9513,1150089988777,1150089988813,1150089988862,9513,1
9514,1150090113854,1150090113890,1150090113936,9514,1
9515,1150090238881,1150090238915,1150090238964,9515,1
9516,1150090363030,1150090363065,1150090363112,9516,1
9517,1150090497271,1150090497307,1150090497430,9517,1
9518,1150090615710,1150090615745,1150090615790,9518,1
9519,1150090740610,1150090740646,1150090740698,9519,1
9520,1150090865895,1150090865930,1150090866037,9520,1
9521,1150090990658,1150090990693,1150090990739,9521,1
9522,1150091115653,1150091115689,1150091115737,9522,1
9523,1150091240597,1150091240633,1150091240755,9523,1
9524,1150091365617,1150091365654,1150091365707,9524,1
9525,1150091490889,1150091490924,1150091491048,9525,1
9526,1150091701040,1150091701077,1150091701126,9526,1
9527,1150091741260,1150091741296,1150091741417,9527,1
9528,1150091865583,1150091865619,1150091865674,9528,1
9529,1150092040362,1150092040468,1150092040590,9529,1
9530,1150092114099,1150092114135,1150092114188,9530,1
9531,1150092244639,1150092244675,1150092244786,9531,1
9532,1150092363923,1150092363958,1150092364011,9532,1
9533,1150092488873,1150092488907,1150092489019,9533,1
9534,1150092627826,1150092627863,1150092628022,9534,1
9535,1150092739059,1150092739094,1150092739207,9535,1
9536,1150092863816,1150092863852,1150092863900,9536,1
9537,1150092988816,1150092988852,1150092988959,9537,1
9538,1150093113841,1150093113877,1150093113923,9538,1
9539,1150093237941,1150093237976,1150093238028,9539,1
9540,1150093365287,1150093365321,1150093365370,9540,1
9541,1150093489052,1150093489086,1150093489135,9541,1
9542,1150093613962,1150093613999,1150093614047,9542,1
9543,1150093738884,1150093738919,1150093738970,9543,1
9544,1150093863077,1150093863113,1150093863162,9544,1
9545,1150093996638,1150093996675,1150093996773,9545,1
9546,1150094113980,1150094114015,1150094114062,9546,1
9547,1150094238758,1150094238792,1150094238845,9547,1
9548,1150094363814,1150094363850,1150094363895,9548,1
9549,1150094488836,1150094488871,1150094488917,9549,1
9550,1150094613872,1150094613907,1150094613955,9550,1
9551,1150094738844,1150094738880,1150094738931,9551,1
9552,1150094864019,1150094864054,1150094864100,9552,1
9553,1150094989137,1150094989173,1150094989281,9553,1
9554,1150095112916,1150095112953,1150095113003,9554,1
9555,1150095286654,1150095286690,1150095286807,9555,1
9556,1150095366046,1150095366081,1150095366129,9556,1
9557,1150095556953,1150095556989,1150095557036,9557,1
9558,1150095615848,1150095615883,1150095615932,9558,1
9559,1150095740827,1150095740862,1150095740911,9559,1
9560,1150095865669,1150095865704,1150095865759,9560,1
9561,1150095983040,1150095983076,1150095983129,9561,1
9562,1150096121145,1150096121252,1150096121299,9562,1
9563,1150096238812,1150096238848,1150096238897,9563,1
9564,1150096363816,1150096363852,1150096363897,9564,1
9565,1150096488989,1150096489025,1150096489072,9565,1
9566,1150096613906,1150096613943,1150096613995,9566,1
9567,1150096790088,1150096790123,1150096790283,9567,1
9568,1150096864084,1150096864119,1150096864164,9568,1
9569,1150096988790,1150096988826,1150096988934,9569,1
9570,1150097113777,1150097113812,1150097113857,9570,1
9571,1150097237961,1150097237998,1150097238100,9571,1
9572,1150097364705,1150097364741,1150097364788,9572,1
9573,1150097488980,1150097489016,1150097489100,9573,1
9574,1150097614121,1150097614157,1150097614206,9574,1
9575,1150097738932,1150097738966,1150097739091,9575,1
9576,1150097862951,1150097862986,1150097863037,9576,1
9577,1150097997056,1150097997092,1150097997189,9577,1
9578,1150098113985,1150098114022,1150098114067,9578,1
9579,1150098238852,1150098238887,1150098238978,9579,1
9580,1150098363921,1150098363957,1150098364004,9580,1
9581,1150098488811,1150098488846,1150098488958,9581,1
9582,1150098613862,1150098613898,1150098613949,9582,1
9583,1150098738786,1150098738822,1150098738923,9583,1
9584,1150098863825,1150098863860,1150098863907,9584,1
9585,1150098987962,1150098987997,1150098988067,9585,1
9586,1150099136313,1150099136350,1150099136512,9586,1
9587,1150099243861,1150099243897,1150099244096,9587,1
9588,1150099363889,1150099363925,1150099363974,9588,1
9589,1150099488936,1150099488970,1150099489400,9589,1
9590,1150099613876,1150099613912,1150099613966,9590,1
9591,1150099737922,1150099737957,1150099738196,9591,1
9592,1150099873557,1150099873595,1150099873690,9592,1
9593,1150099983076,1150099983111,1150099983391,9593,1
9594,1150100120276,1150100120383,1150100120437,9594,1
9595,1150100246985,1150100247020,1150100248085,9595,1
9596,1150100363665,1150100363701,1150100363745,9596,1
9597,1150100488457,1150100488491,1150100488732,9597,1
9598,1150100613510,1150100613544,1150100613591,9598,1
9599,1150100738696,1150100738732,1150100738976,9599,1
9600,1150100863607,1150100863642,1150100863804,9600,1
9601,1150100988770,1150100988805,1150100988977,9601,1
9602,1150101113626,1150101113661,1150101113708,9602,1
9603,1150101237548,1150101237583,1150101237698,9603,1
9604,1150101364087,1150101364122,1150101364176,9604,1
9605,1150101488488,1150101488522,1150101488782,9605,1
9606,1150101613488,1150101613523,1150101613569,9606,1
9607,1150101738596,1150101738632,1150101738876,9607,1
9608,1150101863473,1150101863508,1150101863556,9608,1
9609,1150101988492,1150101988528,1150101988577,9609,1
9610,1150102118824,1150102118859,1150102118912,9610,1
9611,1150102238503,1150102238538,1150102238591,9611,1
9612,1150102363589,1150102363623,1150102363677,9612,1
9613,1150102488365,1150102488399,1150102488451,9613,1
9614,1150102613399,1150102613433,1150102613487,9614,1
9615,1150102738447,1150102738481,1150102738533,9615,1
9616,1150102863582,1150102863616,1150102863668,9616,1
9617,1150102988372,1150102988406,1150102988459,9617,1
9618,1150103113338,1150103113372,1150103113424,9618,1
9619,1150103238665,1150103238700,1150103238754,9619,1
9620,1150103363731,1150103363767,1150103363875,9620,1
9621,1150103488419,1150103488454,1150103488705,9621,1
9622,1150103613501,1150103613536,1150103613588,9622,1
9623,1150103737436,1150103737470,1150103737716,9623,1
9624,1150103872013,1150103872048,1150103872142,9624,1
9625,1150103983072,1150103983107,1150103983157,9625,1
9626,1150104120548,1150104120583,1150104120626,9626,1
9627,1150104238540,1150104238574,1150104238618,9627,1
9628,1150104363344,1150104363380,1150104363424,9628,1
9629,1150104488346,1150104488381,1150104488426,9629,1
9630,1150104613363,1150104613397,1150104613440,9630,1
9631,1150104738379,1150104738415,1150104738458,9631,1
9632,1150104863385,1150104863420,1150104863464,9632,1
9633,1150104988260,1150104988294,1150104988456,9633,1
9634,1150105131930,1150105131965,1150105132133,9634,1
9635,1150105237471,1150105237506,1150105237623,9635,1
9636,1150105366431,1150105366465,1150105366518,9636,1
9637,1150105490683,1150105490719,1150105490774,9637,1
9638,1150105615783,1150105615819,1150105615872,9638,1
9639,1150105740549,1150105740585,1150105740642,9639,1
9640,1150105865732,1150105865768,1150105865821,9640,1
9641,1150105995940,1150105995976,1150105996029,9641,1
9642,1150106115568,1150106115604,1150106115653,9642,1
9643,1150106240594,1150106240629,1150106240677,9643,1
9644,1150106365625,1150106365661,1150106365710,9644,1
9645,1150106490649,1150106490686,1150106490738,9645,1
9646,1150106615647,1150106615683,1150106615736,9646,1
9647,1150106740630,1150106740665,1150106740714,9647,1
9648,1150106865569,1150106865604,1150106865655,9648,1
9649,1150106990759,1150106990794,1150106990847,9649,1
9650,1150107115481,1150107115517,1150107115564,9650,1
9651,1150107240594,1150107240631,1150107240680,9651,1
9652,1150107365676,1150107365711,1150107365760,9652,1
9653,1150107490793,1150107490829,1150107490943,9653,1
9654,1150107615493,1150107615529,1150107615577,9654,1
9655,1150107740573,1150107740608,1150107740657,9655,1
9656,1150107865550,1150107865588,1150107865636,9656,1
9657,1150107982926,1150107982959,1150107983077,9657,1
9658,1150108120571,1150108120608,1150108120662,9658,1
9659,1150108238772,1150108238807,1150108238928,9659,1
9660,1150108363972,1150108364008,1150108364057,9660,1
9661,1150108488826,1150108488860,1150108488909,9661,1
9662,1150108613790,1150108613827,1150108613880,9662,1
9663,1150108738843,1150108738878,1150108738927,9663,1
9664,1150108863796,1150108863831,1150108863879,9664,1
9665,1150108988679,1150108988715,1150108988763,9665,1
9666,1150109114042,1150109114077,1150109114130,9666,1
9667,1150109238488,1150109238532,1150109240182,9667,1
9668,1150109367051,1150109367088,1150109367242,9668,1
9669,1150109511691,1150109511726,1150109511844,9669,1
9670,1150109616249,1150109616285,1150109616330,9670,1
9671,1150109740732,1150109740767,1150109740818,9671,1
9672,1150109865570,1150109865607,1150109865655,9672,1
9673,1150109990513,1150109990549,1150109990594,9673,1
9674,1150110115625,1150110115661,1150110115710,9674,1
9675,1150110240575,1150110240611,1150110240659,9675,1
9676,1150110365708,1150110365744,1150110365789,9676,1
9677,1150110490561,1150110490597,1150110490647,9677,1
9678,1150110615569,1150110615604,1150110615654,9678,1
9679,1150110740643,1150110740678,1150110740728,9679,1
9680,1150110865548,1150110865585,1150110865634,9680,1
9681,1150110990521,1150110990557,1150110990605,9681,1
9682,1150111115582,1150111115618,1150111115667,9682,1
9683,1150111240747,1150111240783,1150111240834,9683,1
9684,1150111365542,1150111365579,1150111365628,9684,1
9685,1150111490883,1150111490918,1150111490969,9685,1
9686,1150111615689,1150111615725,1150111615774,9686,1
9687,1150111740809,1150111740845,1150111740950,9687,1
9688,1150111872627,1150111872663,1150111872710,9688,1
9689,1150111983438,1150111983471,1150111983524,9689,1
9690,1150112190252,1150112190368,1150112190419,9690,1
9691,1150112239449,1150112239484,1150112239535,9691,1
9692,1150112421777,1150112421813,1150112421933,9692,1
9693,1150112489483,1150112489519,1150112489569,9693,1
9694,1150112613955,1150112613991,1150112614039,9694,1
9695,1150112738842,1150112738879,1150112738928,9695,1
9696,1150112863766,1150112863801,1150112863850,9696,1
9697,1150112988869,1150112988905,1150112988954,9697,1
9698,1150113193229,1150113193264,1150113193359,9698,1
9699,1150113238517,1150113238553,1150113238603,9699,1
9700,1150113365878,1150113365913,1150113366079,9700,1
9701,1150113489315,1150113489351,1150113489530,9701,1
9702,1150113613993,1150113614029,1150113614079,9702,1
9703,1150113738988,1150113739025,1150113739141,9703,1
9704,1150113863932,1150113863967,1150113864018,9704,1
9705,1150113988867,1150113988902,1150113989024,9705,1
9706,1150114113786,1150114113822,1150114113873,9706,1
9707,1150114288291,1150114288326,1150114288421,9707,1
9708,1150114384088,1150114384126,1150114384180,9708,1
9709,1150114492183,1150114492218,1150114492267,9709,1
9710,1150114628467,1150114628502,1150114628551,9710,1
9711,1150114787677,1150114787712,1150114787853,9711,1
9712,1150114867156,1150114867191,1150114867242,9712,1
9713,1150114991415,1150114991451,1150114991554,9713,1
9714,1150115116502,1150115116538,1150115116587,9714,1
9715,1150115239915,1150115239951,1150115240001,9715,1
9716,1150115392501,1150115392538,1150115392632,9716,1
9717,1150115549978,1150115550012,1150115550445,9717,1
9718,1150115615495,1150115615529,1150115615582,9718,1
9719,1150115739002,1150115739037,1150115739246,9719,1
9720,1150115874014,1150115874049,1150115874197,9720,1
9721,1150115984355,1150115984390,1150115984567,9721,1
9722,1150116120997,1150116121103,1150116121155,9722,1
9723,1150116239489,1150116239524,1150116239701,9723,1
9724,1150116364361,1150116364395,1150116364453,9724,1
9725,1150116489428,1150116489463,1150116489664,9725,1
9726,1150116613832,1150116613868,1150116613920,9726,1
9727,1150116739000,1150116739035,1150116739221,9727,1
9728,1150116863870,1150116863905,1150116863959,9728,1
9729,1150116988550,1150116988585,1150116988768,9729,1
9730,1150117113603,1150117113637,1150117113690,9730,1
9731,1150117237671,1150117237706,1150117237758,9731,1
9732,1150117369308,1150117369344,1150117369393,9732,1
9733,1150117488874,1150117488909,1150117488957,9733,1
9734,1150117627949,1150117627983,1150117628154,9734,1
9735,1150117739071,1150117739104,1150117739227,9735,1
9736,1150117863618,1150117863653,1150117863700,9736,1
9737,1150117987649,1150117987684,1150117987731,9737,1
9738,1150118120586,1150118120622,1150118120717,9738,1
9739,1150118238778,1150118238813,1150118239072,9739,1
9740,1150118363590,1150118363625,1150118363672,9740,1
9741,1150118488579,1150118488614,1150118488782,9741,1
9742,1150118612588,1150118612624,1150118612677,9742,1
9743,1150118747674,1150118747709,1150118747958,9743,1
9744,1150118863902,1150118863938,1150118863985,9744,1
9745,1150118988513,1150118988548,1150118988734,9745,1
9746,1150119113364,1150119113400,1150119113446,9746,1
9747,1150119238554,1150119238589,1150119238776,9747,1
9748,1150119363804,1150119363839,1150119363886,9748,1
9749,1150119488628,1150119488663,1150119488834,9749,1
9750,1150119613496,1150119613531,1150119613579,9750,1
9751,1150119737730,1150119737765,1150119737949,9751,1
9752,1150119883322,1150119883357,1150119883452,9752,1
9753,1150119983312,1150119983344,1150119983585,9753,1
9754,1150120119968,1150120120071,1150120120112,9754,1
9755,1150120238490,1150120238524,1150120238700,9755,1
9756,1150120363467,1150120363502,1150120363544,9756,1
9757,1150120488373,1150120488408,1150120488569,9757,1
9758,1150120613611,1150120613645,1150120613686,9758,1
9759,1150120738437,1150120738471,1150120738635,9759,1
9760,1150120863342,1150120863376,1150120863418,9760,1
9761,1150120988484,1150120988519,1150120988823,9761,1
9762,1150121113334,1150121113370,1150121113412,9762,1
9763,1150121237799,1150121237834,1150121238010,9763,1
9764,1150121364334,1150121364369,1150121364417,9764,1
9765,1150121488960,1150121488995,1150121489188,9765,1
9766,1150121613799,1150121613835,1150121613883,9766,1
9767,1150121738835,1150121738871,1150121739055,9767,1
9768,1150121864105,1150121864141,1150121864312,9768,1
9769,1150121988839,1150121988873,1150121988919,9769,1
9770,1150122113841,1150122113877,1150122113921,9770,1
9771,1150122238833,1150122238870,1150122238916,9771,1
9772,1150122364078,1150122364113,1150122364159,9772,1
9773,1150122488098,1150122488134,1150122488180,9773,1
9774,1150122713509,1150122713544,1150122713642,9774,1
9775,1150122741056,1150122741092,1150122741139,9775,1
9776,1150122866053,1150122866088,1150122866142,9776,1
9777,1150122990858,1150122990893,1150122990941,9777,1
9778,1150123115728,1150123115764,1150123115815,9778,1
9779,1150123280517,1150123280551,1150123280730,9779,1
9780,1150123366292,1150123366328,1150123366375,9780,1
9781,1150123553330,1150123553366,1150123553419,9781,1
9782,1150123615658,1150123615695,1150123615743,9782,1
9783,1150123740644,1150123740680,1150123740791,9783,1
9784,1150123865635,1150123865672,1150123865724,9784,1
9785,1150123983048,1150123983084,1150123983192,9785,1
9786,1150124121443,1150124121549,1150124121600,9786,1
9787,1150124239141,1150124239177,1150124239338,9787,1
9788,1150124363842,1150124363878,1150124363923,9788,1
9789,1150124488917,1150124488952,1150124489068,9789,1
9790,1150124614014,1150124614049,1150124614101,9790,1
9791,1150124739047,1150124739082,1150124739204,9791,1
9792,1150124869911,1150124869946,1150124869999,9792,1
9793,1150124989027,1150124989063,1150124989173,9793,1
9794,1150125113854,1150125113888,1150125113939,9794,1
9795,1150125237874,1150125237910,1150125238038,9795,1
9796,1150125365151,1150125365186,1150125365237,9796,1
9797,1150125488915,1150125488950,1150125489060,9797,1
9798,1150125613981,1150125614017,1150125614067,9798,1
9799,1150125738912,1150125738948,1150125739065,9799,1
9800,1150125864144,1150125864180,1150125864347,9800,1
9801,1150125988976,1150125989012,1150125989180,9801,1
9802,1150126113011,1150126113046,1150126113093,9802,1
9803,1150126491208,1150126491245,1150126491422,9803,1
9804,1150126491482,1150126491518,1150126491560,9804,1
9805,1150126491593,1150126491626,1150126491668,9805,1
9806,1150126619210,1150126619246,1150126619298,9806,1
9807,1150126744154,1150126744190,1150126744244,9807,1
9808,1150126870805,1150126870841,1150126870895,9808,1
9809,1150127006303,1150127006340,1150127006462,9809,1
9810,1150127119768,1150127119804,1150127119859,9810,1
9811,1150127238067,1150127238102,1150127238217,9811,1
9812,1150127371109,1150127371144,1150127371242,9812,1
9813,1150127489210,1150127489246,1150127489352,9813,1
9814,1150127613793,1150127613829,1150127613874,9814,1
9815,1150127783892,1150127783931,1150127784102,9815,1
9816,1150127886350,1150127886385,1150127886483,9816,1
9817,1150127983341,1150127983374,1150127983477,9817,1
9818,1150128120619,1150128120655,1150128120702,9818,1
9819,1150128238933,1150128238967,1150128239081,9819,1
9820,1150128364299,1150128364401,1150128364507,9820,1
9821,1150128488800,1150128488835,1150128488947,9821,1
9822,1150128613845,1150128613880,1150128613930,9822,1
9823,1150128738869,1150128738906,1150128739026,9823,1
9824,1150128863909,1150128863943,1150128863992,9824,1
9825,1150128989261,1150128989296,1150128989414,9825,1
9826,1150129113850,1150129113886,1150129113936,9826,1
9827,1150129238055,1150129238091,1150129238139,9827,1
9828,1150129365643,1150129365679,1150129365729,9828,1
9829,1150129488893,1150129488928,1150129488977,9829,1
9830,1150129614232,1150129614268,1150129614316,9830,1
9831,1150129738951,1150129738986,1150129739034,9831,1
9832,1150129863915,1150129863949,1150129863999,9832,1
9833,1150129988005,1150129988041,1150129988089,9833,1
9834,1150130140782,1150130140819,1150130141027,9834,1
9835,1150130266390,1150130266425,1150130266540,9835,1
9836,1150130365931,1150130365968,1150130366016,9836,1
9837,1150130490612,1150130490649,1150130490774,9837,1
9838,1150130615661,1150130615697,1150130615744,9838,1
9839,1150130741000,1150130741035,1150130741164,9839,1
9840,1150130865544,1150130865581,1150130865628,9840,1
9841,1150130990754,1150130990790,1150130990907,9841,1
9842,1150131115740,1150131115775,1150131115823,9842,1
9843,1150131240777,1150131240814,1150131240926,9843,1
9844,1150131365626,1150131365661,1150131365711,9844,1
9845,1150131490524,1150131490560,1150131490950,9845,1
9846,1150131615687,1150131615722,1150131615770,9846,1
9847,1150131740588,1150131740624,1150131740812,9847,1
9848,1150131865340,1150131865374,1150131865421,9848,1
9849,1150131982759,1150131982790,1150131982966,9849,1
9850,1150132119796,1150132119830,1150132119876,9850,1
9851,1150132238524,1150132238558,1150132238728,9851,1
9852,1150132363624,1150132363659,1150132363704,9852,1
9853,1150132488987,1150132489091,1150132489337,9853,1
9854,1150132613259,1150132613294,1150132613339,9854,1
9855,1150132738485,1150132738520,1150132738566,9855,1
9856,1150132863402,1150132863438,1150132863487,9856,1
9857,1150132988586,1150132988621,1150132988665,9857,1
9858,1150133112972,1150133113007,1150133113050,9858,1
9859,1150133245762,1150133245797,1150133245892,9859,1
9860,1150133364364,1150133364399,1150133364446,9860,1
9861,1150133488554,1150133488589,1150133488634,9861,1
9862,1150133613548,1150133613583,1150133613631,9862,1
9863,1150133738277,1150133738312,1150133738360,9863,1
9864,1150133863269,1150133863304,1150133863350,9864,1
9865,1150133987485,1150133987519,1150133987565,9865,1
9866,1150134117784,1150134117818,1150134117913,9866,1
9867,1150134240319,1150134240353,1150134240512,9867,1
9868,1150134365421,1150134365456,1150134365615,9868,1
9869,1150134490168,1150134490203,1150134490319,9869,1
9870,1150134615058,1150134615094,1150134615146,9870,1
9871,1150134740068,1150134740103,1150134740220,9871,1
9872,1150134865123,1150134865158,1150134865201,9872,1
9873,1150134990065,1150134990101,1150134990217,9873,1
9874,1150135115163,1150135115198,1150135115249,9874,1
9875,1150135240042,1150135240077,1150135240195,9875,1
9876,1150135365300,1150135365335,1150135365379,9876,1
9877,1150135490117,1150135490152,1150135490214,9877,1
9878,1150135615139,1150135615174,1150135615225,9878,1
9879,1150135740076,1150135740111,1150135740161,9879,1
9880,1150136192581,1150136192697,1150136192752,9880,1
9881,1150136192804,1150136192954,1150136193004,9881,1
9882,1150136193045,1150136193084,1150136193131,9882,1
9883,1150136246830,1150136246865,1150136246916,9883,1
9884,1150136369513,1150136369548,1150136369594,9884,1
9885,1150136493842,1150136493877,1150136493930,9885,1
9886,1150136618223,1150136618258,1150136618310,9886,1
9887,1150136742393,1150136742427,1150136742540,9887,1
9888,1150136863396,1150136863430,1150136863482,9888,1
9889,1150136988400,1150136988435,1150136988486,9889,1
9890,1150137112772,1150137112806,1150137112860,9890,1
9891,1150138077699,1150138077759,1150138078185,9891,1
9892,1150138078610,1150138078642,1150138078683,9892,1
9893,1150138078719,1150138078762,1150138078948,9893,1
9894,1150138078980,1150138079012,1150138079053,9894,1
9895,1150138079104,1150138079136,1150138079320,9895,1
9896,1150138079352,1150138079502,1150138079543,9896,1
9897,1150138079576,1150138079609,1150138079775,9897,1
9898,1150138121882,1150138121918,1150138121968,9898,1
9899,1150138245767,1150138245803,1150138245979,9899,1
9900,1150138369186,1150138369222,1150138369386,9900,1
9901,1150138489070,1150138489106,1150138489277,9901,1
9902,1150138618794,1150138618829,1150138618883,9902,1
9903,1150138738906,1150138738943,1150138739055,9903,1
9904,1150138863926,1150138863961,1150138864016,9904,1
9905,1150138988823,1150138988859,1150138988974,9905,1
9906,1150139113829,1150139113865,1150139113914,9906,1
9907,1150139238781,1150139238818,1150139238938,9907,1
9908,1150139363867,1150139363903,1150139363958,9908,1
9909,1150139549425,1150139549461,1150139549589,9909,1
9910,1150139613990,1150139614028,1150139614076,9910,1
9911,1150139738872,1150139738908,1150139739030,9911,1
9912,1150139862919,1150139862955,1150139863008,9912,1
9913,1150140125478,1150140125514,1150140125724,9913,1
9914,1150140149403,1150140149439,1150140149486,9914,1
9915,1150140239724,1150140239758,1150140239885,9915,1
9916,1150140363865,1150140363901,1150140363949,9916,1
9917,1150140488818,1150140488854,1150140488966,9917,1
9918,1150140614077,1150140614113,1150140614161,9918,1
9919,1150140738768,1150140738804,1150140738915,9919,1
9920,1150140864264,1150140864369,1150140864478,9920,1
9921,1150140988745,1150140988782,1150140988898,9921,1
9922,1150141112985,1150141113021,1150141113074,9922,1
9923,1150141246521,1150141246556,1150141246716,9923,1
9924,1150141366472,1150141366506,1150141366555,9924,1
9925,1150141490577,1150141490613,1150141490936,9925,1
9926,1150141615795,1150141615831,1150141615879,9926,1
9927,1150141740435,1150141740470,1150141740587,9927,1
9928,1150141865626,1150141865662,1150141865711,9928,1
9929,1150141990356,1150141990392,1150141990507,9929,1
9930,1150142115537,1150142115572,1150142115621,9930,1
9931,1150142240342,1150142240377,1150142240570,9931,1
9932,1150142365263,1150142365299,1150142365346,9932,1
9933,1150142490343,1150142490379,1150142490543,9933,1
9934,1150142615904,1150142615939,1150142616106,9934,1
9935,1150142740527,1150142740562,1150142740616,9935,1
9936,1150142865339,1150142865374,1150142865427,9936,1
9937,1150142990269,1150142990304,1150142990357,9937,1
9938,1150143115791,1150143115825,1150143115879,9938,1
9939,1150143240619,1150143240655,1150143240708,9939,1
9940,1150143365664,1150143365699,1150143365749,9940,1
9941,1150143490626,1150143490661,1150143490710,9941,1
9942,1150143615660,1150143615696,1150143615744,9942,1
9943,1150143740648,1150143740684,1150143740734,9943,1
9944,1150143865645,1150143865682,1150143865734,9944,1
9945,1150143983129,1150143983165,1150143983213,9945,1
9946,1150144121567,1150144121602,1150144121651,9946,1
9947,1150144238934,1150144238969,1150144239018,9947,1
9948,1150144363947,1150144363984,1150144364033,9948,1
9949,1150144488984,1150144489020,1150144489073,9949,1
9950,1150144613824,1150144613860,1150144613913,9950,1
9951,1150144738907,1150144738943,1150144738996,9951,1
9952,1150144863837,1150144863872,1150144863926,9952,1
9953,1150144989273,1150144989375,1150144989487,9953,1
9954,1150145113895,1150145113930,1150145113982,9954,1
9955,1150145238056,1150145238092,1150145238145,9955,1
9956,1150145364745,1150145364780,1150145364831,9956,1
9957,1150145488973,1150145489007,1150145489057,9957,1
9958,1150145613903,1150145613939,1150145613987,9958,1
9959,1150145956257,1150145956293,1150145956391,9959,1
9960,1150145964401,1150145964437,1150145964482,9960,1
9961,1150145989912,1150145989947,1150145989997,9961,1
9962,1150146113971,1150146114009,1150146114055,9962,1
9963,1150146238846,1150146238882,1150146239060,9963,1
9964,1150146363785,1150146363822,1150146363872,9964,1
9965,1150146488736,1150146488771,1150146488819,9965,1
9966,1150146613869,1150146613904,1150146613952,9966,1
9967,1150146738764,1150146738799,1150146738959,9967,1
9968,1150146864258,1150146864294,1150146864447,9968,1
9969,1150146988805,1150146988840,1150146988945,9969,1
9970,1150147113840,1150147113875,1150147113922,9970,1
9971,1150147238816,1150147238851,1150147238960,9971,1
9972,1150147363755,1150147363791,1150147363842,9972,1
9973,1150147488849,1150147488885,1150147489204,9973,1
9974,1150147613805,1150147613841,1150147613889,9974,1
9975,1150147737552,1150147737586,1150147737766,9975,1
9976,1150147902391,1150147902426,1150147902521,9976,1
9977,1150147982840,1150147982871,1150147983078,9977,1
9978,1150148195753,1150148195787,1150148195840,9978,1
9979,1150148276743,1150148276777,1150148277024,9979,1
9980,1150148423033,1150148423068,1150148423163,9980,1
9981,1150148488617,1150148488652,1150148488867,9981,1
9982,1150148613501,1150148613536,1150148613584,9982,1
9983,1150148738396,1150148738430,1150148738601,9983,1
9984,1150148863311,1150148863346,1150148863393,9984,1
9985,1150148988743,1150148988778,1150148988968,9985,1
9986,1150149113464,1150149113499,1150149113546,9986,1
9987,1150149175268,1150149175295,1150149175453,9987,1
