sequence,source_timestamp_ns,publish_begin_ns,publish_end_ns,head_after,published
1,1146927366016,1146927366270,1146927366663,1,1
2,1146927540142,1146927540187,1146927540259,2,1
3,1146927608885,1146927608918,1146927608997,3,1
4,1146927733201,1146927733233,1146927733282,4,1
5,1146927869819,1146927869851,1146927869916,5,1
6,1146927974868,1146927974900,1146927974948,6,1
7,1146928104056,1146928104090,1146928104140,7,1
8,1146928225916,1146928225949,1146928225991,8,1
9,1146928350541,1146928350574,1146928350624,9,1
10,1146928475216,1146928475248,1146928475300,10,1
11,1146928737391,1146928737439,1146928737490,11,1
12,1146928745598,1146928745632,1146928745676,12,1
13,1146928850862,1146928850894,1146928850940,13,1
14,1146928974721,1146928974753,1146928974798,14,1
15,1146929099264,1146929099296,1146929099341,15,1
16,1146929223684,1146929223716,1146929223759,16,1
17,1146929349820,1146929349854,1146929349917,17,1
18,1146929472971,1146929473004,1146929473054,18,1
19,1146929663917,1146929663954,1146929664066,19,1
20,1146929724046,1146929724079,1146929724126,20,1
21,1146929848957,1146929848990,1146929849120,21,1
22,1146929980853,1146929980887,1146929980935,22,1
23,1146930098484,1146930098518,1146930098568,23,1
24,1146930235809,1146930235842,1146930235916,24,1
25,1146930350489,1146930350522,1146930350571,25,1
26,1146930501983,1146930502015,1146930502064,26,1
27,1146930600290,1146930600323,1146930600544,27,1
28,1146930725563,1146930725596,1146930725646,28,1
29,1146930850058,1146930850092,1146930850155,29,1
30,1146930975082,1146930975115,1146930975160,30,1
31,1146931100128,1146931100161,1146931100206,31,1
32,1146931224895,1146931224928,1146931224979,32,1
33,1146931350327,1146931350360,1146931350405,33,1
34,1146931474944,1146931474978,1146931475142,34,1
35,1146931619059,1146931619092,1146931619267,35,1
36,1146931725232,1146931725264,1146931725310,36,1
37,1146931850044,1146931850077,1146931850120,37,1
38,1146931967267,1146931967299,1146931967349,38,1
39,1146932104337,1146932104525,1146932104575,39,1
40,1146932223522,1146932223555,1146932223601,40,1
41,1146932348354,1146932348388,1146932348432,41,1
42,1146932473220,1146932473253,1146932473297,42,1
43,1146932597690,1146932597722,1146932597770,43,1
44,1146932722636,1146932722667,1146932722718,44,1
45,1146932847677,1146932847710,1146932847754,45,1
46,1146932971900,1146932971932,1146932971985,46,1
47,1146933105854,1146933105891,1146933105966,47,1
48,1146933238533,1146933238566,1146933238636,48,1
49,1146933349168,1146933349201,1146933349275,49,1
50,1146933473045,1146933473078,1146933473125,50,1
51,1146933597730,1146933597762,1146933597829,51,1
52,1146933722705,1146933722737,1146933722778,52,1
53,1146933847762,1146933847794,1146933847863,53,1
54,1146933973184,1146933973217,1146933973335,54,1
55,1146934097032,1146934097063,1146934097114,55,1
56,1146934229307,1146934229341,1146934229412,56,1
57,1146934346947,1146934346978,1146934347020,57,1
58,1146934481689,1146934481720,1146934481790,58,1
59,1146934599499,1146934599531,1146934599572,59,1
60,1146934724400,1146934724432,1146934724478,60,1
61,1146934849412,1146934849444,1146934849486,61,1
62,1146934974413,1146934974445,1146934974487,62,1
63,1146935099498,1146935099530,1146935099575,63,1
64,1146935224550,1146935224582,1146935224627,64,1
65,1146935349464,1146935349495,1146935349537,65,1
66,1146935474359,1146935474390,1146935474434,66,1
67,1146935599441,1146935599472,1146935599515,67,1
68,1146935724527,1146935724560,1146935724737,68,1
69,1146935849588,1146935849619,1146935849716,69,1
70,1146935967088,1146935967120,1146935967162,70,1
71,1146936099422,1146936099453,1146936099560,71,1
72,1146936222873,1146936222905,1146936222946,72,1
73,1146936347755,1146936347787,1146936347829,73,1
74,1146936472726,1146936472757,1146936472801,74,1
75,1146936597658,1146936597690,1146936597739,75,1
76,1146936722668,1146936722700,1146936722747,76,1
77,1146936847742,1146936847775,1146936847816,77,1
78,1146936972660,1146936972691,1146936972737,78,1
79,1146937096819,1146937096850,1146937096898,79,1
80,1146937247246,1146937247282,1146937247352,80,1
81,1146937348029,1146937348061,1146937348115,81,1
82,1146937507888,1146937507920,1146937507994,82,1
83,1146937599441,1146937599473,1146937599519,83,1
84,1146937724426,1146937724458,1146937724503,84,1
85,1146937849968,1146937850001,1146937850048,85,1
86,1146937974848,1146937974880,1146937974931,86,1
87,1146938100227,1146938100260,1146938100374,87,1
88,1146938224951,1146938224984,1146938225028,88,1
89,1146938350139,1146938350172,1146938350215,89,1
90,1146938475763,1146938475795,1146938475843,90,1
91,1146938599374,1146938599405,1146938599454,91,1
92,1146938725015,1146938725048,1146938725100,92,1
93,1146938849947,1146938849980,1146938850031,93,1
94,1146938974894,1146938974926,1146938974977,94,1
95,1146939099891,1146939099923,1146939099973,95,1
96,1146939225062,1146939225094,1146939225143,96,1
97,1146939350020,1146939350053,1146939350168,97,1
98,1146939474979,1146939475011,1146939475055,98,1
99,1146939600039,1146939600071,1146939600193,99,1
100,1146939725123,1146939725156,1146939725207,100,1
101,1146940017707,1146940017749,1146940017942,101,1
102,1146940029270,1146940029461,1146940029515,102,1
103,1146940100212,1146940100245,1146940100354,103,1
104,1146940223302,1146940223334,1146940223379,104,1
105,1146940348270,1146940348302,1146940348407,105,1
106,1146940473334,1146940473366,1146940473409,106,1
107,1146940598322,1146940598355,1146940598457,107,1
108,1146940723255,1146940723289,1146940723331,108,1
109,1146940848298,1146940848331,1146940848458,109,1
110,1146941264672,1146941264708,1146941264780,110,1
111,1146941264842,1146941264887,1146941264997,111,1
112,1146941265029,1146941265062,1146941265103,112,1
113,1146941349466,1146941349499,1146941349621,113,1
114,1146941473464,1146941473496,1146941473545,114,1
115,1146941753516,1146941753549,1146941753664,115,1
116,1146941753733,1146941753766,1146941753808,116,1
117,1146941860092,1146941860125,1146941860334,117,1
118,1146941978263,1146941978295,1146941978344,118,1
119,1146942105059,1146942105091,1146942105175,119,1
120,1146942228553,1146942228585,1146942228639,120,1
121,1146942353299,1146942353331,1146942353482,121,1
122,1146942473140,1146942473172,1146942473218,122,1
123,1146942598392,1146942598425,1146942598510,123,1
124,1146942723186,1146942723218,1146942723268,124,1
125,1146942848207,1146942848239,1146942848310,125,1
126,1146942973144,1146942973178,1146942973224,126,1
127,1146943098260,1146943098292,1146943098370,127,1
128,1146943223357,1146943223390,1146943223439,128,1
129,1146943348225,1146943348258,1146943348305,129,1
130,1146943532189,1146943532224,1146943532273,130,1
131,1146943598813,1146943598846,1146943598892,131,1
132,1146943722337,1146943722369,1146943722420,132,1
133,1146944036153,1146944036263,1146944036521,133,1
134,1146944047875,1146944047917,1146944047965,134,1
135,1146944104112,1146944104148,1146944104264,135,1
136,1146944227617,1146944227652,1146944227698,136,1
137,1146944352150,1146944352186,1146944352303,137,1
138,1146944480923,1146944480958,1146944481006,138,1
139,1146944606210,1146944606246,1146944606362,139,1
140,1146944726546,1146944726579,1146944726624,140,1
141,1146944851052,1146944851084,1146944851146,141,1
142,1146945053845,1146945053881,1146945053933,142,1
143,1146945100587,1146945100620,1146945100683,143,1
144,1146945224522,1146945224554,1146945224604,144,1
145,1146945351263,1146945351298,1146945351436,145,1
146,1146945474484,1146945474516,1146945474561,146,1
147,1146945599384,1146945599416,1146945599480,147,1
148,1146945724637,1146945724673,1146945724719,148,1
149,1146945849119,1146945849152,1146945849223,149,1
150,1146945974146,1146945974178,1146945974229,150,1
151,1146946098755,1146946098787,1146946098859,151,1
152,1146946259027,1146946259062,1146946259117,152,1
153,1146946349253,1146946349285,1146946349364,153,1
154,1146946474003,1146946474037,1146946474151,154,1
155,1146946598510,1146946598541,1146946598608,155,1
156,1146946723526,1146946723558,1146946723602,156,1
157,1146946848486,1146946848518,1146946848579,157,1
158,1146946973478,1146946973509,1146946973557,158,1
159,1146947098342,1146947098375,1146947098439,159,1
160,1146947223234,1146947223267,1146947223315,160,1
161,1146947348298,1146947348332,1146947348396,161,1
162,1146947473405,1146947473438,1146947473489,162,1
163,1146947598532,1146947598565,1146947598627,163,1
164,1146947722431,1146947722464,1146947722514,164,1
165,1146947891603,1146947891638,1146947891728,165,1
166,1146947967999,1146947968033,1146947968077,166,1
167,1146948107095,1146948107196,1146948107247,167,1
168,1146948223680,1146948223713,1146948223893,168,1
169,1146948348374,1146948348408,1146948348594,169,1
170,1146948472735,1146948472766,1146948472813,170,1
171,1146948597682,1146948597713,1146948597819,171,1
172,1146948721901,1146948721935,1146948721980,172,1
173,1146948871270,1146948871305,1146948871445,173,1
174,1146948973009,1146948973044,1146948973087,174,1
175,1146949097717,1146949097748,1146949097855,175,1
176,1146949221819,1146949221850,1146949221900,176,1
177,1146949348777,1146949348809,1146949348913,177,1
178,1146949472720,1146949472754,1146949472796,178,1
179,1146949597823,1146949597857,1146949597929,179,1
180,1146949722850,1146949722882,1146949722924,180,1
181,1146949847722,1146949847754,1146949847826,181,1
182,1146949971942,1146949971973,1146949972023,182,1
183,1146950105183,1146950105217,1146950105332,183,1
184,1146950223030,1146950223064,1146950223113,184,1
185,1146950347750,1146950347786,1146950347858,185,1
186,1146950571592,1146950571626,1146950571779,186,1
187,1146950598099,1146950598132,1146950598206,187,1
188,1146950722982,1146950723013,1146950723063,188,1
189,1146950847735,1146950847767,1146950847848,189,1
190,1146950972901,1146950972933,1146950972979,190,1
191,1146951097717,1146951097749,1146951097822,191,1
192,1146951222659,1146951222694,1146951222743,192,1
193,1146951347782,1146951347816,1146951347937,193,1
194,1146951472703,1146951472737,1146951472783,194,1
195,1146951597751,1146951597783,1146951597890,195,1
196,1146951721834,1146951721865,1146951721915,196,1
197,1146951858541,1146951858576,1146951858729,197,1
198,1146951967274,1146951967306,1146951967352,198,1
199,1146952104944,1146952105045,1146952105154,199,1
200,1146952222007,1146952222038,1146952222082,200,1
201,1146952357571,1146952357605,1146952357817,201,1
202,1146952472928,1146952472960,1146952473073,202,1
203,1146952597778,1146952597809,1146952597862,203,1
204,1146952739819,1146952739851,1146952739903,204,1
205,1146952899085,1146952899120,1146952899204,205,1
206,1146952973490,1146952973522,1146952973568,206,1
207,1146953098028,1146953098060,1146953098183,207,1
208,1146953221897,1146953221928,1146953221978,208,1
209,1146953347890,1146953347922,1146953348040,209,1
210,1146953505495,1146953505531,1146953505615,210,1
211,1146953597795,1146953597827,1146953597956,211,1
212,1146953722843,1146953722874,1146953722921,212,1
213,1146953847863,1146953847898,1146953848002,213,1
214,1146953972636,1146953972671,1146953972718,214,1
215,1146954098450,1146954098486,1146954098594,215,1
216,1146954223181,1146954223216,1146954223265,216,1
217,1146954348199,1146954348233,1146954348338,217,1
218,1146954473174,1146954473209,1146954473260,218,1
219,1146954597715,1146954597749,1146954597853,219,1
220,1146954722865,1146954722896,1146954722943,220,1
221,1146954847282,1146954847314,1146954847498,221,1
222,1146954979256,1146954979291,1146954979378,222,1
223,1146955097958,1146955097991,1146955098037,223,1
224,1146955222748,1146955222782,1146955222828,224,1
225,1146955347633,1146955347664,1146955347715,225,1
226,1146955507872,1146955507908,1146955507992,226,1
227,1146955599826,1146955599858,1146955599906,227,1
228,1146955722752,1146955722784,1146955722835,228,1
229,1146955847689,1146955847720,1146955847767,229,1
230,1146955966233,1146955966265,1146955966311,230,1
231,1146956113659,1146956113766,1146956113852,231,1
232,1146956223680,1146956223712,1146956223758,232,1
233,1146956347806,1146956347841,1146956347886,233,1
234,1146956473000,1146956473035,1146956473195,234,1
235,1146956598486,1146956598518,1146956598687,235,1
236,1146956723304,1146956723337,1146956723382,236,1
237,1146956848435,1146956848467,1146956848584,237,1
238,1146956973213,1146956973247,1146956973295,238,1
239,1146957098236,1146957098272,1146957098392,239,1
240,1146957222503,1146957222540,1146957222587,240,1
241,1146957349529,1146957349565,1146957349678,241,1
242,1146957473343,1146957473375,1146957473426,242,1
243,1146957597409,1146957597443,1146957597558,243,1
244,1146957783161,1146957783198,1146957783314,244,1
245,1146957848397,1146957848432,1146957848656,245,1
246,1146957973141,1146957973175,1146957973221,246,1
247,1146958098265,1146958098300,1146958098374,247,1
248,1146958223459,1146958223492,1146958223544,248,1
249,1146958347661,1146958347694,1146958347768,249,1
250,1146958524767,1146958524804,1146958524891,250,1
251,1146958598682,1146958598714,1146958598793,251,1
252,1146958723272,1146958723305,1146958723362,252,1
253,1146958848973,1146958849005,1146958849085,253,1
254,1146958974777,1146958974810,1146958974930,254,1
255,1146959098403,1146959098436,1146959098510,255,1
256,1146959223416,1146959223449,1146959223499,256,1
257,1146959348596,1146959348632,1146959348715,257,1
258,1146959512664,1146959512700,1146959512787,258,1
259,1146959600436,1146959600468,1146959600551,259,1
260,1146959725048,1146959725081,1146959725132,260,1
261,1146959901225,1146959901260,1146959901367,261,1
262,1146959967692,1146959967725,1146959967777,262,1
263,1146960115559,1146960115666,1146960115735,263,1
264,1146960224204,1146960224236,1146960224284,264,1
265,1146960348446,1146960348479,1146960348543,265,1
266,1146960473284,1146960473316,1146960473364,266,1
267,1146960598291,1146960598323,1146960598387,267,1
268,1146960737415,1146960737447,1146960737617,268,1
269,1146960848371,1146960848404,1146960848521,269,1
270,1146960973119,1146960973151,1146960973199,270,1
271,1146961097289,1146961097320,1146961097435,271,1
272,1146961243293,1146961243329,1146961243417,272,1
273,1146961349311,1146961349346,1146961349472,273,1
274,1146961473581,1146961473616,1146961473663,274,1
275,1146961598254,1146961598286,1146961598398,275,1
276,1146961723208,1146961723241,1146961723291,276,1
277,1146961848158,1146961848191,1146961848298,277,1
278,1146961973211,1146961973244,1146961973288,278,1
279,1146962098239,1146962098272,1146962098375,279,1
280,1146962222941,1146962222975,1146962223027,280,1
281,1146962393359,1146962393394,1146962393537,281,1
282,1146962473593,1146962473628,1146962473677,282,1
283,1146962598308,1146962598341,1146962598450,283,1
284,1146962723108,1146962723141,1146962723191,284,1
285,1146962848202,1146962848235,1146962848356,285,1
286,1146962973409,1146962973442,1146962973489,286,1
287,1146963098719,1146963098751,1146963098932,287,1
288,1146963223325,1146963223357,1146963223407,288,1
289,1146963357059,1146963357094,1146963357212,289,1
290,1146963514780,1146963514816,1146963514902,290,1
291,1146963598841,1146963598874,1146963598987,291,1
292,1146963722347,1146963722380,1146963722428,292,1
293,1146963856720,1146963856757,1146963856900,293,1
294,1146963967412,1146963967445,1146963967500,294,1
295,1146964107304,1146964107336,1146964107407,295,1
296,1146964223458,1146964223490,1146964223539,296,1
297,1146964348310,1146964348343,1146964348420,297,1
298,1146964472747,1146964472779,1146964472823,298,1
299,1146964598002,1146964598036,1146964598082,299,1
300,1146964723172,1146964723204,1146964723253,300,1
301,1146964847022,1146964847055,1146964847236,301,1
302,1146965008242,1146965008277,1146965008429,302,1
303,1146965098076,1146965098108,1146965098213,303,1
304,1146965229966,1146965229997,1146965230049,304,1
305,1146965348631,1146965348666,1146965348784,305,1
306,1146965472807,1146965472838,1146965472889,306,1
307,1146965597970,1146965598001,1146965598081,307,1
308,1146965722872,1146965722905,1146965722950,308,1
309,1146965847722,1146965847754,1146965847831,309,1
310,1146965971907,1146965971939,1146965971993,310,1
311,1146966105210,1146966105245,1146966105413,311,1
312,1146966222856,1146966222888,1146966222933,312,1
313,1146966347913,1146966347945,1146966348061,313,1
314,1146966472817,1146966472849,1146966472894,314,1
315,1146966597846,1146966597877,1146966597994,315,1
316,1146966723056,1146966723087,1146966723133,316,1
317,1146966847626,1146966847658,1146966847769,317,1
318,1146966972745,1146966972780,1146966972826,318,1
319,1146967097861,1146967097893,1146967098005,319,1
320,1146967222823,1146967222858,1146967222899,320,1
321,1146967347874,1146967347906,1146967348069,321,1
322,1146967472531,1146967472563,1146967472608,322,1
323,1146967597702,1146967597733,1146967597779,323,1
324,1146967792102,1146967792137,1146967792219,324,1
325,1146967850025,1146967850057,1146967850105,325,1
326,1146967966940,1146967966971,1146967967022,326,1
327,1146968114900,1146968114942,1146968115018,327,1
328,1146968223811,1146968223845,1146968223891,328,1
329,1146968347785,1146968347817,1146968347863,329,1
330,1146968471892,1146968471926,1146968471976,330,1
331,1146968605500,1146968605535,1146968605620,331,1
332,1146968721941,1146968721974,1146968722022,332,1
333,1146968994710,1146968994747,1146968994984,333,1
334,1146968995047,1146968995090,1146968995130,334,1
335,1146969103575,1146969103608,1146969103779,335,1
336,1146969345722,1146969345757,1146969345863,336,1
337,1146969345926,1146969346057,1146969346153,337,1
338,1146969478831,1146969478867,1146969478911,338,1
339,1146969603754,1146969603786,1146969603855,339,1
340,1146969722995,1146969723027,1146969723075,340,1
341,1146969847417,1146969847449,1146969847562,341,1
342,1146969983813,1146969983844,1146969983929,342,1
343,1146970099854,1146970099886,1146970099951,343,1
344,1146970225022,1146970225055,1146970225108,344,1
345,1146970350119,1146970350151,1146970350226,345,1
346,1146970475135,1146970475167,1146970475220,346,1
347,1146970600086,1146970600118,1146970600236,347,1
348,1146970725017,1146970725050,1146970725097,348,1
349,1146970982735,1146970982772,1146970982865,349,1
350,1146970991381,1146970991414,1146970991457,350,1
351,1146971100724,1146971100756,1146971100820,351,1
352,1146971225081,1146971225114,1146971225164,352,1
353,1146971350162,1146971350194,1146971350259,353,1
354,1146971475391,1146971475423,1146971475547,354,1
355,1146971600018,1146971600050,1146971600116,355,1
356,1146971725069,1146971725101,1146971725160,356,1
357,1146971858981,1146971859014,1146971859092,357,1
358,1146971967645,1146971967677,1146971967730,358,1
359,1146972156235,1146972156341,1146972156420,359,1
360,1146972223575,1146972223609,1146972223655,360,1
361,1146972378233,1146972378268,1146972378353,361,1
362,1146972473276,1146972473309,1146972473355,362,1
363,1146972598237,1146972598270,1146972598345,363,1
364,1146972723189,1146972723221,1146972723269,364,1
365,1146972933414,1146972933450,1146972933530,365,1
366,1146972973340,1146972973373,1146972973421,366,1
367,1146973098396,1146973098428,1146973098501,367,1
368,1146973274643,1146973274678,1146973274855,368,1
369,1146973349173,1146973349209,1146973349316,369,1
370,1146973472547,1146973472580,1146973472627,370,1
371,1146973613408,1146973613444,1146973613614,371,1
372,1146973723439,1146973723475,1146973723518,372,1
373,1146973847404,1146973847437,1146973847642,373,1
374,1146973980673,1146973980709,1146973980796,374,1
375,1146974098582,1146974098615,1146974098692,375,1
376,1146974223206,1146974223239,1146974223286,376,1
377,1146974348478,1146974348510,1146974348558,377,1
378,1146974473181,1146974473213,1146974473257,378,1
379,1146974598102,1146974598135,1146974598182,379,1
380,1146974723106,1146974723138,1146974723185,380,1
381,1146974848268,1146974848301,1146974848348,381,1
382,1146974973179,1146974973211,1146974973258,382,1
383,1146975098505,1146975098538,1146975098585,383,1
384,1146975223233,1146975223265,1146975223313,384,1
385,1146975348204,1146975348236,1146975348284,385,1
386,1146975473127,1146975473160,1146975473206,386,1
387,1146975598375,1146975598407,1146975598455,387,1
388,1146975722536,1146975722567,1146975722685,388,1
389,1146975974750,1146975974783,1146975974926,389,1
390,1146975974991,1146975975036,1146975975077,390,1
391,1146976103402,1146976103508,1146976103573,391,1
392,1146976228628,1146976228663,1146976228712,392,1
393,1146976351861,1146976351897,1146976351965,393,1
394,1146976481424,1146976481460,1146976481509,394,1
395,1146976600602,1146976600636,1146976600686,395,1
396,1146976747621,1146976747656,1146976747742,396,1
397,1146976851340,1146976851372,1146976851416,397,1
398,1146976975635,1146976975667,1146976975717,398,1
399,1146977107421,1146977107457,1146977107568,399,1
400,1146977224486,1146977224519,1146977224572,400,1
401,1146977351653,1146977351686,1146977351868,401,1
402,1146977485978,1146977486011,1146977486131,402,1
403,1146977600238,1146977600271,1146977600391,403,1
404,1146977724696,1146977724728,1146977724776,404,1
405,1146977849025,1146977849056,1146977849160,405,1
406,1146977974152,1146977974188,1146977974234,406,1
407,1146978098926,1146978098958,1146978099065,407,1
408,1146978223877,1146978223909,1146978223955,408,1
409,1146978349032,1146978349064,1146978349171,409,1
410,1146978473654,1146978473686,1146978473734,410,1
411,1146978597562,1146978597594,1146978597693,411,1
412,1146978730478,1146978730512,1146978730601,412,1
413,1146978848015,1146978848045,1146978848164,413,1
414,1146978973161,1146978973194,1146978973242,414,1
415,1146979098029,1146979098060,1146979098176,415,1
416,1146979223519,1146979223552,1146979223598,416,1
417,1146979348381,1146979348414,1146979348525,417,1
418,1146979473723,1146979473756,1146979473800,418,1
419,1146979598343,1146979598377,1146979598486,419,1
420,1146979722552,1146979722584,1146979722634,420,1
421,1146979870203,1146979870239,1146979870449,421,1
422,1146979967893,1146979967927,1146979967969,422,1
423,1146980105943,1146980106045,1146980106224,423,1
424,1146980223057,1146980223088,1146980223139,424,1
425,1146980347891,1146980347923,1146980348030,425,1
426,1146980472724,1146980472754,1146980472797,426,1
427,1146980598216,1146980598248,1146980598351,427,1
428,1146980722838,1146980722870,1146980722918,428,1
429,1146980847721,1146980847752,1146980847869,429,1
430,1146980972706,1146980972738,1146980972779,430,1
431,1146981097757,1146981097789,1146981097903,431,1
432,1146981221907,1146981221939,1146981221989,432,1
433,1146981348915,1146981348949,1146981349058,433,1
434,1146981472936,1146981472968,1146981473139,434,1
435,1146981598121,1146981598152,1146981598330,435,1
436,1146981722708,1146981722740,1146981722785,436,1
437,1146981847045,1146981847077,1146981847197,437,1
438,1146981980701,1146981980732,1146981980817,438,1
439,1146982099536,1146982099567,1146982099681,439,1
440,1146982224518,1146982224550,1146982224596,440,1
441,1146982349416,1146982349447,1146982349568,441,1
442,1146982474406,1146982474437,1146982474484,442,1
443,1146982599441,1146982599473,1146982599519,443,1
444,1146982724542,1146982724573,1146982724619,444,1
445,1146982849381,1146982849413,1146982849462,445,1
446,1146982974472,1146982974504,1146982974546,446,1
447,1146983099819,1146983099851,1146983099897,447,1
448,1146983224599,1146983224632,1146983224676,448,1
449,1146983349657,1146983349689,1146983349739,449,1
450,1146983474676,1146983474708,1146983474753,450,1
451,1146983599596,1146983599628,1146983599675,451,1
452,1146983724376,1146983724408,1146983724455,452,1
453,1146983849324,1146983849355,1146983849404,453,1
454,1146984066840,1146984066943,1146984067093,454,1
455,1146984098127,1146984098159,1146984098203,455,1
456,1146984222777,1146984222809,1146984222855,456,1
457,1146984347706,1146984347737,1146984347782,457,1
458,1146984472942,1146984472973,1146984473019,458,1
459,1146984597939,1146984597970,1146984598014,459,1
460,1146984722657,1146984722690,1146984722735,460,1
461,1146984847684,1146984847715,1146984847760,461,1
462,1146984972802,1146984972833,1146984972875,462,1
463,1146985097958,1146985097990,1146985098035,463,1
464,1146985222068,1146985222101,1146985222150,464,1
465,1146985348427,1146985348460,1146985348511,465,1
466,1146985822025,1146985822057,1146985822265,466,1
467,1146985822325,1146985822357,1146985822456,467,1
468,1146985822489,1146985822520,1146985822561,468,1
469,1146985847748,1146985847781,1146985847898,469,1
470,1146985980006,1146985980040,1146985980124,470,1
471,1146986103419,1146986103450,1146986103563,471,1
472,1146986265912,1146986265947,1146986265998,472,1
473,1146986355284,1146986355316,1146986355437,473,1
474,1146986477648,1146986477680,1146986477728,474,1
475,1146986598427,1146986598460,1146986598574,475,1
476,1146986723192,1146986723224,1146986723271,476,1
477,1146986848194,1146986848226,1146986848326,477,1
478,1146986973189,1146986973221,1146986973272,478,1
479,1146987098143,1146987098176,1146987098283,479,1
480,1146987223273,1146987223306,1146987223354,480,1
481,1146987348162,1146987348196,1146987348299,481,1
482,1146987473225,1146987473258,1146987473308,482,1
483,1146987598270,1146987598303,1146987598404,483,1
484,1146987723212,1146987723243,1146987723292,484,1
485,1146987863500,1146987863537,1146987863586,485,1
486,1146988032099,1146988032210,1146988032386,486,1
487,1146988098355,1146988098387,1146988098434,487,1
488,1146988224132,1146988224165,1146988224211,488,1
489,1146988356939,1146988356974,1146988357063,489,1
490,1146988473438,1146988473471,1146988473518,490,1
491,1146988598225,1146988598259,1146988598309,491,1
492,1146988723401,1146988723434,1146988723479,492,1
493,1146988848194,1146988848226,1146988848268,493,1
494,1146988973166,1146988973198,1146988973244,494,1
495,1146989098197,1146989098230,1146989098281,495,1
496,1146989222575,1146989222607,1146989222658,496,1
497,1146989349440,1146989349473,1146989349575,497,1
498,1146989473224,1146989473256,1146989473308,498,1
499,1146989598217,1146989598253,1146989598358,499,1
500,1146989723407,1146989723439,1146989723487,500,1
501,1146989870627,1146989870659,1146989870959,501,1
502,1146989973294,1146989973327,1146989973379,502,1
503,1146990098230,1146990098262,1146990098324,503,1
504,1146990223119,1146990223152,1146990223202,504,1
505,1146990348279,1146990348312,1146990348374,505,1
506,1146990473213,1146990473245,1146990473296,506,1
507,1146990598181,1146990598215,1146990598274,507,1
508,1146990723165,1146990723198,1146990723242,508,1
509,1146990848235,1146990848268,1146990848341,509,1
510,1146990973261,1146990973293,1146990973339,510,1
511,1146991098272,1146991098305,1146991098376,511,1
512,1146991223214,1146991223246,1146991223296,512,1
513,1146991348219,1146991348251,1146991348296,513,1
514,1146991473605,1146991473638,1146991473682,514,1
515,1146991598197,1146991598230,1146991598280,515,1
516,1146991722247,1146991722279,1146991722330,516,1
517,1146991890272,1146991890308,1146991890395,517,1
518,1146991967420,1146991967452,1146991967503,518,1
519,1146992104994,1146992105028,1146992105077,519,1
520,1146992223455,1146992223488,1146992223540,520,1
521,1146992348437,1146992348470,1146992348590,521,1
522,1146992473312,1146992473345,1146992473391,522,1
523,1146992598119,1146992598152,1146992598199,523,1
524,1146992723108,1146992723140,1146992723190,524,1
525,1146992848588,1146992848620,1146992848667,525,1
526,1146992973300,1146992973333,1146992973378,526,1
527,1146993098146,1146993098179,1146993098229,527,1
528,1146993222328,1146993222361,1146993222411,528,1
529,1146993350552,1146993350584,1146993350635,529,1
530,1146993475035,1146993475068,1146993475119,530,1
531,1146993600033,1146993600066,1146993600113,531,1
532,1146993747134,1146993747166,1146993747219,532,1
533,1146993850171,1146993850203,1146993850254,533,1
534,1146993975227,1146993975259,1146993975428,534,1
535,1146994100189,1146994100222,1146994100397,535,1
536,1146994225041,1146994225075,1146994225119,536,1
537,1146994350112,1146994350145,1146994350259,537,1
538,1146994475241,1146994475273,1146994475322,538,1
539,1146994599977,1146994600009,1146994600122,539,1
540,1146994725037,1146994725069,1146994725115,540,1
541,1146994850084,1146994850116,1146994850238,541,1
542,1146994975278,1146994975310,1146994975361,542,1
543,1146995100042,1146995100075,1146995100197,543,1
544,1146995225090,1146995225122,1146995225174,544,1
545,1146995350947,1146995350978,1146995351027,545,1
546,1146995474817,1146995474848,1146995474893,546,1
547,1146995599546,1146995599577,1146995599626,547,1
548,1146995724566,1146995724597,1146995724646,548,1
549,1146995849646,1146995849678,1146995849727,549,1
550,1146995967077,1146995967108,1146995967160,550,1
551,1146996104581,1146996104613,1146996104661,551,1
552,1146996223524,1146996223557,1146996223603,552,1
553,1146996347890,1146996347921,1146996347974,553,1
554,1146996473196,1146996473300,1146996473414,554,1
555,1146996597899,1146996597932,1146996597980,555,1
556,1146996722847,1146996722878,1146996722929,556,1
557,1146996847940,1146996847971,1146996848020,557,1
558,1146996973001,1146996973033,1146996973078,558,1
559,1146997097793,1146997097825,1146997097871,559,1
560,1146997222017,1146997222048,1146997222097,560,1
561,1146997350412,1146997350443,1146997350558,561,1
562,1146997472890,1146997472923,1146997473026,562,1
563,1146997597920,1146997597951,1146997598053,563,1
564,1146997722807,1146997722838,1146997722942,564,1
565,1146997847953,1146997847986,1146997848087,565,1
566,1146997972780,1146997972812,1146997972909,566,1
567,1146998097799,1146998097833,1146998097938,567,1
568,1146998223823,1146998223855,1146998224088,568,1
569,1146998348031,1146998348062,1146998348239,569,1
570,1146998472761,1146998472793,1146998472899,570,1
571,1146998674545,1146998674580,1146998674731,571,1
572,1146998722943,1146998722976,1146998723022,572,1
573,1146998846925,1146998846957,1146998847056,573,1
574,1146998981293,1146998981328,1146998981413,574,1
575,1146999098090,1146999098122,1146999098228,575,1
576,1146999222825,1146999222856,1146999222905,576,1
577,1146999348033,1146999348064,1146999348167,577,1
578,1146999472688,1146999472719,1146999472764,578,1
579,1146999597743,1146999597774,1146999597873,579,1
580,1146999755009,1146999755043,1146999755128,580,1
581,1146999847989,1146999848020,1146999848135,581,1
582,1146999966134,1146999966166,1146999966210,582,1
583,1147000099505,1147000099625,1147000099797,583,1
584,1147000222853,1147000222884,1147000222934,584,1
585,1147000348170,1147000348202,1147000348328,585,1
586,1147000472909,1147000472940,1147000472988,586,1
587,1147000597906,1147000597937,1147000598129,587,1
588,1147000722800,1147000722832,1147000722880,588,1
589,1147000847788,1147000847820,1147000847928,589,1
590,1147000972911,1147000972942,1147000972992,590,1
591,1147001097750,1147001097782,1147001097887,591,1
592,1147001221868,1147001221900,1147001221953,592,1
593,1147001347761,1147001347793,1147001347897,593,1
594,1147001502883,1147001502918,1147001503008,594,1
595,1147001597896,1147001597928,1147001598028,595,1
596,1147001722718,1147001722749,1147001722797,596,1
597,1147001847014,1147001847045,1147001847169,597,1
598,1147001982356,1147001982392,1147001982481,598,1
599,1147002099975,1147002100008,1147002100128,599,1
600,1147002224977,1147002225010,1147002225055,600,1
601,1147002350328,1147002350361,1147002350547,601,1
602,1147002475174,1147002475209,1147002475321,602,1
603,1147002600023,1147002600059,1147002600170,603,1
604,1147002724952,1147002724988,1147002725035,604,1
605,1147002849848,1147002849880,1147002849990,605,1
606,1147002975643,1147002975675,1147002975721,606,1
607,1147003100465,1147003100497,1147003100544,607,1
608,1147003224891,1147003224925,1147003224971,608,1
609,1147003350001,1147003350037,1147003350088,609,1
610,1147003474936,1147003474972,1147003475029,610,1
611,1147003599952,1147003599985,1147003600030,611,1
612,1147003725011,1147003725043,1147003725091,612,1
613,1147003849870,1147003849901,1147003849949,613,1
614,1147003967167,1147003967212,1147003967258,614,1
615,1147004098369,1147004098417,1147004098475,615,1
616,1147004223256,1147004223302,1147004223351,616,1
617,1147004348157,1147004348202,1147004348247,617,1
618,1147004473404,1147004473449,1147004473500,618,1
619,1147004598123,1147004598154,1147004598198,619,1
620,1147004723585,1147004723618,1147004723669,620,1
621,1147004848531,1147004848564,1147004848676,621,1
622,1147004973085,1147004973117,1147004973165,622,1
623,1147005098080,1147005098113,1147005098160,623,1
624,1147005222288,1147005222321,1147005222371,624,1
625,1147005350605,1147005350636,1147005350690,625,1
626,1147005475244,1147005475276,1147005475327,626,1
627,1147005600092,1147005600125,1147005600173,627,1
628,1147005724975,1147005725007,1147005725051,628,1
629,1147005850089,1147005850121,1147005850322,629,1
630,1147005974343,1147005974375,1147005974423,630,1
631,1147006099375,1147006099407,1147006099475,631,1
632,1147006225011,1147006225044,1147006225089,632,1
633,1147006349699,1147006349730,1147006349796,633,1
634,1147006474836,1147006474868,1147006475042,634,1
635,1147006600420,1147006600453,1147006600640,635,1
636,1147006725006,1147006725038,1147006725086,636,1
637,1147006850040,1147006850073,1147006850120,637,1
638,1147006974840,1147006974872,1147006974922,638,1
639,1147007099923,1147007099955,1147007100002,639,1
640,1147007224963,1147007224996,1147007225042,640,1
641,1147007349938,1147007349971,1147007350018,641,1
642,1147007474912,1147007474945,1147007474992,642,1
643,1147007600048,1147007600081,1147007600125,643,1
644,1147007725041,1147007725075,1147007725125,644,1
645,1147007849908,1147007849941,1147007849992,645,1
646,1147007967163,1147007967208,1147007967253,646,1
647,1147008188805,1147008188838,1147008188887,647,1
648,1147008224818,1147008224851,1147008224899,648,1
649,1147008348283,1147008348316,1147008348363,649,1
650,1147008473451,1147008473484,1147008473531,650,1
651,1147008598305,1147008598338,1147008598384,651,1
652,1147008723428,1147008723461,1147008723514,652,1
653,1147008848085,1147008848119,1147008848166,653,1
654,1147008973514,1147008973616,1147008973739,654,1
655,1147009098184,1147009098217,1147009098271,655,1
656,1147009222193,1147009222226,1147009222277,656,1
657,1147009349026,1147009349057,1147009349110,657,1
658,1147009472794,1147009472827,1147009472879,658,1
659,1147009597875,1147009597906,1147009597952,659,1
660,1147009722099,1147009722131,1147009722180,660,1
661,1147009853272,1147009853307,1147009853415,661,1
662,1147009980701,1147009980736,1147009980820,662,1
663,1147010097741,1147010097774,1147010097819,663,1
664,1147010222788,1147010222820,1147010222862,664,1
665,1147010347730,1147010347763,1147010347809,665,1
666,1147010472866,1147010472896,1147010472940,666,1
667,1147010597163,1147010597193,1147010597239,667,1
668,1147010768237,1147010768273,1147010768499,668,1
669,1147010849660,1147010849692,1147010849795,669,1
670,1147010974736,1147010974767,1147010974812,670,1
671,1147011099596,1147011099628,1147011099730,671,1
672,1147011224545,1147011224576,1147011224618,672,1
673,1147011349604,1147011349635,1147011349745,673,1
674,1147011474526,1147011474559,1147011474603,674,1
675,1147011599584,1147011599615,1147011599726,675,1
676,1147011724646,1147011724678,1147011724724,676,1
677,1147011849534,1147011849565,1147011849679,677,1
678,1147011966925,1147011966957,1147011966999,678,1
679,1147012112683,1147012112718,1147012112914,679,1
680,1147012222893,1147012222925,1147012222971,680,1
681,1147012347904,1147012347935,1147012348059,681,1
682,1147012472798,1147012472830,1147012472873,682,1
683,1147012597734,1147012597766,1147012597877,683,1
684,1147012723025,1147012723057,1147012723099,684,1
685,1147012848031,1147012848063,1147012848171,685,1
686,1147012972793,1147012972824,1147012972869,686,1
687,1147013097987,1147013098020,1147013098193,687,1
688,1147013222106,1147013222139,1147013222192,688,1
689,1147013348941,1147013348973,1147013349088,689,1
690,1147013472880,1147013472911,1147013472953,690,1
691,1147013597775,1147013597807,1147013597856,691,1
692,1147013722690,1147013722722,1147013722770,692,1
693,1147013847039,1147013847070,1147013847120,693,1
694,1147013978513,1147013978548,1147013978632,694,1
695,1147014150786,1147014150822,1147014150908,695,1
696,1147014222980,1147014223011,1147014223060,696,1
697,1147014347960,1147014347992,1147014348096,697,1
698,1147014472727,1147014472759,1147014472806,698,1
699,1147014597764,1147014597797,1147014597906,699,1
700,1147014757997,1147014758029,1147014758080,700,1
701,1147014847839,1147014847871,1147014848045,701,1
702,1147014973096,1147014973128,1147014973242,702,1
703,1147015097865,1147015097896,1147015098015,703,1
704,1147015346906,1147015346941,1147015347025,704,1
705,1147015354560,1147015354591,1147015354708,705,1
706,1147015473535,1147015473566,1147015473608,706,1
707,1147015596883,1147015596914,1147015597037,707,1
708,1147015774654,1147015774689,1147015774773,708,1
709,1147015873495,1147015873527,1147015873669,709,1
710,1147015967441,1147015967472,1147015967523,710,1
711,1147016103962,1147016103994,1147016104099,711,1
712,1147016222736,1147016222768,1147016222812,712,1
713,1147016347915,1147016347946,1147016348020,713,1
714,1147016472809,1147016472840,1147016472887,714,1
715,1147016597964,1147016597996,1147016598095,715,1
716,1147016722757,1147016722790,1147016722835,716,1
717,1147016847030,1147016847061,1147016847185,717,1
718,1147017180543,1147017180579,1147017180667,718,1
719,1147017180749,1147017180794,1147017180890,719,1
720,1147017228700,1147017228732,1147017228785,720,1
721,1147017357443,1147017357543,1147017357725,721,1
722,1147017478749,1147017478782,1147017478832,722,1
723,1147017603839,1147017603872,1147017604001,723,1
724,1147017728245,1147017728278,1147017728327,724,1
725,1147017848266,1147017848298,1147017848416,725,1
726,1147017972623,1147017972659,1147017972711,726,1
727,1147018147162,1147018147198,1147018147346,727,1
728,1147018236190,1147018236223,1147018236310,728,1
729,1147018348314,1147018348345,1147018348459,729,1
730,1147018473145,1147018473178,1147018473227,730,1
731,1147018598252,1147018598284,1147018598389,731,1
732,1147018723298,1147018723331,1147018723379,732,1
733,1147018848155,1147018848188,1147018848268,733,1
734,1147018973163,1147018973195,1147018973378,734,1
735,1147019098923,1147019098955,1147019099081,735,1
736,1147019223323,1147019223356,1147019223404,736,1
737,1147019348221,1147019348254,1147019348365,737,1
738,1147019473385,1147019473417,1147019473471,738,1
739,1147019598281,1147019598314,1147019598361,739,1
740,1147019722278,1147019722311,1147019722364,740,1
741,1147019886571,1147019886606,1147019886693,741,1
742,1147019974751,1147019974785,1147019974878,742,1
743,1147020220491,1147020220598,1147020220646,743,1
744,1147020228463,1147020228496,1147020228546,744,1
745,1147020353876,1147020353908,1147020353956,745,1
746,1147020477535,1147020477568,1147020477619,746,1
747,1147020603340,1147020603373,1147020603422,747,1
748,1147020768158,1147020768190,1147020768244,748,1
749,1147020848359,1147020848392,1147020848443,749,1
750,1147021034581,1147021034614,1147021034663,750,1
751,1147021098236,1147021098269,1147021098339,751,1
752,1147021222503,1147021222536,1147021222588,752,1
753,1147021353200,1147021353232,1147021353285,753,1
754,1147021532561,1147021532594,1147021532719,754,1
755,1147021600025,1147021600058,1147021600173,755,1
756,1147021725069,1147021725102,1147021725151,756,1
757,1147021849936,1147021849968,1147021850178,757,1
758,1147021974902,1147021974934,1147021974988,758,1
759,1147022100013,1147022100046,1147022100231,759,1
760,1147022225113,1147022225146,1147022225194,760,1
761,1147022349947,1147022349980,1147022350139,761,1
762,1147022474876,1147022474909,1147022474964,762,1
763,1147022599863,1147022599896,1147022599964,763,1
764,1147022724892,1147022724925,1147022724974,764,1
765,1147022849944,1147022849977,1147022850048,765,1
766,1147022975000,1147022975033,1147022975087,766,1
767,1147023100261,1147023100293,1147023100344,767,1
768,1147023244243,1147023244275,1147023244464,768,1
769,1147023350217,1147023350250,1147023350370,769,1
770,1147023475179,1147023475211,1147023475261,770,1
771,1147023599931,1147023599964,1147023600087,771,1
772,1147023724999,1147023725030,1147023725079,772,1
773,1147023849888,1147023849920,1147023849969,773,1
774,1147023967322,1147023967355,1147023967403,774,1
775,1147024104703,1147024104734,1147024104783,775,1
776,1147024222893,1147024222924,1147024222973,776,1
777,1147024348030,1147024348063,1147024348108,777,1
778,1147024472765,1147024472795,1147024472844,778,1
779,1147024597896,1147024597927,1147024597976,779,1
780,1147024723479,1147024723512,1147024723566,780,1
781,1147024856064,1147024856100,1147024856149,781,1
782,1147024973101,1147024973133,1147024973178,782,1
783,1147025098181,1147025098215,1147025098261,783,1
784,1147025222171,1147025222203,1147025222250,784,1
785,1147025352066,1147025352098,1147025352146,785,1
786,1147025475284,1147025475317,1147025475364,786,1
787,1147025599997,1147025600029,1147025600110,787,1
788,1147025725359,1147025725391,1147025725509,788,1
789,1147025850013,1147025850045,1147025850127,789,1
790,1147025975219,1147025975251,1147025975296,790,1
791,1147026100149,1147026100182,1147026100233,791,1
792,1147026225023,1147026225055,1147026225101,792,1
793,1147026350174,1147026350207,1147026350256,793,1
794,1147026475350,1147026475383,1147026475429,794,1
795,1147026600198,1147026600231,1147026600281,795,1
796,1147026724967,1147026724999,1147026725045,796,1
797,1147026849923,1147026849956,1147026850004,797,1
798,1147026975234,1147026975266,1147026975311,798,1
799,1147027100006,1147027100041,1147027100092,799,1
800,1147027224858,1147027224891,1147027224938,800,1
801,1147027349928,1147027349960,1147027350007,801,1
802,1147027474665,1147027474697,1147027474881,802,1
803,1147027599714,1147027599746,1147027599860,803,1
804,1147027724419,1147027724450,1147027724499,804,1
805,1147027855234,1147027855266,1147027855375,805,1
806,1147027966987,1147027967019,1147027967065,806,1
807,1147028104230,1147028104263,1147028104375,807,1
808,1147028222857,1147028222889,1147028222936,808,1
809,1147028347734,1147028347766,1147028347813,809,1
810,1147028472807,1147028472840,1147028472887,810,1
811,1147028597934,1147028597966,1147028598012,811,1
812,1147028722555,1147028722587,1147028722629,812,1
813,1147028947189,1147028947219,1147028947272,813,1
814,1147028975904,1147028975935,1147028975983,814,1
815,1147029103309,1147029103340,1147029103390,815,1
816,1147029228063,1147029228095,1147029228148,816,1
817,1147029356388,1147029356420,1147029356488,817,1
818,1147029479370,1147029479401,1147029479448,818,1
819,1147029599596,1147029599627,1147029599671,819,1
820,1147029724720,1147029724750,1147029724793,820,1
821,1147029849769,1147029849800,1147029849910,821,1
822,1147029980741,1147029980772,1147029980822,822,1
823,1147030099646,1147030099678,1147030099725,823,1
824,1147030224488,1147030224520,1147030224568,824,1
825,1147030349402,1147030349434,1147030349481,825,1
826,1147030474394,1147030474426,1147030474473,826,1
827,1147030599598,1147030599630,1147030599676,827,1
828,1147030724534,1147030724569,1147030724614,828,1
829,1147030849594,1147030849625,1147030849685,829,1
830,1147030974519,1147030974550,1147030974597,830,1
831,1147031099406,1147031099437,1147031099498,831,1
832,1147031224292,1147031224324,1147031224369,832,1
833,1147031349407,1147031349437,1147031349502,833,1
834,1147031474760,1147031474792,1147031474985,834,1
835,1147031600331,1147031600362,1147031600528,835,1
836,1147031724502,1147031724533,1147031724583,836,1
837,1147031849372,1147031849404,1147031849514,837,1
838,1147031967010,1147031967041,1147031967087,838,1
839,1147032103845,1147032103876,1147032103928,839,1
840,1147032222805,1147032222837,1147032222885,840,1
841,1147032347766,1147032347797,1147032347844,841,1
842,1147032473009,1147032473113,1147032473159,842,1
843,1147032597699,1147032597731,1147032597782,843,1
844,1147032722996,1147032723028,1147032723077,844,1
845,1147032848313,1147032848345,1147032848394,845,1
846,1147032973160,1147032973192,1147032973240,846,1
847,1147033098180,1147033098214,1147033098261,847,1
848,1147033225896,1147033225933,1147033225988,848,1
849,1147033352432,1147033352465,1147033352513,849,1
850,1147033475350,1147033475383,1147033475425,850,1
851,1147033600147,1147033600180,1147033600227,851,1
852,1147033724956,1147033724989,1147033725040,852,1
853,1147033850192,1147033850224,1147033850272,853,1
854,1147033975212,1147033975246,1147033975363,854,1
855,1147034100014,1147034100047,1147034100093,855,1
856,1147034224856,1147034224889,1147034224932,856,1
857,1147034349942,1147034349974,1147034350019,857,1
858,1147034475016,1147034475048,1147034475096,858,1
859,1147034599952,1147034599984,1147034600030,859,1
860,1147034724883,1147034724916,1147034724968,860,1
861,1147034850091,1147034850124,1147034850171,861,1
862,1147034975029,1147034975062,1147034975113,862,1
863,1147035100016,1147035100048,1147035100092,863,1
864,1147035224930,1147035224963,1147035225015,864,1
865,1147035350076,1147035350109,1147035350161,865,1
866,1147035475169,1147035475202,1147035475249,866,1
867,1147035599968,1147035600000,1147035600045,867,1
868,1147035725615,1147035725648,1147035725818,868,1
869,1147035850460,1147035850493,1147035850611,869,1
870,1147035967459,1147035967491,1147035967537,870,1
871,1147036105416,1147036105449,1147036105565,871,1
872,1147036223245,1147036223277,1147036223321,872,1
873,1147036348328,1147036348361,1147036348471,873,1
874,1147036473247,1147036473281,1147036473327,874,1
875,1147036598223,1147036598255,1147036598378,875,1
876,1147036723359,1147036723392,1147036723442,876,1
877,1147036848191,1147036848224,1147036848333,877,1
878,1147036973293,1147036973325,1147036973372,878,1
879,1147037098365,1147037098397,1147037098501,879,1
880,1147037257929,1147037257962,1147037258011,880,1
881,1147037350983,1147037351016,1147037351122,881,1
882,1147037474949,1147037474982,1147037475030,882,1
883,1147037599703,1147037599736,1147037599850,883,1
884,1147037724912,1147037724944,1147037724990,884,1
885,1147037849716,1147037849749,1147037849976,885,1
886,1147037974859,1147037974892,1147037974935,886,1
887,1147038100167,1147038100267,1147038100401,887,1
888,1147038224997,1147038225029,1147038225074,888,1
889,1147038349785,1147038349816,1147038349887,889,1
890,1147038474605,1147038474637,1147038474685,890,1
891,1147038599686,1147038599718,1147038599792,891,1
892,1147038724752,1147038724784,1147038724831,892,1
893,1147038849719,1147038849751,1147038849828,893,1
894,1147038974702,1147038974736,1147038974787,894,1
895,1147039100254,1147039100286,1147039100341,895,1
896,1147039224949,1147039224983,1147039225028,896,1
897,1147039350110,1147039350142,1147039350189,897,1
898,1147039474639,1147039474671,1147039474722,898,1
899,1147039599550,1147039599581,1147039599632,899,1
900,1147039724436,1147039724468,1147039724516,900,1
901,1147039849714,1147039849746,1147039849913,901,1
902,1147039967220,1147039967252,1147039967367,902,1
903,1147040234533,1147040234587,1147040234723,903,1
904,1147040234758,1147040234790,1147040234830,904,1
905,1147040348014,1147040348047,1147040348143,905,1
906,1147040472812,1147040472843,1147040472890,906,1
907,1147040597937,1147040597969,1147040598069,907,1
908,1147040722873,1147040722904,1147040722951,908,1
909,1147040847723,1147040847755,1147040847804,909,1
910,1147040972771,1147040972802,1147040972846,910,1
911,1147041098219,1147041098251,1147041098299,911,1
912,1147041221877,1147041221909,1147041221956,912,1
913,1147041348892,1147041348925,1147041348972,913,1
914,1147041472743,1147041472775,1147041472820,914,1
915,1147041597741,1147041597776,1147041597821,915,1
916,1147041723168,1147041723201,1147041723248,916,1
917,1147041975254,1147041975299,1147041975455,917,1
918,1147041975491,1147041975525,1147041975566,918,1
919,1147042103938,1147042103971,1147042104036,919,1
920,1147042229702,1147042229734,1147042229784,920,1
921,1147042353534,1147042353634,1147042353770,921,1
922,1147042478829,1147042478862,1147042478911,922,1
923,1147042603771,1147042603803,1147042603854,923,1
924,1147042723322,1147042723355,1147042723398,924,1
925,1147042848193,1147042848225,1147042848291,925,1
926,1147042973224,1147042973256,1147042973306,926,1
927,1147043099137,1147043099168,1147043099214,927,1
928,1147043223005,1147043223038,1147043223084,928,1
929,1147043347865,1147043347897,1147043347942,929,1
930,1147043522491,1147043522526,1147043522572,930,1
931,1147043598083,1147043598114,1147043598374,931,1
932,1147043722692,1147043722724,1147043722769,932,1
933,1147043867621,1147043867653,1147043867853,933,1
934,1147043976727,1147043976759,1147043976968,934,1
935,1147044098563,1147044098598,1147044098763,935,1
936,1147044223133,1147044223165,1147044223211,936,1
937,1147044385910,1147044385941,1147044386105,937,1
938,1147044473118,1147044473150,1147044473198,938,1
939,1147044597777,1147044597809,1147044597919,939,1
940,1147044722765,1147044722799,1147044722843,940,1
941,1147044847924,1147044847956,1147044848072,941,1
942,1147044972840,1147044972871,1147044972920,942,1
943,1147045097822,1147045097854,1147045097970,943,1
944,1147045221941,1147045221973,1147045222022,944,1
945,1147045349154,1147045349189,1147045349318,945,1
946,1147045472752,1147045472784,1147045472830,946,1
947,1147045597998,1147045598031,1147045598152,947,1
948,1147045722720,1147045722752,1147045722799,948,1
949,1147045847818,1147045847852,1147045847971,949,1
950,1147045971805,1147045971839,1147045971892,950,1
951,1147046124765,1147046124800,1147046124953,951,1
952,1147046224971,1147046225002,1147046225052,952,1
953,1147046349757,1147046349789,1147046349866,953,1
954,1147046474862,1147046474896,1147046475015,954,1
955,1147046599466,1147046599501,1147046599626,955,1
956,1147046724445,1147046724476,1147046724528,956,1
957,1147046849489,1147046849523,1147046849595,957,1
958,1147046974471,1147046974502,1147046974549,958,1
959,1147047099581,1147047099613,1147047099691,959,1
960,1147047224446,1147047224478,1147047224526,960,1
961,1147047349900,1147047349932,1147047349978,961,1
962,1147047474882,1147047474913,1147047474961,962,1
963,1147047599565,1147047599597,1147047599650,963,1
964,1147047724445,1147047724477,1147047724525,964,1
965,1147047849470,1147047849502,1147047849553,965,1
966,1147047966892,1147047966923,1147047966970,966,1
967,1147048103629,1147048103730,1147048103915,967,1
968,1147048275656,1147048275693,1147048275847,968,1
969,1147048384176,1147048384211,1147048384405,969,1
970,1147048474414,1147048474446,1147048474489,970,1
971,1147048598723,1147048598755,1147048598875,971,1
972,1147048722810,1147048722841,1147048722884,972,1
973,1147048847754,1147048847784,1147048847887,973,1
974,1147048972743,1147048972775,1147048972816,974,1
975,1147049097845,1147049097876,1147049097977,975,1
976,1147049221963,1147049221994,1147049222036,976,1
977,1147049348658,1147049348689,1147049348791,977,1
978,1147049472972,1147049473004,1147049473046,978,1
979,1147049597034,1147049597067,1147049597168,979,1
980,1147049821003,1147049821037,1147049821124,980,1
981,1147049849950,1147049849985,1147049850057,981,1
982,1147049974447,1147049974480,1147049974530,982,1
983,1147050099463,1147050099498,1147050099569,983,1
984,1147050224407,1147050224438,1147050224485,984,1
985,1147050349418,1147050349450,1147050349565,985,1
986,1147050474376,1147050474407,1147050474458,986,1
987,1147050599899,1147050599931,1147050600108,987,1
988,1147050724402,1147050724433,1147050724480,988,1
989,1147050849776,1147050849807,1147050849972,989,1
990,1147050974481,1147050974512,1147050974564,990,1
991,1147051099434,1147051099468,1147051099634,991,1
992,1147051224494,1147051224528,1147051224575,992,1
993,1147051349421,1147051349452,1147051349499,993,1
994,1147051474475,1147051474508,1147051474560,994,1
995,1147051599585,1147051599617,1147051599665,995,1
996,1147051724671,1147051724702,1147051724749,996,1
997,1147051849530,1147051849565,1147051849612,997,1
998,1147051966913,1147051966944,1147051966992,998,1
999,1147052103569,1147052103672,1147052103724,999,1
1000,1147052229733,1147052229768,1147052229855,1000,1
1001,1147052368923,1147052368958,1147052369171,1001,1
1002,1147052473554,1147052473585,1147052473632,1002,1
1003,1147052597886,1147052597920,1147052598039,1003,1
1004,1147052732035,1147052732070,1147052732118,1004,1
1005,1147052847914,1147052847946,1147052848058,1005,1
1006,1147052973241,1147052973273,1147052973321,1006,1
1007,1147053098027,1147053098058,1147053098163,1007,1
1008,1147053287770,1147053287805,1147053287892,1008,1
1009,1147053348346,1147053348381,1147053348555,1009,1
1010,1147053505169,1147053505204,1147053505292,1010,1
1011,1147053598079,1147053598110,1147053598211,1011,1
1012,1147053723074,1147053723107,1147053723152,1012,1
1013,1147053847949,1147053847980,1147053848123,1013,1
1014,1147053972947,1147053972979,1147053973024,1014,1
1015,1147054101984,1147054102015,1147054102078,1015,1
1016,1147054272594,1147054272629,1147054272676,1016,1
1017,1147054373051,1147054373086,1147054373196,1017,1
1018,1147054473031,1147054473062,1147054473109,1018,1
1019,1147054597683,1147054597715,1147054597779,1019,1
1020,1147054723072,1147054723104,1147054723150,1020,1
1021,1147054848189,1147054848221,1147054848352,1021,1
1022,1147054972826,1147054972858,1147054972906,1022,1
1023,1147055097792,1147055097823,1147055097891,1023,1
1024,1147055222673,1147055222706,1147055222755,1024,1
1025,1147055347038,1147055347069,1147055347140,1025,1
1026,1147055530508,1147055530544,1147055530631,1026,1
1027,1147055600320,1147055600353,1147055600402,1027,1
1028,1147055725006,1147055725042,1147055725093,1028,1
1029,1147055850247,1147055850282,1147055850329,1029,1
1030,1147055967550,1147055967582,1147055967629,1030,1
1031,1147056105063,1147056105167,1147056105239,1031,1
1032,1147056223485,1147056223518,1147056223563,1032,1
1033,1147056348406,1147056348439,1147056348516,1033,1
1034,1147056473381,1147056473417,1147056473603,1034,1
1035,1147056598506,1147056598539,1147056598708,1035,1
1036,1147056723385,1147056723420,1147056723466,1036,1
1037,1147056848262,1147056848295,1147056848411,1037,1
1038,1147056973280,1147056973317,1147056973364,1038,1
1039,1147057098223,1147057098256,1147057098308,1039,1
1040,1147057222356,1147057222389,1147057222439,1040,1
1041,1147057349706,1147057349743,1147057349793,1041,1
1042,1147057473326,1147057473359,1147057473409,1042,1
1043,1147057598274,1147057598309,1147057598360,1043,1
1044,1147057723235,1147057723268,1147057723315,1044,1
1045,1147057847486,1147057847518,1147057847568,1045,1
1046,1147057977633,1147057977668,1147057977815,1046,1
1047,1147058100015,1147058100051,1147058100098,1047,1
1048,1147058224813,1147058224846,1147058224889,1048,1
1049,1147058349725,1147058349758,1147058349805,1049,1
1050,1147058474179,1147058474210,1147058474252,1050,1
1051,1147058599136,1147058599168,1147058599214,1051,1
1052,1147058724114,1147058724146,1147058724196,1052,1
1053,1147058849196,1147058849228,1147058849274,1053,1
1054,1147058974753,1147058974784,1147058974898,1054,1
1055,1147059099298,1147059099329,1147059099411,1055,1
1056,1147059224134,1147059224166,1147059224215,1056,1
1057,1147059349567,1147059349599,1147059349682,1057,1
1058,1147059474477,1147059474508,1147059474554,1058,1
1059,1147059599459,1147059599491,1147059599570,1059,1
1060,1147059724315,1147059724348,1147059724397,1060,1
1061,1147059849430,1147059849461,1147059849521,1061,1
1062,1147059967194,1147059967226,1147059967271,1062,1
1063,1147060104355,1147060104461,1147060104528,1063,1
1064,1147060222875,1147060222907,1147060222953,1064,1
1065,1147060347940,1147060347971,1147060348031,1065,1
1066,1147060472749,1147060472780,1147060472829,1066,1
1067,1147060597737,1147060597769,1147060597936,1067,1
1068,1147060741860,1147060741892,1147060742009,1068,1
1069,1147060847963,1147060848000,1147060848117,1069,1
1070,1147060972772,1147060972807,1147060972848,1070,1
1071,1147061097065,1147061097097,1147061097146,1071,1
1072,1147061234216,1147061234251,1147061234339,1072,1
1073,1147061347848,1147061347878,1147061347927,1073,1
1074,1147061472805,1147061472836,1147061472884,1074,1
1075,1147061597919,1147061597950,1147061597997,1075,1
1076,1147061722896,1147061722931,1147061722979,1076,1
1077,1147061847749,1147061847781,1147061847831,1077,1
1078,1147061972672,1147061972703,1147061972747,1078,1
1079,1147062097917,1147062097949,1147062097995,1079,1
1080,1147062221939,1147062221972,1147062222020,1080,1
1081,1147062397335,1147062397370,1147062397458,1081,1
1082,1147062473400,1147062473432,1147062473478,1082,1
1083,1147062597932,1147062597967,1147062598082,1083,1
1084,1147062722766,1147062722798,1147062722843,1084,1
1085,1147062847767,1147062847798,1147062847895,1085,1
1086,1147062972900,1147062972931,1147062972978,1086,1
1087,1147063098537,1147063098568,1147063098742,1087,1
1088,1147063222753,1147063222784,1147063222834,1088,1
1089,1147063348108,1147063348141,1147063348247,1089,1
1090,1147063513541,1147063513576,1147063513663,1090,1
1091,1147063600130,1147063600162,1147063600269,1091,1
1092,1147063724550,1147063724582,1147063724631,1092,1
1093,1147063849465,1147063849500,1147063849611,1093,1
1094,1147063967705,1147063967738,1147063967792,1094,1
1095,1147064105079,1147064105193,1147064105246,1095,1
1096,1147064223405,1147064223438,1147064223484,1096,1
1097,1147064348391,1147064348422,1147064348473,1097,1
1098,1147064473335,1147064473368,1147064473415,1098,1
1099,1147064598253,1147064598286,1147064598333,1099,1
1100,1147064723296,1147064723328,1147064723373,1100,1
1101,1147064848506,1147064848539,1147064848702,1101,1
1102,1147064973536,1147064973569,1147064973686,1102,1
1103,1147065174342,1147065341693,1147065341870,1103,1
1104,1147065350320,1147065350352,1147065350398,1104,1
1105,1147065350432,1147065350475,1147065350565,1105,1
1106,1147065473849,1147065473881,1147065473924,1106,1
1107,1147065598427,1147065598459,1147065598562,1107,1
1108,1147065723178,1147065723212,1147065723263,1108,1
1109,1147065848183,1147065848218,1147065848325,1109,1
1110,1147065972240,1147065972272,1147065972322,1110,1
1111,1147066107515,1147066107548,1147066107708,1111,1
1112,1147066224984,1147066225016,1147066225060,1112,1
1113,1147066349991,1147066350025,1147066350137,1113,1
1114,1147066474878,1147066474914,1147066474961,1114,1
1115,1147066599914,1147066599946,1147066600065,1115,1
1116,1147066724894,1147066724927,1147066724974,1116,1
1117,1147066849904,1147066849936,1147066850037,1117,1
1118,1147066974990,1147066975026,1147066975073,1118,1
1119,1147067100014,1147067100046,1147067100154,1119,1
1120,1147067225072,1147067225104,1147067225149,1120,1
1121,1147067350351,1147067350383,1147067350568,1121,1
1122,1147067474893,1147067474926,1147067474973,1122,1
1123,1147067600289,1147067600322,1147067600369,1123,1
1124,1147067725182,1147067725218,1147067725264,1124,1
1125,1147067849903,1147067849936,1147067849981,1125,1
1126,1147067967270,1147067967304,1147067967352,1126,1
1127,1147068171653,1147068171756,1147068171842,1127,1
1128,1147068222578,1147068222611,1147068222664,1128,1
1129,1147068355766,1147068355799,1147068355889,1129,1
1130,1147068473237,1147068473270,1147068473313,1130,1
1131,1147068598156,1147068598189,1147068598236,1131,1
1132,1147068723252,1147068723284,1147068723332,1132,1
1133,1147068848165,1147068848198,1147068848245,1133,1
1134,1147068973141,1147068973178,1147068973352,1134,1
1135,1147069116606,1147069116642,1147069116816,1135,1
1136,1147069290578,1147069290610,1147069290702,1136,1
1137,1147069349295,1147069349328,1147069349435,1137,1
1138,1147069473528,1147069473560,1147069473611,1138,1
1139,1147069598229,1147069598263,1147069598375,1139,1
1140,1147069723231,1147069723264,1147069723311,1140,1
1141,1147069847239,1147069847271,1147069847500,1141,1
1142,1147069981508,1147069981542,1147069981632,1142,1
1143,1147070100027,1147070100059,1147070100114,1143,1
1144,1147070224943,1147070224975,1147070225029,1144,1
1145,1147070349995,1147070350028,1147070350082,1145,1
1146,1147070478734,1147070478769,1147070478822,1146,1
1147,1147070603444,1147070603476,1147070603530,1147,1
1148,1147070727747,1147070727783,1147070727836,1148,1
1149,1147070852102,1147070852135,1147070852189,1149,1
1150,1147070977002,1147070977035,1147070977088,1150,1
1151,1147071101734,1147071101770,1147071101822,1151,1
1152,1147071226374,1147071226407,1147071226461,1152,1
1153,1147071351265,1147071351297,1147071351350,1153,1
1154,1147071476289,1147071476321,1147071476442,1154,1
1155,1147071601547,1147071601578,1147071601652,1155,1
1156,1147071725916,1147071725949,1147071726002,1156,1
1157,1147071850754,1147071850787,1147071850857,1157,1
1158,1147071968033,1147071968067,1147071968118,1158,1
1159,1147072163336,1147072163440,1147072163490,1159,1
1160,1147072222791,1147072222824,1147072222876,1160,1
1161,1147072370298,1147072370332,1147072370422,1161,1
1162,1147072473642,1147072473675,1147072473726,1162,1
1163,1147072598389,1147072598422,1147072598464,1163,1
1164,1147072723176,1147072723209,1147072723257,1164,1
1165,1147072848206,1147072848238,1147072848289,1165,1
1166,1147072973177,1147072973211,1147072973259,1166,1
1167,1147073098200,1147073098232,1147073098296,1167,1
1168,1147073290557,1147073290591,1147073290855,1168,1
1169,1147073348077,1147073348111,1147073348290,1169,1
1170,1147073516983,1147073517015,1147073517106,1170,1
1171,1147073598452,1147073598484,1147073598587,1171,1
1172,1147073723495,1147073723529,1147073723583,1172,1
1173,1147073847320,1147073847352,1147073847424,1173,1
1174,1147073979854,1147073979887,1147073979976,1174,1
1175,1147074097811,1147074097844,1147074097953,1175,1
1176,1147074222687,1147074222718,1147074222763,1176,1
1177,1147074347697,1147074347730,1147074347844,1177,1
1178,1147074472909,1147074472940,1147074472985,1178,1
1179,1147074597666,1147074597698,1147074597807,1179,1
1180,1147074723015,1147074723046,1147074723088,1180,1
1181,1147074847741,1147074847772,1147074847889,1181,1
1182,1147074972825,1147074972857,1147074972899,1182,1
1183,1147075097667,1147075097698,1147075097802,1183,1
1184,1147075222680,1147075222711,1147075222760,1184,1
1185,1147075424883,1147075424915,1147075424963,1185,1
1186,1147075473129,1147075473161,1147075473207,1186,1
1187,1147075598055,1147075598087,1147075598201,1187,1
1188,1147075722884,1147075722917,1147075722962,1188,1
1189,1147075852903,1147075852937,1147075852984,1189,1
1190,1147075966278,1147075966310,1147075966354,1190,1
1191,1147076230240,1147076230354,1147076230500,1191,1
1192,1147076238271,1147076238302,1147076238344,1192,1
1193,1147076353239,1147076353269,1147076353355,1193,1
1194,1147076537056,1147076537088,1147076537177,1194,1
1195,1147076601803,1147076601837,1147076601912,1195,1
1196,1147076753923,1147076753955,1147076754043,1196,1
1197,1147076848347,1147076848380,1147076848561,1197,1
1198,1147076976969,1147076977001,1147076977048,1198,1
1199,1147077097800,1147077097833,1147077097907,1199,1
1200,1147077222079,1147077222111,1147077222160,1200,1
1201,1147077350112,1147077350144,1147077350391,1201,1
1202,1147077473252,1147077473283,1147077473401,1202,1
1203,1147077597735,1147077597766,1147077597872,1203,1
1204,1147077722701,1147077722732,1147077722778,1204,1
1205,1147077847899,1147077847931,1147077848039,1205,1
1206,1147077972693,1147077972724,1147077972774,1206,1
1207,1147078097669,1147078097700,1147078097799,1207,1
1208,1147078221808,1147078221840,1147078221888,1208,1
1209,1147078389153,1147078389185,1147078389336,1209,1
1210,1147078472833,1147078472865,1147078472909,1210,1
1211,1147078597687,1147078597719,1147078597821,1211,1
1212,1147078722650,1147078722680,1147078722725,1212,1
1213,1147078847895,1147078847926,1147078848044,1213,1
1214,1147078972754,1147078972786,1147078972835,1214,1
1215,1147079097687,1147079097719,1147079097832,1215,1
1216,1147079222815,1147079222846,1147079222892,1216,1
1217,1147079347767,1147079347799,1147079347907,1217,1
1218,1147079472658,1147079472690,1147079472739,1218,1
1219,1147079597795,1147079597828,1147079597874,1219,1
1220,1147079721864,1147079721897,1147079721945,1220,1
1221,1147079888264,1147079888296,1147079888450,1221,1
1222,1147079967815,1147079967847,1147079967892,1222,1
1223,1147080104945,1147080105049,1147080105098,1223,1
1224,1147080223195,1147080223227,1147080223276,1224,1
1225,1147080348253,1147080348286,1147080348337,1225,1
1226,1147080473109,1147080473141,1147080473187,1226,1
1227,1147080598090,1147080598122,1147080598170,1227,1
1228,1147080723436,1147080723468,1147080723516,1228,1
1229,1147080848233,1147080848266,1147080848309,1229,1
1230,1147080973306,1147080973339,1147080973386,1230,1
1231,1147081098238,1147081098270,1147081098339,1231,1
1232,1147081222319,1147081222351,1147081222400,1232,1
1233,1147081349537,1147081349569,1147081349638,1233,1
1234,1147081473122,1147081473156,1147081473334,1234,1
1235,1147081598553,1147081598586,1147081598762,1235,1
1236,1147081723209,1147081723242,1147081723294,1236,1
1237,1147081847239,1147081847272,1147081847381,1237,1
1238,1147081981037,1147081981069,1147081981160,1238,1
1239,1147082098614,1147082098647,1147082098750,1239,1
1240,1147082223126,1147082223159,1147082223202,1240,1
1241,1147082348101,1147082348134,1147082348248,1241,1
1242,1147082473195,1147082473228,1147082473273,1242,1
1243,1147082598100,1147082598133,1147082598178,1243,1
1244,1147082723127,1147082723160,1147082723207,1244,1
1245,1147082848152,1147082848185,1147082848233,1245,1
1246,1147082973308,1147082973341,1147082973388,1246,1
1247,1147083171859,1147083171892,1147083172003,1247,1
1248,1147083223084,1147083223116,1147083223168,1248,1
1249,1147083348327,1147083348360,1147083348410,1249,1
1250,1147083560673,1147083560708,1147083560799,1250,1
1251,1147083598829,1147083598861,1147083598910,1251,1
1252,1147083723312,1147083723344,1147083723395,1252,1
1253,1147083847264,1147083847297,1147083847351,1253,1
1254,1147083975484,1147083975517,1147083975672,1254,1
1255,1147084105048,1147084105150,1147084105228,1255,1
1256,1147084223287,1147084223320,1147084223372,1256,1
1257,1147084348189,1147084348223,1147084348272,1257,1
1258,1147084473187,1147084473220,1147084473268,1258,1
1259,1147084598074,1147084598107,1147084598159,1259,1
1260,1147084723120,1147084723152,1147084723204,1260,1
1261,1147084848077,1147084848110,1147084848157,1261,1
1262,1147084973054,1147084973086,1147084973133,1262,1
1263,1147085098223,1147085098256,1147085098337,1263,1
1264,1147085222178,1147085222210,1147085222260,1264,1
1265,1147085349828,1147085349860,1147085349915,1265,1
1266,1147085473169,1147085473202,1147085473252,1266,1
1267,1147085598216,1147085598249,1147085598439,1267,1
1268,1147085736948,1147085736982,1147085737100,1268,1
1269,1147085848192,1147085848224,1147085848469,1269,1
1270,1147085973110,1147085973142,1147085973192,1270,1
1271,1147086098179,1147086098211,1147086098255,1271,1
1272,1147086280104,1147086280139,1147086280189,1272,1
1273,1147086348675,1147086348708,1147086348760,1273,1
1274,1147086473288,1147086473320,1147086473371,1274,1
1275,1147086598121,1147086598154,1147086598206,1275,1
1276,1147086723159,1147086723192,1147086723243,1276,1
1277,1147086848081,1147086848113,1147086848164,1277,1
1278,1147086973190,1147086973222,1147086973274,1278,1
1279,1147087098187,1147087098219,1147087098267,1279,1
1280,1147087223437,1147087223470,1147087223521,1280,1
1281,1147087348447,1147087348479,1147087348525,1281,1
1282,1147087551218,1147087551251,1147087551342,1282,1
1283,1147087600173,1147087600206,1147087600254,1283,1
1284,1147087724941,1147087724974,1147087725022,1284,1
1285,1147087855925,1147087855957,1147087856011,1285,1
1286,1147087967292,1147087967325,1147087967373,1286,1
1287,1147088105350,1147088105455,1147088105574,1287,1
1288,1147088223146,1147088223178,1147088223226,1288,1
1289,1147088348324,1147088348357,1147088348408,1289,1
1290,1147088473150,1147088473183,1147088473233,1290,1
1291,1147088608770,1147088608802,1147088608875,1291,1
1292,1147088723096,1147088723129,1147088723182,1292,1
1293,1147088848134,1147088848167,1147088848229,1293,1
1294,1147088973110,1147088973142,1147088973189,1294,1
1295,1147089098067,1147089098100,1147089098148,1295,1
1296,1147089222309,1147089222342,1147089222393,1296,1
1297,1147089382339,1147089382371,1147089382420,1297,1
1298,1147089473104,1147089473136,1147089473188,1298,1
1299,1147089598263,1147089598294,1147089598343,1299,1
1300,1147089771395,1147089771427,1147089771639,1300,1
1301,1147089861908,1147089861941,1147089862124,1301,1
1302,1147089973559,1147089973592,1147089973643,1302,1
1303,1147090098271,1147090098303,1147090098413,1303,1
1304,1147090223055,1147090223088,1147090223141,1304,1
1305,1147090348337,1147090348370,1147090348481,1305,1
1306,1147090473384,1147090473417,1147090473467,1306,1
1307,1147090598260,1147090598292,1147090598413,1307,1
1308,1147090723248,1147090723280,1147090723331,1308,1
1309,1147090848331,1147090848364,1147090848472,1309,1
1310,1147090973160,1147090973193,1147090973243,1310,1
1311,1147091155255,1147091155290,1147091155381,1311,1
1312,1147091223752,1147091223785,1147091223835,1312,1
1313,1147091348150,1147091348183,1147091348226,1313,1
1314,1147091511726,1147091511757,1147091511843,1314,1
1315,1147091597998,1147091598030,1147091598076,1315,1
1316,1147091721851,1147091721882,1147091721927,1316,1
1317,1147091870009,1147091870041,1147091870128,1317,1
1318,1147091966996,1147091967028,1147091967075,1318,1
1319,1147092104326,1147092104430,1147092104552,1319,1
1320,1147092222897,1147092222929,1147092222972,1320,1
1321,1147092347929,1147092347961,1147092348154,1321,1
1322,1147092532980,1147092533014,1147092533063,1322,1
1323,1147092597812,1147092597843,1147092597964,1323,1
1324,1147092722748,1147092722783,1147092722833,1324,1
1325,1147092848378,1147092848411,1147092848518,1325,1
1326,1147092973470,1147092973502,1147092973549,1326,1
1327,1147093098298,1147093098331,1147093098440,1327,1
1328,1147093222258,1147093222291,1147093222341,1328,1
1329,1147093351975,1147093352008,1147093352128,1329,1
1330,1147093475162,1147093475194,1147093475237,1330,1
1331,1147093600109,1147093600143,1147093600187,1331,1
1332,1147093725151,1147093725184,1147093725228,1332,1
1333,1147093849920,1147093849953,1147093850000,1333,1
1334,1147093974881,1147093974913,1147093975086,1334,1
1335,1147094184714,1147094184746,1147094184911,1335,1
1336,1147094225307,1147094225340,1147094225388,1336,1
1337,1147094350113,1147094350146,1147094350255,1337,1
1338,1147094474891,1147094474924,1147094474971,1338,1
1339,1147094600181,1147094600214,1147094600314,1339,1
1340,1147094725032,1147094725065,1147094725110,1340,1
1341,1147094849875,1147094849907,1147094850019,1341,1
1342,1147094974954,1147094974987,1147094975033,1342,1
1343,1147095100264,1147095100297,1147095100344,1343,1
1344,1147095225122,1147095225155,1147095225200,1344,1
1345,1147095349939,1147095349972,1147095350023,1345,1
1346,1147095475189,1147095475222,1147095475269,1346,1
1347,1147095600186,1147095600218,1147095600266,1347,1
1348,1147095724957,1147095724989,1147095725037,1348,1
1349,1147095850032,1147095850065,1147095850117,1349,1
1350,1147095967270,1147095967302,1147095967349,1350,1
1351,1147096104696,1147096104728,1147096104777,1351,1
1352,1147096223379,1147096223412,1147096223468,1352,1
1353,1147096367231,1147096367263,1147096367312,1353,1
1354,1147096473174,1147096473277,1147096473399,1354,1
1355,1147096597852,1147096597885,1147096597933,1355,1
1356,1147096722835,1147096722867,1147096722913,1356,1
1357,1147096847805,1147096847837,1147096847889,1357,1
1358,1147096972553,1147096972584,1147096972633,1358,1
1359,1147097097643,1147097097674,1147097097719,1359,1
1360,1147097221828,1147097221860,1147097221908,1360,1
1361,1147097350208,1147097350240,1147097350289,1361,1
1362,1147097474305,1147097474337,1147097474379,1362,1
1363,1147097599322,1147097599353,1147097599398,1363,1
1364,1147097724377,1147097724408,1147097724451,1364,1
1365,1147097849245,1147097849277,1147097849320,1365,1
1366,1147097974253,1147097974286,1147097974332,1366,1
1367,1147098099184,1147098099216,1147098099263,1367,1
1368,1147098240148,1147098240181,1147098240359,1368,1
1369,1147098349151,1147098349183,1147098349278,1369,1
1370,1147098474190,1147098474222,1147098474266,1370,1
1371,1147098599074,1147098599107,1147098599156,1371,1
1372,1147098724066,1147098724098,1147098724144,1372,1
1373,1147098849252,1147098849284,1147098849328,1373,1
1374,1147098974103,1147098974135,1147098974181,1374,1
1375,1147099100393,1147099100425,1147099100475,1375,1
1376,1147099224645,1147099224678,1147099224725,1376,1
1377,1147099349693,1147099349725,1147099349773,1377,1
1378,1147099481913,1147099481946,1147099481996,1378,1
1379,1147099600219,1147099600252,1147099600298,1379,1
1380,1147099725036,1147099725068,1147099725113,1380,1
1381,1147099859844,1147099859875,1147099859927,1381,1
1382,1147099967084,1147099967116,1147099967163,1382,1
1383,1147100104573,1147100104606,1147100104653,1383,1
1384,1147100222785,1147100222818,1147100222864,1384,1
1385,1147100347724,1147100347755,1147100347804,1385,1
1386,1147100472728,1147100472761,1147100472807,1386,1
1387,1147100597805,1147100597909,1147100598026,1387,1
1388,1147100722896,1147100722928,1147100722977,1388,1
1389,1147100847842,1147100847874,1147100847923,1389,1
1390,1147100972893,1147100972925,1147100972971,1390,1
1391,1147101097591,1147101097622,1147101097672,1391,1
1392,1147101221692,1147101221724,1147101221773,1392,1
1393,1147101349348,1147101349380,1147101349432,1393,1
1394,1147101472758,1147101472790,1147101472836,1394,1
1395,1147101597844,1147101597876,1147101597923,1395,1
1396,1147101722740,1147101722772,1147101722814,1396,1
1397,1147101847700,1147101847733,1147101847940,1397,1
1398,1147101972853,1147101972885,1147101972929,1398,1
1399,1147102097870,1147102097901,1147102097945,1399,1
1400,1147102222888,1147102222919,1147102222966,1400,1
1401,1147102347699,1147102347731,1147102347918,1401,1
1402,1147102472922,1147102472954,1147102473065,1402,1
1403,1147102597660,1147102597692,1147102597805,1403,1
1404,1147102722736,1147102722768,1147102722816,1404,1
1405,1147102847719,1147102847752,1147102847801,1405,1
1406,1147102972881,1147102972912,1147102972959,1406,1
1407,1147103097691,1147103097722,1147103097767,1407,1
1408,1147103222663,1147103222695,1147103222740,1408,1
1409,1147103347564,1147103347595,1147103347645,1409,1
1410,1147103515034,1147103515069,1147103515181,1410,1
1411,1147103598436,1147103598467,1147103598516,1411,1
1412,1147103721811,1147103721842,1147103721891,1412,1
1413,1147103856941,1147103856972,1147103857061,1413,1
1414,1147103967186,1147103967218,1147103967269,1414,1
1415,1147104104292,1147104104323,1147104104372,1415,1
1416,1147104222775,1147104222807,1147104222854,1416,1
1417,1147104347697,1147104347727,1147104347809,1417,1
1418,1147104471840,1147104471872,1147104471914,1418,1
1419,1147104623369,1147104623401,1147104623522,1419,1
1420,1147104723194,1147104723226,1147104723267,1420,1
1421,1147104848105,1147104848208,1147104848327,1421,1
1422,1147104972616,1147104972647,1147104972692,1422,1
1423,1147105097784,1147105097817,1147105097863,1423,1
1424,1147105221841,1147105221874,1147105221917,1424,1
1425,1147105348418,1147105348452,1147105348504,1425,1
1426,1147105473178,1147105473210,1147105473260,1426,1
1427,1147105598092,1147105598125,1147105598176,1427,1
1428,1147105723103,1147105723136,1147105723182,1428,1
1429,1147105848282,1147105848315,1147105848367,1429,1
1430,1147105973238,1147105973271,1147105973316,1430,1
1431,1147106098287,1147106098321,1147106098363,1431,1
1432,1147106223325,1147106223358,1147106223405,1432,1
1433,1147106348628,1147106349146,1147106349308,1433,1
1434,1147106472721,1147106472752,1147106472932,1434,1
1435,1147106597869,1147106597902,1147106598081,1435,1
1436,1147106722769,1147106722801,1147106722849,1436,1
1437,1147106848046,1147106848078,1147106848176,1437,1
1438,1147106972850,1147106972882,1147106972930,1438,1
1439,1147107097966,1147107097998,1147107098100,1439,1
1440,1147107222932,1147107222964,1147107223011,1440,1
1441,1147107347742,1147107347775,1147107347881,1441,1
1442,1147107513808,1147107513839,1147107513927,1442,1
1443,1147107599593,1147107599626,1147107599729,1443,1
1444,1147107724472,1147107724504,1147107724550,1444,1
1445,1147107849424,1147107849456,1147107849571,1445,1
1446,1147107966919,1147107966951,1147107966999,1446,1
1447,1147108103749,1147108103782,1147108103827,1447,1
1448,1147108222970,1147108223001,1147108223048,1448,1
1449,1147108348064,1147108348096,1147108348142,1449,1
1450,1147108472666,1147108472698,1147108472740,1450,1
1451,1147108597681,1147108597713,1147108597759,1451,1
1452,1147108722851,1147108722883,1147108722932,1452,1
1453,1147108847661,1147108847693,1147108847741,1453,1
1454,1147108973116,1147108973219,1147108973336,1454,1
1455,1147109097818,1147109097849,1147109097898,1455,1
1456,1147109221896,1147109221928,1147109221976,1456,1
1457,1147109349598,1147109349630,1147109349677,1457,1
1458,1147109475848,1147109475880,1147109475928,1458,1
1459,1147109599632,1147109599664,1147109599713,1459,1
1460,1147109724517,1147109724549,1147109724596,1460,1
1461,1147109849649,1147109849680,1147109849724,1461,1
1462,1147109974557,1147109974588,1147109974634,1462,1
1463,1147110099620,1147110099652,1147110099702,1463,1
1464,1147110224496,1147110224528,1147110224573,1464,1
1465,1147110349557,1147110349588,1147110349632,1465,1
1466,1147110474500,1147110474532,1147110474574,1466,1
1467,1147110599451,1147110599483,1147110599531,1467,1
1468,1147110724436,1147110724467,1147110724640,1468,1
1469,1147110849737,1147110849768,1147110849880,1469,1
1470,1147110974468,1147110974500,1147110974547,1470,1
1471,1147111099463,1147111099495,1147111099607,1471,1
1472,1147111224450,1147111224481,1147111224530,1472,1
1473,1147111349695,1147111349727,1147111349847,1473,1
1474,1147111474887,1147111474920,1147111474965,1474,1
1475,1147111599471,1147111599503,1147111599616,1475,1
1476,1147111724375,1147111724407,1147111724453,1476,1
1477,1147111850089,1147111850122,1147111850230,1477,1
1478,1147111967321,1147111967355,1147111967404,1478,1
1479,1147112105518,1147112105551,1147112105665,1479,1
1480,1147112223379,1147112223411,1147112223456,1480,1
1481,1147112348383,1147112348416,1147112348517,1481,1
1482,1147112473443,1147112473476,1147112473528,1482,1
1483,1147112598134,1147112598166,1147112598210,1483,1
1484,1147112723206,1147112723238,1147112723286,1484,1
1485,1147112848176,1147112848209,1147112848257,1485,1
1486,1147112973223,1147112973255,1147112973307,1486,1
1487,1147113098614,1147113098715,1147113098829,1487,1
1488,1147113222225,1147113222258,1147113222311,1488,1
1489,1147113348507,1147113348539,1147113348586,1489,1
1490,1147113473258,1147113473290,1147113473338,1490,1
1491,1147113598405,1147113598438,1147113598489,1491,1
1492,1147113722371,1147113722404,1147113722454,1492,1
1493,1147113889825,1147113889858,1147113889947,1493,1
1494,1147113973363,1147113973396,1147113973443,1494,1
1495,1147114098142,1147114098174,1147114098222,1495,1
1496,1147114223197,1147114223231,1147114223278,1496,1
1497,1147114348110,1147114348142,1147114348187,1497,1
1498,1147114473421,1147114473454,1147114473501,1498,1
1499,1147114598196,1147114598228,1147114598271,1499,1
1500,1147114765047,1147114765079,1147114765129,1500,1
1501,1147114848487,1147114848519,1147114848689,1501,1
1502,1147114977088,1147114977120,1147114977289,1502,1
1503,1147115098439,1147115098472,1147115098583,1503,1
1504,1147115297723,1147115297754,1147115297846,1504,1
1505,1147115348462,1147115348494,1147115348614,1505,1
1506,1147115528715,1147115528747,1147115528837,1506,1
1507,1147115598523,1147115598556,1147115598668,1507,1
1508,1147115722650,1147115722682,1147115722727,1508,1
1509,1147116040176,1147116040223,1147116040433,1509,1
1510,1147116040510,1147116040547,1147116040592,1510,1
1511,1147116104213,1147116104249,1147116104350,1511,1
1512,1147116228290,1147116228323,1147116228372,1512,1
1513,1147116352966,1147116352999,1147116353108,1513,1
1514,1147116477781,1147116477816,1147116477864,1514,1
1515,1147116605419,1147116605454,1147116605562,1515,1
1516,1147116726318,1147116726351,1147116726396,1516,1
1517,1147116850826,1147116850858,1147116850971,1517,1
1518,1147116975505,1147116975538,1147116975583,1518,1
1519,1147117100483,1147117100517,1147117100627,1519,1
1520,1147117224064,1147117224100,1147117224145,1520,1
1521,1147117351234,1147117351270,1147117351454,1521,1
1522,1147117474483,1147117474516,1147117474564,1522,1
1523,1147117599347,1147117599380,1147117599493,1523,1
1524,1147117724087,1147117724120,1147117724171,1524,1
1525,1147117849388,1147117849424,1147117849573,1525,1
1526,1147117973943,1147117973976,1147117974022,1526,1
1527,1147118097637,1147118097670,1147118097720,1527,1
1528,1147118230777,1147118230810,1147118230896,1528,1
1529,1147118415548,1147118415580,1147118415666,1529,1
1530,1147118473747,1147118473779,1147118473831,1530,1
1531,1147118598668,1147118598700,1147118598752,1531,1
1532,1147118723526,1147118723558,1147118723606,1532,1
1533,1147118848435,1147118848468,1147118848513,1533,1
1534,1147118973249,1147118973282,1147118973459,1534,1
1535,1147119098452,1147119098485,1147119098669,1535,1
1536,1147119223320,1147119223351,1147119223402,1536,1
1537,1147119348594,1147119348625,1147119348750,1537,1
1538,1147119473887,1147119473920,1147119473968,1538,1
1539,1147119598006,1147119598039,1147119598162,1539,1
1540,1147119722584,1147119722616,1147119722668,1540,1
1541,1147119888031,1147119888068,1147119888153,1541,1
1542,1147119967659,1147119967691,1147119967740,1542,1
1543,1147120104888,1147120104923,1147120104971,1543,1
1544,1147120223864,1147120223896,1147120223948,1544,1
1545,1147120348472,1147120348504,1147120348606,1545,1
1546,1147120473340,1147120473373,1147120473423,1546,1
1547,1147120598176,1147120598211,1147120598317,1547,1
1548,1147120724421,1147120724453,1147120724497,1548,1
1549,1147120847942,1147120847972,1147120848017,1549,1
1550,1147120972686,1147120972721,1147120972765,1550,1
1551,1147121097695,1147121097726,1147121097770,1551,1
1552,1147121221864,1147121221899,1147121221948,1552,1
1553,1147121348063,1147121348097,1147121348142,1553,1
1554,1147121473203,1147121473305,1147121473421,1554,1
1555,1147121597683,1147121597716,1147121597763,1555,1
1556,1147121722763,1147121722797,1147121722847,1556,1
1557,1147121847841,1147121847872,1147121847916,1557,1
1558,1147121971959,1147121971990,1147121972041,1558,1
1559,1147122106075,1147122106107,1147122106193,1559,1
1560,1147122224424,1147122224456,1147122224499,1560,1
1561,1147122349320,1147122349351,1147122349395,1561,1
1562,1147122474511,1147122474543,1147122474587,1562,1
1563,1147122599370,1147122599402,1147122599446,1563,1
1564,1147122724567,1147122724599,1147122724643,1564,1
1565,1147122849468,1147122849500,1147122849545,1565,1
1566,1147122974512,1147122974544,1147122974591,1566,1
1567,1147123099468,1147123099500,1147123099542,1567,1
1568,1147123239673,1147123239706,1147123239886,1568,1
1569,1147123349709,1147123349744,1147123349861,1569,1
1570,1147123474568,1147123474599,1147123474642,1570,1
1571,1147123599487,1147123599520,1147123599629,1571,1
1572,1147123724457,1147123724488,1147123724532,1572,1
1573,1147123849433,1147123849465,1147123849572,1573,1
1574,1147123967014,1147123967046,1147123967088,1574,1
1575,1147124104313,1147124104345,1147124104455,1575,1
1576,1147124222718,1147124222751,1147124222797,1576,1
1577,1147124347686,1147124347717,1147124347819,1577,1
1578,1147124472671,1147124472704,1147124472747,1578,1
1579,1147124596834,1147124596865,1147124596964,1579,1
1580,1147124866488,1147124866532,1147124866650,1580,1
1581,1147124874425,1147124874457,1147124874577,1581,1
1582,1147124973392,1147124973423,1147124973468,1582,1
1583,1147125096918,1147125096950,1147125097062,1583,1
1584,1147125235105,1147125235138,1147125235224,1584,1
1585,1147125349146,1147125349178,1147125349293,1585,1
1586,1147125472810,1147125472843,1147125472892,1586,1
1587,1147125598154,1147125598258,1147125598446,1587,1
1588,1147125722795,1147125722827,1147125722878,1588,1
1589,1147125847069,1147125847100,1147125847212,1589,1
1590,1147125982143,1147125982174,1147125982257,1590,1
1591,1147126099902,1147126099935,1147126100051,1591,1
1592,1147126224393,1147126224425,1147126224469,1592,1
1593,1147126349425,1147126349458,1147126349568,1593,1
1594,1147126474433,1147126474464,1147126474512,1594,1
1595,1147126599423,1147126599455,1147126599569,1595,1
1596,1147126724436,1147126724469,1147126724515,1596,1
1597,1147126849400,1147126849431,1147126849531,1597,1
1598,1147126974386,1147126974418,1147126974464,1598,1
1599,1147127100150,1147127100181,1147127100285,1599,1
1600,1147127224434,1147127224466,1147127224510,1600,1
1601,1147127349476,1147127349507,1147127349684,1601,1
1602,1147127475008,1147127475040,1147127475162,1602,1
1603,1147127599975,1147127600008,1147127600058,1603,1
1604,1147127724977,1147127725009,1147127725055,1604,1
1605,1147127869812,1147127869848,1147127869898,1605,1
1606,1147127967380,1147127967413,1147127967466,1606,1
1607,1147128105301,1147128105332,1147128105386,1607,1
1608,1147128223402,1147128223435,1147128223486,1608,1
1609,1147128348230,1147128348263,1147128348310,1609,1
1610,1147128473082,1147128473116,1147128473166,1610,1
1611,1147128598151,1147128598184,1147128598236,1611,1
1612,1147128723053,1147128723086,1147128723133,1612,1
1613,1147128848376,1147128848410,1147128848455,1613,1
1614,1147128973159,1147128973193,1147128973238,1614,1
1615,1147129149463,1147129149496,1147129149545,1615,1
1616,1147129222574,1147129222606,1147129222658,1616,1
1617,1147129348902,1147129348935,1147129348989,1617,1
1618,1147129515032,1147129515064,1147129515171,1618,1
1619,1147129599832,1147129599864,1147129599935,1619,1
1620,1147129725289,1147129725321,1147129725369,1620,1
1621,1147129849989,1147129850021,1147129850096,1621,1
1622,1147129981302,1147129981405,1147129981523,1622,1
1623,1147130100096,1147130100128,1147130100210,1623,1
1624,1147130225064,1147130225096,1147130225141,1624,1
1625,1147130350059,1147130350092,1147130350169,1625,1
1626,1147130474953,1147130474986,1147130475033,1626,1
1627,1147130599927,1147130599960,1147130600040,1627,1
1628,1147130725035,1147130725068,1147130725119,1628,1
1629,1147130850267,1147130850300,1147130850373,1629,1
1630,1147130974921,1147130974953,1147130975000,1630,1
1631,1147131099789,1147131099821,1147131099894,1631,1
1632,1147131225143,1147131225175,1147131225221,1632,1
1633,1147131350206,1147131350238,1147131350320,1633,1
1634,1147131475076,1147131475108,1147131475154,1634,1
1635,1147131600101,1147131600134,1147131600186,1635,1
1636,1147131725074,1147131725106,1147131725276,1636,1
1637,1147131910211,1147131910242,1147131910365,1637,1
1638,1147131967154,1147131967186,1147131967232,1638,1
1639,1147132121861,1147132121897,1147132122033,1639,1
1640,1147132407472,1147132407503,1147132407551,1640,1
1641,1147132407592,1147132407625,1147132407735,1641,1
1642,1147132473477,1147132473509,1147132473561,1642,1
1643,1147132598105,1147132598137,1147132598209,1643,1
1644,1147132723010,1147132723042,1147132723090,1644,1
1645,1147132847992,1147132848025,1147132848086,1645,1
1646,1147132972738,1147132972769,1147132972819,1646,1
1647,1147133097786,1147133097819,1147133097867,1647,1
1648,1147133222031,1147133222063,1147133222111,1648,1
1649,1147133347763,1147133347794,1147133347859,1649,1
1650,1147133506514,1147133506546,1147133506654,1650,1
1651,1147133598123,1147133598154,1147133598220,1651,1
1652,1147133723378,1147133723410,1147133723456,1652,1
1653,1147133847754,1147133847786,1147133847912,1653,1
1654,1147133972971,1147133973002,1147133973189,1654,1
1655,1147134097864,1147134097896,1147134097957,1655,1
1656,1147134223014,1147134223046,1147134223092,1656,1
1657,1147134347705,1147134347737,1147134347796,1657,1
1658,1147134472846,1147134472878,1147134472922,1658,1
1659,1147134597644,1147134597676,1147134597741,1659,1
1660,1147134722719,1147134722751,1147134722793,1660,1
1661,1147134847820,1147134847851,1147134847922,1661,1
1662,1147134972740,1147134972772,1147134972818,1662,1
1663,1147135097674,1147135097705,1147135097751,1663,1
1664,1147135222730,1147135222762,1147135222805,1664,1
1665,1147135346923,1147135346954,1147135347004,1665,1
1666,1147135481936,1147135481968,1147135482017,1666,1
1667,1147135597802,1147135597834,1147135597881,1667,1
1668,1147135721938,1147135721969,1147135722157,1668,1
1669,1147136414535,1147136414662,1147136414999,1669,1
1670,1147136415120,1147136415157,1147136415199,1670,1
1671,1147136415259,1147136415296,1147136415412,1671,1
1672,1147136415455,1147136415492,1147136415536,1672,1
1673,1147136415570,1147136415602,1147136415697,1673,1
1674,1147136526019,1147136526050,1147136526127,1674,1
1675,1147136598980,1147136599010,1147136599115,1675,1
1676,1147136722976,1147136723008,1147136723054,1676,1
1677,1147136847992,1147136848023,1147136848142,1677,1
1678,1147136972851,1147136972883,1147136972929,1678,1
1679,1147137097742,1147137097774,1147137097891,1679,1
1680,1147137221818,1147137221850,1147137221898,1680,1
1681,1147137348490,1147137348522,1147137348641,1681,1
1682,1147137472781,1147137472812,1147137472858,1682,1
1683,1147137597974,1147137598005,1147137598114,1683,1
1684,1147137722926,1147137722958,1147137723004,1684,1
1685,1147137847743,1147137847775,1147137847885,1685,1
1686,1147137972722,1147137972755,1147137972797,1686,1
1687,1147138098018,1147138098051,1147138098221,1687,1
1688,1147138303587,1147138303619,1147138303668,1688,1
1689,1147138347840,1147138347873,1147138347967,1689,1
1690,1147138472725,1147138472758,1147138472804,1690,1
1691,1147138597874,1147138597906,1147138598008,1691,1
1692,1147138722830,1147138722862,1147138722912,1692,1
1693,1147138847784,1147138847815,1147138847890,1693,1
1694,1147138972699,1147138972730,1147138972775,1694,1
1695,1147139098206,1147139098237,1147139098316,1695,1
1696,1147139222713,1147139222745,1147139222789,1696,1
1697,1147139347731,1147139347762,1147139347835,1697,1
1698,1147139873189,1147139873220,1147139873495,1698,1
1699,1147139873576,1147139873607,1147139873721,1699,1
1700,1147139873754,1147139873785,1147139873827,1700,1
1701,1147139873858,1147139873890,1147139873999,1701,1
1702,1147140037823,1147140037854,1147140038002,1702,1
1703,1147140102944,1147140102978,1147140103087,1703,1
1704,1147140231037,1147140231069,1147140231121,1704,1
1705,1147140513628,1147140513684,1147140513831,1705,1
1706,1147140513894,1147140513927,1147140513967,1706,1
1707,1147140598549,1147140598581,1147140598682,1707,1
1708,1147140728201,1147140728233,1147140728281,1708,1
1709,1147140847872,1147140847905,1147140848027,1709,1
1710,1147140972700,1147140972732,1147140972775,1710,1
1711,1147141097861,1147141097892,1147141098004,1711,1
1712,1147141276853,1147141276886,1147141277016,1712,1
1713,1147141349392,1147141349423,1147141349552,1713,1
1714,1147141472999,1147141473030,1147141473081,1714,1
1715,1147141597751,1147141597784,1147141597896,1715,1
1716,1147141722909,1147141722941,1147141722989,1716,1
1717,1147141847730,1147141847762,1147141847880,1717,1
1718,1147141971972,1147141972004,1147141972053,1718,1
1719,1147142225783,1147142225819,1147142225979,1719,1
1720,1147142232726,1147142232757,1147142232799,1720,1
1721,1147142430333,1147142430434,1147142430659,1721,1
1722,1147142478270,1147142478303,1147142478352,1722,1
1723,1147142603794,1147142603826,1147142603951,1723,1
1724,1147142728059,1147142728091,1147142728141,1724,1
1725,1147142851909,1147142851941,1147142852054,1725,1
1726,1147142976608,1147142976641,1147142976691,1726,1
1727,1147143101130,1147143101162,1147143101228,1727,1
1728,1147143225845,1147143225878,1147143225924,1728,1
1729,1147143350455,1147143350488,1147143350555,1729,1
1730,1147143538499,1147143538535,1147143538670,1730,1
1731,1147143600509,1147143600541,1147143600605,1731,1
1732,1147143723900,1147143723933,1147143723977,1732,1
1733,1147143866379,1147143866412,1147143866533,1733,1
1734,1147143976311,1147143976344,1147143976563,1734,1
1735,1147144099541,1147144099579,1147144099765,1735,1
1736,1147144224068,1147144224104,1147144224154,1736,1
1737,1147144349016,1147144349048,1147144349168,1737,1
1738,1147144473849,1147144473882,1147144473931,1738,1
1739,1147144598663,1147144598700,1147144598828,1739,1
1740,1147144723584,1147144723617,1147144723669,1740,1
1741,1147144848559,1147144848591,1147144848692,1741,1
1742,1147144973575,1147144973607,1147144973659,1742,1
1743,1147145097724,1147145097756,1147145097862,1743,1
1744,1147145223242,1147145223277,1147145223328,1744,1
1745,1147145351884,1147145351919,1147145351970,1745,1
1746,1147145474987,1147145475019,1147145475069,1746,1
1747,1147145599949,1147145599982,1147145600029,1747,1
1748,1147145725123,1147145725159,1147145725202,1748,1
1749,1147145850129,1147145850162,1147145850281,1749,1
1750,1147145975138,1147145975171,1147145975222,1750,1
1751,1147146100268,1147146100301,1147146100417,1751,1
1752,1147146225039,1147146225072,1147146225115,1752,1
1753,1147146350017,1147146350050,1147146350159,1753,1
1754,1147146475275,1147146475308,1147146475430,1754,1
1755,1147146599958,1147146599993,1147146600103,1755,1
1756,1147146724942,1147146724975,1147146725022,1756,1
1757,1147146849938,1147146849971,1147146850041,1757,1
1758,1147146975067,1147146975100,1147146975149,1758,1
1759,1147147100094,1147147100126,1147147100204,1759,1
1760,1147147225031,1147147225063,1147147225107,1760,1
1761,1147147350173,1147147350206,1147147350251,1761,1
1762,1147147475298,1147147475330,1147147475381,1762,1
1763,1147147600045,1147147600080,1147147600126,1763,1
1764,1147147727804,1147147727848,1147147727906,1764,1
1765,1147147866232,1147147866268,1147147866330,1765,1
1766,1147147967595,1147147967629,1147147967676,1766,1
1767,1147148105257,1147148105357,1147148105552,1767,1
1768,1147148265146,1147148265179,1147148265352,1768,1
1769,1147148348357,1147148348390,1147148348503,1769,1
1770,1147148473303,1147148473337,1147148473380,1770,1
1771,1147148598326,1147148598359,1147148598480,1771,1
1772,1147148723213,1147148723246,1147148723293,1772,1
1773,1147148848220,1147148848254,1147148848359,1773,1
1774,1147148973203,1147148973235,1147148973280,1774,1
1775,1147149097472,1147149097506,1147149097610,1775,1
1776,1147149229042,1147149229075,1147149229163,1776,1
1777,1147149349419,1147149349453,1147149349558,1777,1
1778,1147149473128,1147149473161,1147149473215,1778,1
1779,1147149598169,1147149598203,1147149598264,1779,1
1780,1147150276779,1147150276840,1147150277008,1780,1
1781,1147150277071,1147150277108,1147150277286,1781,1
1782,1147150277328,1147150277360,1147150277403,1782,1
1783,1147150277561,1147150277593,1147150277664,1783,1
1784,1147150277697,1147150277922,1147150277963,1784,1
1785,1147150348759,1147150348793,1147150348859,1785,1
1786,1147150473338,1147150473374,1147150473423,1786,1
1787,1147150598460,1147150598493,1147150598644,1787,1
1788,1147150723286,1147150723319,1147150723373,1788,1
1789,1147150848111,1147150848144,1147150848209,1789,1
1790,1147150973200,1147150973233,1147150973286,1790,1
1791,1147151098169,1147151098202,1147151098271,1791,1
1792,1147151228813,1147151228846,1147151228963,1792,1
1793,1147151348495,1147151348528,1147151348591,1793,1
1794,1147151473390,1147151473423,1147151473470,1794,1
1795,1147151597238,1147151597271,1147151597334,1795,1
1796,1147151732279,1147151732315,1147151732407,1796,1
1797,1147151913872,1147151913905,1147151913955,1797,1
1798,1147151967208,1147151967240,1147151967293,1798,1
1799,1147152105014,1147152105119,1147152105169,1799,1
1800,1147152222467,1147152222500,1147152222545,1800,1
1801,1147152356660,1147152356693,1147152356925,1801,1
1802,1147152473863,1147152473895,1147152474015,1802,1
1803,1147152598297,1147152598329,1147152598448,1803,1
1804,1147153048535,1147153048580,1147153048682,1804,1
1805,1147153056753,1147153056786,1147153056891,1805,1
1806,1147153056925,1147153056957,1147153056999,1806,1
1807,1147153098708,1147153098741,1147153098842,1807,1
1808,1147153222265,1147153222299,1147153222351,1808,1
1809,1147153348460,1147153348494,1147153348601,1809,1
1810,1147153508325,1147153508358,1147153508451,1810,1
1811,1147153598579,1147153598610,1147153598718,1811,1
1812,1147153723319,1147153723351,1147153723403,1812,1
1813,1147153848721,1147153848756,1147153848830,1813,1
1814,1147153973365,1147153973398,1147153973445,1814,1
1815,1147154098367,1147154098400,1147154098481,1815,1
1816,1147154223317,1147154223349,1147154223399,1816,1
1817,1147154348517,1147154348550,1147154348633,1817,1
1818,1147154495576,1147154495611,1147154495662,1818,1
1819,1147154598409,1147154598442,1147154598525,1819,1
1820,1147154722539,1147154722574,1147154722625,1820,1
1821,1147154879072,1147154879103,1147154879288,1821,1
1822,1147154972799,1147154972831,1147154972877,1822,1
1823,1147155098254,1147155098287,1147155098331,1823,1
1824,1147155499136,1147155499171,1147155499259,1824,1
1825,1147155499319,1147155499351,1147155499393,1825,1
1826,1147155499425,1147155499456,1147155499498,1826,1
1827,1147155606042,1147155606074,1147155606148,1827,1
1828,1147155729733,1147155729764,1147155729811,1828,1
1829,1147155851989,1147155852020,1147155852075,1829,1
1830,1147155972994,1147155973025,1147155973114,1830,1
1831,1147156104449,1147156104482,1147156104551,1831,1
1832,1147156227176,1147156227281,1147156227327,1832,1
1833,1147156351045,1147156351077,1147156351125,1833,1
1834,1147156475612,1147156475644,1147156475828,1834,1
1835,1147156600790,1147156600821,1147156601011,1835,1
1836,1147156777587,1147156777619,1147156777666,1836,1
1837,1147156849938,1147156849970,1147156850078,1837,1
1838,1147156974392,1147156974423,1147156974472,1838,1
1839,1147157099114,1147157099147,1147157099191,1839,1
1840,1147157223114,1147157223146,1147157223195,1840,1
1841,1147157350627,1147157350661,1147157350715,1841,1
1842,1147157473677,1147157473711,1147157473760,1842,1
1843,1147157598381,1147157598413,1147157598479,1843,1
1844,1147157723756,1147157723790,1147157723840,1844,1
1845,1147157848151,1147157848185,1147157848283,1845,1
1846,1147157973168,1147157973200,1147157973247,1846,1
1847,1147158178582,1147158178614,1147158178788,1847,1
1848,1147158223499,1147158223530,1147158223580,1848,1
1849,1147158348042,1147158348075,1147158348135,1849,1
1850,1147158472991,1147158473023,1147158473066,1850,1
1851,1147158597883,1147158597914,1147158597976,1851,1
1852,1147158722856,1147158722888,1147158722937,1852,1
1853,1147158847803,1147158847835,1147158847901,1853,1
1854,1147158973214,1147158973246,1147158973365,1854,1
1855,1147159097034,1147159097066,1147159097130,1855,1
1856,1147159384975,1147159385008,1147159385103,1856,1
1857,1147159385164,1147159385196,1147159385258,1857,1
1858,1147159514648,1147159514680,1147159514771,1858,1
1859,1147159607830,1147159607865,1147159607941,1859,1
1860,1147159729468,1147159729503,1147159729549,1860,1
1861,1147159854285,1147159854319,1147159854366,1861,1
1862,1147159971595,1147159971626,1147159971673,1862,1
1863,1147160104459,1147160104490,1147160104539,1863,1
1864,1147160223411,1147160223515,1147160223558,1864,1
1865,1147160347816,1147160347848,1147160347893,1865,1
1866,1147160472835,1147160472865,1147160472913,1866,1
1867,1147160599925,1147160599957,1147160600007,1867,1
1868,1147160873947,1147160873982,1147160874147,1868,1
1869,1147160874180,1147160874212,1147160874320,1869,1
1870,1147160972765,1147160972798,1147160972843,1870,1
1871,1147161096815,1147161096845,1147161096891,1871,1
1872,1147161244733,1147161244764,1147161244856,1872,1
1873,1147161348622,1147161348658,1147161348712,1873,1
1874,1147161473150,1147161473182,1147161473231,1874,1
1875,1147161598253,1147161598286,1147161598334,1875,1
1876,1147161730124,1147161730160,1147161730210,1876,1
1877,1147161852418,1147161852451,1147161852498,1877,1
1878,1147161987406,1147161987440,1147161987493,1878,1
1879,1147162130495,1147162130530,1147162130581,1879,1
1880,1147162233240,1147162233273,1147162233322,1880,1
1881,1147162668508,1147162668547,1147162668695,1881,1
1882,1147162676760,1147162676792,1147162676835,1882,1
1883,1147162676869,1147162676902,1147162676998,1883,1
1884,1147162727237,1147162727270,1147162727321,1884,1
1885,1147162851032,1147162851065,1147162851149,1885,1
1886,1147162975889,1147162975922,1147162975975,1886,1
1887,1147163100549,1147163100582,1147163100726,1887,1
1888,1147163245001,1147163245034,1147163245153,1888,1
1889,1147172406963,1147172407099,1147172407451,1889,1
1890,1147172407711,1147172407743,1147172407784,1890,1
1891,1147172407838,1147172407872,1147172407939,1891,1
1892,1147172407971,1147172408004,1147172408047,1892,1
1893,1147172408079,1147172408111,1147172408163,1893,1
1894,1147172408196,1147172408229,1147172408270,1894,1
1895,1147172408329,1147172408362,1147172408421,1895,1
1896,1147172408453,1147172408489,1147172408530,1896,1
1897,1147172408563,1147172408603,1147172408663,1897,1
1898,1147172408696,1147172408729,1147172408770,1898,1
1899,1147172408829,1147172408861,1147172408917,1899,1
1900,1147172408950,1147172408982,1147172409024,1900,1
1901,1147172409057,1147172409089,1147172409148,1901,1
1902,1147172409181,1147172409213,1147172409254,1902,1
1903,1147172409287,1147172409319,1147172409378,1903,1
1904,1147172409409,1147172409442,1147172409484,1904,1
1905,1147172409515,1147172409548,1147172409615,1905,1
1906,1147172409648,1147172409680,1147172409721,1906,1
1907,1147172409753,1147172409786,1147172409848,1907,1
1908,1147172409879,1147172409912,1147172409953,1908,1
1909,1147172409984,1147172410017,1147172410203,1909,1
1910,1147172410235,1147172410268,1147172410308,1910,1
1911,1147172410341,1147172410374,1147172410428,1911,1
1912,1147172410459,1147172410491,1147172410534,1912,1
1913,1147172410564,1147172410597,1147172410654,1913,1
1914,1147172410684,1147172410718,1147172410759,1914,1
1915,1147172410790,1147172410822,1147172410884,1915,1
1916,1147172410916,1147172410948,1147172410989,1916,1
1917,1147172411021,1147172411054,1147172411113,1917,1
1918,1147172411144,1147172411176,1147172411219,1918,1
1919,1147172411249,1147172411282,1147172411341,1919,1
1920,1147172411373,1147172411406,1147172411447,1920,1
1921,1147172411479,1147172411511,1147172411572,1921,1
1922,1147172411605,1147172411636,1147172411677,1922,1
1923,1147172411709,1147172411741,1147172411800,1923,1
1924,1147172411831,1147172411864,1147172411906,1924,1
1925,1147172411937,1147172411969,1147172412036,1925,1
1926,1147172412068,1147172412101,1147172412141,1926,1
1927,1147172412174,1147172412206,1147172412269,1927,1
1928,1147172412301,1147172412333,1147172412374,1928,1
1929,1147172412407,1147172412439,1147172412480,1929,1
1930,1147172412512,1147172412544,1147172412586,1930,1
1931,1147172412617,1147172412649,1147172412692,1931,1
1932,1147172412723,1147172412755,1147172412797,1932,1
1933,1147172412829,1147172412861,1147172412903,1933,1
1934,1147172412934,1147172412967,1147172413008,1934,1
1935,1147172413041,1147172413073,1147172413114,1935,1
1936,1147172413147,1147172413179,1147172413221,1936,1
1937,1147172413252,1147172413284,1147172413327,1937,1
1938,1147172413357,1147172413390,1147172413431,1938,1
1939,1147172413462,1147172413495,1147172413537,1939,1
1940,1147172413568,1147172413601,1147172413643,1940,1
1941,1147172413674,1147172413707,1147172413747,1941,1
1942,1147172413780,1147172413813,1147172413854,1942,1
1943,1147172413886,1147172413919,1147172413960,1943,1
1944,1147172413992,1147172414025,1147172414066,1944,1
1945,1147172414097,1147172414130,1147172414171,1945,1
1946,1147172414202,1147172414235,1147172414276,1946,1
1947,1147172414307,1147172414341,1147172414382,1947,1
1948,1147172414414,1147172414447,1147172414487,1948,1
1949,1147172414519,1147172414553,1147172414593,1949,1
1950,1147172414625,1147172414657,1147172414700,1950,1
1951,1147172414731,1147172414763,1147172414805,1951,1
1952,1147172414836,1147172414869,1147172414911,1952,1
1953,1147172414942,1147172414974,1147172415015,1953,1
1954,1147172415048,1147172415080,1147172415121,1954,1
1955,1147172415153,1147172415186,1147172415227,1955,1
1956,1147172415259,1147172415291,1147172415333,1956,1
1957,1147172415364,1147172415397,1147172415439,1957,1
1958,1147172415470,1147172415502,1147172415544,1958,1
1959,1147172415575,1147172415607,1147172415650,1959,1
1960,1147172415680,1147172415713,1147172415755,1960,1
1961,1147172415787,1147172415819,1147172415860,1961,1
1962,1147172484769,1147172484802,1147172484857,1962,1
1963,1147172606421,1147172606453,1147172606502,1963,1
1964,1147172730006,1147172730043,1147172730097,1964,1
1965,1147172855607,1147172855644,1147172855697,1965,1
1966,1147172978963,1147172978995,1147172979050,1966,1
1967,1147173100777,1147173100810,1147173100860,1967,1
1968,1147173225223,1147173225256,1147173225435,1968,1
1969,1147173360376,1147173360412,1147173360524,1969,1
1970,1147173474912,1147173474947,1147173474997,1970,1
1971,1147173599302,1147173599335,1147173599405,1971,1
1972,1147173724492,1147173724525,1147173724568,1972,1
1973,1147173847866,1147173847899,1147173848015,1973,1
1974,1147173982821,1147173982856,1147173982973,1974,1
1975,1147174100796,1147174100829,1147174100951,1975,1
1976,1147174225458,1147174225491,1147174225543,1976,1
1977,1147174351107,1147174351140,1147174351254,1977,1
1978,1147174475372,1147174475404,1147174475454,1978,1
1979,1147174600267,1147174600299,1147174600348,1979,1
1980,1147174725228,1147174725259,1147174725313,1980,1
1981,1147174850429,1147174850463,1147174850517,1981,1
1982,1147174975323,1147174975357,1147174975411,1982,1
1983,1147175099886,1147175099919,1147175099984,1983,1
1984,1147175224966,1147175224999,1147175225048,1984,1
1985,1147175350338,1147175350374,1147175350485,1985,1
1986,1147175475235,1147175475267,1147175475322,1986,1
1987,1147175600346,1147175600378,1147175600426,1987,1
1988,1147175725496,1147175725529,1147175725649,1988,1
1989,1147175850204,1147175850236,1147175850290,1989,1
1990,1147175972270,1147175972308,1147175972374,1990,1
1991,1147176105884,1147176105998,1147176106051,1991,1
1992,1147176228608,1147176228640,1147176228690,1992,1
1993,1147176347542,1147176347575,1147176347621,1993,1
1994,1147176531088,1147176531123,1147176531241,1994,1
1995,1147176597539,1147176597572,1147176597626,1995,1
1996,1147176745897,1147176745933,1147176746024,1996,1
1997,1147176848338,1147176848370,1147176848447,1997,1
1998,1147176973342,1147176973375,1147176973422,1998,1
1999,1147177244317,1147177244350,1147177244473,1999,1
2000,1147177244534,1147177244567,1147177244608,2000,1
2001,1147177367870,1147177367902,1147177368083,2001,1
2002,1147177485831,1147177485864,1147177485985,2002,1
2003,1147177604056,1147177604089,1147177604196,2003,1
2004,1147177728343,1147177728375,1147177728419,2004,1
2005,1147177852198,1147177852230,1147177852348,2005,1
2006,1147177973275,1147177973308,1147177973361,2006,1
2007,1147178098307,1147178098340,1147178098389,2007,1
2008,1147178223213,1147178223248,1147178223291,2008,1
2009,1147178347697,1147178347730,1147178347771,2009,1
2010,1147178472852,1147178472883,1147178472935,2010,1
2011,1147178596905,1147178596937,1147178596989,2011,1
2012,1147178730112,1147178730147,1147178730238,2012,1
2013,1147178847840,1147178847872,1147178847920,2013,1
2014,1147178972714,1147178972747,1147178972794,2014,1
2015,1147179097806,1147179097837,1147179097883,2015,1
2016,1147179222671,1147179222702,1147179222753,2016,1
2017,1147179346804,1147179346837,1147179346886,2017,1
2018,1147179527782,1147179527819,1147179527912,2018,1
2019,1147179598244,1147179598276,1147179598325,2019,1
2020,1147179722472,1147179722504,1147179722558,2020,1
2021,1147179912327,1147179912360,1147179912517,2021,1
2022,1147180101071,1147180101177,1147180101271,2022,1
2023,1147180109110,1147180109143,1147180109192,2023,1
2024,1147180223666,1147180223699,1147180223753,2024,1
2025,1147180348495,1147180348527,1147180348580,2025,1
2026,1147180472899,1147180472931,1147180472980,2026,1
2027,1147180598084,1147180598116,1147180598183,2027,1
2028,1147180722919,1147180722951,1147180723001,2028,1
2029,1147180847771,1147180847803,1147180847855,2029,1
2030,1147180972724,1147180972755,1147180972807,2030,1
2031,1147181097808,1147181097840,1147181097902,2031,1
2032,1147181221909,1147181221940,1147181221990,2032,1
2033,1147181348681,1147181348713,1147181348779,2033,1
2034,1147181472872,1147181472905,1147181473079,2034,1
2035,1147181598228,1147181598261,1147181598374,2035,1
2036,1147181722850,1147181722882,1147181722929,2036,1
2037,1147181846781,1147181846812,1147181846994,2037,1
2038,1147181983386,1147181983420,1147181983508,2038,1
2039,1147182099647,1147182099679,1147182099727,2039,1
2040,1147182224415,1147182224447,1147182224489,2040,1
2041,1147182349362,1147182349393,1147182349440,2041,1
2042,1147182474537,1147182474568,1147182474613,2042,1
2043,1147182599520,1147182599551,1147182599598,2043,1
2044,1147182725111,1147182725143,1147182725197,2044,1
2045,1147182849956,1147182849988,1147182850038,2045,1
2046,1147182974918,1147182974950,1147182974996,2046,1
2047,1147183100203,1147183100236,1147183100285,2047,1
2048,1147183224932,1147183224964,1147183225014,2048,1
2049,1147183350319,1147183350352,1147183350423,2049,1
2050,1147183475127,1147183475159,1147183475205,2050,1
2051,1147183600085,1147183600118,1147183600187,2051,1
2052,1147183725638,1147183725671,1147183725721,2052,1
2053,1147183850057,1147183850090,1147183850171,2053,1
2054,1147183967838,1147183967871,1147183968061,2054,1
2055,1147184105096,1147184105203,1147184105280,2055,1
2056,1147184223608,1147184223642,1147184223693,2056,1
2057,1147184348395,1147184348427,1147184348501,2057,1
2058,1147184473208,1147184473241,1147184473288,2058,1
2059,1147184598155,1147184598187,1147184598235,2059,1
2060,1147184723404,1147184723436,1147184723484,2060,1
2061,1147184848322,1147184848354,1147184848403,2061,1
2062,1147184972783,1147184972814,1147184972867,2062,1
2063,1147185098018,1147185098050,1147185098093,2063,1
2064,1147185222347,1147185222380,1147185222433,2064,1
2065,1147185349196,1147185349229,1147185349281,2065,1
2066,1147185472955,1147185472987,1147185473038,2066,1
2067,1147185597760,1147185597791,1147185597904,2067,1
2068,1147185739436,1147185739468,1147185739651,2068,1
2069,1147185848009,1147185848041,1147185848140,2069,1
2070,1147185973177,1147185973208,1147185973259,2070,1
2071,1147186097696,1147186097728,1147186097779,2071,1
2072,1147186360190,1147186360225,1147186360315,2072,1
2073,1147186360378,1147186360410,1147186360473,2073,1
2074,1147186480297,1147186480328,1147186480376,2074,1
2075,1147186604175,1147186604208,1147186604259,2075,1
2076,1147186728708,1147186728739,1147186728786,2076,1
2077,1147186857862,1147186857894,1147186857974,2077,1
2078,1147186981824,1147186981856,1147186981908,2078,1
2079,1147187102918,1147187102951,1147187103000,2079,1
2080,1147187227415,1147187227447,1147187227500,2080,1
2081,1147187351676,1147187351710,1147187351786,2081,1
2082,1147187476427,1147187476460,1147187476506,2082,1
2083,1147187601149,1147187601180,1147187601232,2083,1
2084,1147187726042,1147187726074,1147187726120,2084,1
2085,1147187867368,1147187867400,1147187867450,2085,1
2086,1147187968317,1147187968349,1147187968392,2086,1
2087,1147188105931,1147188105964,1147188106085,2087,1
2088,1147188223622,1147188223654,1147188223702,2088,1
2089,1147188348450,1147188348482,1147188348531,2089,1
2090,1147188473353,1147188473385,1147188473434,2090,1
2091,1147188598933,1147188598964,1147188599014,2091,1
2092,1147188723203,1147188723235,1147188723283,2092,1
2093,1147188847938,1147188847970,1147188848023,2093,1
2094,1147188973258,1147188973289,1147188973338,2094,1
2095,1147189097263,1147189097295,1147189097347,2095,1
2096,1147189233955,1147189233990,1147189234080,2096,1
2097,1147189349515,1147189349548,1147189349629,2097,1
2098,1147189472978,1147189473010,1147189473052,2098,1
2099,1147189597791,1147189597823,1147189597892,2099,1
2100,1147189723141,1147189723172,1147189723215,2100,1
2101,1147189863943,1147189863975,1147189864163,2101,1
2102,1147189973038,1147189973069,1147189973120,2102,1
2103,1147190161014,1147190161046,1147190161216,2103,1
2104,1147190223165,1147190223197,1147190223245,2104,1
2105,1147190347822,1147190347854,1147190347972,2105,1
2106,1147190472754,1147190472786,1147190472835,2106,1
2107,1147190597646,1147190597678,1147190597788,2107,1
2108,1147190722285,1147190722318,1147190722372,2108,1
2109,1147190876243,1147190876279,1147190876431,2109,1
2110,1147190972717,1147190972750,1147190972800,2110,1
2111,1147191109349,1147191109384,1147191109534,2111,1
2112,1147191222412,1147191222444,1147191222491,2112,1
2113,1147191355528,1147191355563,1147191355716,2113,1
2114,1147191740664,1147191740699,1147191740791,2114,1
2115,1147191740855,1147191740887,1147191740992,2115,1
2116,1147191741027,1147191741062,1147191741104,2116,1
2117,1147191850509,1147191850541,1147191850666,2117,1
2118,1147192044766,1147192044881,1147192044981,2118,1
2119,1147192139867,1147192139903,1147192140069,2119,1
2120,1147192223470,1147192223503,1147192223550,2120,1
2121,1147192348501,1147192348533,1147192348727,2121,1
2122,1147192473191,1147192473223,1147192473270,2122,1
2123,1147192598234,1147192598267,1147192598387,2123,1
2124,1147192723165,1147192723197,1147192723244,2124,1
2125,1147192848232,1147192848265,1147192848375,2125,1
2126,1147192973136,1147192973169,1147192973216,2126,1
2127,1147193098136,1147193098169,1147193098272,2127,1
2128,1147193222268,1147193222301,1147193222352,2128,1
2129,1147193348488,1147193348521,1147193348638,2129,1
2130,1147193508690,1147193508725,1147193508815,2130,1
2131,1147193598090,1147193598123,1147193598237,2131,1
2132,1147193723128,1147193723160,1147193723211,2132,1
2133,1147193847339,1147193847371,1147193847446,2133,1
2134,1147193980726,1147193980761,1147193980985,2134,1
2135,1147194098646,1147194098679,1147194098801,2135,1
2136,1147194223426,1147194223458,1147194223506,2136,1
2137,1147194348238,1147194348271,1147194348383,2137,1
2138,1147194473188,1147194473221,1147194473265,2138,1
2139,1147194598199,1147194598232,1147194598344,2139,1
2140,1147194723454,1147194723486,1147194723532,2140,1
2141,1147194848206,1147194848239,1147194848356,2141,1
2142,1147194973382,1147194973414,1147194973460,2142,1
2143,1147195098264,1147195098297,1147195098398,2143,1
2144,1147195223540,1147195223573,1147195223621,2144,1
2145,1147195348203,1147195348236,1147195348350,2145,1
2146,1147195515775,1147195515811,1147195515904,2146,1
2147,1147195600303,1147195600336,1147195600382,2147,1
2148,1147195724957,1147195724990,1147195725039,2148,1
2149,1147195849946,1147195849978,1147195850028,2149,1
2150,1147195967508,1147195967542,1147195967594,2150,1
2151,1147196104614,1147196104649,1147196104693,2151,1
2152,1147196223167,1147196223200,1147196223247,2152,1
2153,1147196348415,1147196348446,1147196348495,2153,1
2154,1147196473544,1147196473646,1147196473774,2154,1
2155,1147196598296,1147196598329,1147196598375,2155,1
2156,1147196723247,1147196723279,1147196723326,2156,1
2157,1147196848264,1147196848296,1147196848342,2157,1
2158,1147196973383,1147196973416,1147196973466,2158,1
2159,1147197098110,1147197098142,1147197098189,2159,1
2160,1147197222313,1147197222345,1147197222397,2160,1
2161,1147197350488,1147197350521,1147197350574,2161,1
2162,1147197475177,1147197475210,1147197475259,2162,1
2163,1147197600024,1147197600056,1147197600108,2163,1
2164,1147197725024,1147197725057,1147197725104,2164,1
2165,1147197849880,1147197849914,1147197850060,2165,1
2166,1147197974788,1147197974820,1147197974868,2166,1
2167,1147198099933,1147198099966,1147198100013,2167,1
2168,1147198241731,1147198241763,1147198241936,2168,1
2169,1147198350058,1147198350090,1147198350201,2169,1
2170,1147198474990,1147198475023,1147198475070,2170,1
2171,1147198599950,1147198599983,1147198600098,2171,1
2172,1147198724960,1147198724992,1147198725045,2172,1
2173,1147198849889,1147198849921,1147198849970,2173,1
2174,1147198974998,1147198975030,1147198975076,2174,1
2175,1147199100602,1147199100635,1147199100681,2175,1
2176,1147199224916,1147199224948,1147199224998,2176,1
2177,1147199349878,1147199349912,1147199349959,2177,1
2178,1147199475207,1147199475239,1147199475285,2178,1
2179,1147199599948,1147199599982,1147199600032,2179,1
2180,1147199724936,1147199724969,1147199725019,2180,1
2181,1147199850007,1147199850039,1147199850088,2181,1
2182,1147199967293,1147199967325,1147199967378,2182,1
2183,1147200105414,1147200105447,1147200105496,2183,1
2184,1147200223309,1147200223341,1147200223388,2184,1
2185,1147200368259,1147200368292,1147200368348,2185,1
2186,1147200473382,1147200473415,1147200473469,2186,1
2187,1147200598410,1147200598442,1147200598566,2187,1
2188,1147200723273,1147200723307,1147200723352,2188,1
2189,1147200847713,1147200847746,1147200847796,2189,1
2190,1147200972668,1147200972700,1147200972748,2190,1
2191,1147201097692,1147201097724,1147201097776,2191,1
2192,1147201221722,1147201221755,1147201221807,2192,1
2193,1147201391750,1147201391786,1147201391915,2193,1
2194,1147201473146,1147201473180,1147201473229,2194,1
2195,1147201597936,1147201597968,1147201598013,2195,1
2196,1147201722766,1147201722796,1147201722846,2196,1
2197,1147201849371,1147201849404,1147201849456,2197,1
2198,1147201972830,1147201972862,1147201972911,2198,1
2199,1147202097756,1147202097788,1147202097838,2199,1
2200,1147202262919,1147202262953,1147202263006,2200,1
2201,1147202348010,1147202348043,1147202348228,2201,1
2202,1147202472871,1147202472902,1147202473018,2202,1
2203,1147202597784,1147202597817,1147202597935,2203,1
2204,1147202722825,1147202722857,1147202722899,2204,1
2205,1147202847691,1147202847723,1147202847830,2205,1
2206,1147202972640,1147202972672,1147202972718,2206,1
2207,1147203097723,1147203097755,1147203097866,2207,1
2208,1147203222649,1147203222680,1147203222726,2208,1
2209,1147203407588,1147203407621,1147203407726,2209,1
2210,1147203512235,1147203512270,1147203512357,2210,1
2211,1147203600227,1147203600258,1147203600360,2211,1
2212,1147203724573,1147203724605,1147203724651,2212,1
2213,1147203849426,1147203849459,1147203849578,2213,1
2214,1147203966976,1147203967007,1147203967058,2214,1
2215,1147204104089,1147204104120,1147204104242,2215,1
2216,1147204222845,1147204222876,1147204222923,2216,1
2217,1147204348030,1147204348062,1147204348179,2217,1
2218,1147204524611,1147204524646,1147204524769,2218,1
2219,1147204598414,1147204598448,1147204598557,2219,1
2220,1147204723039,1147204723071,1147204723117,2220,1
2221,1147204848285,1147204848386,1147204848557,2221,1
2222,1147204972852,1147204972883,1147204972929,2222,1
2223,1147205097821,1147205097853,1147205097961,2223,1
2224,1147205221905,1147205221938,1147205221985,2224,1
2225,1147205348649,1147205348681,1147205348793,2225,1
2226,1147205472724,1147205472754,1147205472797,2226,1
2227,1147205597681,1147205597713,1147205597816,2227,1
2228,1147205722821,1147205722852,1147205722902,2228,1
2229,1147205847815,1147205847847,1147205847953,2229,1
2230,1147205971860,1147205971891,1147205971941,2230,1
2231,1147206125804,1147206125841,1147206125985,2231,1
2232,1147206224742,1147206224774,1147206224826,2232,1
2233,1147206349532,1147206349563,1147206349665,2233,1
2234,1147206474431,1147206474462,1147206474632,2234,1
2235,1147206600324,1147206600357,1147206600537,2235,1
2236,1147206724969,1147206725002,1147206725056,2236,1
2237,1147206849979,1147206850013,1147206850133,2237,1
2238,1147206974926,1147206974959,1147206975011,2238,1
2239,1147207099785,1147207099818,1147207099938,2239,1
2240,1147207224980,1147207225012,1147207225067,2240,1
2241,1147207349894,1147207349926,1147207349979,2241,1
2242,1147207474935,1147207474967,1147207475017,2242,1
2243,1147207599961,1147207599994,1147207600048,2243,1
2244,1147207724863,1147207724895,1147207724946,2244,1
2245,1147207850104,1147207850136,1147207850185,2245,1
2246,1147207967409,1147207967441,1147207967496,2246,1
2247,1147208104902,1147208104936,1147208104986,2247,1
2248,1147208223225,1147208223258,1147208223311,2248,1
2249,1147208348246,1147208348278,1147208348329,2249,1
2250,1147208473263,1147208473295,1147208473350,2250,1
2251,1147208598184,1147208598217,1147208598268,2251,1
2252,1147208723141,1147208723173,1147208723227,2252,1
2253,1147208848225,1147208848257,1147208848304,2253,1
2254,1147208973806,1147208973910,1147208974107,2254,1
2255,1147209098153,1147209098186,1147209098232,2255,1
2256,1147209222426,1147209222459,1147209222510,2256,1
2257,1147209350780,1147209350812,1147209350859,2257,1
2258,1147209474869,1147209474903,1147209474951,2258,1
2259,1147209599685,1147209599717,1147209599770,2259,1
2260,1147209724699,1147209724731,1147209724784,2260,1
2261,1147209849602,1147209849635,1147209849684,2261,1
2262,1147209974715,1147209974747,1147209974791,2262,1
2263,1147210099703,1147210099735,1147210099784,2263,1
2264,1147210224601,1147210224633,1147210224685,2264,1
2265,1147210349718,1147210349751,1147210349796,2265,1
2266,1147210474714,1147210474747,1147210474791,2266,1
2267,1147210599635,1147210599667,1147210599716,2267,1
2268,1147210740346,1147210740379,1147210740559,2268,1
2269,1147210849770,1147210849802,1147210849914,2269,1
2270,1147210974837,1147210974871,1147210974918,2270,1
2271,1147211099648,1147211099680,1147211099728,2271,1
2272,1147211224645,1147211224678,1147211224726,2272,1
2273,1147211349678,1147211349711,1147211349759,2273,1
2274,1147211474800,1147211474832,1147211474877,2274,1
2275,1147211599654,1147211599687,1147211599736,2275,1
2276,1147211724515,1147211724546,1147211724597,2276,1
2277,1147211850073,1147211850106,1147211850159,2277,1
2278,1147211967420,1147211967453,1147211967500,2278,1
2279,1147212105371,1147212105403,1147212105454,2279,1
2280,1147212223227,1147212223260,1147212223310,2280,1
2281,1147212348316,1147212348348,1147212348394,2281,1
2282,1147212492436,1147212492468,1147212492515,2282,1
2283,1147212598465,1147212598496,1147212598547,2283,1
2284,1147212723482,1147212723514,1147212723561,2284,1
2285,1147212848391,1147212848423,1147212848499,2285,1
2286,1147212973337,1147212973370,1147212973422,2286,1
2287,1147213098927,1147213098960,1147213099078,2287,1
2288,1147213226340,1147213226381,1147213226442,2288,1
2289,1147213351899,1147213351932,1147213352016,2289,1
2290,1147213475129,1147213475161,1147213475215,2290,1
2291,1147213600097,1147213600129,1147213600215,2291,1
2292,1147213724889,1147213724923,1147213724976,2292,1
2293,1147213849903,1147213849935,1147213850159,2293,1
2294,1147213974966,1147213974999,1147213975048,2294,1
2295,1147214100048,1147214100081,1147214100131,2295,1
2296,1147214314485,1147214314517,1147214314649,2296,1
2297,1147214350036,1147214350069,1147214350117,2297,1
2298,1147214474987,1147214475020,1147214475066,2298,1
2299,1147214600334,1147214600366,1147214600417,2299,1
2300,1147214770280,1147214770313,1147214770366,2300,1
2301,1147214849977,1147214850010,1147214850183,2301,1
2302,1147214975254,1147214975287,1147214975402,2302,1
2303,1147215100001,1147215100035,1147215100158,2303,1
2304,1147215225302,1147215225335,1147215225380,2304,1
2305,1147215435933,1147215435967,1147215436056,2305,1
2306,1147215473653,1147215473686,1147215473736,2306,1
2307,1147215598176,1147215598208,1147215598260,2307,1
2308,1147215722507,1147215722540,1147215722591,2308,1
2309,1147215878640,1147215878675,1147215878766,2309,1
2310,1147215967640,1147215967672,1147215967724,2310,1
2311,1147216215861,1147216215916,1147216216028,2311,1
2312,1147216216093,1147216216125,1147216216168,2312,1
2313,1147216349045,1147216349077,1147216349144,2313,1
2314,1147216473399,1147216473432,1147216473486,2314,1
2315,1147216598136,1147216598169,1147216598232,2315,1
2316,1147216723202,1147216723234,1147216723286,2316,1
2317,1147216847939,1147216847970,1147216848038,2317,1
2318,1147216972752,1147216972783,1147216972834,2318,1
2319,1147217097768,1147217097799,1147217097867,2319,1
2320,1147217222159,1147217222192,1147217222242,2320,1
2321,1147217349048,1147217349080,1147217349220,2321,1
2322,1147217472792,1147217472823,1147217472877,2322,1
2323,1147217597734,1147217597767,1147217597834,2323,1
2324,1147217722694,1147217722726,1147217722775,2324,1
2325,1147217847746,1147217847778,1147217847824,2325,1
2326,1147217972741,1147217972773,1147217972818,2326,1
2327,1147218096875,1147218096908,1147218096962,2327,1
2328,1147218229309,1147218229354,1147218229452,2328,1
2329,1147218347963,1147218347995,1147218348037,2329,1
2330,1147218471872,1147218471904,1147218471952,2330,1
2331,1147218660878,1147218660914,1147218661000,2331,1
2332,1147218722842,1147218722878,1147218722925,2332,1
2333,1147218847798,1147218847829,1147218847894,2333,1
2334,1147218972874,1147218972905,1147218973079,2334,1
2335,1147219098014,1147219098045,1147219098229,2335,1
2336,1147219222752,1147219222784,1147219222829,2336,1
2337,1147219347961,1147219347993,1147219348104,2337,1
2338,1147219472884,1147219472916,1147219472957,2338,1
2339,1147219597855,1147219597887,1147219598004,2339,1
2340,1147219721816,1147219721847,1147219721899,2340,1
2341,1147219886450,1147219886485,1147219886630,2341,1
2342,1147219967028,1147219967061,1147219967103,2342,1
2343,1147220104204,1147220104237,1147220104343,2343,1
2344,1147220222889,1147220222920,1147220222969,2344,1
2345,1147220347880,1147220347912,1147220348017,2345,1
2346,1147220473040,1147220473071,1147220473115,2346,1
2347,1147220597774,1147220597806,1147220597912,2347,1
2348,1147220723125,1147220723156,1147220723206,2348,1
2349,1147220847861,1147220847893,1147220848011,2349,1
2350,1147220972725,1147220972757,1147220972801,2350,1
2351,1147221097795,1147221097826,1147221097938,2351,1
2352,1147221221856,1147221221888,1147221221937,2352,1
2353,1147221349484,1147221349515,1147221349635,2353,1
2354,1147221474832,1147221474932,1147221475043,2354,1
2355,1147221599429,1147221599460,1147221599589,2355,1
2356,1147221724185,1147221724218,1147221724270,2356,1
2357,1147221849771,1147221849803,1147221849919,2357,1
2358,1147221974524,1147221974556,1147221974607,2358,1
2359,1147222099443,1147222099475,1147222099590,2359,1
2360,1147222224772,1147222224805,1147222224847,2360,1
2361,1147222349992,1147222350024,1147222350070,2361,1
2362,1147222475050,1147222475083,1147222475136,2362,1
2363,1147222609170,1147222609205,1147222609292,2363,1
2364,1147222724965,1147222724997,1147222725049,2364,1
2365,1147222849840,1147222849873,1147222849919,2365,1
2366,1147222975028,1147222975060,1147222975107,2366,1
2367,1147223099768,1147223099801,1147223099848,2367,1
2368,1147223241905,1147223241938,1147223242103,2368,1
2369,1147223350166,1147223350199,1147223350312,2369,1
2370,1147223475208,1147223475240,1147223475293,2370,1
2371,1147223600092,1147223600124,1147223600235,2371,1
2372,1147223724871,1147223724904,1147223724948,2372,1
2373,1147223849828,1147223849861,1147223849977,2373,1
2374,1147223967253,1147223967286,1147223967334,2374,1
2375,1147224105099,1147224105131,1147224105256,2375,1
2376,1147224223064,1147224223097,1147224223148,2376,1
2377,1147224348400,1147224348433,1147224348483,2377,1
2378,1147224529417,1147224529451,1147224529592,2378,1
2379,1147224598741,1147224598773,1147224598820,2379,1
2380,1147224723522,1147224723554,1147224723601,2380,1
2381,1147224854401,1147224854436,1147224854483,2381,1
2382,1147224973180,1147224973213,1147224973256,2382,1
2383,1147225098144,1147225098177,1147225098232,2383,1
2384,1147225222313,1147225222346,1147225222396,2384,1
2385,1147225351362,1147225351394,1147225351448,2385,1
2386,1147225474860,1147225474892,1147225474934,2386,1
2387,1147225600236,1147225600268,1147225600388,2387,1
2388,1147225725143,1147225725176,1147225725219,2388,1
2389,1147225850353,1147225850386,1147225850502,2389,1
2390,1147225974976,1147225975009,1147225975054,2390,1
2391,1147226124126,1147226124159,1147226124284,2391,1
2392,1147226225078,1147226225111,1147226225166,2392,1
2393,1147226350089,1147226350122,1147226350230,2393,1
2394,1147226499357,1147226499390,1147226499440,2394,1
2395,1147226600015,1147226600048,1147226600162,2395,1
2396,1147226725122,1147226725154,1147226725202,2396,1
2397,1147226850018,1147226850051,1147226850156,2397,1
2398,1147226974914,1147226974947,1147226974993,2398,1
2399,1147227099948,1147227099980,1147227100026,2399,1
2400,1147227225036,1147227225068,1147227225116,2400,1
2401,1147227349926,1147227349959,1147227350122,2401,1
2402,1147227475291,1147227475324,1147227475442,2402,1
2403,1147227600031,1147227600063,1147227600167,2403,1
2404,1147227725117,1147227725150,1147227725195,2404,1
2405,1147227864795,1147227864827,1147227864938,2405,1
2406,1147227967438,1147227967470,1147227967520,2406,1
2407,1147228105159,1147228105192,1147228105312,2407,1
2408,1147228223243,1147228223275,1147228223321,2408,1
2409,1147228348215,1147228348248,1147228348360,2409,1
2410,1147228473160,1147228473194,1147228473241,2410,1
2411,1147228598212,1147228598245,1147228598370,2411,1
2412,1147228723128,1147228723160,1147228723216,2412,1
2413,1147228848192,1147228848224,1147228848326,2413,1
2414,1147228973153,1147228973186,1147228973241,2414,1
2415,1147229098256,1147229098289,1147229098336,2415,1
2416,1147229381644,1147229381679,1147229381815,2416,1
2417,1147229390786,1147229390819,1147229390865,2417,1
2418,1147229475549,1147229475581,1147229475632,2418,1
2419,1147229599879,1147229599912,1147229599960,2419,1
2420,1147229724835,1147229724868,1147229724916,2420,1
2421,1147229850240,1147229850343,1147229850536,2421,1
2422,1147229980309,1147229980346,1147229980394,2422,1
2423,1147230099869,1147230099903,1147230099967,2423,1
2424,1147230224767,1147230224798,1147230224847,2424,1
2425,1147230349679,1147230349712,1147230349779,2425,1
2426,1147230506111,1147230506143,1147230506192,2426,1
2427,1147230599989,1147230600023,1147230600083,2427,1
2428,1147230724595,1147230724628,1147230724675,2428,1
2429,1147230849665,1147230849697,1147230849764,2429,1
2430,1147230974823,1147230974856,1147230974906,2430,1
2431,1147231099616,1147231099649,1147231099722,2431,1
2432,1147231224576,1147231224609,1147231224661,2432,1
2433,1147231349729,1147231349761,1147231349829,2433,1
2434,1147231474738,1147231474772,1147231474819,2434,1
2435,1147231600032,1147231600064,1147231600246,2435,1
2436,1147231724885,1147231724917,1147231725034,2436,1
2437,1147231869342,1147231869377,1147231869483,2437,1
2438,1147231967569,1147231967602,1147231967651,2438,1
2439,1147232104727,1147232104760,1147232104871,2439,1
2440,1147232223296,1147232223329,1147232223380,2440,1
2441,1147232348092,1147232348124,1147232348175,2441,1
2442,1147232472841,1147232472873,1147232472924,2442,1
2443,1147232597957,1147232597989,1147232598039,2443,1
2444,1147232722621,1147232722653,1147232722698,2444,1
2445,1147232848144,1147232848248,1147232848297,2445,1
2446,1147232972781,1147232972813,1147232972865,2446,1
2447,1147233097769,1147233097801,1147233097847,2447,1
2448,1147233221807,1147233221839,1147233221887,2448,1
2449,1147233350109,1147233350142,1147233350189,2449,1
2450,1147233474522,1147233474553,1147233474601,2450,1
2451,1147233599662,1147233599694,1147233599742,2451,1
2452,1147233724603,1147233724635,1147233724681,2452,1
2453,1147233849431,1147233849462,1147233849508,2453,1
2454,1147233974784,1147233974816,1147233974931,2454,1
2455,1147234099674,1147234099705,1147234099758,2455,1
2456,1147234224668,1147234224700,1147234224748,2456,1
2457,1147234349598,1147234349630,1147234349675,2457,1
2458,1147234474473,1147234474504,1147234474555,2458,1
2459,1147234599388,1147234599420,1147234599468,2459,1
2460,1147234724278,1147234724309,1147234724355,2460,1
2461,1147234849344,1147234849376,1147234849425,2461,1
2462,1147234974399,1147234974431,1147234974476,2462,1
2463,1147235099424,1147235099455,1147235099506,2463,1
2464,1147235224366,1147235224399,1147235224444,2464,1
2465,1147235349607,1147235349640,1147235349684,2465,1
2466,1147235474383,1147235474415,1147235474459,2466,1
2467,1147235599401,1147235599434,1147235599483,2467,1
2468,1147235724976,1147235725008,1147235725189,2468,1
2469,1147235849612,1147235849643,1147235849750,2469,1
2470,1147235967044,1147235967075,1147235967119,2470,1
2471,1147236103991,1147236104023,1147236104138,2471,1
2472,1147236595406,1147236595465,1147236595580,2472,1
2473,1147236595797,1147236595842,1147236595900,2473,1
2474,1147236595933,1147236595964,1147236596005,2474,1
2475,1147236604065,1147236604097,1147236604157,2475,1
2476,1147236730560,1147236730592,1147236730640,2476,1
2477,1147236853464,1147236853497,1147236853569,2477,1
2478,1147236978074,1147236978107,1147236978152,2478,1
2479,1147237102581,1147237102613,1147237102682,2479,1
2480,1147237225433,1147237225464,1147237225516,2480,1
2481,1147237348704,1147237348736,1147237348948,2481,1
2482,1147237472839,1147237472871,1147237472921,2482,1
2483,1147237597783,1147237597814,1147237597882,2483,1
2484,1147237722721,1147237722752,1147237722795,2484,1
2485,1147237847893,1147237847925,1147237847972,2485,1
2486,1147237972938,1147237972969,1147237973018,2486,1
2487,1147238098123,1147238098154,1147238098268,2487,1
2488,1147238223290,1147238223323,1147238223372,2488,1
2489,1147238348228,1147238348261,1147238348310,2489,1
2490,1147238473288,1147238473321,1147238473368,2490,1
2491,1147238598190,1147238598222,1147238598271,2491,1
2492,1147238723162,1147238723194,1147238723238,2492,1
2493,1147238852111,1147238852143,1147238852191,2493,1
2494,1147238973585,1147238973618,1147238973672,2494,1
2495,1147239098361,1147239098392,1147239098441,2495,1
2496,1147239223117,1147239223152,1147239223200,2496,1
2497,1147239348358,1147239348391,1147239348441,2497,1
2498,1147239473184,1147239473217,1147239473270,2498,1
2499,1147239599838,1147239599870,1147239599921,2499,1
2500,1147239723122,1147239723156,1147239723206,2500,1
2501,1147239847210,1147239847244,1147239847423,2501,1
2502,1147240145639,1147240145743,1147240145902,2502,1
2503,1147240154181,1147240154213,1147240154334,2503,1
2504,1147240222872,1147240222904,1147240222952,2504,1
2505,1147240369648,1147240369683,1147240369839,2505,1
2506,1147240473506,1147240473546,1147240473593,2506,1
2507,1147240678927,1147240678962,1147240679084,2507,1
2508,1147240723239,1147240723274,1147240723327,2508,1
2509,1147240848199,1147240848231,1147240848332,2509,1
2510,1147240973184,1147240973216,1147240973260,2510,1
2511,1147241098260,1147241098294,1147241098393,2511,1
2512,1147241222228,1147241222264,1147241222318,2512,1
2513,1147241349359,1147241349393,1147241349499,2513,1
2514,1147241473269,1147241473302,1147241473346,2514,1
2515,1147241598224,1147241598257,1147241598359,2515,1
2516,1147241724051,1147241724082,1147241724128,2516,1
2517,1147241847200,1147241847232,1147241847286,2517,1
2518,1147241982172,1147241982207,1147241982297,2518,1
2519,1147242099638,1147242099670,1147242099723,2519,1
2520,1147242225288,1147242225321,1147242225399,2520,1
2521,1147242422509,1147242422541,1147242422721,2521,1
2522,1147242474929,1147242474961,1147242475015,2522,1
2523,1147242599953,1147242599986,1147242600071,2523,1
2524,1147242724822,1147242724856,1147242724905,2524,1
2525,1147242850013,1147242850044,1147242850148,2525,1
2526,1147242974995,1147242975028,1147242975080,2526,1
2527,1147243099941,1147243099974,1147243100077,2527,1
2528,1147243225170,1147243225203,1147243225252,2528,1
2529,1147243349897,1147243349929,1147243350037,2529,1
2530,1147243528823,1147243528859,1147243528917,2530,1
2531,1147243600852,1147243600883,1147243600998,2531,1
2532,1147243724449,1147243724481,1147243724529,2532,1
2533,1147243855615,1147243855646,1147243855762,2533,1
2534,1147243967188,1147243967220,1147243967402,2534,1
2535,1147244098092,1147244098129,1147244098301,2535,1
2536,1147244222916,1147244222949,1147244222990,2536,1
2537,1147244347779,1147244347811,1147244347931,2537,1
2538,1147244472722,1147244472755,1147244472795,2538,1
2539,1147244597668,1147244597699,1147244597807,2539,1
2540,1147244722809,1147244722840,1147244722882,2540,1
2541,1147244847612,1147244847644,1147244847750,2541,1
2542,1147244972679,1147244972710,1147244972752,2542,1
2543,1147245097694,1147245097726,1147245097833,2543,1
2544,1147245221952,1147245221983,1147245222025,2544,1
2545,1147245350617,1147245350650,1147245350759,2545,1
2546,1147245475738,1147245475772,1147245475825,2546,1
2547,1147245600116,1147245600149,1147245600256,2547,1
2548,1147245725182,1147245725216,1147245725267,2548,1
2549,1147245849968,1147245850000,1147245850243,2549,1
2550,1147245975093,1147245975126,1147245975179,2550,1
2551,1147246099925,1147246099960,1147246100009,2551,1
2552,1147246224880,1147246224913,1147246224961,2552,1
2553,1147246351430,1147246351462,1147246351511,2553,1
2554,1147246475451,1147246475484,1147246475606,2554,1
2555,1147246600031,1147246600064,1147246600115,2555,1
2556,1147246724999,1147246725032,1147246725078,2556,1
2557,1147246849996,1147246850028,1147246850076,2557,1
2558,1147246974964,1147246974997,1147246975051,2558,1
2559,1147247100071,1147247100103,1147247100154,2559,1
2560,1147247225015,1147247225047,1147247225098,2560,1
2561,1147247350374,1147247350408,1147247350458,2561,1
2562,1147247537647,1147247537683,1147247537730,2562,1
2563,1147247600504,1147247600536,1147247600589,2563,1
2564,1147247725225,1147247725258,1147247725305,2564,1
2565,1147247849944,1147247849976,1147247850026,2565,1
2566,1147247967289,1147247967322,1147247967371,2566,1
2567,1147248106456,1147248106492,1147248106660,2567,1
2568,1147248240303,1147248240335,1147248240455,2568,1
2569,1147248348378,1147248348414,1147248348533,2569,1
2570,1147248473287,1147248473320,1147248473369,2570,1
2571,1147248597672,1147248597703,1147248597752,2571,1
2572,1147248722900,1147248722932,1147248722982,2572,1
2573,1147248848749,1147248848781,1147248848833,2573,1
2574,1147248973111,1147248973143,1147248973193,2574,1
2575,1147249096888,1147249096919,1147249096969,2575,1
2576,1147249229538,1147249229573,1147249229684,2576,1
2577,1147249449259,1147249449295,1147249449385,2577,1
2578,1147249474610,1147249474643,1147249474697,2578,1
2579,1147249598361,1147249598394,1147249598443,2579,1
2580,1147249724704,1147249724744,1147249724808,2580,1
2581,1147249877105,1147249877137,1147249877207,2581,1
2582,1147249973382,1147249973414,1147249973462,2582,1
2583,1147250097264,1147250097295,1147250097356,2583,1
2584,1147250354281,1147250354317,1147250354404,2584,1
2585,1147250354471,1147250354600,1147250354656,2585,1
2586,1147250481211,1147250481243,1147250481293,2586,1
2587,1147250605221,1147250605253,1147250605390,2587,1
2588,1147250729757,1147250729790,1147250729841,2588,1
2589,1147250854728,1147250854760,1147250854832,2589,1
2590,1147250983582,1147250983615,1147250983669,2590,1
2591,1147251103259,1147251103291,1147251103358,2591,1
2592,1147251227847,1147251227880,1147251227928,2592,1
2593,1147251352310,1147251352342,1147251352410,2593,1
2594,1147251477365,1147251477398,1147251477445,2594,1
2595,1147251601752,1147251601785,1147251601837,2595,1
2596,1147251726438,1147251726470,1147251726525,2596,1
2597,1147251851250,1147251851282,1147251851335,2597,1
2598,1147251968479,1147251968512,1147251968564,2598,1
2599,1147252104986,1147252105090,1147252105142,2599,1
2600,1147252230082,1147252230138,1147252230225,2600,1
2601,1147252355862,1147252355899,1147252356101,2601,1
2602,1147252475491,1147252475523,1147252475642,2602,1
2603,1147252599348,1147252599380,1147252599490,2603,1
2604,1147252742516,1147252742552,1147252742606,2604,1
2605,1147252848656,1147252848688,1147252848807,2605,1
2606,1147252973736,1147252973768,1147252973823,2606,1
2607,1147253097595,1147253097626,1147253097749,2607,1
2608,1147253326729,1147253326766,1147253326877,2608,1
2609,1147253414477,1147253414512,1147253414592,2609,1
2610,1147253507278,1147253507310,1147253507397,2610,1
2611,1147253606443,1147253606477,1147253606617,2611,1
2612,1147254297311,1147254297383,1147254297737,2612,1
2613,1147254297817,1147254297861,1147254297931,2613,1
2614,1147254297964,1147254297997,1147254298039,2614,1
2615,1147254298094,1147254298126,1147254298191,2615,1
2616,1147254298223,1147254298255,1147254298297,2616,1
2617,1147254401855,1147254401891,1147254402010,2617,1
2618,1147254478867,1147254478900,1147254478949,2618,1
2619,1147254603219,1147254603252,1147254603338,2619,1
2620,1147254728664,1147254728697,1147254728750,2620,1
2621,1147254854445,1147254854477,1147254854617,2621,1
2622,1147254974199,1147254974232,1147254974286,2622,1
2623,1147255098380,1147255098413,1147255098484,2623,1
2624,1147255225554,1147255225587,1147255225637,2624,1
2625,1147255347344,1147255347376,1147255347451,2625,1
2626,1147255519665,1147255519701,1147255519788,2626,1
2627,1147255599957,1147255599990,1147255600043,2627,1
2628,1147255747040,1147255747073,1147255747124,2628,1
2629,1147255849860,1147255849893,1147255849947,2629,1
2630,1147255967306,1147255967339,1147255967389,2630,1
2631,1147256105753,1147256105854,1147256105926,2631,1
2632,1147256223405,1147256223437,1147256223489,2632,1
2633,1147256348343,1147256348376,1147256348443,2633,1
2634,1147256473294,1147256473327,1147256473506,2634,1
2635,1147256598757,1147256598790,1147256598967,2635,1
2636,1147256723373,1147256723406,1147256723459,2636,1
2637,1147256848460,1147256848492,1147256848599,2637,1
2638,1147256973273,1147256973306,1147256973352,2638,1
2639,1147257098597,1147257098629,1147257098732,2639,1
2640,1147257222499,1147257222532,1147257222585,2640,1
2641,1147257350091,1147257350123,1147257350227,2641,1
2642,1147257535273,1147257535309,1147257535420,2642,1
2643,1147257598284,1147257598316,1147257598383,2643,1
2644,1147257723132,1147257723165,1147257723215,2644,1
2645,1147257848165,1147257848197,1147257848317,2645,1
2646,1147257973071,1147257973103,1147257973147,2646,1
2647,1147258098077,1147258098110,1147258098224,2647,1
2648,1147258250427,1147258250462,1147258250515,2648,1
2649,1147258348160,1147258348192,1147258348317,2649,1
2650,1147258473180,1147258473212,1147258473257,2650,1
2651,1147258598145,1147258598178,1147258598287,2651,1
2652,1147258723337,1147258723369,1147258723418,2652,1
2653,1147258848446,1147258848478,1147258848582,2653,1
2654,1147258973490,1147258973523,1147258973644,2654,1
2655,1147259098577,1147259098609,1147259098718,2655,1
2656,1147259223266,1147259223299,1147259223350,2656,1
2657,1147259348349,1147259348382,1147259348493,2657,1
2658,1147259513332,1147259513369,1147259513472,2658,1
2659,1147259600600,1147259600632,1147259600740,2659,1
2660,1147259725025,1147259725057,1147259725109,2660,1
2661,1147259850213,1147259850246,1147259850367,2661,1
2662,1147259967571,1147259967604,1147259967656,2662,1
2663,1147260158778,1147260158882,1147260158997,2663,1
2664,1147260223490,1147260223522,1147260223572,2664,1
2665,1147260348266,1147260348299,1147260348422,2665,1
2666,1147260473227,1147260473260,1147260473306,2666,1
2667,1147260598263,1147260598295,1147260598410,2667,1
2668,1147260739362,1147260739394,1147260739570,2668,1
2669,1147260848349,1147260848381,1147260848485,2669,1
2670,1147260973180,1147260973212,1147260973265,2670,1
2671,1147261097401,1147261097434,1147261097536,2671,1
2672,1147261236104,1147261236140,1147261236228,2672,1
2673,1147261350101,1147261350133,1147261350243,2673,1
2674,1147261565835,1147261565868,1147261565922,2674,1
2675,1147261598404,1147261598437,1147261598554,2675,1
2676,1147261723163,1147261723196,1147261723240,2676,1
2677,1147261848447,1147261848479,1147261848630,2677,1
2678,1147261973251,1147261973283,1147261973333,2678,1
2679,1147262098231,1147262098264,1147262098342,2679,1
2680,1147262222353,1147262222387,1147262222452,2680,1
2681,1147262392465,1147262392501,1147262392637,2681,1
2682,1147262473055,1147262473088,1147262473135,2682,1
2683,1147262598004,1147262598037,1147262598109,2683,1
2684,1147262723214,1147262723247,1147262723300,2684,1
2685,1147262848263,1147262848297,1147262848383,2685,1
2686,1147262973112,1147262973146,1147262973193,2686,1
2687,1147263098470,1147263098502,1147263098650,2687,1
2688,1147263223206,1147263223239,1147263223287,2688,1
2689,1147263359809,1147263359844,1147263359930,2689,1
2690,1147263515738,1147263515774,1147263515887,2690,1
2691,1147263600817,1147263600849,1147263600933,2691,1
2692,1147263725231,1147263725263,1147263725309,2692,1
2693,1147263849985,1147263850018,1147263850065,2693,1
2694,1147263967478,1147263967510,1147263967561,2694,1
2695,1147264104670,1147264104775,1147264104821,2695,1
2696,1147264223439,1147264223472,1147264223519,2696,1
2697,1147264348468,1147264348499,1147264348546,2697,1
2698,1147264473485,1147264473517,1147264473567,2698,1
2699,1147264598251,1147264598282,1147264598328,2699,1
2700,1147264723347,1147264723379,1147264723428,2700,1
2701,1147264848476,1147264848508,1147264848692,2701,1
2702,1147264973785,1147264973822,1147264973938,2702,1
2703,1147265098185,1147265098217,1147265098334,2703,1
2704,1147265222337,1147265222369,1147265222423,2704,1
2705,1147265380276,1147265380310,1147265380473,2705,1
2706,1147265547605,1147265547638,1147265547688,2706,1
2707,1147265848997,1147265849053,1147265849240,2707,1
2708,1147265849304,1147265849349,1147265849391,2708,1
2709,1147265849422,1147265849455,1147265849547,2709,1
2710,1147265981735,1147265981771,1147265981858,2710,1
2711,1147266106170,1147266106205,1147266106351,2711,1
2712,1147266223769,1147266223802,1147266223847,2712,1
2713,1147266348311,1147266348346,1147266348450,2713,1
2714,1147266473303,1147266473336,1147266473383,2714,1
2715,1147266598452,1147266598483,1147266598548,2715,1
2716,1147266723113,1147266723145,1147266723191,2716,1
2717,1147266848125,1147266848158,1147266848226,2717,1
2718,1147266973120,1147266973156,1147266973209,2718,1
2719,1147267098526,1147267098559,1147267098626,2719,1
2720,1147267223299,1147267223335,1147267223379,2720,1
2721,1147267347575,1147267347608,1147267347746,2721,1
2722,1147267667518,1147267667555,1147267667641,2722,1
2723,1147267667705,1147267667751,1147267667814,2723,1
2724,1147267730084,1147267730119,1147267730170,2724,1
2725,1147267852073,1147267852108,1147267852183,2725,1
2726,1147268022409,1147268022513,1147268022602,2726,1
2727,1147268103095,1147268103131,1147268103203,2727,1
2728,1147268230805,1147268230839,1147268230890,2728,1
2729,1147268350800,1147268350835,1147268350910,2729,1
2730,1147268474718,1147268474753,1147268474805,2730,1
2731,1147268608583,1147268608618,1147268608730,2731,1
2732,1147268725723,1147268725755,1147268725807,2732,1
2733,1147268849629,1147268849662,1147268849715,2733,1
2734,1147268973764,1147268973795,1147268973972,2734,1
2735,1147269099219,1147269099255,1147269099450,2735,1
2736,1147269377655,1147269377687,1147269377828,2736,1
2737,1147269377893,1147269377925,1147269378032,2737,1
2738,1147269475646,1147269475679,1147269475726,2738,1
2739,1147269599542,1147269599574,1147269599696,2739,1
2740,1147269724532,1147269724565,1147269724612,2740,1
2741,1147269975266,1147269975302,1147269975453,2741,1
2742,1147269983643,1147269983676,1147269983726,2742,1
2743,1147270152696,1147270152732,1147270152894,2743,1
2744,1147270226968,1147270227000,1147270227049,2744,1
2745,1147270350358,1147270350390,1147270350472,2745,1
2746,1147270475392,1147270475425,1147270475479,2746,1
2747,1147270600415,1147270600448,1147270600570,2747,1
2748,1147270725453,1147270725486,1147270725539,2748,1
2749,1147270850298,1147270850330,1147270850403,2749,1
2750,1147270975396,1147270975428,1147270975482,2750,1
2751,1147271100295,1147271100328,1147271100435,2751,1
2752,1147271225224,1147271225255,1147271225305,2752,1
2753,1147271350077,1147271350109,1147271350227,2753,1
2754,1147271475361,1147271475394,1147271475511,2754,1
2755,1147271600278,1147271600314,1147271600363,2755,1
2756,1147271725126,1147271725163,1147271725210,2756,1
2757,1147271850526,1147271850559,1147271850606,2757,1
2758,1147271967397,1147271967429,1147271967477,2758,1
2759,1147272156607,1147272156708,1147272156759,2759,1
2760,1147272223537,1147272223571,1147272223620,2760,1
2761,1147272348320,1147272348353,1147272348399,2761,1
2762,1147272473592,1147272473624,1147272473675,2762,1
2763,1147272598390,1147272598423,1147272598473,2763,1
2764,1147272723141,1147272723173,1147272723225,2764,1
2765,1147272848800,1147272848833,1147272848885,2765,1
2766,1147272973400,1147272973433,1147272973481,2766,1
2767,1147273098239,1147273098272,1147273098318,2767,1
2768,1147273223217,1147273223250,1147273223420,2768,1
2769,1147273349437,1147273349473,1147273349585,2769,1
2770,1147273473287,1147273473318,1147273473369,2770,1
2771,1147273598215,1147273598247,1147273598356,2771,1
2772,1147273723199,1147273723231,1147273723283,2772,1
2773,1147273847450,1147273847486,1147273847552,2773,1
2774,1147273981990,1147273982022,1147273982109,2774,1
2775,1147274100328,1147274100360,1147274100485,2775,1
2776,1147274224991,1147274225025,1147274225078,2776,1
2777,1147274349976,1147274350009,1147274350075,2777,1
2778,1147274474915,1147274474946,1147274474999,2778,1
2779,1147274599934,1147274599966,1147274600089,2779,1
2780,1147274724996,1147274725030,1147274725079,2780,1
2781,1147274849951,1147274849983,1147274850037,2781,1
2782,1147274975061,1147274975094,1147274975141,2782,1
2783,1147275099971,1147275100004,1147275100052,2783,1
2784,1147275225059,1147275225091,1147275225142,2784,1
2785,1147275349991,1147275350024,1147275350075,2785,1
2786,1147275537458,1147275537493,1147275537546,2786,1
2787,1147275600052,1147275600084,1147275600133,2787,1
2788,1147275725186,1147275725219,1147275725334,2788,1
2789,1147275892694,1147275892726,1147275892863,2789,1
2790,1147275967450,1147275967482,1147275967532,2790,1
2791,1147276105289,1147276105395,1147276105448,2791,1
2792,1147276230038,1147276230074,1147276230131,2792,1
2793,1147276348283,1147276348317,1147276348363,2793,1
2794,1147276473193,1147276473226,1147276473273,2794,1
2795,1147276857760,1147276857818,1147276858133,2795,1
2796,1147276858196,1147276858347,1147276858388,2796,1
2797,1147276858432,1147276858573,1147276858648,2797,1
2798,1147276979776,1147276979808,1147276979856,2798,1
2799,1147277103712,1147277103744,1147277103815,2799,1
2800,1147277227543,1147277227576,1147277227630,2800,1
2801,1147277355876,1147277355909,1147277356073,2801,1
2802,1147277473788,1147277473820,1147277473944,2802,1
2803,1147277602316,1147277602348,1147277602460,2803,1
2804,1147277723316,1147277723347,1147277723401,2804,1
2805,1147277848275,1147277848308,1147277848577,2805,1
2806,1147277973225,1147277973258,1147277973306,2806,1
2807,1147278098379,1147278098412,1147278098480,2807,1
2808,1147278223334,1147278223367,1147278223420,2808,1
2809,1147278348229,1147278348262,1147278348329,2809,1
2810,1147278473152,1147278473184,1147278473234,2810,1
2811,1147278599004,1147278599037,1147278599103,2811,1
2812,1147278731021,1147278731056,1147278731146,2812,1
2813,1147278848454,1147278848488,1147278848554,2813,1
2814,1147278973178,1147278973211,1147278973259,2814,1
2815,1147279098308,1147279098341,1147279098403,2815,1
2816,1147279223275,1147279223307,1147279223354,2816,1
2817,1147279348154,1147279348187,1147279348319,2817,1
2818,1147279473244,1147279473277,1147279473319,2818,1
2819,1147279598167,1147279598200,1147279598263,2819,1
2820,1147279722324,1147279722357,1147279722410,2820,1
2821,1147279879403,1147279879440,1147279879633,2821,1
2822,1147279967756,1147279967789,1147279967840,2822,1
2823,1147280104671,1147280104776,1147280104857,2823,1
2824,1147280223636,1147280223668,1147280223716,2824,1
2825,1147280378356,1147280378389,1147280378508,2825,1
2826,1147280471960,1147280471994,1147280472040,2826,1
2827,1147280604211,1147280604246,1147280604369,2827,1
2828,1147280783342,1147280783377,1147280783464,2828,1
2829,1147280847882,1147280847913,1147280847982,2829,1
2830,1147280972851,1147280972883,1147280972931,2830,1
2831,1147281097779,1147281097810,1147281097882,2831,1
2832,1147281222152,1147281222184,1147281222236,2832,1
2833,1147281349198,1147281349231,1147281349308,2833,1
2834,1147281472835,1147281472867,1147281473044,2834,1
2835,1147281646628,1147281646663,1147281646879,2835,1
2836,1147281723011,1147281723042,1147281723090,2836,1
2837,1147281847312,1147281847344,1147281847470,2837,1
2838,1147281981259,1147281981294,1147281981387,2838,1
2839,1147282098475,1147282098507,1147282098617,2839,1
2840,1147282223327,1147282223360,1147282223408,2840,1
2841,1147282348304,1147282348338,1147282348458,2841,1
2842,1147282473152,1147282473185,1147282473232,2842,1
2843,1147282598140,1147282598171,1147282598286,2843,1
2844,1147282723234,1147282723266,1147282723314,2844,1
2845,1147282848251,1147282848285,1147282848391,2845,1
2846,1147282973265,1147282973297,1147282973340,2846,1
2847,1147283098115,1147283098148,1147283098253,2847,1
2848,1147283225556,1147283225588,1147283225639,2848,1
2849,1147283348623,1147283348656,1147283348762,2849,1
2850,1147283514872,1147283514906,1147283514998,2850,1
2851,1147283600342,1147283600376,1147283600421,2851,1
2852,1147283724980,1147283725013,1147283725066,2852,1
2853,1147283850000,1147283850032,1147283850081,2853,1
2854,1147283967835,1147283967868,1147283967985,2854,1
2855,1147284105002,1147284105112,1147284105165,2855,1
2856,1147284223327,1147284223359,1147284223403,2856,1
2857,1147284348564,1147284348597,1147284348643,2857,1
2858,1147284473267,1147284473299,1147284473343,2858,1
2859,1147284598163,1147284598196,1147284598244,2859,1
2860,1147284723222,1147284723254,1147284723300,2860,1
2861,1147284848293,1147284848326,1147284848376,2861,1
2862,1147284973187,1147284973220,1147284973266,2862,1
2863,1147285098241,1147285098274,1147285098322,2863,1
2864,1147285222405,1147285222439,1147285222489,2864,1
2865,1147285350326,1147285350359,1147285350478,2865,1
2866,1147285475171,1147285475204,1147285475257,2866,1
2867,1147285600018,1147285600051,1147285600227,2867,1
2868,1147285739428,1147285739460,1147285739577,2868,1
2869,1147285850147,1147285850180,1147285850299,2869,1
2870,1147285974898,1147285974931,1147285974984,2870,1
2871,1147286100015,1147286100047,1147286100096,2871,1
2872,1147286274307,1147286274340,1147286274473,2872,1
2873,1147286350204,1147286350236,1147286350287,2873,1
2874,1147286475167,1147286475199,1147286475242,2874,1
2875,1147286600063,1147286600096,1147286600146,2875,1
2876,1147286725101,1147286725134,1147286725188,2876,1
2877,1147286849970,1147286850004,1147286850050,2877,1
2878,1147286974969,1147286975001,1147286975048,2878,1
2879,1147287099876,1147287099909,1147287099959,2879,1
2880,1147287225002,1147287225035,1147287225078,2880,1
2881,1147287350066,1147287350099,1147287350147,2881,1
2882,1147287475148,1147287475180,1147287475228,2882,1
2883,1147287600083,1147287600116,1147287600235,2883,1
2884,1147287725010,1147287725043,1147287725095,2884,1
2885,1147287855198,1147287855231,1147287855339,2885,1
2886,1147287967224,1147287967257,1147287967303,2886,1
2887,1147288105625,1147288105658,1147288105835,2887,1
2888,1147288223539,1147288223572,1147288223622,2888,1
2889,1147288348282,1147288348314,1147288348360,2889,1
2890,1147288473220,1147288473252,1147288473301,2890,1
2891,1147288598498,1147288598531,1147288598580,2891,1
2892,1147288723351,1147288723384,1147288723441,2892,1
2893,1147288848284,1147288848317,1147288848366,2893,1
2894,1147288973177,1147288973210,1147288973254,2894,1
2895,1147289098310,1147289098343,1147289098389,2895,1
2896,1147289222327,1147289222360,1147289222412,2896,1
2897,1147289349540,1147289349573,1147289349624,2897,1
2898,1147289473340,1147289473373,1147289473420,2898,1
2899,1147289598395,1147289598427,1147289598476,2899,1
2900,1147289780151,1147289780186,1147289780436,2900,1
2901,1147289862297,1147289862330,1147289862505,2901,1
2902,1147289973545,1147289973577,1147289973652,2902,1
2903,1147290098365,1147290098397,1147290098441,2903,1
2904,1147290223231,1147290223263,1147290223316,2904,1
2905,1147290348124,1147290348157,1147290348203,2905,1
2906,1147290473199,1147290473232,1147290473276,2906,1
2907,1147290598180,1147290598213,1147290598265,2907,1
2908,1147290722498,1147290722530,1147290722583,2908,1
2909,1147290866067,1147290866100,1147290866193,2909,1
2910,1147290973228,1147290973259,1147290973309,2910,1
2911,1147291098177,1147291098210,1147291098256,2911,1
2912,1147291223406,1147291223438,1147291223488,2912,1
2913,1147291348296,1147291348329,1147291348378,2913,1
2914,1147291514332,1147291514364,1147291514454,2914,1
2915,1147291598621,1147291598654,1147291598703,2915,1
2916,1147291722532,1147291722565,1147291722616,2916,1
2917,1147291861162,1147291861197,1147291861291,2917,1
2918,1147291967370,1147291967403,1147291967455,2918,1
2919,1147292104803,1147292104836,1147292104882,2919,1
2920,1147292223729,1147292223762,1147292223812,2920,1
2921,1147292348508,1147292348540,1147292348657,2921,1
2922,1147292473112,1147292473145,1147292473196,2922,1
2923,1147292598417,1147292598450,1147292598501,2923,1
2924,1147292723421,1147292723454,1147292723500,2924,1
2925,1147292848294,1147292848326,1147292848377,2925,1
2926,1147292973280,1147292973313,1147292973361,2926,1
2927,1147293098117,1147293098149,1147293098197,2927,1
2928,1147293222602,1147293222634,1147293222686,2928,1
2929,1147293351523,1147293351556,1147293351629,2929,1
2930,1147293474963,1147293474995,1147293475039,2930,1
2931,1147293600102,1147293600134,1147293600204,2931,1
2932,1147293724901,1147293724934,1147293724983,2932,1
2933,1147293850148,1147293850181,1147293850348,2933,1
2934,1147293975240,1147293975272,1147293975321,2934,1
2935,1147294100095,1147294100128,1147294100291,2935,1
2936,1147294225317,1147294225349,1147294225460,2936,1
2937,1147294350023,1147294350056,1147294350101,2937,1
2938,1147294501620,1147294501652,1147294501710,2938,1
2939,1147294600151,1147294600183,1147294600236,2939,1
2940,1147294724953,1147294724986,1147294725036,2940,1
2941,1147294850199,1147294850231,1147294850286,2941,1
2942,1147294974951,1147294974983,1147294975036,2942,1
2943,1147295099872,1147295099905,1147295099957,2943,1
2944,1147295224942,1147295224974,1147295225026,2944,1
2945,1147295349934,1147295349966,1147295350040,2945,1
2946,1147295475124,1147295475156,1147295475209,2946,1
2947,1147295599834,1147295599867,1147295600078,2947,1
2948,1147295724884,1147295724917,1147295724967,2948,1
2949,1147295890232,1147295890266,1147295890331,2949,1
2950,1147295967374,1147295967407,1147295967452,2950,1
2951,1147296104714,1147296104746,1147296104811,2951,1
2952,1147296223361,1147296223393,1147296223447,2952,1
2953,1147296348291,1147296348323,1147296348491,2953,1
2954,1147296473743,1147296473845,1147296473962,2954,1
2955,1147296598351,1147296598383,1147296598448,2955,1
2956,1147296723403,1147296723436,1147296723486,2956,1
2957,1147296848475,1147296848509,1147296848576,2957,1
2958,1147296973417,1147296973449,1147296973498,2958,1
2959,1147297098439,1147297098473,1147297098535,2959,1
2960,1147297222326,1147297222359,1147297222410,2960,1
2961,1147297351126,1147297351162,1147297351215,2961,1
2962,1147297474896,1147297474930,1147297474980,2962,1
2963,1147297599868,1147297599900,1147297599949,2963,1
2964,1147297725061,1147297725095,1147297725142,2964,1
2965,1147297849956,1147297849989,1147297850038,2965,1
2966,1147297974935,1147297974967,1147297975020,2966,1
2967,1147298099906,1147298099939,1147298099988,2967,1
2968,1147298242412,1147298242443,1147298242612,2968,1
2969,1147298350104,1147298350138,1147298350238,2969,1
2970,1147298475031,1147298475064,1147298475107,2970,1
2971,1147298599978,1147298600011,1147298600057,2971,1
2972,1147298725027,1147298725059,1147298725101,2972,1
2973,1147298850181,1147298850213,1147298850262,2973,1
2974,1147298974920,1147298974953,1147298974996,2974,1
2975,1147299100111,1147299100143,1147299100194,2975,1
2976,1147299224973,1147299225005,1147299225056,2976,1
2977,1147299349842,1147299349874,1147299349922,2977,1
2978,1147299475160,1147299475192,1147299475239,2978,1
2979,1147299599943,1147299599975,1147299600020,2979,1
2980,1147299724863,1147299724894,1147299724944,2980,1
2981,1147299859724,1147299859761,1147299859899,2981,1
2982,1147299967733,1147299967765,1147299967820,2982,1
2983,1147300105419,1147300105454,1147300105508,2983,1
2984,1147300223321,1147300223353,1147300223402,2984,1
2985,1147300348284,1147300348317,1147300348371,2985,1
2986,1147300473304,1147300473337,1147300473385,2986,1
2987,1147300598816,1147300598921,1147300599113,2987,1
2988,1147300723346,1147300723377,1147300723425,2988,1
2989,1147300848180,1147300848216,1147300848266,2989,1
2990,1147300973199,1147300973231,1147300973279,2990,1
2991,1147301098284,1147301098316,1147301098365,2991,1
2992,1147301222374,1147301222406,1147301222460,2992,1
2993,1147301357652,1147301357685,1147301357739,2993,1
2994,1147301473379,1147301473412,1147301473463,2994,1
2995,1147301598171,1147301598204,1147301598255,2995,1
2996,1147301723171,1147301723203,1147301723254,2996,1
2997,1147301848111,1147301848143,1147301848198,2997,1
2998,1147301973113,1147301973145,1147301973198,2998,1
2999,1147302098167,1147302098199,1147302098252,2999,1
3000,1147302223198,1147302223231,1147302223284,3000,1
3001,1147302348221,1147302348254,1147302348429,3001,1
3002,1147302473200,1147302473232,1147302473350,3002,1
3003,1147302598234,1147302598266,1147302598375,3003,1
3004,1147302723271,1147302723304,1147302723354,3004,1
3005,1147302848219,1147302848251,1147302848356,3005,1
3006,1147302973180,1147302973214,1147302973262,3006,1
3007,1147303099947,1147303099980,1147303100080,3007,1
3008,1147303223345,1147303223378,1147303223430,3008,1
3009,1147303348452,1147303348485,1147303348599,3009,1
3010,1147303473270,1147303473303,1147303473346,3010,1
3011,1147303597362,1147303597395,1147303597502,3011,1
3012,1147303732973,1147303733008,1147303733100,3012,1
3013,1147303868748,1147303868779,1147303868830,3013,1
3014,1147303967334,1147303967367,1147303967420,3014,1
3015,1147304104899,1147304104931,1147304104986,3015,1
3016,1147304223384,1147304223416,1147304223463,3016,1
3017,1147304348306,1147304348338,1147304348452,3017,1
3018,1147304473250,1147304473282,1147304473331,3018,1
3019,1147304597297,1147304597329,1147304597439,3019,1
3020,1147304729253,1147304729289,1147304729379,3020,1
3021,1147304855208,1147304855313,1147304855468,3021,1
3022,1147304973402,1147304973435,1147304973485,3022,1
3023,1147305098292,1147305098325,1147305098378,3023,1
3024,1147305222287,1147305222319,1147305222369,3024,1
3025,1147305356864,1147305356896,1147305357007,3025,1
3026,1147305473320,1147305473352,1147305473405,3026,1
3027,1147305598251,1147305598284,1147305598391,3027,1
3028,1147305723372,1147305723405,1147305723448,3028,1
3029,1147305848209,1147305848242,1147305848293,3029,1
3030,1147305973177,1147305973209,1147305973254,3030,1
3031,1147306098130,1147306098162,1147306098212,3031,1
3032,1147306223162,1147306223194,1147306223239,3032,1
3033,1147306348050,1147306348082,1147306348137,3033,1
3034,1147306473232,1147306473265,1147306473443,3034,1
3035,1147306598129,1147306598163,1147306598342,3035,1
3036,1147306723121,1147306723153,1147306723207,3036,1
3037,1147306848051,1147306848083,1147306848184,3037,1
3038,1147306973135,1147306973167,1147306973216,3038,1
3039,1147307098178,1147307098210,1147307098313,3039,1
3040,1147307223132,1147307223165,1147307223213,3040,1
3041,1147307348292,1147307348325,1147307348435,3041,1
3042,1147307514279,1147307514316,1147307514421,3042,1
3043,1147307598597,1147307598630,1147307598743,3043,1
3044,1147307785209,1147307785244,1147307785334,3044,1
3045,1147307887104,1147307887141,1147307887301,3045,1
3046,1147307967682,1147307967715,1147307967768,3046,1
3047,1147308104866,1147308104900,1147308105019,3047,1
3048,1147308223447,1147308223481,1147308223524,3048,1
3049,1147308348281,1147308348313,1147308348355,3049,1
3050,1147308473421,1147308473454,1147308473497,3050,1
3051,1147308598274,1147308598307,1147308598350,3051,1
3052,1147308723238,1147308723271,1147308723315,3052,1
3053,1147308848167,1147308848199,1147308848242,3053,1
3054,1147308973615,1147308973717,1147308973837,3054,1
3055,1147309098217,1147309098249,1147309098300,3055,1
3056,1147309222358,1147309222391,1147309222445,3056,1
3057,1147309350375,1147309350410,1147309350463,3057,1
3058,1147309475130,1147309475163,1147309475217,3058,1
3059,1147309600412,1147309600444,1147309600498,3059,1
3060,1147309725247,1147309725281,1147309725330,3060,1
3061,1147309850119,1147309850151,1147309850343,3061,1
3062,1147309975014,1147309975046,1147309975099,3062,1
3063,1147310099969,1147310100001,1147310100061,3063,1
3064,1147310225128,1147310225160,1147310225211,3064,1
3065,1147310350044,1147310350076,1147310350127,3065,1
3066,1147310475018,1147310475051,1147310475102,3066,1
3067,1147310600187,1147310600219,1147310600390,3067,1
3068,1147310747099,1147310747132,1147310747250,3068,1
3069,1147310850101,1147310850135,1147310850256,3069,1
3070,1147310975169,1147310975202,1147310975255,3070,1
3071,1147311099954,1147311099986,1147311100040,3071,1
3072,1147311225110,1147311225142,1147311225192,3072,1
3073,1147311350015,1147311350047,1147311350094,3073,1
3074,1147311474588,1147311474619,1147311474666,3074,1
3075,1147311599850,1147311599881,1147311599924,3075,1
3076,1147311724994,1147311725027,1147311725075,3076,1
3077,1147311849927,1147311849959,1147311850011,3077,1
3078,1147311967501,1147311967533,1147311967588,3078,1
3079,1147312105232,1147312105264,1147312105313,3079,1
3080,1147312223373,1147312223406,1147312223453,3080,1
3081,1147312348280,1147312348313,1147312348357,3081,1
3082,1147312473342,1147312473375,1147312473421,3082,1
3083,1147312598322,1147312598356,1147312598398,3083,1
3084,1147312723370,1147312723403,1147312723446,3084,1
3085,1147312848261,1147312848294,1147312848345,3085,1
3086,1147312973212,1147312973244,1147312973295,3086,1
3087,1147313098437,1147313098538,1147313098659,3087,1
3088,1147313222245,1147313222277,1147313222330,3088,1
3089,1147313348750,1147313348783,1147313348835,3089,1
3090,1147313472529,1147313472562,1147313472615,3090,1
3091,1147313664258,1147313664294,1147313664383,3091,1
3092,1147313723437,1147313723469,1147313723518,3092,1
3093,1147313853818,1147313853850,1147313853904,3093,1
3094,1147313973180,1147313973213,1147313973257,3094,1
3095,1147314098541,1147314098574,1147314098620,3095,1
3096,1147314260295,1147314260329,1147314260382,3096,1
3097,1147314348175,1147314348208,1147314348277,3097,1
3098,1147314473119,1147314473151,1147314473199,3098,1
3099,1147314597966,1147314597998,1147314598045,3099,1
3100,1147314817879,1147314817915,1147314818155,3100,1
3101,1147314851717,1147314851760,1147314851960,3101,1
3102,1147315019902,1147315019938,1147315020099,3102,1
3103,1147315098592,1147315098626,1147315098747,3103,1
3104,1147315223280,1147315223313,1147315223366,3104,1
3105,1147315348203,1147315348237,1147315348344,3105,1
3106,1147315514950,1147315514984,1147315515075,3106,1
3107,1147315598508,1147315598541,1147315598591,3107,1
3108,1147315722320,1147315722353,1147315722404,3108,1
3109,1147315875985,1147315876021,1147315876112,3109,1
3110,1147315967436,1147315967469,1147315967524,3110,1
3111,1147316104703,1147316104735,1147316104786,3111,1
3112,1147316222562,1147316222594,1147316222648,3112,1
3113,1147316424747,1147316424779,1147316424869,3113,1
3114,1147316473311,1147316473343,1147316473386,3114,1
3115,1147316598234,1147316598266,1147316598331,3115,1
3116,1147316723198,1147316723231,1147316723277,3116,1
3117,1147316848434,1147316848467,1147316848514,3117,1
3118,1147316973269,1147316973300,1147316973349,3118,1
3119,1147317097370,1147317097403,1147317097509,3119,1
3120,1147317237659,1147317237758,1147317237912,3120,1
3121,1147317349510,1147317349546,1147317349667,3121,1
3122,1147317472943,1147317472976,1147317473024,3122,1
3123,1147317597830,1147317597862,1147317597974,3123,1
3124,1147317723178,1147317723212,1147317723263,3124,1
3125,1147317847298,1147317847330,1147317847451,3125,1
3126,1147317981470,1147317981505,1147317981597,3126,1
3127,1147318097386,1147318097419,1147318097533,3127,1
3128,1147318230605,1147318230642,1147318230732,3128,1
3129,1147318347432,1147318347465,1147318347578,3129,1
3130,1147318474892,1147318474924,1147318475014,3130,1
3131,1147318598195,1147318598232,1147318598350,3131,1
3132,1147318722436,1147318722468,1147318722520,3132,1
3133,1147318915155,1147318915190,1147318915349,3133,1
3134,1147318973675,1147318973710,1147318973885,3134,1
3135,1147319098479,1147319098512,1147319098688,3135,1
3136,1147319223344,1147319223380,1147319223423,3136,1
3137,1147319348764,1147319348798,1147319348913,3137,1
3138,1147319473249,1147319473282,1147319473336,3138,1
3139,1147319598218,1147319598251,1147319598368,3139,1
3140,1147319722300,1147319722333,1147319722386,3140,1
3141,1147319886871,1147319886907,1147319887071,3141,1
3142,1147320111616,1147320111719,1147320111812,3142,1
3143,1147320119870,1147320119903,1147320120023,3143,1
3144,1147320223528,1147320223561,1147320223607,3144,1
3145,1147320348170,1147320348203,1147320348323,3145,1
3146,1147320473116,1147320473148,1147320473192,3146,1
3147,1147320598379,1147320598412,1147320598542,3147,1
3148,1147320723116,1147320723148,1147320723193,3148,1
3149,1147320848080,1147320848113,1147320848216,3149,1
3150,1147320973038,1147320973071,1147320973118,3150,1
3151,1147321097409,1147321097441,1147321097549,3151,1
3152,1147321276911,1147321276947,1147321277037,3152,1
3153,1147321348494,1147321348526,1147321348642,3153,1
3154,1147321509322,1147321509358,1147321509515,3154,1
3155,1147321600002,1147321600035,1147321600154,3155,1
3156,1147321724795,1147321724832,1147321724878,3156,1
3157,1147321849715,1147321849751,1147321849871,3157,1
3158,1147321981726,1147321981762,1147321981813,3158,1
3159,1147322100121,1147322100157,1147322100271,3159,1
3160,1147322224719,1147322224751,1147322224801,3160,1
3161,1147322349714,1147322349747,1147322349858,3161,1
3162,1147322474732,1147322474766,1147322474813,3162,1
3163,1147322599589,1147322599622,1147322599736,3163,1
3164,1147322724657,1147322724691,1147322724737,3164,1
3165,1147322849640,1147322849672,1147322849742,3165,1
3166,1147322974644,1147322974677,1147322974727,3166,1
3167,1147323099529,1147323099562,1147323102069,3167,1
3168,1147323225795,1147323225828,1147323225995,3168,1
3169,1147323350230,1147323350266,1147323350368,3169,1
3170,1147323474886,1147323474919,1147323474969,3170,1
3171,1147323599977,1147323600011,1147323600060,3171,1
3172,1147323725026,1147323725059,1147323725112,3172,1
3173,1147323850030,1147323850062,1147323850113,3173,1
3174,1147323967213,1147323967245,1147323967297,3174,1
3175,1147324105489,1147324105521,1147324105574,3175,1
3176,1147324223622,1147324223655,1147324223704,3176,1
3177,1147324348241,1147324348274,1147324348326,3177,1
3178,1147324473106,1147324473138,1147324473193,3178,1
3179,1147324598225,1147324598258,1147324598311,3179,1
3180,1147324723135,1147324723168,1147324723220,3180,1
3181,1147324922894,1147324922926,1147324922981,3181,1
3182,1147324973231,1147324973263,1147324973315,3182,1
3183,1147325098122,1147325098155,1147325098205,3183,1
3184,1147325273863,1147325273896,1147325273947,3184,1
3185,1147325350510,1147325350543,1147325350596,3185,1
3186,1147325475016,1147325475048,1147325475092,3186,1
3187,1147325600416,1147325600517,1147325600637,3187,1
3188,1147325725083,1147325725115,1147325725164,3188,1
3189,1147325849882,1147325849916,1147325850055,3189,1
3190,1147325974884,1147325974917,1147325974965,3190,1
3191,1147326100131,1147326100166,1147326100473,3191,1
3192,1147326225327,1147326225362,1147326225411,3192,1
3193,1147326350150,1147326350187,1147326350259,3193,1
3194,1147326475069,1147326475104,1147326475151,3194,1
3195,1147326599932,1147326599967,1147326600145,3195,1
3196,1147326725166,1147326725203,1147326725246,3196,1
3197,1147326849903,1147326849939,1147326850115,3197,1
3198,1147326974901,1147326974937,1147326974987,3198,1
3199,1147327099997,1147327100033,1147327100080,3199,1
3200,1147327225144,1147327225180,1147327225233,3200,1
3201,1147327349956,1147327349991,1147327350178,3201,1
3202,1147327475153,1147327475184,1147327475302,3202,1
3203,1147327599940,1147327599974,1147327600096,3203,1
3204,1147327724867,1147327724899,1147327724946,3204,1
3205,1147327873392,1147327873425,1147327873559,3205,1
3206,1147327968010,1147327968041,1147327968097,3206,1
3207,1147328105029,1147328105062,1147328105113,3207,1
3208,1147328223328,1147328223361,1147328223407,3208,1
3209,1147328347738,1147328347770,1147328347814,3209,1
3210,1147328473017,1147328473048,1147328473093,3210,1
3211,1147328606069,1147328606102,1147328606235,3211,1
3212,1147328722757,1147328722789,1147328722841,3212,1
3213,1147328847745,1147328847776,1147328847828,3213,1
3214,1147328972726,1147328972758,1147328972810,3214,1
3215,1147329098085,1147329098121,1147329098172,3215,1
3216,1147329221830,1147329221861,1147329221915,3216,1
3217,1147329351142,1147329351176,1147329351223,3217,1
3218,1147329593844,1147329593939,1147329594013,3218,1
3219,1147329602347,1147329602379,1147329602426,3219,1
3220,1147329724515,1147329724547,1147329724599,3220,1
3221,1147329849447,1147329849478,1147329849530,3221,1
3222,1147329979834,1147329979938,1147329980057,3222,1
3223,1147330099523,1147330099558,1147330099605,3223,1
3224,1147330224446,1147330224481,1147330224523,3224,1
3225,1147330349581,1147330349613,1147330349681,3225,1
3226,1147330474669,1147330474701,1147330474746,3226,1
3227,1147330599476,1147330599509,1147330599568,3227,1
3228,1147330724737,1147330724772,1147330724817,3228,1
3229,1147330849553,1147330849584,1147330849763,3229,1
3230,1147330974437,1147330974469,1147330974512,3230,1
3231,1147331099400,1147331099431,1147331099620,3231,1
3232,1147331224361,1147331224397,1147331224445,3232,1
3233,1147331349682,1147331349715,1147331349787,3233,1
3234,1147331474492,1147331474524,1147331474566,3234,1
3235,1147331599497,1147331599529,1147331599696,3235,1
3236,1147331724375,1147331724407,1147331724597,3236,1
3237,1147331902581,1147331902616,1147331902722,3237,1
3238,1147331967107,1147331967138,1147331967186,3238,1
3239,1147332104073,1147332104106,1147332104206,3239,1
3240,1147332222898,1147332222930,1147332222983,3240,1
3241,1147332347868,1147332347902,1147332347951,3241,1
3242,1147332472793,1147332472824,1147332472877,3242,1
3243,1147332598140,1147332598172,1147332598221,3243,1
3244,1147332787018,1147332787049,1147332787161,3244,1
3245,1147332848024,1147332848056,1147332848178,3245,1
3246,1147332973043,1147332973142,1147332973194,3246,1
3247,1147333098007,1147333098039,1147333098151,3247,1
3248,1147333221890,1147333221921,1147333221975,3248,1
3249,1147333348927,1147333348961,1147333349046,3249,1
3250,1147333473265,1147333473297,1147333473340,3250,1
3251,1147333597859,1147333597890,1147333597967,3251,1
3252,1147333722969,1147333723002,1147333723047,3252,1
3253,1147333848168,1147333848200,1147333848275,3253,1
3254,1147333972404,1147333972436,1147333972557,3254,1
3255,1147334106626,1147334106660,1147334106781,3255,1
3256,1147334225350,1147334225382,1147334225431,3256,1
3257,1147334350195,1147334350227,1147334350311,3257,1
3258,1147334474926,1147334474960,1147334475016,3258,1
3259,1147334600037,1147334600069,1147334600146,3259,1
3260,1147334725126,1147334725159,1147334725207,3260,1
3261,1147334849886,1147334849919,1147334849992,3261,1
3262,1147334974969,1147334975002,1147334975053,3262,1
3263,1147335100011,1147335100044,1147335100119,3263,1
3264,1147335225076,1147335225109,1147335225155,3264,1
3265,1147335350316,1147335350348,1147335350417,3265,1
3266,1147335474945,1147335474978,1147335475026,3266,1
3267,1147335599898,1147335599931,1147335600132,3267,1
3268,1147335742065,1147335742097,1147335742214,3268,1
3269,1147335850114,1147335850147,1147335850258,3269,1
3270,1147335967216,1147335967249,1147335967296,3270,1
3271,1147336105052,1147336105086,1147336105134,3271,1
3272,1147336223222,1147336223255,1147336223304,3272,1
3273,1147336348337,1147336348370,1147336348419,3273,1
3274,1147336473260,1147336473293,1147336473339,3274,1
3275,1147336598243,1147336598275,1147336598322,3275,1
3276,1147336723170,1147336723202,1147336723254,3276,1
3277,1147336848343,1147336848376,1147336848426,3277,1
3278,1147336973101,1147336973137,1147336973189,3278,1
3279,1147337098134,1147337098171,1147337098217,3279,1
3280,1147337222288,1147337222324,1147337222378,3280,1
3281,1147337350416,1147337350452,1147337350506,3281,1
3282,1147337475040,1147337475073,1147337475127,3282,1
3283,1147337600042,1147337600078,1147337600128,3283,1
3284,1147337725010,1147337725042,1147337725097,3284,1
3285,1147337850064,1147337850096,1147337850147,3285,1
3286,1147337975085,1147337975117,1147337975163,3286,1
3287,1147338100302,1147338100408,1147338100594,3287,1
3288,1147338225084,1147338225117,1147338225163,3288,1
3289,1147338349970,1147338350003,1147338350072,3289,1
3290,1147338475071,1147338475104,1147338475148,3290,1
3291,1147338599933,1147338599969,1147338600015,3291,1
3292,1147338724948,1147338724982,1147338725029,3292,1
3293,1147338850069,1147338850102,1147338850148,3293,1
3294,1147338975051,1147338975084,1147338975131,3294,1
3295,1147339099808,1147339099841,1147339099894,3295,1
3296,1147339225001,1147339225037,1147339225088,3296,1
3297,1147339350089,1147339350122,1147339350168,3297,1
3298,1147339474985,1147339475022,1147339475071,3298,1
3299,1147339600231,1147339600264,1147339600310,3299,1
3300,1147339725000,1147339725032,1147339725083,3300,1
3301,1147339849914,1147339849947,1147339850131,3301,1
3302,1147339967675,1147339967707,1147339967827,3302,1
3303,1147340121286,1147340121319,1147340121488,3303,1
3304,1147340223725,1147340223759,1147340223809,3304,1
3305,1147340348341,1147340348373,1147340348490,3305,1
3306,1147340473499,1147340473531,1147340473580,3306,1
3307,1147340598243,1147340598275,1147340598399,3307,1
3308,1147340723675,1147340723716,1147340723768,3308,1
3309,1147340856730,1147340856763,1147340856928,3309,1
3310,1147340973625,1147340973661,1147340973709,3310,1
3311,1147341098260,1147341098296,1147341098409,3311,1
3312,1147341222311,1147341222343,1147341222391,3312,1
3313,1147341349494,1147341349530,1147341349634,3313,1
3314,1147341473262,1147341473294,1147341473341,3314,1
3315,1147341598332,1147341598365,1147341598472,3315,1
3316,1147341723209,1147341723242,1147341723293,3316,1
3317,1147341848252,1147341848285,1147341848542,3317,1
3318,1147341973300,1147341973333,1147341973382,3318,1
3319,1147342098600,1147342098632,1147342098685,3319,1
3320,1147342223418,1147342223451,1147342223499,3320,1
3321,1147342348550,1147342348654,1147342348768,3321,1
3322,1147342476617,1147342476658,1147342476721,3322,1
3323,1147342615864,1147342615898,1147342615952,3323,1
3324,1147342723484,1147342723517,1147342723566,3324,1
3325,1147342848182,1147342848215,1147342848264,3325,1
3326,1147342973026,1147342973059,1147342973109,3326,1
3327,1147343098384,1147343098420,1147343098467,3327,1
3328,1147343223410,1147343223442,1147343223488,3328,1
3329,1147343348336,1147343348372,1147343348422,3329,1
3330,1147343524786,1147343524821,1147343524873,3330,1
3331,1147343598658,1147343598690,1147343598743,3331,1
3332,1147343723158,1147343723190,1147343723235,3332,1
3333,1147343870567,1147343870602,1147343870682,3333,1
3334,1147344060091,1147344060127,1147344060420,3334,1
3335,1147344113382,1147344113417,1147344113601,3335,1
3336,1147344223741,1147344223773,1147344223824,3336,1
3337,1147344348343,1147344348376,1147344348425,3337,1
3338,1147344473294,1147344473327,1147344473378,3338,1
3339,1147344598216,1147344598249,1147344598296,3339,1
3340,1147344723390,1147344723425,1147344723475,3340,1
3341,1147344848327,1147344848359,1147344848410,3341,1
3342,1147344973125,1147344973157,1147344973204,3342,1
3343,1147345098695,1147345098726,1147345098774,3343,1
3344,1147345222529,1147345222562,1147345222614,3344,1
3345,1147345351070,1147345351107,1147345351154,3345,1
3346,1147345475042,1147345475075,1147345475122,3346,1
3347,1147345600070,1147345600103,1147345600150,3347,1
3348,1147345724984,1147345725017,1147345725063,3348,1
3349,1147345849940,1147345849972,1147345850015,3349,1
3350,1147345974908,1147345974944,1147345974991,3350,1
3351,1147346099957,1147346099990,1147346100035,3351,1
3352,1147346225207,1147346225239,1147346225285,3352,1
3353,1147346350023,1147346350055,1147346350105,3353,1
3354,1147346475386,1147346475419,1147346475531,3354,1
3355,1147346600165,1147346600198,1147346600245,3355,1
3356,1147346725137,1147346725169,1147346725216,3356,1
3357,1147346849970,1147346850003,1147346850053,3357,1
3358,1147346975035,1147346975067,1147346975114,3358,1
3359,1147347099900,1147347099933,1147347099982,3359,1
3360,1147347225020,1147347225052,1147347225097,3360,1
3361,1147347350166,1147347350199,1147347350249,3361,1
3362,1147347475254,1147347475286,1147347475333,3362,1
3363,1147347600125,1147347600158,1147347600203,3363,1
3364,1147347725082,1147347725115,1147347725162,3364,1
3365,1147347869228,1147347869264,1147347869312,3365,1
3366,1147347967314,1147347967346,1147347967394,3366,1
3367,1147348105004,1147348105111,1147348105301,3367,1
3368,1147348237437,1147348237469,1147348237582,3368,1
3369,1147348348683,1147348348719,1147348348830,3369,1
3370,1147348473213,1147348473246,1147348473294,3370,1
3371,1147348598180,1147348598212,1147348598259,3371,1
3372,1147348723172,1147348723204,1147348723247,3372,1
3373,1147348848189,1147348848221,1147348848272,3373,1
3374,1147348973359,1147348973391,1147348973435,3374,1
3375,1147349097266,1147349097299,1147349097349,3375,1
3376,1147349229079,1147349229112,1147349229220,3376,1
3377,1147349349982,1147349350015,1147349350069,3377,1
3378,1147349473301,1147349473334,1147349473384,3378,1
3379,1147349598291,1147349598323,1147349598377,3379,1
3380,1147349723291,1147349723323,1147349723374,3380,1
3381,1147349848184,1147349848218,1147349848267,3381,1
3382,1147349978740,1147349978772,1147349978821,3382,1
3383,1147350098228,1147350098261,1147350098311,3383,1
3384,1147350223389,1147350223421,1147350223468,3384,1
3385,1147350348360,1147350348392,1147350348444,3385,1
3386,1147350555398,1147350555434,1147350555544,3386,1
3387,1147350598589,1147350598621,1147350598751,3387,1
3388,1147350722251,1147350722283,1147350722331,3388,1
3389,1147350901919,1147350901956,1147350902068,3389,1
3390,1147350973242,1147350973275,1147350973322,3390,1
3391,1147351100642,1147351100674,1147351100788,3391,1
3392,1147351223134,1147351223166,1147351223210,3392,1
3393,1147351348169,1147351348203,1147351348323,3393,1
3394,1147351509553,1147351509587,1147351509675,3394,1
3395,1147351598573,1147351598605,1147351598722,3395,1
3396,1147351728208,1147351728240,1147351728347,3396,1
3397,1147351854201,1147351854234,1147351854385,3397,1
3398,1147352039488,1147352039595,1147352039693,3398,1
3399,1147352098938,1147352098971,1147352099072,3399,1
3400,1147352223206,1147352223239,1147352223290,3400,1
3401,1147352348169,1147352348202,1147352348368,3401,1
3402,1147352473371,1147352473403,1147352473519,3402,1
3403,1147352598244,1147352598277,1147352598324,3403,1
3404,1147352767483,1147352767516,1147352767567,3404,1
3405,1147352848361,1147352848395,1147352848445,3405,1
3406,1147352972384,1147352972416,1147352972467,3406,1
3407,1147353106120,1147353106157,1147353106245,3407,1
3408,1147353222411,1147353222444,1147353222497,3408,1
3409,1147353348432,1147353348466,1147353348520,3409,1
3410,1147353506959,1147353506991,1147353507079,3410,1
3411,1147353598509,1147353598540,1147353598667,3411,1
3412,1147353723316,1147353723348,1147353723395,3412,1
3413,1147353848342,1147353848374,1147353848480,3413,1
3414,1147353973233,1147353973265,1147353973316,3414,1
3415,1147354097357,1147354097390,1147354097509,3415,1
3416,1147354229722,1147354229755,1147354229841,3416,1
3417,1147354348469,1147354348502,1147354348609,3417,1
3418,1147354473253,1147354473286,1147354473333,3418,1
3419,1147354598489,1147354598522,1147354598633,3419,1
3420,1147354723371,1147354723403,1147354723451,3420,1
3421,1147354848519,1147354848553,1147354848673,3421,1
3422,1147354973130,1147354973163,1147354973208,3422,1
3423,1147355097186,1147355097219,1147355097271,3423,1
3424,1147355256010,1147355256042,1147355256131,3424,1
3425,1147355348321,1147355348354,1147355348401,3425,1
3426,1147355509403,1147355509436,1147355509525,3426,1
3427,1147355600250,1147355600282,1147355600330,3427,1
3428,1147355725155,1147355725188,1147355725235,3428,1
3429,1147355850085,1147355850118,1147355850164,3429,1
3430,1147355967382,1147355967414,1147355967466,3430,1
3431,1147356105428,1147356105529,1147356105575,3431,1
3432,1147356222423,1147356222456,1147356222508,3432,1
3433,1147357851231,1147357851316,1147357851678,3433,1
3434,1147357851989,1147357852023,1147357852065,3434,1
3435,1147357852258,1147357852290,1147357852391,3435,1
3436,1147357852423,1147357852468,1147357852509,3436,1
3437,1147357852542,1147357852578,1147357852697,3437,1
3438,1147357852729,1147357852762,1147357852803,3438,1
3439,1147357852985,1147357853018,1147357853121,3439,1
3440,1147357853153,1147357853194,1147357853235,3440,1
3441,1147357853267,1147357853409,1147357853518,3441,1
3442,1147357853550,1147357853584,1147357853626,3442,1
3443,1147357853791,1147357853824,1147357853926,3443,1
3444,1147357853960,1147357854111,1147357854152,3444,1
3445,1147357866190,1147357866223,1147357866390,3445,1
3446,1147357980080,1147357980116,1147357980165,3446,1
3447,1147358103646,1147358103679,1147358103744,3447,1
3448,1147358229954,1147358229986,1147358230034,3448,1
3449,1147358353481,1147358353514,1147358353567,3449,1
3450,1147358477303,1147358477335,1147358477381,3450,1
3451,1147358598369,1147358598402,1147358598462,3451,1
3452,1147358723242,1147358723278,1147358723323,3452,1
3453,1147358848404,1147358848437,1147358848481,3453,1
3454,1147358973620,1147358973654,1147358973765,3454,1
3455,1147359098269,1147359098300,1147359098354,3455,1
3456,1147359222259,1147359222292,1147359222348,3456,1
3457,1147359579456,1147359579501,1147359579647,3457,1
3458,1147359601285,1147359601316,1147359601368,3458,1
3459,1147359610003,1147359610036,1147359610101,3459,1
3460,1147359725417,1147359725450,1147359725500,3460,1
3461,1147359850340,1147359850373,1147359850422,3461,1
3462,1147359967398,1147359967430,1147359967480,3462,1
3463,1147360106300,1147360106405,1147360106455,3463,1
3464,1147360223351,1147360223383,1147360223431,3464,1
3465,1147360348175,1147360348208,1147360348279,3465,1
3466,1147360472704,1147360472736,1147360472777,3466,1
3467,1147360597307,1147360597338,1147360597408,3467,1
3468,1147360767064,1147360767099,1147360767306,3468,1
3469,1147360847853,1147360847884,1147360848000,3469,1
3470,1147360973051,1147360973083,1147360973129,3470,1
3471,1147361096911,1147361096943,1147361097053,3471,1
3472,1147361244288,1147361244322,1147361244406,3472,1
3473,1147361348774,1147361348805,1147361348949,3473,1
3474,1147361472781,1147361472812,1147361472858,3474,1
3475,1147361597805,1147361597836,1147361597948,3475,1
3476,1147361721826,1147361721859,1147361721908,3476,1
3477,1147361886759,1147361886791,1147361886935,3477,1
3478,1147361972873,1147361972905,1147361972958,3478,1
3479,1147362097734,1147362097766,1147362097874,3479,1
3480,1147362222567,1147362222600,1147362222641,3480,1
3481,1147362347674,1147362347704,1147362347820,3481,1
3482,1147362472696,1147362472726,1147362472779,3482,1
3483,1147362597666,1147362597697,1147362597819,3483,1
3484,1147362722666,1147362722697,1147362722745,3484,1
3485,1147362847661,1147362847693,1147362847811,3485,1
3486,1147362972831,1147362972862,1147362972914,3486,1
3487,1147363097968,1147363098001,1147363098184,3487,1
3488,1147363222718,1147363222750,1147363222800,3488,1
3489,1147363353580,1147363353612,1147363353664,3489,1
3490,1147363547811,1147363547844,1147363547928,3490,1
3491,1147363600447,1147363600480,1147363600530,3491,1
3492,1147363724565,1147363724597,1147363724648,3492,1
3493,1147363849485,1147363849518,1147363849562,3493,1
3494,1147363967005,1147363967037,1147363967086,3494,1
3495,1147364104410,1147364104511,1147364104564,3495,1
3496,1147364222871,1147364222903,1147364222956,3496,1
3497,1147364347796,1147364347827,1147364347943,3497,1
3498,1147364472743,1147364472776,1147364472820,3498,1
3499,1147364597760,1147364597793,1147364597859,3499,1
3500,1147364722169,1147364722201,1147364722253,3500,1
3501,1147364939320,1147364939354,1147364939580,3501,1
3502,1147364972853,1147364972885,1147364972930,3502,1
3503,1147365097985,1147365098017,1147365098133,3503,1
3504,1147365222008,1147365222040,1147365222089,3504,1
3505,1147365348905,1147365348936,1147365349054,3505,1
3506,1147365472806,1147365472837,1147365472882,3506,1
3507,1147365597874,1147365597905,1147365598026,3507,1
3508,1147365722665,1147365722697,1147365722742,3508,1
3509,1147365848290,1147365848322,1147365848368,3509,1
3510,1147365972314,1147365972347,1147365972395,3510,1
3511,1147366106591,1147366106627,1147366106715,3511,1
3512,1147366223132,1147366223165,1147366223214,3512,1
3513,1147366348190,1147366348224,1147366348269,3513,1
3514,1147366473140,1147366473172,1147366473218,3514,1
3515,1147366598273,1147366598305,1147366598351,3515,1
3516,1147366723072,1147366723105,1147366723149,3516,1
3517,1147366848137,1147366848170,1147366848220,3517,1
3518,1147366973152,1147366973186,1147366973232,3518,1
3519,1147367098389,1147367098422,1147367098468,3519,1
3520,1147367223480,1147367223513,1147367223560,3520,1
3521,1147367348435,1147367348468,1147367348638,3521,1
3522,1147367556221,1147367556254,1147367556339,3522,1
3523,1147367600283,1147367600315,1147367600417,3523,1
3524,1147367724899,1147367724932,1147367724975,3524,1
3525,1147367850055,1147367850089,1147367850167,3525,1
3526,1147367967359,1147367967392,1147367967444,3526,1
3527,1147368104908,1147368105011,1147368105131,3527,1
3528,1147368222506,1147368222538,1147368222591,3528,1
3529,1147368357586,1147368357622,1147368357790,3529,1
3530,1147368472273,1147368472306,1147368472359,3530,1
3531,1147368606306,1147368606339,1147368606499,3531,1
3532,1147368723639,1147368723672,1147368723721,3532,1
3533,1147368848097,1147368848129,1147368848235,3533,1
3534,1147368973138,1147368973172,1147368973340,3534,1
3535,1147369098817,1147369098850,1147369099017,3535,1
3536,1147369222316,1147369222348,1147369222400,3536,1
3537,1147369566519,1147369566552,1147369566726,3537,1
3538,1147369566798,1147369566830,1147369566872,3538,1
3539,1147369605532,1147369605565,1147369605673,3539,1
3540,1147369728094,1147369728127,1147369728178,3540,1
3541,1147369851406,1147369851439,1147369851565,3541,1
3542,1147369980302,1147369980338,1147369980425,3542,1
3543,1147370102208,1147370102241,1147370102364,3543,1
3544,1147370226518,1147370226552,1147370226598,3544,1
3545,1147370351218,1147370351251,1147370351444,3545,1
3546,1147370475531,1147370475565,1147370475615,3546,1
3547,1147370600205,1147370600237,1147370600314,3547,1
3548,1147370725163,1147370725196,1147370725244,3548,1
3549,1147370849661,1147370849694,1147370849864,3549,1
3550,1147370974569,1147370974601,1147370974645,3550,1
3551,1147371099318,1147371099350,1147371099532,3551,1
3552,1147371224297,1147371224329,1147371224378,3552,1
3553,1147371348966,1147371348999,1147371349046,3553,1
3554,1147371556584,1147371556620,1147371556787,3554,1
3555,1147371599714,1147371599751,1147371599804,3555,1
3556,1147371724109,1147371724141,1147371724190,3556,1
3557,1147371847794,1147371847827,1147371847874,3557,1
3558,1147372096897,1147372097009,1147372097126,3558,1
3559,1147372097224,1147372097257,1147372097303,3559,1
3560,1147372229707,1147372229744,1147372229877,3560,1
3561,1147372357084,1147372357119,1147372357193,3561,1
3562,1147372481061,1147372481094,1147372481145,3562,1
3563,1147372604640,1147372604675,1147372604747,3563,1
3564,1147372730425,1147372730457,1147372730510,3564,1
3565,1147372848964,1147372848996,1147372849063,3565,1
3566,1147372973514,1147372973547,1147372973601,3566,1
3567,1147373098566,1147373098598,1147373098664,3567,1
3568,1147373240721,1147373240755,1147373240921,3568,1
3569,1147373349789,1147373349824,1147373349933,3569,1
3570,1147373473364,1147373473397,1147373473444,3570,1
3571,1147373598226,1147373598258,1147373598370,3571,1
3572,1147373723301,1147373723334,1147373723378,3572,1
3573,1147373850469,1147373850502,1147373850765,3573,1
3574,1147373973201,1147373973233,1147373973286,3574,1
3575,1147374098183,1147374098216,1147374098375,3575,1
3576,1147374223273,1147374223305,1147374223353,3576,1
3577,1147374348207,1147374348239,1147374348303,3577,1
3578,1147374475510,1147374475543,1147374475596,3578,1
3579,1147374598355,1147374598387,1147374598436,3579,1
3580,1147374723339,1147374723372,1147374723419,3580,1
3581,1147374848372,1147374848405,1147374848456,3581,1
3582,1147374973139,1147374973171,1147374973224,3582,1
3583,1147375097281,1147375097315,1147375097363,3583,1
3584,1147375230188,1147375230221,1147375230311,3584,1
3585,1147375348344,1147375348377,1147375348431,3585,1
3586,1147375517355,1147375517388,1147375517480,3586,1
3587,1147375599408,1147375599441,1147375599495,3587,1
3588,1147375722547,1147375722581,1147375722702,3588,1
3589,1147375878081,1147375878117,1147375878206,3589,1
3590,1147375967384,1147375967416,1147375967465,3590,1
3591,1147376112843,1147376112952,1147376113097,3591,1
3592,1147376224737,1147376224772,1147376224826,3592,1
3593,1147376348338,1147376348369,1147376348452,3593,1
3594,1147376473342,1147376473375,1147376473423,3594,1
3595,1147376598214,1147376598247,1147376598294,3595,1
3596,1147376723471,1147376723504,1147376723551,3596,1
3597,1147376847302,1147376847334,1147376847387,3597,1
3598,1147377060880,1147377060915,1147377061029,3598,1
3599,1147377257307,1147377257343,1147377257458,3599,1
3600,1147377264749,1147377264781,1147377264827,3600,1
3601,1147377350079,1147377350115,1147377350306,3601,1
3602,1147377473731,1147377473766,1147377473881,3602,1
3603,1147377598201,1147377598233,1147377598357,3603,1
3604,1147377723410,1147377723443,1147377723491,3604,1
3605,1147377848215,1147377848248,1147377848351,3605,1
3606,1147377973216,1147377973249,1147377973296,3606,1
3607,1147378098191,1147378098226,1147378098325,3607,1
3608,1147378223145,1147378223180,1147378223228,3608,1
3609,1147378348206,1147378348240,1147378348341,3609,1
3610,1147378473211,1147378473243,1147378473289,3610,1
3611,1147378597239,1147378597272,1147378597324,3611,1
3612,1147378731401,1147378731434,1147378731554,3612,1
3613,1147378848387,1147378848420,1147378848467,3613,1
3614,1147378973365,1147378973398,1147378973445,3614,1
3615,1147379098537,1147379098569,1147379098616,3615,1
3616,1147379223339,1147379223372,1147379223418,3616,1
3617,1147379348351,1147379348383,1147379348430,3617,1
3618,1147379473135,1147379473167,1147379473210,3618,1
3619,1147379598142,1147379598175,1147379598291,3619,1
3620,1147379722377,1147379722410,1147379722461,3620,1
3621,1147379860433,1147379860466,1147379860677,3621,1
3622,1147379967601,1147379967634,1147379967683,3622,1
3623,1147380105008,1147380105115,1147380105182,3623,1
3624,1147380223257,1147380223290,1147380223344,3624,1
3625,1147380348191,1147380348223,1147380348290,3625,1
3626,1147380473234,1147380473266,1147380473313,3626,1
3627,1147380597234,1147380597267,1147380597328,3627,1
3628,1147380761466,1147380761498,1147380761592,3628,1
3629,1147380848523,1147380848557,1147380848624,3629,1
3630,1147380973174,1147380973207,1147380973259,3630,1
3631,1147381098252,1147381098285,1147381098459,3631,1
3632,1147381222318,1147381222350,1147381222400,3632,1
3633,1147381349552,1147381349584,1147381349767,3633,1
3634,1147381473215,1147381473249,1147381473421,3634,1
3635,1147381599240,1147381599273,1147381599453,3635,1
3636,1147381723301,1147381723335,1147381723380,3636,1
3637,1147381847397,1147381847431,1147381847547,3637,1
3638,1147381982494,1147381982527,1147381982643,3638,1
3639,1147382099855,1147382099887,1147382100003,3639,1
3640,1147382224638,1147382224672,1147382224724,3640,1
3641,1147382349691,1147382349724,1147382349843,3641,1
3642,1147382474565,1147382474597,1147382474650,3642,1
3643,1147382599768,1147382599801,1147382599923,3643,1
3644,1147382724682,1147382724716,1147382724770,3644,1
3645,1147382849628,1147382849661,1147382849763,3645,1
3646,1147382974851,1147382974884,1147382974933,3646,1
3647,1147383099676,1147383099708,1147383099821,3647,1
3648,1147383224652,1147383224685,1147383224738,3648,1
3649,1147383349645,1147383349677,1147383349791,3649,1
3650,1147383474862,1147383474895,1147383474941,3650,1
3651,1147383599681,1147383599714,1147383599763,3651,1
3652,1147383724696,1147383724730,1147383724781,3652,1
3653,1147383849638,1147383849670,1147383849719,3653,1
3654,1147383967908,1147383967943,1147383968059,3654,1
3655,1147384106295,1147384106403,1147384106453,3655,1
3656,1147384223262,1147384223295,1147384223346,3656,1
3657,1147384354072,1147384354107,1147384354160,3657,1
3658,1147384473152,1147384473185,1147384473233,3658,1
3659,1147384598163,1147384598195,1147384598242,3659,1
3660,1147384723109,1147384723141,1147384723196,3660,1
3661,1147384848163,1147384848195,1147384848246,3661,1
3662,1147384973205,1147384973237,1147384973284,3662,1
3663,1147385098477,1147385098509,1147385098553,3663,1
3664,1147385222446,1147385222478,1147385222530,3664,1
3665,1147385477833,1147385477867,1147385477984,3665,1
3666,1147385485725,1147385485758,1147385485805,3666,1
3667,1147385598467,1147385598499,1147385598662,3667,1
3668,1147385737124,1147385737157,1147385737277,3668,1
3669,1147385848440,1147385848474,1147385848582,3669,1
3670,1147385973363,1147385973395,1147385973448,3670,1
3671,1147386098455,1147386098488,1147386098598,3671,1
3672,1147386248478,1147386248510,1147386248564,3672,1
3673,1147386348537,1147386348571,1147386348680,3673,1
3674,1147386473116,1147386473149,1147386473203,3674,1
3675,1147386598364,1147386598398,1147386598518,3675,1
3676,1147386723702,1147386723736,1147386723783,3676,1
3677,1147386848110,1147386848143,1147386848253,3677,1
3678,1147386973234,1147386973267,1147386973318,3678,1
3679,1147387098290,1147387098322,1147387098423,3679,1
3680,1147387223341,1147387223374,1147387223427,3680,1
3681,1147387348157,1147387348190,1147387348296,3681,1
3682,1147387473276,1147387473309,1147387473360,3682,1
3683,1147387598403,1147387598437,1147387598548,3683,1
3684,1147387722265,1147387722297,1147387722351,3684,1
3685,1147387869722,1147387869755,1147387869844,3685,1
3686,1147388028667,1147388028773,1147388028929,3686,1
3687,1147388098996,1147388099028,1147388099074,3687,1
3688,1147388223541,1147388223574,1147388223623,3688,1
3689,1147388348465,1147388348498,1147388348542,3689,1
3690,1147388473357,1147388473390,1147388473439,3690,1
3691,1147388598126,1147388598158,1147388598203,3691,1
3692,1147388723299,1147388723332,1147388723383,3692,1
3693,1147388848301,1147388848334,1147388848383,3693,1
3694,1147388973285,1147388973318,1147388973364,3694,1
3695,1147389098249,1147389098282,1147389098328,3695,1
3696,1147389222467,1147389222500,1147389222553,3696,1
3697,1147389349531,1147389349563,1147389349628,3697,1
3698,1147389473170,1147389473203,1147389473254,3698,1
3699,1147389598208,1147389598240,1147389598422,3699,1
3700,1147389723324,1147389723358,1147389723400,3700,1
3701,1147389863674,1147389863706,1147389863990,3701,1
3702,1147389973364,1147389973396,1147389973445,3702,1
3703,1147390098110,1147390098143,1147390098264,3703,1
3704,1147390223064,1147390223096,1147390223140,3704,1
3705,1147390348111,1147390348144,1147390348364,3705,1
3706,1147390473084,1147390473117,1147390473167,3706,1
3707,1147390598158,1147390598191,1147390598406,3707,1
3708,1147390723151,1147390723182,1147390723232,3708,1
3709,1147390848058,1147390848090,1147390848167,3709,1
3710,1147390973125,1147390973158,1147390973204,3710,1
3711,1147391098085,1147391098118,1147391098172,3711,1
3712,1147391223266,1147391223298,1147391223353,3712,1
3713,1147391348272,1147391348304,1147391348351,3713,1
3714,1147391473485,1147391473518,1147391473566,3714,1
3715,1147391598177,1147391598211,1147391598264,3715,1
3716,1147391723061,1147391723092,1147391723137,3716,1
3717,1147391847174,1147391847206,1147391847261,3717,1
3718,1147391975347,1147391975380,1147391975469,3718,1
3719,1147392105061,1147392105093,1147392105139,3719,1
3720,1147392223558,1147392223591,1147392223637,3720,1
3721,1147392348830,1147392348863,1147392348990,3721,1
3722,1147392473373,1147392473406,1147392473449,3722,1
3723,1147392598319,1147392598352,1147392598399,3723,1
3724,1147392723224,1147392723258,1147392723309,3724,1
3725,1147392848152,1147392848185,1147392848232,3725,1
3726,1147393071939,1147393071975,1147393072066,3726,1
3727,1147393099091,1147393099125,1147393099172,3727,1
3728,1147393222388,1147393222422,1147393222473,3728,1
3729,1147393349851,1147393349884,1147393349934,3729,1
3730,1147393473770,1147393473803,1147393473849,3730,1
3731,1147393598182,1147393598214,1147393598263,3731,1
3732,1147393723139,1147393723173,1147393723220,3732,1
3733,1147393847251,1147393847284,1147393847333,3733,1
3734,1147393984604,1147393984637,1147393984863,3734,1
3735,1147394100320,1147394100353,1147394100543,3735,1
3736,1147394224938,1147394224971,1147394225024,3736,1
3737,1147394349947,1147394349979,1147394350087,3737,1
3738,1147394475143,1147394475176,1147394475223,3738,1
3739,1147394599953,1147394599986,1147394600093,3739,1
3740,1147394724889,1147394724920,1147394724967,3740,1
3741,1147394849856,1147394849888,1147394849993,3741,1
3742,1147394974959,1147394974992,1147394975038,3742,1
3743,1147395100048,1147395100080,1147395100187,3743,1
3744,1147395224963,1147395224996,1147395225046,3744,1
3745,1147395349938,1147395349970,1147395350075,3745,1
3746,1147395475085,1147395475117,1147395475167,3746,1
3747,1147395600072,1147395600105,1147395600158,3747,1
3748,1147395725064,1147395725097,1147395725151,3748,1
3749,1147395849948,1147395849981,1147395850033,3749,1
3750,1147395967299,1147395967331,1147395967387,3750,1
3751,1147396104863,1147396104895,1147396104949,3751,1
3752,1147396223289,1147396223321,1147396223366,3752,1
3753,1147396348249,1147396348281,1147396348327,3753,1
3754,1147396473474,1147396473576,1147396473693,3754,1
3755,1147396598385,1147396598417,1147396598464,3755,1
3756,1147396723475,1147396723507,1147396723557,3756,1
3757,1147396848306,1147396848338,1147396848385,3757,1
3758,1147396973205,1147396973237,1147396973281,3758,1
3759,1147397098131,1147397098163,1147397098212,3759,1
3760,1147397222277,1147397222309,1147397222352,3760,1
3761,1147397351156,1147397351189,1147397351242,3761,1
3762,1147397474825,1147397474857,1147397474902,3762,1
3763,1147397600030,1147397600062,1147397600108,3763,1
3764,1147397725042,1147397725075,1147397725122,3764,1
3765,1147397849898,1147397849932,1147397849985,3765,1
3766,1147397975196,1147397975229,1147397975274,3766,1
3767,1147398100001,1147398100034,1147398100080,3767,1
3768,1147398242235,1147398242268,1147398242440,3768,1
3769,1147398350010,1147398350044,1147398350150,3769,1
3770,1147398474962,1147398474994,1147398475039,3770,1
3771,1147398599890,1147398599923,1147398599970,3771,1
3772,1147398725050,1147398725083,1147398725133,3772,1
3773,1147398849863,1147398849896,1147398849942,3773,1
3774,1147398975014,1147398975046,1147398975092,3774,1
3775,1147399099882,1147399099913,1147399099960,3775,1
3776,1147399224811,1147399224844,1147399224898,3776,1
3777,1147399349863,1147399349899,1147399349952,3777,1
3778,1147399475267,1147399475299,1147399475344,3778,1
3779,1147399599847,1147399599879,1147399599928,3779,1
3780,1147399724902,1147399724934,1147399724987,3780,1
3781,1147399849907,1147399849939,1147399849988,3781,1
3782,1147399967281,1147399967314,1147399967362,3782,1
3783,1147400105192,1147400105226,1147400105271,3783,1
3784,1147400431386,1147400431419,1147400431470,3784,1
3785,1147400431505,1147400431538,1147400431580,3785,1
3786,1147400480888,1147400480933,1147400481089,3786,1
3787,1147400719331,1147400719436,1147400719658,3787,1
3788,1147400719691,1147400719725,1147400719766,3788,1
3789,1147400853351,1147400853384,1147400853433,3789,1
3790,1147400978467,1147400978500,1147400978548,3790,1
3791,1147401102564,1147401102596,1147401102645,3791,1
3792,1147401226603,1147401226635,1147401226690,3792,1
3793,1147401354224,1147401354257,1147401354311,3793,1
3794,1147401477592,1147401477624,1147401477679,3794,1
3795,1147401602301,1147401602334,1147401602381,3795,1
3796,1147401726859,1147401726892,1147401726946,3796,1
3797,1147401851684,1147401851716,1147401851765,3797,1
3798,1147401976613,1147401976646,1147401976689,3798,1
3799,1147402101193,1147402101225,1147402101277,3799,1
3800,1147402226050,1147402226082,1147402226130,3800,1
3801,1147402351011,1147402351044,1147402351219,3801,1
3802,1147402475898,1147402475930,1147402476041,3802,1
3803,1147402653249,1147402653294,1147402653411,3803,1
3804,1147402725960,1147402725993,1147402726046,3804,1
3805,1147402850682,1147402850714,1147402850824,3805,1
3806,1147402975543,1147402975576,1147402975620,3806,1
3807,1147403100335,1147403100367,1147403100480,3807,1
3808,1147403225202,1147403225234,1147403225285,3808,1
3809,1147403557460,1147403557494,1147403557610,3809,1
3810,1147403557645,1147403557678,1147403557718,3810,1
3811,1147403605065,1147403605097,1147403605218,3811,1
3812,1147403729583,1147403729615,1147403729664,3812,1
3813,1147403895511,1147403895547,1147403895692,3813,1
3814,1147403970990,1147403971022,1147403971076,3814,1
3815,1147404107776,1147404107809,1147404107917,3815,1
3816,1147404230365,1147404230399,1147404230448,3816,1
3817,1147404350605,1147404350638,1147404350736,3817,1
3818,1147404475676,1147404475709,1147404475758,3818,1
3819,1147404600236,1147404600268,1147404600367,3819,1
3820,1147404725010,1147404725043,1147404725093,3820,1
3821,1147404850131,1147404850235,1147404850418,3821,1
3822,1147404974412,1147404974445,1147404974496,3822,1
3823,1147405099209,1147405099242,1147405099349,3823,1
3824,1147405223124,1147405223156,1147405223210,3824,1
3825,1147405352003,1147405352036,1147405352149,3825,1
3826,1147405475632,1147405475665,1147405475712,3826,1
3827,1147405600462,1147405600495,1147405600575,3827,1
3828,1147405895629,1147405895662,1147405895716,3828,1
3829,1147405895751,1147405895784,1147405896000,3829,1
3830,1147405981271,1147405981303,1147405981358,3830,1
3831,1147406105710,1147406105742,1147406105820,3831,1
3832,1147406230683,1147406230716,1147406230769,3832,1
3833,1147406355624,1147406355657,1147406355743,3833,1
3834,1147406498419,1147406498451,1147406498505,3834,1
3835,1147406600700,1147406600732,1147406600813,3835,1
3836,1147406726077,1147406726110,1147406726313,3836,1
3837,1147406850740,1147406850772,1147406850881,3837,1
3838,1147406978568,1147406978610,1147406978672,3838,1
3839,1147407101605,1147407101637,1147407101804,3839,1
3840,1147407225202,1147407225234,1147407225288,3840,1
3841,1147407350238,1147407350270,1147407350323,3841,1
3842,1147407475163,1147407475196,1147407475250,3842,1
3843,1147407600039,1147407600071,1147407600122,3843,1
3844,1147407725104,1147407725137,1147407725194,3844,1
3845,1147407850137,1147407850169,1147407850224,3845,1
3846,1147407967283,1147407967315,1147407967369,3846,1
3847,1147408105275,1147408105310,1147408105488,3847,1
3848,1147408223573,1147408223606,1147408223656,3848,1
3849,1147408348213,1147408348246,1147408348320,3849,1
3850,1147408473293,1147408473326,1147408473376,3850,1
3851,1147408598186,1147408598219,1147408598266,3851,1
3852,1147408778437,1147408778470,1147408778524,3852,1
3853,1147408848495,1147408848528,1147408848583,3853,1
3854,1147408973709,1147408973810,1147408973928,3854,1
3855,1147409098351,1147409098382,1147409098431,3855,1
3856,1147409222386,1147409222418,1147409222469,3856,1
3857,1147409349290,1147409349323,1147409349374,3857,1
3858,1147409473886,1147409473921,1147409473975,3858,1
3859,1147409847257,1147409847294,1147409847411,3859,1
3860,1147409855785,1147409855817,1147409855864,3860,1
3861,1147409855901,1147409855934,1147409855994,3861,1
3862,1147409974027,1147409974061,1147409974114,3862,1
3863,1147410098384,1147410098418,1147410098485,3863,1
3864,1147410223849,1147410223882,1147410223928,3864,1
3865,1147410348253,1147410348286,1147410348475,3865,1
3866,1147410473269,1147410473302,1147410473354,3866,1
3867,1147410598231,1147410598264,1147410598329,3867,1
3868,1147410741093,1147410741125,1147410741300,3868,1
3869,1147410848247,1147410848280,1147410848387,3869,1
3870,1147410973255,1147410973288,1147410973335,3870,1
3871,1147411098336,1147411098368,1147411098416,3871,1
3872,1147411223312,1147411223344,1147411223395,3872,1
3873,1147411348159,1147411348191,1147411348237,3873,1
3874,1147411517226,1147411517262,1147411517352,3874,1
3875,1147411600581,1147411600614,1147411600666,3875,1
3876,1147411724965,1147411724998,1147411725044,3876,1
3877,1147411850014,1147411850046,1147411850094,3877,1
3878,1147411967445,1147411967478,1147411967523,3878,1
3879,1147412105264,1147412105296,1147412105345,3879,1
3880,1147412223172,1147412223205,1147412223251,3880,1
3881,1147412348534,1147412348566,1147412348617,3881,1
3882,1147412473190,1147412473224,1147412473268,3882,1
3883,1147412598480,1147412598512,1147412598560,3883,1
3884,1147412723127,1147412723160,1147412723205,3884,1
3885,1147412848201,1147412848233,1147412848280,3885,1
3886,1147413254974,1147413255085,1147413255201,3886,1
3887,1147413255238,1147413255270,1147413255369,3887,1
3888,1147413255403,1147413255437,1147413255478,3888,1
3889,1147413357308,1147413357342,1147413357452,3889,1
3890,1147413479968,1147413480001,1147413480053,3890,1
3891,1147413604864,1147413604899,1147413605007,3891,1
3892,1147413730075,1147413730108,1147413730156,3892,1
3893,1147413853588,1147413853621,1147413853736,3893,1
3894,1147413974930,1147413974963,1147413975012,3894,1
3895,1147414099946,1147414099979,1147414100253,3895,1
3896,1147414224695,1147414224729,1147414224780,3896,1
3897,1147414349773,1147414349806,1147414349878,3897,1
3898,1147414534506,1147414534540,1147414534593,3898,1
3899,1147414599653,1147414599686,1147414599759,3899,1
3900,1147414770420,1147414770456,1147414770509,3900,1
3901,1147414849906,1147414849938,1147414850023,3901,1
3902,1147414974896,1147414974929,1147414975129,3902,1
3903,1147415100343,1147415100375,1147415100503,3903,1
3904,1147415224956,1147415224989,1147415225037,3904,1
3905,1147415350026,1147415350059,1147415350173,3905,1
3906,1147415475482,1147415475514,1147415475565,3906,1
3907,1147415654964,1147415654996,1147415655165,3907,1
3908,1147415722789,1147415722822,1147415722875,3908,1
3909,1147415874533,1147415874566,1147415874723,3909,1
3910,1147415967584,1147415967617,1147415967670,3910,1
3911,1147416104904,1147416104936,1147416105049,3911,1
3912,1147416223277,1147416223310,1147416223355,3912,1
3913,1147416348316,1147416348350,1147416348452,3913,1
3914,1147416472497,1147416472529,1147416472578,3914,1
3915,1147416641453,1147416641510,1147416641662,3915,1
3916,1147416723471,1147416723502,1147416723550,3916,1
3917,1147416848246,1147416848279,1147416848348,3917,1
3918,1147416973300,1147416973333,1147416973380,3918,1
3919,1147417098218,1147417098252,1147417098371,3919,1
3920,1147417222406,1147417222438,1147417222492,3920,1
3921,1147417349230,1147417349333,1147417349474,3921,1
3922,1147417473163,1147417473195,1147417473250,3922,1
3923,1147417598390,1147417598423,1147417598470,3923,1
3924,1147417723110,1147417723143,1147417723190,3924,1
3925,1147417848178,1147417848211,1147417848261,3925,1
3926,1147417973225,1147417973258,1147417973309,3926,1
3927,1147418097527,1147418097559,1147418097612,3927,1
3928,1147418246475,1147418246520,1147418246642,3928,1
3929,1147418348360,1147418348392,1147418348437,3929,1
3930,1147418473299,1147418473333,1147418473379,3930,1
3931,1147418598441,1147418598474,1147418598527,3931,1
3932,1147418723358,1147418723390,1147418723444,3932,1
3933,1147418848166,1147418848198,1147418848265,3933,1
3934,1147418973172,1147418973205,1147418973384,3934,1
3935,1147419098269,1147419098302,1147419098480,3935,1
3936,1147419420125,1147419420161,1147419420233,3936,1
3937,1147419420286,1147419420318,1147419420442,3937,1
3938,1147419481696,1147419481728,1147419481778,3938,1
3939,1147419602945,1147419602978,1147419603102,3939,1
3940,1147419727354,1147419727387,1147419727442,3940,1
3941,1147419889920,1147419889954,1147419890108,3941,1
3942,1147419967345,1147419967377,1147419967423,3942,1
3943,1147420098893,1147420098926,1147420099035,3943,1
3944,1147420228360,1147420228394,1147420228442,3944,1
3945,1147420348317,1147420348353,1147420348458,3945,1
3946,1147420473272,1147420473305,1147420473351,3946,1
3947,1147420598234,1147420598265,1147420598368,3947,1
3948,1147420723424,1147420723456,1147420723508,3948,1
3949,1147420848109,1147420848142,1147420848250,3949,1
3950,1147421167789,1147421167824,1147421167914,3950,1
3951,1147421175829,1147421175862,1147421175974,3951,1
3952,1147421222804,1147421222837,1147421222887,3952,1
3953,1147421351041,1147421351074,1147421351197,3953,1
3954,1147421475622,1147421475654,1147421475767,3954,1
3955,1147421599999,1147421600033,1147421600145,3955,1
3956,1147421725155,1147421725187,1147421725234,3956,1
3957,1147421849955,1147421849988,1147421850267,3957,1
3958,1147421979954,1147421979986,1147421980035,3958,1
3959,1147422099943,1147422099975,1147422100024,3959,1
3960,1147422224886,1147422224920,1147422224966,3960,1
3961,1147422349776,1147422349809,1147422349856,3961,1
3962,1147422649738,1147422649774,1147422649822,3962,1
3963,1147422649867,1147422649900,1147422650094,3963,1
3964,1147422725519,1147422725551,1147422725595,3964,1
3965,1147422850505,1147422850539,1147422850592,3965,1
3966,1147422975041,1147422975072,1147422975118,3966,1
3967,1147423100011,1147423100044,1147423100091,3967,1
3968,1147423245706,1147423245739,1147423245927,3968,1
3969,1147423349959,1147423349992,1147423350103,3969,1
3970,1147423530823,1147423530860,1147423530998,3970,1
3971,1147423600429,1147423600461,1147423600573,3971,1
3972,1147423725046,1147423725079,1147423725127,3972,1
3973,1147423850204,1147423850237,1147423850301,3973,1
3974,1147423967259,1147423967291,1147423967337,3974,1
3975,1147424105831,1147424105864,1147424105928,3975,1
3976,1147424223348,1147424223381,1147424223431,3976,1
3977,1147424348222,1147424348255,1147424348313,3977,1
3978,1147424473307,1147424473341,1147424473394,3978,1
3979,1147424598117,1147424598150,1147424598213,3979,1
3980,1147424723214,1147424723247,1147424723292,3980,1
3981,1147424856680,1147424856718,1147424856840,3981,1
3982,1147424973279,1147424973312,1147424973357,3982,1
3983,1147425097215,1147425097248,1147425097319,3983,1
3984,1147425225138,1147425225173,1147425225265,3984,1
3985,1147425349598,1147425349630,1147425349701,3985,1
3986,1147425473237,1147425473269,1147425473313,3986,1
3987,1147425651731,1147425651832,1147425652015,3987,1
3988,1147425723707,1147425723739,1147425723787,3988,1
3989,1147425848231,1147425848263,1147425848444,3989,1
3990,1147425973356,1147425973390,1147425973438,3990,1
3991,1147426098282,1147426098315,1147426098367,3991,1
3992,1147426223170,1147426223204,1147426223250,3992,1
3993,1147426348320,1147426348353,1147426348396,3993,1
3994,1147426473355,1147426473387,1147426473438,3994,1
3995,1147426598239,1147426598270,1147426598322,3995,1
3996,1147426723181,1147426723214,1147426723259,3996,1
3997,1147426848202,1147426848235,1147426848285,3997,1
3998,1147426973310,1147426973342,1147426973392,3998,1
3999,1147427098322,1147427098355,1147427098405,3999,1
4000,1147427223263,1147427223295,1147427223345,4000,1
4001,1147427348361,1147427348392,1147427348574,4001,1
4002,1147427531126,1147427531163,1147427531350,4002,1
4003,1147427598879,1147427598911,1147427599022,4003,1
4004,1147427722820,1147427722853,1147427722897,4004,1
4005,1147427868244,1147427868280,1147427868430,4005,1
4006,1147427967568,1147427967601,1147427967653,4006,1
4007,1147428105008,1147428105041,1147428105143,4007,1
4008,1147428223310,1147428223342,1147428223390,4008,1
4009,1147428348213,1147428348245,1147428348360,4009,1
4010,1147428473354,1147428473386,1147428473433,4010,1
4011,1147428598140,1147428598173,1147428598285,4011,1
4012,1147428723236,1147428723270,1147428723314,4012,1
4013,1147428848198,1147428848230,1147428848348,4013,1
4014,1147428973192,1147428973224,1147428973274,4014,1
4015,1147429098365,1147429098398,1147429098510,4015,1
4016,1147429222369,1147429222403,1147429222447,4016,1
4017,1147429351101,1147429351133,1147429351254,4017,1
4018,1147429475171,1147429475203,1147429475255,4018,1
4019,1147429599998,1147429600030,1147429600111,4019,1
4020,1147429776605,1147429776707,1147429776881,4020,1
4021,1147429850320,1147429850358,1147429850438,4021,1
4022,1147429980753,1147429980789,1147429980843,4022,1
4023,1147430100361,1147430100396,1147430100508,4023,1
4024,1147430225164,1147430225197,1147430225244,4024,1
4025,1147430350107,1147430350140,1147430350217,4025,1
4026,1147430475163,1147430475195,1147430475245,4026,1
4027,1147430599912,1147430599946,1147430600064,4027,1
4028,1147430724940,1147430724974,1147430725020,4028,1
4029,1147430850020,1147430850052,1147430850126,4029,1
4030,1147430974960,1147430974993,1147430975040,4030,1
4031,1147431099950,1147431099983,1147431100034,4031,1
4032,1147431225103,1147431225136,1147431225190,4032,1
4033,1147431350043,1147431350076,1147431350122,4033,1
4034,1147431475026,1147431475059,1147431475224,4034,1
4035,1147431599916,1147431599949,1147431600109,4035,1
4036,1147431725195,1147431725228,1147431725273,4036,1
4037,1147431850016,1147431850051,1147431850158,4037,1
4038,1147431967364,1147431967396,1147431967442,4038,1
4039,1147432105098,1147432105134,1147432105252,4039,1
4040,1147432223427,1147432223459,1147432223506,4040,1
4041,1147432348416,1147432348449,1147432348502,4041,1
4042,1147432473259,1147432473292,1147432473343,4042,1
4043,1147432598273,1147432598305,1147432598353,4043,1
4044,1147432723244,1147432723277,1147432723325,4044,1
4045,1147432848208,1147432848241,1147432848295,4045,1
4046,1147432973329,1147432973360,1147432973414,4046,1
4047,1147433098228,1147433098261,1147433098307,4047,1
4048,1147433222857,1147433222964,1147433223016,4048,1
4049,1147433351057,1147433351093,1147433351146,4049,1
4050,1147433474920,1147433474954,1147433474999,4050,1
4051,1147433599815,1147433599852,1147433599900,4051,1
4052,1147433724697,1147433724730,1147433724780,4052,1
4053,1147433849756,1147433849790,1147433849837,4053,1
4054,1147433974722,1147433974755,1147433974871,4054,1
4055,1147434099725,1147434099761,1147434099812,4055,1
4056,1147434224767,1147434224803,1147434224847,4056,1
4057,1147434350113,1147434350145,1147434350192,4057,1
4058,1147434475169,1147434475202,1147434475248,4058,1
4059,1147434599691,1147434599724,1147434599772,4059,1
4060,1147434724554,1147434724587,1147434724638,4060,1
4061,1147434850118,1147434850150,1147434850203,4061,1
4062,1147434974961,1147434974994,1147434975043,4062,1
4063,1147435100068,1147435100100,1147435100152,4063,1
4064,1147435224986,1147435225019,1147435225068,4064,1
4065,1147435350070,1147435350103,1147435350154,4065,1
4066,1147435475192,1147435475225,1147435475274,4066,1
4067,1147435599982,1147435600015,1147435600066,4067,1
4068,1147435745623,1147435745658,1147435745830,4068,1
4069,1147435849941,1147435849975,1147435850089,4069,1
4070,1147435967236,1147435967269,1147435967317,4070,1
4071,1147436105111,1147436105143,1147436105266,4071,1
4072,1147436223314,1147436223347,1147436223395,4072,1
4073,1147436348428,1147436348461,1147436348539,4073,1
4074,1147436473445,1147436473478,1147436473531,4074,1
4075,1147436598262,1147436598294,1147436598416,4075,1
4076,1147436723203,1147436723235,1147436723285,4076,1
4077,1147436847335,1147436847368,1147436847484,4077,1
4078,1147437125023,1147437125058,1147437125171,4078,1
4079,1147437125236,1147437125268,1147437125364,4079,1
4080,1147437228109,1147437228142,1147437228195,4080,1
4081,1147437354652,1147437354685,1147437354797,4081,1
4082,1147437479982,1147437480014,1147437480065,4082,1
4083,1147437604110,1147437604145,1147437604224,4083,1
4084,1147437730172,1147437730204,1147437730259,4084,1
4085,1147437848349,1147437848381,1147437848576,4085,1
4086,1147437973089,1147437973121,1147437973170,4086,1
4087,1147438098468,1147438098504,1147438098621,4087,1
4088,1147438223287,1147438223319,1147438223365,4088,1
4089,1147438348293,1147438348326,1147438348379,4089,1
4090,1147438473289,1147438473323,1147438473370,4090,1
4091,1147438598277,1147438598310,1147438598358,4091,1
4092,1147438723186,1147438723219,1147438723269,4092,1
4093,1147438848322,1147438848353,1147438848403,4093,1
4094,1147438973190,1147438973222,1147438973270,4094,1
4095,1147439098246,1147439098279,1147439098327,4095,1
4096,1147439223275,1147439223307,1147439223352,4096,1
4097,1147439382811,1147439382846,1147439382991,4097,1
4098,1147439552245,1147439552281,1147439552372,4098,1
4099,1147439632295,1147439632329,1147439632382,4099,1
4100,1147439730048,1147439730084,1147439730137,4100,1
4101,1147439869596,1147439869628,1147439869803,4101,1
4102,1147439970879,1147439970911,1147439971031,4102,1
4103,1147440181328,1147440181446,1147440181559,4103,1
4104,1147440226601,1147440226633,1147440226684,4104,1
4105,1147440404335,1147440404370,1147440404431,4105,1
4106,1147440504619,1147440504650,1147440504705,4106,1
4107,1147440619632,1147440619664,1147440619732,4107,1
4108,1147440738184,1147440738227,1147440738280,4108,1
4109,1147440857629,1147440857663,1147440857800,4109,1
4110,1147441092584,1147441092628,1147441092687,4110,1
4111,1147441093032,1147441093068,1147441093133,4111,1
4112,1147441252998,1147441253033,1147441253083,4112,1
4113,1147441365378,1147441365413,1147441365483,4113,1
4114,1147441481098,1147441481130,1147441481178,4114,1
4115,1147441605867,1147441605900,1147441605973,4115,1
4116,1147441730181,1147441730212,1147441730261,4116,1
4117,1147441849706,1147441849737,1147441849978,4117,1
4118,1147442249503,1147442249534,1147442249742,4118,1
4119,1147442249930,1147442249962,1147442250023,4119,1
4120,1147442250056,1147442250087,1147442250127,4120,1
4121,1147442357109,1147442357144,1147442357282,4121,1
4122,1147442479682,1147442479716,1147442479767,4122,1
4123,1147442604346,1147442604380,1147442604447,4123,1
4124,1147442818727,1147442818763,1147442818866,4124,1
4125,1147442850758,1147442850788,1147442850857,4125,1
4126,1147442979102,1147442979134,1147442979183,4126,1
4127,1147443099701,1147443099734,1147443099803,4127,1
4128,1147443224190,1147443224222,1147443224264,4128,1
4129,1147443349270,1147443349301,1147443349368,4129,1
4130,1147443532592,1147443532626,1147443532676,4130,1
4131,1147443599416,1147443599447,1147443599514,4131,1
4132,1147443723702,1147443723734,1147443723777,4132,1
4133,1147443867346,1147443867379,1147443867455,4133,1
4134,1147444057511,1147444057617,1147444057918,4134,1
4135,1147444105984,1147444106016,1147444106187,4135,1
4136,1147444224146,1147444224177,1147444224225,4136,1
4137,1147444356931,1147444356965,1147444357136,4137,1
4138,1147444473281,1147444473312,1147444473357,4138,1
4139,1147444598947,1147444598980,1147444599088,4139,1
4140,1147444723889,1147444723922,1147444723964,4140,1
4141,1147444848658,1147444848692,1147444848805,4141,1
4142,1147444973515,1147444973548,1147444973591,4142,1
4143,1147445097818,1147445097852,1147445097960,4143,1
4144,1147445246634,1147445246670,1147445246762,4144,1
4145,1147445349745,1147445349777,1147445349914,4145,1
4146,1147445473191,1147445473224,1147445473275,4146,1
4147,1147445598196,1147445598229,1147445598358,4147,1
4148,1147445723144,1147445723177,1147445723227,4148,1
4149,1147445848440,1147445848472,1147445848732,4149,1
4150,1147445973370,1147445973402,1147445973455,4150,1
4151,1147446098095,1147446098128,1147446098245,4151,1
4152,1147446223221,1147446223253,1147446223306,4152,1
4153,1147446348072,1147446348105,1147446348355,4153,1
4154,1147446473254,1147446473287,1147446473341,4154,1
4155,1147446597159,1147446597192,1147446597269,4155,1
4156,1147446732452,1147446732488,1147446732578,4156,1
4157,1147446850051,1147446850084,1147446850163,4157,1
4158,1147446974942,1147446974977,1147446975027,4158,1
4159,1147447100034,1147447100070,1147447100327,4159,1
4160,1147447224967,1147447225000,1147447225045,4160,1
4161,1147447349888,1147447349921,1147447349997,4161,1
4162,1147447474938,1147447474972,1147447475022,4162,1
4163,1147447600431,1147447600463,1147447600596,4163,1
4164,1147447724874,1147447724906,1147447724953,4164,1
4165,1147447849863,1147447849900,1147447849970,4165,1
4166,1147447967410,1147447967443,1147447967489,4166,1
4167,1147448177274,1147448177376,1147448177481,4167,1
4168,1147448260598,1147448260634,1147448260723,4168,1
4169,1147448354155,1147448354191,1147448354262,4169,1
4170,1147448473194,1147448473227,1147448473275,4170,1
4171,1147448598196,1147448598231,1147448598303,4171,1
4172,1147448723352,1147448723384,1147448723431,4172,1
4173,1147448848346,1147448848379,1147448848443,4173,1
4174,1147448973596,1147448973629,1147448973678,4174,1
4175,1147449101382,1147449101420,1147449101530,4175,1
4176,1147449222400,1147449222433,1147449222487,4176,1
4177,1147449348531,1147449348566,1147449348742,4177,1
4178,1147449660600,1147449660648,1147449660777,4178,1
4179,1147449660867,1147449660900,1147449661012,4179,1
4180,1147449722426,1147449722459,1147449722513,4180,1
4181,1147449850890,1147449850926,1147449851038,4181,1
4182,1147449973659,1147449973691,1147449973737,4182,1
4183,1147450098797,1147450098836,1147450098914,4183,1
4184,1147450229789,1147450229824,1147450229877,4184,1
4185,1147450348225,1147450348258,1147450348329,4185,1
4186,1147450473198,1147450473231,1147450473278,4186,1
4187,1147450598539,1147450598572,1147450598705,4187,1
4188,1147450723361,1147450723394,1147450723442,4188,1
4189,1147450848307,1147450848340,1147450848400,4189,1
4190,1147450973360,1147450973393,1147450973445,4190,1
4191,1147451098746,1147451098780,1147451098843,4191,1
4192,1147451223348,1147451223381,1147451223428,4192,1
4193,1147451348239,1147451348271,1147451348332,4193,1
4194,1147451472386,1147451472418,1147451472469,4194,1
4195,1147451623154,1147451623186,1147451623316,4195,1
4196,1147451724993,1147451725029,1147451725079,4196,1
4197,1147451850072,1147451850106,1147451850186,4197,1
4198,1147451967410,1147451967442,1147451967494,4198,1
4199,1147452192160,1147452192260,1147452192339,4199,1
4200,1147452222721,1147452222754,1147452222808,4200,1
4201,1147452355156,1147452355191,1147452355440,4201,1
4202,1147452492054,1147452492087,1147452492235,4202,1
4203,1147452597575,1147452597607,1147452597727,4203,1
4204,1147452983569,1147452983630,1147452983778,4204,1
4205,1147452983846,1147452983878,1147452983978,4205,1
4206,1147452992003,1147452992035,1147452992083,4206,1
4207,1147453104205,1147453104241,1147453104343,4207,1
4208,1147453227397,1147453227429,1147453227482,4208,1
4209,1147453355647,1147453355680,1147453355789,4209,1
4210,1147453508490,1147453508525,1147453508616,4210,1
4211,1147453598341,1147453598378,1147453598483,4211,1
4212,1147453728657,1147453728693,1147453728746,4212,1
4213,1147453848177,1147453848210,1147453848459,4213,1
4214,1147453973088,1147453973121,1147453973170,4214,1
4215,1147454098045,1147454098078,1147454098254,4215,1
4216,1147454223248,1147454223282,1147454223328,4216,1
4217,1147454348412,1147454348444,1147454348634,4217,1
4218,1147454473139,1147454473172,1147454473219,4218,1
4219,1147454598103,1147454598135,1147454598216,4219,1
4220,1147454722481,1147454722513,1147454722567,4220,1
4221,1147454855735,1147454855771,1147454856056,4221,1
4222,1147454973411,1147454973444,1147454973494,4222,1
4223,1147455098256,1147455098289,1147455098362,4223,1
4224,1147455223407,1147455223444,1147455223491,4224,1
4225,1147455348467,1147455348500,1147455348549,4225,1
4226,1147455549865,1147455549900,1147455549990,4226,1
4227,1147455598692,1147455598724,1147455598777,4227,1
4228,1147455722486,1147455722520,1147455722569,4228,1
4229,1147456036690,1147456036797,1147456036945,4229,1
4230,1147456037010,1147456037043,1147456037084,4230,1
4231,1147456143345,1147456143378,1147456143697,4231,1
4232,1147456228966,1147456229003,1147456229056,4232,1
4233,1147456353649,1147456353681,1147456353757,4233,1
4234,1147456478473,1147456478510,1147456478699,4234,1
4235,1147456598274,1147456598309,1147456598487,4235,1
4236,1147456728864,1147456728901,1147456728950,4236,1
4237,1147456848533,1147456848568,1147456848618,4237,1
4238,1147456973236,1147456973268,1147456973320,4238,1
4239,1147457098129,1147457098166,1147457098212,4239,1
4240,1147457222294,1147457222326,1147457222376,4240,1
4241,1147457348521,1147457348555,1147457348606,4241,1
4242,1147457472864,1147457472896,1147457472943,4242,1
4243,1147457597966,1147457597999,1147457598047,4243,1
4244,1147457722851,1147457722884,1147457722929,4244,1
4245,1147457846821,1147457846853,1147457846903,4245,1
4246,1147458062055,1147458062090,1147458062205,4246,1
4247,1147458097838,1147458097870,1147458097914,4247,1
4248,1147458222829,1147458222860,1147458222903,4248,1
4249,1147458347933,1147458347965,1147458348014,4249,1
4250,1147458472929,1147458472962,1147458473006,4250,1
4251,1147458597759,1147458597791,1147458597837,4251,1
4252,1147458722831,1147458722863,1147458722907,4252,1
4253,1147458847671,1147458847703,1147458847752,4253,1
4254,1147458972970,1147458973002,1147458973116,4254,1
4255,1147459097733,1147459097766,1147459097812,4255,1
4256,1147459222808,1147459222841,1147459222886,4256,1
4257,1147459348045,1147459348076,1147459348134,4257,1
4258,1147459537568,1147459537602,1147459537691,4258,1
4259,1147459598366,1147459598398,1147459598565,4259,1
4260,1147459721920,1147459721952,1147459721999,4260,1
4261,1147459894480,1147459894516,1147459894636,4261,1
4262,1147459966330,1147459966362,1147459966411,4262,1
4263,1147460146381,1147460146487,1147460146706,4263,1
4264,1147460222982,1147460223015,1147460223059,4264,1
4265,1147460359699,1147460359734,1147460359844,4265,1
4266,1147460493335,1147460493370,1147460493422,4266,1
4267,1147460597967,1147460598002,1147460598255,4267,1
4268,1147460737337,1147460737373,1147460737491,4268,1
4269,1147460848468,1147460848500,1147460848551,4269,1
4270,1147460973386,1147460973419,1147460973471,4270,1
4271,1147461097339,1147461097371,1147461097422,4271,1
4272,1147461237092,1147461237127,1147461237216,4272,1
4273,1147461349517,1147461349552,1147461349628,4273,1
4274,1147461473262,1147461473294,1147461473347,4274,1
4275,1147461598433,1147461598469,1147461598660,4275,1
4276,1147461723223,1147461723255,1147461723311,4276,1
4277,1147461848177,1147461848209,1147461848379,4277,1
4278,1147461972336,1147461972368,1147461972420,4278,1
4279,1147462105991,1147462106027,1147462106140,4279,1
4280,1147462222539,1147462222571,1147462222624,4280,1
4281,1147462392945,1147462392981,1147462393222,4281,1
4282,1147462473631,1147462473664,1147462473709,4282,1
4283,1147462598324,1147462598356,1147462598562,4283,1
4284,1147462723223,1147462723256,1147462723303,4284,1
4285,1147462848294,1147462848330,1147462848379,4285,1
4286,1147462973373,1147462973406,1147462973453,4286,1
4287,1147463098470,1147463098503,1147463098617,4287,1
4288,1147463223157,1147463223189,1147463223240,4288,1
4289,1147463348213,1147463348248,1147463348292,4289,1
4290,1147463514818,1147463514856,1147463514947,4290,1
4291,1147463600503,1147463600535,1147463600587,4291,1
4292,1147463725232,1147463725264,1147463725318,4292,1
4293,1147463850035,1147463850068,1147463850121,4293,1
4294,1147463967292,1147463967325,1147463967380,4294,1
4295,1147465471291,1147465471426,1147465471784,4295,1
4296,1147465472124,1147465472267,1147465472308,4296,1
4297,1147465472340,1147465472478,1147465472577,4297,1
4298,1147465472608,1147465472642,1147465472683,4298,1
4299,1147465472849,1147465472883,1147465472987,4299,1
4300,1147465473019,1147465473143,1147465473184,4300,1
4301,1147465473217,1147465473350,1147465473470,4301,1
4302,1147465473503,1147465473535,1147465473576,4302,1
4303,1147465473750,1147465473783,1147465473907,4303,1
4304,1147465473940,1147465473973,1147465474015,4304,1
4305,1147465474047,1147465474081,1147465474189,4305,1
4306,1147465474222,1147465474254,1147465474296,4306,1
4307,1147465601472,1147465601505,1147465601620,4307,1
4308,1147465723578,1147465723611,1147465723663,4308,1
4309,1147465848686,1147465848719,1147465849022,4309,1
4310,1147465972549,1147465972583,1147465972625,4310,1
4311,1147466110602,1147466110638,1147466110806,4311,1
4312,1147466224704,1147466224740,1147466224792,4312,1
4313,1147466350076,1147466350112,1147466350176,4313,1
4314,1147466475086,1147466475119,1147466475171,4314,1
4315,1147466600074,1147466600107,1147466600172,4315,1
4316,1147466724849,1147466724882,1147466724935,4316,1
4317,1147466850251,1147466850283,1147466850471,4317,1
4318,1147466975243,1147466975278,1147466975332,4318,1
4319,1147467100092,1147467100124,1147467100311,4319,1
4320,1147467225110,1147467225142,1147467225196,4320,1
4321,1147467350612,1147467350645,1147467350764,4321,1
4322,1147467815589,1147467815643,1147467815742,4322,1
4323,1147467815818,1147467815851,1147467816013,4323,1
4324,1147467816045,1147467816089,1147467816131,4324,1
4325,1147467856583,1147467856615,1147467856690,4325,1
4326,1147467972080,1147467972113,1147467972163,4326,1
4327,1147468109202,1147468109304,1147468109483,4327,1
4328,1147468232019,1147468232056,1147468232104,4328,1
4329,1147468351539,1147468351571,1147468351761,4329,1
4330,1147468654357,1147468654390,1147468654517,4330,1
4331,1147468654604,1147468654637,1147468654825,4331,1
4332,1147468726969,1147468727004,1147468727057,4332,1
4333,1147468949040,1147468949075,1147468949285,4333,1
4334,1147468975792,1147468975827,1147468975876,4334,1
4335,1147469099798,1147469099834,1147469100023,4335,1
4336,1147469266495,1147469266531,1147469266622,4336,1
4337,1147470690089,1147470690180,1147470690460,4337,1
4338,1147470701874,1147470701909,1147470701953,4338,1
4339,1147470702016,1147470702049,1147470702125,4339,1
4340,1147470702158,1147470702335,1147470702377,4340,1
4341,1147470702410,1147470702556,1147470702842,4341,1
4342,1147470702875,1147470702909,1147470702949,4342,1
4343,1147470703107,1147470703139,1147470703211,4343,1
4344,1147470703244,1147470703365,1147470703406,4344,1
4345,1147470703439,1147470703479,1147470703676,4345,1
4346,1147470703707,1147470703739,1147470703781,4346,1
4347,1147470703840,1147470703872,1147470704059,4347,1
4348,1147470728642,1147470728674,1147470728731,4348,1
4349,1147470852830,1147470852863,1147470853042,4349,1
4350,1147470973592,1147470973623,1147470973678,4350,1
4351,1147472193910,1147472193983,1147472194451,4351,1
4352,1147472194553,1147472194690,1147472194731,4352,1
4353,1147472198720,1147472198751,1147472198947,4353,1
4354,1147472198979,1147472199010,1147472199051,4354,1
4355,1147472199081,1147472199113,1147472199319,4355,1
4356,1147472199350,1147472199381,1147472199421,4356,1
4357,1147472199453,1147472199483,1147472199671,4357,1
4358,1147472199701,1147472199734,1147472199774,4358,1
4359,1147472199804,1147472199835,1147472200018,4359,1
4360,1147472227006,1147472227041,1147472227092,4360,1
4361,1147472356752,1147472356787,1147472356950,4361,1
4362,1147472480100,1147472480132,1147472480184,4362,1
4363,1147472604260,1147472604366,1147472604526,4363,1
4364,1147472727362,1147472727397,1147472727450,4364,1
4365,1147472852560,1147472852594,1147472852783,4365,1
4366,1147472972986,1147472973020,1147472973072,4366,1
4367,1147473097205,1147473097241,1147473097423,4367,1
4368,1147473263889,1147473263924,1147473264153,4368,1
4369,1147473348955,1147473348990,1147473349174,4369,1
4370,1147473473218,1147473473248,1147473473297,4370,1
4371,1147473597952,1147473597983,1147473598095,4371,1
4372,1147473722784,1147473722817,1147473722866,4372,1
4373,1147473846827,1147473846859,1147473846963,4373,1
4374,1147473981594,1147473981629,1147473981716,4374,1
4375,1147474097899,1147474097929,1147474098127,4375,1
4376,1147474223145,1147474223180,1147474223224,4376,1
4377,1147474347754,1147474347786,1147474347950,4377,1
4378,1147474472792,1147474472823,1147474472870,4378,1
4379,1147474597793,1147474597826,1147474597980,4379,1
4380,1147474722913,1147474722945,1147474722991,4380,1
4381,1147474847707,1147474847740,1147474847917,4381,1
4382,1147474972737,1147474972770,1147474972816,4382,1
4383,1147475097761,1147475097796,1147475097859,4383,1
4384,1147475222984,1147475223019,1147475223063,4384,1
4385,1147475351083,1147475351125,1147475351174,4385,1
4386,1147475479377,1147475479413,1147475479458,4386,1
4387,1147475597955,1147475597989,1147475598036,4387,1
4388,1147475734192,1147475734224,1147475734335,4388,1
4389,1147475869071,1147475869106,1147475869196,4389,1
4390,1147475967497,1147475967529,1147475967580,4390,1
4391,1147476197517,1147476197624,1147476197817,4391,1
4392,1147476223346,1147476223378,1147476223430,4392,1
4393,1147476374176,1147476374211,1147476374288,4393,1
4394,1147476478411,1147476478445,1147476478493,4394,1
4395,1147476627028,1147476627062,1147476627145,4395,1
4396,1147476727273,1147476727309,1147476727361,4396,1
4397,1147476986306,1147476986343,1147476986486,4397,1
4398,1147477008449,1147477008484,1147477008540,4398,1
4399,1147477117545,1147477117578,1147477117657,4399,1
4400,1147478253565,1147478253651,1147478254056,4400,1
4401,1147478254304,1147478254337,1147478254447,4401,1
4402,1147478254479,1147478254511,1147478254553,4402,1
4403,1147478254615,1147478254647,1147478254751,4403,1
4404,1147478254782,1147478254828,1147478254869,4404,1
4405,1147478254901,1147478255042,1147478255215,4405,1
4406,1147478255247,1147478255279,1147478255320,4406,1
4407,1147478255368,1147478255401,1147478255562,4407,1
4408,1147478255594,1147478255626,1147478255667,4408,1
4409,1147478353853,1147478353888,1147478354080,4409,1
4410,1147478476574,1147478476610,1147478476665,4410,1
4411,1147478600202,1147478600237,1147478600450,4411,1
4412,1147478758584,1147478758620,1147478758709,4412,1
4413,1147478851171,1147478851204,1147478851413,4413,1
4414,1147478975462,1147478975495,1147478975548,4414,1
4415,1147479100083,1147479100116,1147479100288,4415,1
4416,1147479224665,1147479224699,1147479224749,4416,1
4417,1147479349781,1147479349815,1147479350020,4417,1
4418,1147479474703,1147479474736,1147479474785,4418,1
4419,1147479599108,1147479599141,1147479599336,4419,1
4420,1147479723211,1147479723244,1147479723293,4420,1
4421,1147479875012,1147479875049,1147479875351,4421,1
4422,1147479968484,1147479968517,1147479968566,4422,1
4423,1147480106971,1147480107076,1147480107271,4423,1
4424,1147480223920,1147480223957,1147480224005,4424,1
4425,1147480348454,1147480348489,1147480348560,4425,1
4426,1147480473807,1147480473843,1147480473891,4426,1
4427,1147480597616,1147480597653,1147480597721,4427,1
4428,1147480764152,1147480764188,1147480764277,4428,1
4429,1147480848980,1147480849013,1147480849072,4429,1
4430,1147480973303,1147480973337,1147480973384,4430,1
4431,1147481097504,1147481097537,1147481097734,4431,1
4432,1147481254826,1147481254864,1147481254952,4432,1
4433,1147481349190,1147481349226,1147481349396,4433,1
4434,1147481473410,1147481473442,1147481473492,4434,1
4435,1147481598451,1147481598483,1147481598654,4435,1
4436,1147481723535,1147481723570,1147481723688,4436,1
4437,1147481847277,1147481847308,1147481847427,4437,1
4438,1147481984577,1147481984612,1147481984704,4438,1
4439,1147482100331,1147482100364,1147482100477,4439,1
4440,1147482224947,1147482224980,1147482225023,4440,1
4441,1147482349964,1147482349997,1147482350117,4441,1
4442,1147482475303,1147482475336,1147482475388,4442,1
4443,1147482600324,1147482600356,1147482600469,4443,1
4444,1147482724975,1147482725008,1147482725055,4444,1
4445,1147482850036,1147482850069,1147482850173,4445,1
4446,1147482974962,1147482974994,1147482975045,4446,1
4447,1147483099842,1147483099875,1147483099922,4447,1
4448,1147483224967,1147483225002,1147483225047,4448,1
4449,1147483349989,1147483350023,1147483350070,4449,1
4450,1147483475154,1147483475186,1147483475241,4450,1
4451,1147483600039,1147483600071,1147483600119,4451,1
4452,1147483725025,1147483725059,1147483725106,4452,1
4453,1147483849958,1147483849990,1147483850037,4453,1
4454,1147483967708,1147483967741,1147483967858,4454,1
4455,1147484104713,1147484104747,1147484104797,4455,1
4456,1147484223387,1147484223420,1147484223464,4456,1
4457,1147484348184,1147484348217,1147484348264,4457,1
4458,1147484473247,1147484473280,1147484473326,4458,1
4459,1147484598323,1147484598355,1147484598406,4459,1
4460,1147484723265,1147484723297,1147484723345,4460,1
4461,1147484848217,1147484848253,1147484848299,4461,1
4462,1147484973282,1147484973315,1147484973363,4462,1
4463,1147485097408,1147485097440,1147485097494,4463,1
4464,1147485258702,1147485258739,1147485258828,4464,1
4465,1147485350775,1147485350811,1147485350864,4465,1
4466,1147485474769,1147485474802,1147485474847,4466,1
4467,1147485599675,1147485599708,1147485599756,4467,1
4468,1147485725543,1147485725576,1147485725739,4468,1
4469,1147485850023,1147485850056,1147485850302,4469,1
4470,1147485974686,1147485974718,1147485974765,4470,1
4471,1147486099529,1147486099562,1147486099681,4471,1
4472,1147486284628,1147486284664,1147486284712,4472,1
4473,1147486350668,1147486350701,1147486350875,4473,1
4474,1147486474611,1147486474644,1147486474694,4474,1
4475,1147486599647,1147486599680,1147486599749,4475,1
4476,1147486724868,1147486724901,1147486724955,4476,1
4477,1147486850137,1147486850170,1147486850343,4477,1
4478,1147486975250,1147486975284,1147486975330,4478,1
4479,1147487099821,1147487099854,1147487100032,4479,1
4480,1147487224886,1147487224917,1147487224973,4480,1
4481,1147487350176,1147487350208,1147487350450,4481,1
4482,1147487474626,1147487474657,1147487474703,4482,1
4483,1147487599352,1147487599383,1147487599433,4483,1
4484,1147487724456,1147487724489,1147487724538,4484,1
4485,1147487856343,1147487856377,1147487856429,4485,1
4486,1147487967012,1147487967042,1147487967091,4486,1
4487,1147488105148,1147488105254,1147488105371,4487,1
4488,1147488222851,1147488222883,1147488222932,4488,1
4489,1147488347740,1147488347772,1147488347816,4489,1
4490,1147488472785,1147488472817,1147488472859,4490,1
4491,1147488597743,1147488597774,1147488597821,4491,1
4492,1147488722650,1147488722682,1147488722727,4492,1
4493,1147488848055,1147488848086,1147488848133,4493,1
4494,1147488977899,1147488977934,1147488977986,4494,1
4495,1147489097025,1147489097057,1147489097107,4495,1
4496,1147489275831,1147489275861,1147489275973,4496,1
4497,1147489350419,1147489350455,1147489350502,4497,1
4498,1147489474469,1147489474502,1147489474550,4498,1
4499,1147489599419,1147489599450,1147489599499,4499,1
4500,1147489724474,1147489724505,1147489724557,4500,1
4501,1147489868606,1147489868638,1147489868831,4501,1
4502,1147489977960,1147489978003,1147489978057,4502,1
4503,1147490100404,1147490100439,1147490100601,4503,1
4504,1147490222957,1147490222989,1147490223036,4504,1
4505,1147490347726,1147490347758,1147490347866,4505,1
4506,1147490472721,1147490472755,1147490472796,4506,1
4507,1147490597795,1147490597826,1147490597944,4507,1
4508,1147490722671,1147490722704,1147490722755,4508,1
4509,1147490847720,1147490847753,1147490847864,4509,1
4510,1147490972828,1147490972860,1147490972909,4510,1
4511,1147491097797,1147491097828,1147491097927,4511,1
4512,1147491222762,1147491222794,1147491222846,4512,1
4513,1147491347742,1147491347774,1147491347877,4513,1
4514,1147491472752,1147491472783,1147491472828,4514,1
4515,1147491597769,1147491597800,1147491597848,4515,1
4516,1147491721835,1147491721867,1147491721920,4516,1
4517,1147491866949,1147491866981,1147491867068,4517,1
4518,1147491967376,1147491967408,1147491967460,4518,1
4519,1147492104461,1147492104565,1147492104609,4519,1
4520,1147492223033,1147492223066,1147492223112,4520,1
4521,1147492348132,1147492348163,1147492348279,4521,1
4522,1147492472899,1147492472930,1147492472983,4522,1
4523,1147492598396,1147492598428,1147492598477,4523,1
4524,1147492723344,1147492723377,1147492723420,4524,1
4525,1147492848207,1147492848240,1147492848284,4525,1
4526,1147492973457,1147492973490,1147492973543,4526,1
4527,1147493097446,1147493097478,1147493097589,4527,1
4528,1147493282225,1147493282258,1147493282348,4528,1
4529,1147493351380,1147493351412,1147493351536,4529,1
4530,1147493475336,1147493475370,1147493475421,4530,1
4531,1147493600212,1147493600244,1147493600350,4531,1
4532,1147493725102,1147493725135,1147493725188,4532,1
4533,1147493849899,1147493849931,1147493849979,4533,1
4534,1147493974833,1147493974865,1147493975030,4534,1
4535,1147494100342,1147494100374,1147494100543,4535,1
4536,1147494224981,1147494225014,1147494225067,4536,1
4537,1147494349970,1147494350002,1147494350100,4537,1
4538,1147494474984,1147494475017,1147494475063,4538,1
4539,1147494599985,1147494600019,1147494600123,4539,1
4540,1147494724937,1147494724970,1147494725023,4540,1
4541,1147494849974,1147494850007,1147494850060,4541,1
4542,1147494975033,1147494975066,1147494975118,4542,1
4543,1147495100226,1147495100259,1147495100305,4543,1
4544,1147495225023,1147495225055,1147495225109,4544,1
4545,1147495349932,1147495349965,1147495350012,4545,1
4546,1147495475139,1147495475171,1147495475218,4546,1
4547,1147495599936,1147495599968,1147495600018,4547,1
4548,1147495724956,1147495724989,1147495725042,4548,1
4549,1147495849925,1147495849959,1147495850008,4549,1
4550,1147495967177,1147495967209,1147495967258,4550,1
4551,1147496104753,1147496104785,1147496104832,4551,1
4552,1147496223292,1147496223324,1147496223375,4552,1
4553,1147496348436,1147496348469,1147496348522,4553,1
4554,1147496473589,1147496473694,1147496473809,4554,1
4555,1147496598102,1147496598134,1147496598180,4555,1
4556,1147496723204,1147496723237,1147496723286,4556,1
4557,1147496848226,1147496848258,1147496848312,4557,1
4558,1147496973332,1147496973364,1147496973417,4558,1
4559,1147497098105,1147497098138,1147497098191,4559,1
4560,1147497248906,1147497248940,1147497248988,4560,1
4561,1147497350115,1147497350148,1147497350198,4561,1
4562,1147497473316,1147497473350,1147497473396,4562,1
4563,1147497598341,1147497598375,1147497598561,4563,1
4564,1147497723352,1147497723383,1147497723430,4564,1
4565,1147497848222,1147497848254,1147497848304,4565,1
4566,1147497973304,1147497973337,1147497973381,4566,1
4567,1147498098138,1147498098171,1147498098219,4567,1
4568,1147498239817,1147498239850,1147498240019,4568,1
4569,1147498348226,1147498348258,1147498348370,4569,1
4570,1147498473224,1147498473260,1147498473306,4570,1
4571,1147498598147,1147498598180,1147498598288,4571,1
4572,1147498723216,1147498723250,1147498723297,4572,1
4573,1147498848182,1147498848214,1147498848336,4573,1
4574,1147498973132,1147498973165,1147498973211,4574,1
4575,1147499098368,1147499098401,1147499098448,4575,1
4576,1147499222257,1147499222290,1147499222344,4576,1
4577,1147499355373,1147499355408,1147499355520,4577,1
4578,1147499473831,1147499473864,1147499473907,4578,1
4579,1147499598377,1147499598411,1147499598464,4579,1
4580,1147499722299,1147499722332,1147499722385,4580,1
4581,1147499967883,1147499967928,1147499968041,4581,1
4582,1147499968100,1147499968132,1147499968174,4582,1
4583,1147500109938,1147500109972,1147500110292,4583,1
4584,1147500227270,1147500227302,1147500227355,4584,1
4585,1147500355946,1147500355979,1147500356029,4585,1
4586,1147500480491,1147500480523,1147500480578,4586,1
4587,1147500601745,1147500601850,1147500601965,4587,1
4588,1147500725855,1147500725889,1147500725937,4588,1
4589,1147500850654,1147500850687,1147500850875,4589,1
4590,1147500975065,1147500975098,1147500975147,4590,1
4591,1147501100028,1147501100062,1147501100110,4591,1
4592,1147501240906,1147501240964,1147501241158,4592,1
4593,1147501353221,1147501353254,1147501353327,4593,1
4594,1147501476592,1147501476625,1147501476670,4594,1
4595,1147501601089,1147501601122,1147501601288,4595,1
4596,1147501725917,1147501725949,1147501725996,4596,1
4597,1147501850886,1147501850919,1147501851326,4597,1
4598,1147501975816,1147501975849,1147501975901,4598,1
4599,1147502100523,1147502100555,1147502100603,4599,1
4600,1147502225581,1147502225613,1147502225662,4600,1
4601,1147502350541,1147502350574,1147502350754,4601,1
4602,1147502475676,1147502475710,1147502475829,4602,1
4603,1147502600265,1147502600298,1147502600398,4603,1
4604,1147502725102,1147502725135,1147502725182,4604,1
4605,1147502849523,1147502849554,1147502849602,4605,1
4606,1147502974466,1147502974498,1147502974546,4606,1
4607,1147503099426,1147503099458,1147503099506,4607,1
4608,1147503224507,1147503224539,1147503224588,4608,1
4609,1147503349623,1147503349654,1147503349699,4609,1
4610,1147503474764,1147503474795,1147503474841,4610,1
4611,1147503599589,1147503599621,1147503599672,4611,1
4612,1147503724568,1147503724600,1147503724648,4612,1
4613,1147503865375,1147503865409,1147503865462,4613,1
4614,1147503967330,1147503967361,1147503967413,4614,1
4615,1147504109552,1147504109658,1147504109770,4615,1
4616,1147504223615,1147504223647,1147504223697,4616,1
4617,1147504348306,1147504348339,1147504348385,4617,1
4618,1147504473276,1147504473310,1147504473353,4618,1
4619,1147504598427,1147504598460,1147504598505,4619,1
4620,1147504722472,1147504722504,1147504722555,4620,1
4621,1147504875853,1147504875889,1147504876049,4621,1
4622,1147504973265,1147504973298,1147504973345,4622,1
4623,1147505097244,1147505097277,1147505097329,4623,1
4624,1147505256895,1147505256928,1147505257052,4624,1
4625,1147505350239,1147505350275,1147505350328,4625,1
4626,1147505507786,1147505507819,1147505507955,4626,1
4627,1147505598387,1147505598420,1147505598473,4627,1
4628,1147505723451,1147505723484,1147505723531,4628,1
4629,1147505848258,1147505848290,1147505848334,4629,1
4630,1147505980121,1147505980154,1147505980207,4630,1
4631,1147506170707,1147506170742,1147506170834,4631,1
4632,1147506223399,1147506223435,1147506223485,4632,1
4633,1147506348194,1147506348227,1147506348277,4633,1
4634,1147506473190,1147506473222,1147506473394,4634,1
4635,1147506598803,1147506598836,1147506599009,4635,1
4636,1147506723453,1147506723485,1147506723532,4636,1
4637,1147506848246,1147506848279,1147506848385,4637,1
4638,1147506973079,1147506973111,1147506973166,4638,1
4639,1147507098472,1147507098504,1147507098616,4639,1
4640,1147507223230,1147507223263,1147507223312,4640,1
4641,1147507348153,1147507348185,1147507348303,4641,1
4642,1147507569260,1147507569292,1147507569383,4642,1
4643,1147507600392,1147507600425,1147507600545,4643,1
4644,1147507725231,1147507725265,1147507725311,4644,1
4645,1147507850032,1147507850064,1147507850172,4645,1
4646,1147507967334,1147507967367,1147507967414,4646,1
4647,1147508104955,1147508104992,1147508105098,4647,1
4648,1147508223346,1147508223379,1147508223433,4648,1
4649,1147508348228,1147508348261,1147508348368,4649,1
4650,1147508473309,1147508473342,1147508473387,4650,1
4651,1147508598218,1147508598251,1147508598359,4651,1
4652,1147508723410,1147508723442,1147508723496,4652,1
4653,1147508848263,1147508848296,1147508848407,4653,1
4654,1147508973476,1147508973580,1147508973697,4654,1
4655,1147509097328,1147509097361,1147509097470,4655,1
4656,1147509345466,1147509345502,1147509345591,4656,1
4657,1147509353531,1147509353565,1147509353607,4657,1
4658,1147509473587,1147509473621,1147509473664,4658,1
4659,1147509598192,1147509598224,1147509598273,4659,1
4660,1147509723057,1147509723090,1147509723135,4660,1
4661,1147509913873,1147509913930,1147509914088,4661,1
4662,1147509973611,1147509973645,1147509973698,4662,1
4663,1147510098162,1147510098195,1147510098277,4663,1
4664,1147510223208,1147510223241,1147510223288,4664,1
4665,1147510348222,1147510348254,1147510348339,4665,1
4666,1147510473198,1147510473230,1147510473284,4666,1
4667,1147510598136,1147510598169,1147510598346,4667,1
4668,1147510745777,1147510745813,1147510746009,4668,1
4669,1147510848518,1147510848550,1147510848654,4669,1
4670,1147510973302,1147510973336,1147510973390,4670,1
4671,1147511098207,1147511098239,1147511098289,4671,1
4672,1147511309959,1147511309994,1147511310085,4672,1
4673,1147511348927,1147511348959,1147511349010,4673,1
4674,1147511547766,1147511547814,1147511547915,4674,1
4675,1147511600526,1147511600558,1147511600612,4675,1
4676,1147511725177,1147511725210,1147511725260,4676,1
4677,1147511849976,1147511850008,1147511850059,4677,1
4678,1147511967295,1147511967327,1147511967375,4678,1
4679,1147512105130,1147512105163,1147512105277,4679,1
4680,1147512223276,1147512223309,1147512223363,4680,1
4681,1147512348238,1147512348272,1147512348386,4681,1
4682,1147512473261,1147512473293,1147512473341,4682,1
4683,1147512598412,1147512598445,1147512598569,4683,1
4684,1147512723166,1147512723198,1147512723251,4684,1
4685,1147512848458,1147512848491,1147512848599,4685,1
4686,1147512973718,1147512973751,1147512973801,4686,1
4687,1147513098759,1147513098861,1147513099030,4687,1
4688,1147513249189,1147513249225,1147513249277,4688,1
4689,1147513351737,1147513351769,1147513351884,4689,1
4690,1147513505676,1147513505712,1147513505803,4690,1
4691,1147513598359,1147513598392,1147513598504,4691,1
4692,1147513723477,1147513723509,1147513723556,4692,1
4693,1147513848605,1147513848639,1147513848751,4693,1
4694,1147513972648,1147513972681,1147513972734,4694,1
4695,1147514170818,1147514170852,1147514171025,4695,1
4696,1147514223304,1147514223338,1147514223381,4696,1
4697,1147514348350,1147514348384,1147514348490,4697,1
4698,1147514473289,1147514473321,1147514473375,4698,1
4699,1147514598252,1147514598284,1147514598404,4699,1
4700,1147514766958,1147514766991,1147514767094,4700,1
4701,1147514847669,1147514847704,1147514847871,4701,1
4702,1147514982863,1147514982898,1147514983054,4702,1
4703,1147515098507,1147515098540,1147515098649,4703,1
4704,1147515345687,1147515345724,1147515345815,4704,1
4705,1147515353748,1147515353781,1147515353889,4705,1
4706,1147515520025,1147515520061,1147515520151,4706,1
4707,1147515603509,1147515603541,1147515603649,4707,1
4708,1147515727584,1147515727617,1147515727670,4708,1
4709,1147515878239,1147515878276,1147515878365,4709,1
4710,1147515967370,1147515967402,1147515967449,4710,1
4711,1147516104995,1147516105029,1147516105075,4711,1
4712,1147516227702,1147516227734,1147516227789,4712,1
4713,1147516348234,1147516348267,1147516348320,4713,1
4714,1147516473477,1147516473509,1147516473561,4714,1
4715,1147516618856,1147516618888,1147516618938,4715,1
4716,1147516849154,1147516849190,1147516849282,4716,1
4717,1147516857119,1147516857153,1147516857261,4717,1
4718,1147516973346,1147516973379,1147516973432,4718,1
4719,1147517098266,1147517098298,1147517098401,4719,1
4720,1147517267909,1147517268012,1147517268133,4720,1
4721,1147517349334,1147517349367,1147517349467,4721,1
4722,1147517473315,1147517473348,1147517473396,4722,1
4723,1147517598307,1147517598339,1147517598447,4723,1
4724,1147517723228,1147517723260,1147517723314,4724,1
4725,1147517847295,1147517847327,1147517847597,4725,1
4726,1147518294583,1147518294619,1147518294737,4726,1
4727,1147518294944,1147518294975,1147518295148,4727,1
4728,1147518295180,1147518295213,1147518295254,4728,1
4729,1147518353227,1147518353259,1147518353436,4729,1
4730,1147518475970,1147518476007,1147518476096,4730,1
4731,1147518603369,1147518603403,1147518603473,4731,1
4732,1147518728167,1147518728200,1147518728251,4732,1
4733,1147518853050,1147518853082,1147518853150,4733,1
4734,1147518973169,1147518973202,1147518973376,4734,1
4735,1147519113667,1147519113699,1147519113876,4735,1
4736,1147519223516,1147519223549,1147519223592,4736,1
4737,1147519348444,1147519348478,1147519348586,4737,1
4738,1147519473191,1147519473223,1147519473270,4738,1
4739,1147519598401,1147519598433,1147519598598,4739,1
4740,1147519722442,1147519722474,1147519722527,4740,1
4741,1147519886639,1147519886676,1147519886768,4741,1
4742,1147519974290,1147519974322,1147519974410,4742,1
4743,1147520105009,1147520105043,1147520105096,4743,1
4744,1147520223623,1147520223656,1147520223705,4744,1
4745,1147520348655,1147520348687,1147520348733,4745,1
4746,1147520473267,1147520473299,1147520473347,4746,1
4747,1147520598367,1147520598401,1147520598449,4747,1
4748,1147520723382,1147520723414,1147520723463,4748,1
4749,1147520848295,1147520848329,1147520848500,4749,1
4750,1147520973155,1147520973188,1147520973241,4750,1
4751,1147521098071,1147521098104,1147521098265,4751,1
4752,1147521244534,1147521244566,1147521244620,4752,1
4753,1147521351597,1147521351629,1147521351809,4753,1
4754,1147521475509,1147521475612,1147521475734,4754,1
4755,1147521599974,1147521600005,1147521600196,4755,1
4756,1147521724950,1147521724983,1147521725033,4756,1
4757,1147521849895,1147521849927,1147521850103,4757,1
4758,1147521979983,1147521980015,1147521980065,4758,1
4759,1147522099904,1147522099937,1147522100022,4759,1
4760,1147522225048,1147522225081,1147522225130,4760,1
4761,1147522350115,1147522350149,1147522350233,4761,1
4762,1147522475069,1147522475101,1147522475151,4762,1
4763,1147522600183,1147522600215,1147522600303,4763,1
4764,1147522724920,1147522724952,1147522724998,4764,1
4765,1147522849955,1147522849988,1147522850057,4765,1
4766,1147522974975,1147522975007,1147522975059,4766,1
4767,1147523100281,1147523100313,1147523100513,4767,1
4768,1147523244578,1147523244610,1147523244784,4768,1
4769,1147523349901,1147523349933,1147523350042,4769,1
4770,1147523475084,1147523475118,1147523475166,4770,1
4771,1147523600060,1147523600094,1147523600141,4771,1
4772,1147523725088,1147523725120,1147523725171,4772,1
4773,1147523849947,1147523849979,1147523850027,4773,1
4774,1147523967113,1147523967145,1147523967187,4774,1
4775,1147524104479,1147524104511,1147524104563,4775,1
4776,1147524223549,1147524223582,1147524223631,4776,1
4777,1147524348509,1147524348542,1147524348595,4777,1
4778,1147524472650,1147524472680,1147524472732,4778,1
4779,1147524606916,1147524606951,1147524607044,4779,1
4780,1147524723822,1147524723854,1147524723900,4780,1
4781,1147524854752,1147524854788,1147524854838,4781,1
4782,1147524973404,1147524973437,1147524973490,4782,1
4783,1147525098455,1147525098490,1147525098540,4783,1
4784,1147525264132,1147525264166,1147525264219,4784,1
4785,1147525350066,1147525350099,1147525350153,4785,1
4786,1147525473310,1147525473343,1147525473396,4786,1
4787,1147525598993,1147525599093,1147525599267,4787,1
4788,1147525723259,1147525723292,1147525723344,4788,1
4789,1147525848348,1147525848380,1147525848496,4789,1
4790,1147525972395,1147525972429,1147525972481,4790,1
4791,1147526108409,1147526108446,1147526108599,4791,1
4792,1147526224835,1147526224868,1147526224918,4792,1
4793,1147526349823,1147526349855,1147526349966,4793,1
4794,1147526474815,1147526474848,1147526474895,4794,1
4795,1147526599994,1147526600027,1147526600080,4795,1
4796,1147526724892,1147526724924,1147526724968,4796,1
4797,1147526849839,1147526849872,1147526849919,4797,1
4798,1147526974831,1147526974863,1147526974912,4798,1
4799,1147527099737,1147527099769,1147527099823,4799,1
4800,1147527224645,1147527224678,1147527224730,4800,1
4801,1147527349776,1147527349809,1147527349989,4801,1
4802,1147527476045,1147527476077,1147527476197,4802,1
4803,1147527600029,1147527600062,1147527600176,4803,1
4804,1147527725094,1147527725127,1147527725177,4804,1
4805,1147527867255,1147527867291,1147527867397,4805,1
4806,1147527967344,1147527967376,1147527967427,4806,1
4807,1147528104903,1147528104935,1147528105040,4807,1
4808,1147528223600,1147528223633,1147528223686,4808,1
4809,1147528348261,1147528348294,1147528348392,4809,1
4810,1147528473311,1147528473344,1147528473390,4810,1
4811,1147528598240,1147528598272,1147528598372,4811,1
4812,1147528723280,1147528723312,1147528723362,4812,1
4813,1147528848366,1147528848398,1147528848512,4813,1
4814,1147528973226,1147528973260,1147528973306,4814,1
4815,1147529098412,1147529098445,1147529098496,4815,1
4816,1147529251233,1147529251269,1147529251322,4816,1
4817,1147529351363,1147529351395,1147529351449,4817,1
4818,1147529475013,1147529475046,1147529475094,4818,1
4819,1147529600146,1147529600178,1147529600229,4819,1
4820,1147529725413,1147529725445,1147529725495,4820,1
4821,1147530019023,1147530019139,1147530019318,4821,1
4822,1147530019378,1147530019411,1147530019453,4822,1
4823,1147530137908,1147530137941,1147530137994,4823,1
4824,1147530225243,1147530225276,1147530225319,4824,1
4825,1147530350000,1147530350034,1147530350081,4825,1
4826,1147530475139,1147530475171,1147530475217,4826,1
4827,1147530599928,1147530599961,1147530600008,4827,1
4828,1147530725040,1147530725072,1147530725120,4828,1
4829,1147530850046,1147530850078,1147530850129,4829,1
4830,1147530974977,1147530975011,1147530975054,4830,1
4831,1147531100026,1147531100058,1147531100107,4831,1
4832,1147531225213,1147531225245,1147531225295,4832,1
4833,1147531350218,1147531350250,1147531350456,4833,1
4834,1147531474942,1147531474974,1147531475157,4834,1
4835,1147531600765,1147531600797,1147531600912,4835,1
4836,1147531725126,1147531725158,1147531725203,4836,1
4837,1147531850203,1147531850236,1147531850350,4837,1
4838,1147531967299,1147531967332,1147531967383,4838,1
4839,1147532105071,1147532105103,1147532105212,4839,1
4840,1147532223343,1147532223377,1147532223422,4840,1
4841,1147532348254,1147532348288,1147532348394,4841,1
4842,1147532473410,1147532473444,1147532473490,4842,1
4843,1147532598293,1147532598326,1147532598378,4843,1
4844,1147532723216,1147532723249,1147532723299,4844,1
4845,1147532848472,1147532848504,1147532848552,4845,1
4846,1147532973484,1147532973516,1147532973564,4846,1
4847,1147533098181,1147533098214,1147533098260,4847,1
4848,1147533274130,1147533274163,1147533274211,4848,1
4849,1147533350964,1147533350996,1147533351045,4849,1
4850,1147533475360,1147533475464,1147533475508,4850,1
4851,1147533600139,1147533600171,1147533600218,4851,1
4852,1147533725150,1147533725182,1147533725226,4852,1
4853,1147533849993,1147533850025,1147533850355,4853,1
4854,1147533983871,1147533983915,1147533984060,4854,1
4855,1147534100331,1147534100364,1147534100413,4855,1
4856,1147534225061,1147534225094,1147534225143,4856,1
4857,1147534349982,1147534350017,1147534350066,4857,1
4858,1147534475039,1147534475072,1147534475118,4858,1
4859,1147534600035,1147534600067,1147534600114,4859,1
4860,1147534725120,1147534725152,1147534725197,4860,1
4861,1147534850111,1147534850144,1147534850191,4861,1
4862,1147534975122,1147534975156,1147534975202,4862,1
4863,1147535099964,1147535099997,1147535100049,4863,1
4864,1147535224835,1147535224867,1147535224913,4864,1
4865,1147535350069,1147535350102,1147535350145,4865,1
4866,1147535474551,1147535474582,1147535474629,4866,1
4867,1147535599472,1147535599503,1147535599549,4867,1
4868,1147535743817,1147535743850,1147535744022,4868,1
4869,1147535849986,1147535850019,1147535850125,4869,1
4870,1147535967048,1147535967080,1147535967128,4870,1
4871,1147536104951,1147536104984,1147536105095,4871,1
4872,1147536223339,1147536223372,1147536223420,4872,1
4873,1147536348189,1147536348222,1147536348342,4873,1
4874,1147536473207,1147536473240,1147536473285,4874,1
4875,1147536598227,1147536598259,1147536598369,4875,1
4876,1147536770525,1147536770561,1147536770608,4876,1
4877,1147536848990,1147536849022,1147536849071,4877,1
4878,1147536973224,1147536973257,1147536973304,4878,1
4879,1147537098265,1147537098297,1147537098345,4879,1
4880,1147537222248,1147537222281,1147537222335,4880,1
4881,1147537350699,1147537350733,1147537350782,4881,1
4882,1147537475138,1147537475172,1147537475227,4882,1
4883,1147537599900,1147537599932,1147537599981,4883,1
4884,1147537724982,1147537725015,1147537725059,4884,1
4885,1147537849991,1147537850023,1147537850071,4885,1
4886,1147537974962,1147537974995,1147537975046,4886,1
4887,1147538100363,1147538100465,1147538100588,4887,1
4888,1147538225154,1147538225188,1147538225231,4888,1
4889,1147538349981,1147538350014,1147538350060,4889,1
4890,1147538474933,1147538474966,1147538475016,4890,1
4891,1147538599864,1147538599897,1147538599944,4891,1
4892,1147538724834,1147538724867,1147538724911,4892,1
4893,1147538849998,1147538850031,1147538850077,4893,1
4894,1147538974889,1147538974922,1147538974973,4894,1
4895,1147539099844,1147539099878,1147539099925,4895,1
4896,1147539225206,1147539225239,1147539225282,4896,1
4897,1147539356483,1147539356515,1147539356591,4897,1
4898,1147539474855,1147539474887,1147539474936,4898,1
4899,1147539599978,1147539600010,1147539600088,4899,1
4900,1147539724945,1147539724978,1147539725029,4900,1
4901,1147539849836,1147539849868,1147539850048,4901,1
4902,1147539967640,1147539967673,1147539967789,4902,1
4903,1147540104713,1147540104746,1147540104867,4903,1
4904,1147540223519,1147540223552,1147540223605,4904,1
4905,1147540348306,1147540348338,1147540348460,4905,1
4906,1147540473324,1147540473356,1147540473404,4906,1
4907,1147540598227,1147540598260,1147540598380,4907,1
4908,1147540723191,1147540723223,1147540723280,4908,1
4909,1147540848167,1147540848201,1147540848250,4909,1
4910,1147540973097,1147540973129,1147540973177,4910,1
4911,1147541098211,1147541098244,1147541098295,4911,1
4912,1147541277105,1147541277138,1147541277186,4912,1
4913,1147541422583,1147541422616,1147541422669,4913,1
4914,1147541473551,1147541473583,1147541473638,4914,1
4915,1147541598333,1147541598367,1147541598416,4915,1
4916,1147541723352,1147541723383,1147541723437,4916,1
4917,1147541848232,1147541848264,1147541848310,4917,1
4918,1147541973150,1147541973181,1147541973231,4918,1
4919,1147542098206,1147542098239,1147542098287,4919,1
4920,1147542223353,1147542223386,1147542223431,4920,1
4921,1147542348822,1147542348854,1147542349024,4921,1
4922,1147542473245,1147542473276,1147542473323,4922,1
4923,1147542598228,1147542598262,1147542598371,4923,1
4924,1147542723157,1147542723190,1147542723242,4924,1
4925,1147542848055,1147542848088,1147542848134,4925,1
4926,1147543026794,1147543026826,1147543026923,4926,1
4927,1147543098381,1147543098414,1147543098468,4927,1
4928,1147543223262,1147543223295,1147543223344,4928,1
4929,1147543348342,1147543348375,1147543348419,4929,1
4930,1147543526547,1147543526583,1147543526632,4930,1
4931,1147543599285,1147543599318,1147543599386,4931,1
4932,1147543723226,1147543723258,1147543723308,4932,1
4933,1147543865198,1147543865230,1147543865280,4933,1
4934,1147544101306,1147544101412,1147544101676,4934,1
4935,1147544124993,1147544125026,1147544125127,4935,1
4936,1147544224052,1147544224086,1147544224132,4936,1
4937,1147544348344,1147544348377,1147544348480,4937,1
4938,1147544473422,1147544473454,1147544473501,4938,1
4939,1147544598215,1147544598247,1147544598353,4939,1
4940,1147544723085,1147544723118,1147544723166,4940,1
4941,1147544848233,1147544848265,1147544848380,4941,1
4942,1147544973257,1147544973290,1147544973336,4942,1
4943,1147545105228,1147545105260,1147545105389,4943,1
4944,1147545281754,1147545281811,1147545281928,4944,1
4945,1147545349253,1147545349286,1147545349402,4945,1
4946,1147545473449,1147545473482,1147545473535,4946,1
4947,1147545598448,1147545598481,1147545598607,4947,1
4948,1147545723321,1147545723353,1147545723400,4948,1
4949,1147545848160,1147545848192,1147545848300,4949,1
4950,1147545973248,1147545973280,1147545973323,4950,1
4951,1147546098180,1147546098213,1147546098322,4951,1
4952,1147546223391,1147546223423,1147546223468,4952,1
4953,1147546348153,1147546348186,1147546348294,4953,1
4954,1147546473637,1147546473669,1147546473786,4954,1
4955,1147546598335,1147546598367,1147546598484,4955,1
4956,1147546723118,1147546723152,1147546723199,4956,1
4957,1147546848150,1147546848183,1147546848302,4957,1
4958,1147546973182,1147546973215,1147546973265,4958,1
4959,1147547098064,1147547098097,1147547098150,4959,1
4960,1147547223371,1147547223405,1147547223453,4960,1
4961,1147547349827,1147547349859,1147547349914,4961,1
4962,1147547473404,1147547473436,1147547473483,4962,1
4963,1147547763582,1147547763637,1147547763688,4963,1
4964,1147547763723,1147547763756,1147547763797,4964,1
4965,1147547852432,1147547852465,1147547852518,4965,1
4966,1147548034024,1147548034056,1147548034171,4966,1
4967,1147548102707,1147548102811,1147548102992,4967,1
4968,1147548276344,1147548276377,1147548276535,4968,1
4969,1147548348595,1147548348628,1147548348735,4969,1
4970,1147548477712,1147548477744,1147548477792,4970,1
4971,1147548601459,1147548601495,1147548601599,4971,1
4972,1147548773490,1147548773523,1147548773570,4972,1
4973,1147548851169,1147548851202,1147548851325,4973,1
4974,1147548975735,1147548975767,1147548975815,4974,1
4975,1147549100510,1147549100544,1147549100726,4975,1
4976,1147549223988,1147549224021,1147549224072,4976,1
4977,1147549351222,1147549351255,1147549351328,4977,1
4978,1147549474780,1147549474813,1147549474865,4978,1
4979,1147549599361,1147549599393,1147549599508,4979,1
4980,1147549724247,1147549724280,1147549724329,4980,1
4981,1147549848172,1147549848205,1147549848475,4981,1
4982,1147550056673,1147550056710,1147550056955,4982,1
4983,1147550099119,1147550099151,1147550099212,4983,1
4984,1147550223901,1147550223934,1147550223982,4984,1
4985,1147550348683,1147550348717,1147550348781,4985,1
4986,1147550518545,1147550518578,1147550518633,4986,1
4987,1147550599378,1147550599410,1147550599647,4987,1
4988,1147550723940,1147550723973,1147550724024,4988,1
4989,1147550848499,1147550848531,1147550848837,4989,1
4990,1147550973476,1147550973508,1147550973557,4990,1
4991,1147551098675,1147551098707,1147551099060,4991,1
4992,1147551223465,1147551223499,1147551223552,4992,1
4993,1147551348368,1147551348401,1147551348584,4993,1
4994,1147551473199,1147551473232,1147551473275,4994,1
4995,1147551598360,1147551598393,1147551598552,4995,1
4996,1147551723653,1147551723687,1147551723739,4996,1
4997,1147551847350,1147551847383,1147551847437,4997,1
4998,1147551990908,1147551990941,1147551991028,4998,1
4999,1147552165622,1147552165724,1147552165773,4999,1
5000,1147552341379,1147552341413,1147552341652,5000,1
5001,1147552341716,1147552341749,1147552341840,5001,1
5002,1147552474044,1147552474076,1147552474191,5002,1
5003,1147552598379,1147552598412,1147552598517,5003,1
5004,1147552760022,1147552760060,1147552760119,5004,1
5005,1147552856412,1147552856448,1147552856560,5005,1
5006,1147552973922,1147552973956,1147552974007,5006,1
5007,1147553098316,1147553098350,1147553098463,5007,1
5008,1147553222276,1147553222309,1147553222356,5008,1
5009,1147553348258,1147553348292,1147553348411,5009,1
5010,1147553520014,1147553520049,1147553520163,5010,1
5011,1147553598597,1147553598631,1147553598746,5011,1
5012,1147553723245,1147553723278,1147553723332,5012,1
5013,1147553848410,1147553848443,1147553848555,5013,1
5014,1147553973271,1147553973304,1147553973356,5014,1
5015,1147554098155,1147554098188,1147554098306,5015,1
5016,1147554222249,1147554222282,1147554222335,5016,1
5017,1147554394149,1147554394183,1147554394332,5017,1
5018,1147554473170,1147554473203,1147554473249,5018,1
5019,1147554598162,1147554598196,1147554598394,5019,1
5020,1147554723314,1147554723347,1147554723397,5020,1
5021,1147554848501,1147554848534,1147554848646,5021,1
5022,1147554973271,1147554973304,1147554973355,5022,1
5023,1147555098205,1147555098238,1147555098289,5023,1
5024,1147555230724,1147555230756,1147555230805,5024,1
5025,1147555347434,1147555347467,1147555347518,5025,1
5026,1147555557776,1147555557821,1147555557946,5026,1
5027,1147555600237,1147555600269,1147555600320,5027,1
5028,1147555724966,1147555724999,1147555725052,5028,1
5029,1147555850019,1147555850053,1147555850108,5029,1
5030,1147555967569,1147555967600,1147555967659,5030,1
5031,1147556115681,1147556115714,1147556115767,5031,1
5032,1147556223496,1147556223529,1147556223580,5032,1
5033,1147556370510,1147556370542,1147556370682,5033,1
5034,1147556473358,1147556473390,1147556473559,5034,1
5035,1147556598546,1147556598579,1147556598748,5035,1
5036,1147556767702,1147556767738,1147556767865,5036,1
5037,1147556848285,1147556848317,1147556848432,5037,1
5038,1147556973422,1147556973454,1147556973502,5038,1
5039,1147557098315,1147557098347,1147557098462,5039,1
5040,1147557222492,1147557222524,1147557222577,5040,1
5041,1147557348163,1147557348195,1147557348322,5041,1
5042,1147557509643,1147557509679,1147557509794,5042,1
5043,1147557598512,1147557598544,1147557598664,5043,1
5044,1147557723321,1147557723354,1147557723407,5044,1
5045,1147557848269,1147557848301,1147557848423,5045,1
5046,1147557972342,1147557972375,1147557972428,5046,1
5047,1147558141922,1147558141958,1147558142119,5047,1
5048,1147558281874,1147558281910,1147558281999,5048,1
5049,1147558350353,1147558350386,1147558350510,5049,1
5050,1147558475071,1147558475104,1147558475157,5050,1
5051,1147558600102,1147558600135,1147558600250,5051,1
5052,1147558724988,1147558725020,1147558725064,5052,1
5053,1147558850146,1147558850178,1147558850284,5053,1
5054,1147558975331,1147558975363,1147558975478,5054,1
5055,1147559100230,1147559100262,1147559100366,5055,1
5056,1147559225156,1147559225189,1147559225234,5056,1
5057,1147559350225,1147559350257,1147559350360,5057,1
5058,1147559475106,1147559475139,1147559475186,5058,1
5059,1147559599890,1147559599923,1147559600032,5059,1
5060,1147559725036,1147559725067,1147559725119,5060,1
5061,1147559849992,1147559850023,1147559850071,5061,1
5062,1147559967303,1147559967335,1147559967388,5062,1
5063,1147560105375,1147560105479,1147560105530,5063,1
5064,1147560223320,1147560223353,1147560223401,5064,1
5065,1147560348540,1147560348574,1147560348629,5065,1
5066,1147560473439,1147560473472,1147560473526,5066,1
5067,1147560598418,1147560598450,1147560598500,5067,1
5068,1147560724036,1147560724068,1147560724258,5068,1
5069,1147560848650,1147560848682,1147560848779,5069,1
5070,1147560973250,1147560973283,1147560973335,5070,1
5071,1147561097450,1147561097482,1147561097584,5071,1
5072,1147561242483,1147561242518,1147561242609,5072,1
5073,1147561349544,1147561349577,1147561349633,5073,1
5074,1147561473278,1147561473311,1147561473363,5074,1
5075,1147561598314,1147561598346,1147561598394,5075,1
5076,1147561723293,1147561723326,1147561723378,5076,1
5077,1147561848196,1147561848229,1147561848342,5077,1
5078,1147561972331,1147561972364,1147561972416,5078,1
5079,1147562118911,1147562118946,1147562119097,5079,1
5080,1147562223511,1147562223543,1147562223594,5080,1
5081,1147562391090,1147562391125,1147562391288,5081,1
5082,1147562473251,1147562473284,1147562473333,5082,1
5083,1147562598351,1147562598384,1147562598502,5083,1
5084,1147562723243,1147562723276,1147562723326,5084,1
5085,1147562848150,1147562848183,1147562848286,5085,1
5086,1147562973212,1147562973244,1147562973297,5086,1
5087,1147563098479,1147563098512,1147563098684,5087,1
5088,1147563222250,1147563222283,1147563222333,5088,1
5089,1147563354956,1147563354991,1147563355135,5089,1
5090,1147563589804,1147563589837,1147563589924,5090,1
5091,1147563589985,1147563590017,1147563590118,5091,1
5092,1147563723136,1147563723169,1147563723222,5092,1
5093,1147563891608,1147563891641,1147563891730,5093,1
5094,1147563967515,1147563967548,1147563967598,5094,1
5095,1147564104781,1147564104884,1147564104937,5095,1
5096,1147564223448,1147564223481,1147564223532,5096,1
5097,1147564348545,1147564348577,1147564348699,5097,1
5098,1147564473488,1147564473520,1147564473571,5098,1
5099,1147564598420,1147564598454,1147564598588,5099,1
5100,1147564723548,1147564723582,1147564723634,5100,1
5101,1147564848549,1147564848582,1147564848752,5101,1
5102,1147564973900,1147564973932,1147564974050,5102,1
5103,1147565098457,1147565098490,1147565098599,5103,1
5104,1147565222462,1147565222495,1147565222546,5104,1
5105,1147565349882,1147565349914,1147565350103,5105,1
5106,1147565473444,1147565473477,1147565473526,5106,1
5107,1147565597518,1147565597551,1147565597656,5107,1
5108,1147565724908,1147565724940,1147565725029,5108,1
5109,1147565848403,1147565848437,1147565848610,5109,1
5110,1147565972901,1147565972934,1147565972986,5110,1
5111,1147566105763,1147566105796,1147566106038,5111,1
5112,1147566309219,1147566309256,1147566309360,5112,1
5113,1147566349974,1147566350006,1147566350058,5113,1
5114,1147566493114,1147566493146,1147566493198,5114,1
5115,1147566599895,1147566599929,1147566599977,5115,1
5116,1147566752282,1147566752318,1147566752412,5116,1
5117,1147566849706,1147566849738,1147566849791,5117,1
5118,1147566974845,1147566974878,1147566974926,5118,1
5119,1147567099708,1147567099741,1147567099789,5119,1
5120,1147567224981,1147567225015,1147567225063,5120,1
5121,1147567350265,1147567350298,1147567350426,5121,1
5122,1147567474842,1147567474875,1147567474924,5122,1
5123,1147567600207,1147567600239,1147567600292,5123,1
5124,1147567725171,1147567725204,1147567725258,5124,1
5125,1147567850047,1147567850081,1147567850142,5125,1
5126,1147567967326,1147567967359,1147567967405,5126,1
5127,1147568105239,1147568105340,1147568105408,5127,1
5128,1147568222527,1147568222560,1147568222612,5128,1
5129,1147568355883,1147568355915,1147568356003,5129,1
5130,1147568472611,1147568472643,1147568472694,5130,1
5131,1147568607226,1147568607260,1147568607351,5131,1
5132,1147568723581,1147568723614,1147568723668,5132,1
5133,1147568848357,1147568848391,1147568848440,5133,1
5134,1147568973398,1147568973431,1147568973616,5134,1
5135,1147569098540,1147569098573,1147569098752,5135,1
5136,1147569222376,1147569222409,1147569222458,5136,1
5137,1147569398397,1147569398430,1147569398590,5137,1
5138,1147569473299,1147569473331,1147569473385,5138,1
5139,1147569598428,1147569598461,1147569598570,5139,1
5140,1147569723351,1147569723387,1147569723438,5140,1
5141,1147569847361,1147569847394,1147569847500,5141,1
5142,1147569983368,1147569983399,1147569983489,5142,1
5143,1147570100140,1147570100172,1147570100282,5143,1
5144,1147570245619,1147570245655,1147570245705,5144,1
5145,1147570350387,1147570350419,1147570350545,5145,1
5146,1147570475128,1147570475161,1147570475212,5146,1
5147,1147570600166,1147570600198,1147570600310,5147,1
5148,1147570725015,1147570725048,1147570725102,5148,1
5149,1147570850076,1147570850109,1147570850225,5149,1
5150,1147570975206,1147570975238,1147570975292,5150,1
5151,1147571099990,1147571100022,1147571100139,5151,1
5152,1147571225041,1147571225073,1147571225123,5152,1
5153,1147571350379,1147571350411,1147571350524,5153,1
5154,1147571475338,1147571475372,1147571475489,5154,1
5155,1147571599992,1147571600025,1147571600094,5155,1
5156,1147571725272,1147571725305,1147571725348,5156,1
5157,1147571850096,1147571850128,1147571850199,5157,1
5158,1147571967236,1147571967269,1147571967319,5158,1
5159,1147572161370,1147572161472,1147572161523,5159,1
5160,1147572223794,1147572223827,1147572223870,5160,1
5161,1147572348381,1147572348413,1147572348460,5161,1
5162,1147572473260,1147572473293,1147572473339,5162,1
5163,1147572598225,1147572598259,1147572598439,5163,1
5164,1147572723314,1147572723346,1147572723393,5164,1
5165,1147572848283,1147572848316,1147572848392,5165,1
5166,1147572973220,1147572973253,1147572973300,5166,1
5167,1147573098195,1147573098227,1147573098420,5167,1
5168,1147573238681,1147573238714,1147573238900,5168,1
5169,1147573351794,1147573351831,1147573351949,5169,1
5170,1147573475141,1147573475177,1147573475229,5170,1
5171,1147573600033,1147573600066,1147573600197,5171,1
5172,1147573724950,1147573724983,1147573725034,5172,1
5173,1147573849945,1147573849977,1147573850030,5173,1
5174,1147573974856,1147573974889,1147573974940,5174,1
5175,1147574099866,1147574099899,1147574099950,5175,1
5176,1147574225189,1147574225222,1147574225273,5176,1
5177,1147574349913,1147574349945,1147574349999,5177,1
5178,1147574474885,1147574474918,1147574474970,5178,1
5179,1147574599858,1147574599890,1147574599941,5179,1
5180,1147574725055,1147574725088,1147574725141,5180,1
5181,1147574850140,1147574850172,1147574850222,5181,1
5182,1147574975000,1147574975032,1147574975085,5182,1
5183,1147575108605,1147575108638,1147575108689,5183,1
5184,1147575225123,1147575225155,1147575225201,5184,1
5185,1147575432199,1147575432235,1147575432289,5185,1
5186,1147575474989,1147575475021,1147575475073,5186,1
5187,1147575600024,1147575600060,1147575600112,5187,1
5188,1147575725302,1147575725336,1147575725461,5188,1
5189,1147575856388,1147575856420,1147575856474,5189,1
5190,1147575967357,1147575967390,1147575967438,5190,1
5191,1147576105491,1147576105598,1147576105653,5191,1
5192,1147576229744,1147576229780,1147576229830,5192,1
5193,1147576348178,1147576348210,1147576348258,5193,1
5194,1147576538185,1147576538218,1147576538331,5194,1
5195,1147576598649,1147576598682,1147576598734,5195,1
5196,1147576722799,1147576722830,1147576722879,5196,1
5197,1147577014458,1147577014495,1147577014691,5197,1
5198,1147577022798,1147577022829,1147577022882,5198,1
5199,1147577098417,1147577098452,1147577098515,5199,1
5200,1147577274767,1147577274798,1147577274851,5200,1
5201,1147577395658,1147577395690,1147577395901,5201,1
5202,1147577473128,1147577473163,1147577473288,5202,1
5203,1147577649989,1147577650021,1147577650190,5203,1
5204,1147577723187,1147577723218,1147577723271,5204,1
5205,1147577847762,1147577847794,1147577847915,5205,1
5206,1147577973125,1147577973157,1147577973204,5206,1
5207,1147578139593,1147578139625,1147578139834,5207,1
5208,1147578222760,1147578222792,1147578222834,5208,1
5209,1147578347979,1147578348011,1147578348126,5209,1
5210,1147578472962,1147578472994,1147578473039,5210,1
5211,1147578596855,1147578596887,1147578597006,5211,1
5212,1147578732338,1147578732371,1147578732458,5212,1
5213,1147578847913,1147578847948,1147578848053,5213,1
5214,1147578973153,1147578973185,1147578973236,5214,1
5215,1147579097776,1147579097807,1147579097914,5215,1
5216,1147579222830,1147579222863,1147579222911,5216,1
5217,1147579347703,1147579347735,1147579347836,5217,1
5218,1147579472785,1147579472817,1147579472865,5218,1
5219,1147579598247,1147579598280,1147579598391,5219,1
5220,1147579722603,1147579722636,1147579722685,5220,1
5221,1147579862087,1147579862123,1147579862362,5221,1
5222,1147579967497,1147579967530,1147579967584,5222,1
5223,1147580108772,1147580108877,1147580109037,5223,1
5224,1147580223439,1147580223475,1147580223519,5224,1
5225,1147580348265,1147580348299,1147580348475,5225,1
5226,1147580480009,1147580480045,1147580480098,5226,1
5227,1147580597348,1147580597384,1147580597494,5227,1
5228,1147580747710,1147580747743,1147580747838,5228,1
5229,1147580853460,1147580853492,1147580853677,5229,1
5230,1147580973144,1147580973176,1147580973222,5230,1
5231,1147581097503,1147581097535,1147581097615,5231,1
5232,1147581237481,1147581237513,1147581237603,5232,1
5233,1147581349518,1147581349551,1147581349626,5233,1
5234,1147581473410,1147581473442,1147581473611,5234,1
5235,1147581598615,1147581598648,1147581598823,5235,1
5236,1147581723285,1147581723318,1147581723367,5236,1
5237,1147581847496,1147581847528,1147581847882,5237,1
5238,1147581981855,1147581981888,1147581981977,5238,1
5239,1147582100084,1147582100117,1147582100303,5239,1
5240,1147582225007,1147582225040,1147582225089,5240,1
5241,1147582350026,1147582350059,1147582350278,5241,1
5242,1147582475019,1147582475052,1147582475102,5242,1
5243,1147582600057,1147582600089,1147582600295,5243,1
5244,1147582724943,1147582724976,1147582725029,5244,1
5245,1147582849900,1147582849933,1147582850123,5245,1
5246,1147582974888,1147582974921,1147582974972,5246,1
5247,1147583100122,1147583100155,1147583100361,5247,1
5248,1147583225128,1147583225160,1147583225212,5248,1
5249,1147583350225,1147583350257,1147583350308,5249,1
5250,1147583475117,1147583475150,1147583475199,5250,1
5251,1147583600100,1147583600133,1147583600184,5251,1
5252,1147583725036,1147583725069,1147583725118,5252,1
5253,1147583849940,1147583849972,1147583850021,5253,1
5254,1147583967607,1147583967640,1147583967754,5254,1
5255,1147584105329,1147584105366,1147584105417,5255,1
5256,1147584223351,1147584223385,1147584223435,5256,1
5257,1147584348310,1147584348342,1147584348389,5257,1
5258,1147584473284,1147584473316,1147584473362,5258,1
5259,1147584617248,1147584617281,1147584617405,5259,1
5260,1147584723265,1147584723297,1147584723348,5260,1
5261,1147584848241,1147584848273,1147584848320,5261,1
5262,1147584973163,1147584973195,1147584973241,5262,1
5263,1147585098274,1147585098306,1147585098360,5263,1
5264,1147585222340,1147585222373,1147585222427,5264,1
5265,1147585350839,1147585350872,1147585350927,5265,1
5266,1147585474780,1147585474813,1147585474866,5266,1
5267,1147585599795,1147585599827,1147585599882,5267,1
5268,1147586344019,1147586344081,1147586344411,5268,1
5269,1147586344479,1147586344610,1147586344707,5269,1
5270,1147586344739,1147586344772,1147586344812,5270,1
5271,1147586344879,1147586344911,1147586345005,5271,1
5272,1147586345037,1147586345194,1147586345235,5272,1
5273,1147586345267,1147586345418,1147586345525,5273,1
5274,1147586481713,1147586481746,1147586481796,5274,1
5275,1147586602847,1147586602880,1147586602985,5275,1
5276,1147586727521,1147586727554,1147586727604,5276,1
5277,1147586856753,1147586856785,1147586856909,5277,1
5278,1147586981151,1147586981183,1147586981236,5278,1
5279,1147587101527,1147587101561,1147587101679,5279,1
5280,1147587226015,1147587226047,1147587226091,5280,1
5281,1147587350679,1147587350711,1147587350824,5281,1
5282,1147587475507,1147587475541,1147587475587,5282,1
5283,1147587599976,1147587600008,1147587600117,5283,1
5284,1147587723706,1147587723737,1147587723784,5284,1
5285,1147587873169,1147587873202,1147587873361,5285,1
5286,1147587968809,1147587968842,1147587968893,5286,1
5287,1147588108482,1147588108589,1147588108766,5287,1
5288,1147588224380,1147588224414,1147588224466,5288,1
5289,1147588348881,1147588348914,1147588349020,5289,1
5290,1147588473961,1147588473994,1147588474044,5290,1
5291,1147588598997,1147588599030,1147588599139,5291,1
5292,1147588723902,1147588723934,1147588723978,5292,1
5293,1147588848693,1147588848726,1147588848846,5293,1
5294,1147588973540,1147588973573,1147588973622,5294,1
5295,1147589098598,1147589098630,1147589098743,5295,1
5296,1147589222610,1147589222643,1147589222692,5296,1
5297,1147589350047,1147589350080,1147589350134,5297,1
5298,1147589473562,1147589473596,1147589473646,5298,1
5299,1147589598512,1147589598545,1147589598601,5299,1
5300,1147589723238,1147589723270,1147589723323,5300,1
5301,1147589864520,1147589864552,1147589864740,5301,1
5302,1147589973675,1147589973708,1147589973759,5302,1
5303,1147590099007,1147590099039,1147590099149,5303,1
5304,1147590223644,1147590223677,1147590223725,5304,1
5305,1147590348322,1147590348355,1147590348479,5305,1
5306,1147590473299,1147590473331,1147590473382,5306,1
5307,1147590598426,1147590598457,1147590598569,5307,1
5308,1147590723256,1147590723289,1147590723345,5308,1
5309,1147590848117,1147590848149,1147590848259,5309,1
5310,1147590973176,1147590973207,1147590973258,5310,1
5311,1147591098220,1147591098252,1147591098305,5311,1
5312,1147591223196,1147591223228,1147591223278,5312,1
5313,1147591348184,1147591348216,1147591348267,5313,1
5314,1147591473294,1147591473326,1147591473378,5314,1
5315,1147591598479,1147591598511,1147591598561,5315,1
5316,1147591723305,1147591723337,1147591723389,5316,1
5317,1147591847300,1147591847332,1147591847382,5317,1
5318,1147592022955,1147592023060,1147592023151,5318,1
5319,1147592098785,1147592098818,1147592098869,5319,1
5320,1147592223637,1147592223670,1147592223723,5320,1
5321,1147592348683,1147592348716,1147592348837,5321,1
5322,1147592473239,1147592473272,1147592473322,5322,1
5323,1147592649066,1147592649099,1147592649191,5323,1
5324,1147592723904,1147592723937,1147592723990,5324,1
5325,1147592848320,1147592848352,1147592848406,5325,1
5326,1147592973200,1147592973233,1147592973285,5326,1
5327,1147593098170,1147593098202,1147593098261,5327,1
5328,1147593222285,1147593222317,1147593222370,5328,1
5329,1147593348459,1147593348492,1147593348539,5329,1
5330,1147593473234,1147593473267,1147593473313,5330,1
5331,1147593598243,1147593598274,1147593598318,5331,1
5332,1147593723667,1147593723701,1147593723744,5332,1
5333,1147593848408,1147593848441,1147593848492,5333,1
5334,1147593973344,1147593973377,1147593973562,5334,1
5335,1147594098650,1147594098682,1147594098858,5335,1
5336,1147594223297,1147594223330,1147594223374,5336,1
5337,1147594348211,1147594348243,1147594348363,5337,1
5338,1147594473130,1147594473163,1147594473218,5338,1
5339,1147594598232,1147594598265,1147594598378,5339,1
5340,1147594723406,1147594723438,1147594723488,5340,1
5341,1147594848190,1147594848223,1147594848325,5341,1
5342,1147594973536,1147594973568,1147594973619,5342,1
5343,1147595098175,1147595098208,1147595098321,5343,1
5344,1147595223196,1147595223228,1147595223279,5344,1
5345,1147595348113,1147595348146,1147595348197,5345,1
5346,1147595548954,1147595548986,1147595549078,5346,1
5347,1147595600435,1147595600467,1147595600520,5347,1
5348,1147595725086,1147595725120,1147595725172,5348,1
5349,1147595850423,1147595850456,1147595850530,5349,1
5350,1147595967403,1147595967435,1147595967487,5350,1
5351,1147596104763,1147596104794,1147596104848,5351,1
5352,1147596223358,1147596223391,1147596223440,5352,1
5353,1147596348422,1147596348454,1147596348504,5353,1
5354,1147596473598,1147596473702,1147596473821,5354,1
5355,1147596598288,1147596598320,1147596598370,5355,1
5356,1147596765223,1147596765258,1147596765306,5356,1
5357,1147596849160,1147596849192,1147596849303,5357,1
5358,1147596973286,1147596973318,1147596973368,5358,1
5359,1147597098202,1147597098236,1147597098337,5359,1
5360,1147597222263,1147597222295,1147597222350,5360,1
5361,1147597349289,1147597349322,1147597349428,5361,1
5362,1147597473165,1147597473197,1147597473251,5362,1
5363,1147597597783,1147597597815,1147597597917,5363,1
5364,1147597722818,1147597722850,1147597722902,5364,1
5365,1147597847886,1147597847917,1147597848208,5365,1
5366,1147597972711,1147597972743,1147597972795,5366,1
5367,1147598097949,1147598097981,1147598098034,5367,1
5368,1147598237843,1147598237874,1147598238045,5368,1
5369,1147598347827,1147598347858,1147598347954,5369,1
5370,1147598472858,1147598472890,1147598472942,5370,1
5371,1147598597726,1147598597758,1147598597857,5371,1
5372,1147598722759,1147598722793,1147598722847,5372,1
5373,1147598847731,1147598847763,1147598847814,5373,1
5374,1147598972871,1147598972904,1147598972952,5374,1
5375,1147599097893,1147599097924,1147599097978,5375,1
5376,1147599222666,1147599222698,1147599222748,5376,1
5377,1147599347640,1147599347672,1147599347717,5377,1
5378,1147599513772,1147599513804,1147599513916,5378,1
5379,1147599600140,1147599600172,1147599600224,5379,1
5380,1147599724518,1147599724549,1147599724599,5380,1
5381,1147599849368,1147599849399,1147599849449,5381,1
5382,1147599967251,1147599967283,1147599967327,5382,1
5383,1147600104512,1147600104544,1147600104596,5383,1
5384,1147600222887,1147600222918,1147600222972,5384,1
5385,1147600347859,1147600347891,1147600347943,5385,1
5386,1147600472756,1147600472787,1147600472839,5386,1
5387,1147600598092,1147600598195,1147600598315,5387,1
5388,1147600722892,1147600722923,1147600722976,5388,1
5389,1147600847936,1147600847968,1147600848020,5389,1
5390,1147600972729,1147600972761,1147600972815,5390,1
5391,1147601097799,1147601097831,1147601097883,5391,1
5392,1147601221927,1147601221959,1147601222009,5392,1
5393,1147601349671,1147601349704,1147601349756,5393,1
5394,1147601474548,1147601474579,1147601474628,5394,1
5395,1147601599566,1147601599597,1147601599647,5395,1
5396,1147601724690,1147601724721,1147601724773,5396,1
5397,1147601849534,1147601849565,1147601849615,5397,1
5398,1147601974431,1147601974463,1147601974511,5398,1
5399,1147602099649,1147602099680,1147602099731,5399,1
5400,1147602224580,1147602224612,1147602224664,5400,1
5401,1147602349372,1147602349404,1147602349576,5401,1
5402,1147602474600,1147602474633,1147602474752,5402,1
5403,1147602599539,1147602599570,1147602599674,5403,1
5404,1147602724557,1147602724588,1147602724639,5404,1
5405,1147602850149,1147602850181,1147602850231,5405,1
5406,1147602974906,1147602974939,1147602974990,5406,1
5407,1147603100262,1147603100296,1147603100349,5407,1
5408,1147603225212,1147603225245,1147603225293,5408,1
5409,1147603349982,1147603350014,1147603350064,5409,1
5410,1147603475035,1147603475067,1147603475119,5410,1
5411,1147603600108,1147603600141,1147603600191,5411,1
5412,1147603725075,1147603725107,1147603725159,5412,1
5413,1147603850023,1147603850056,1147603850106,5413,1
5414,1147603967347,1147603967380,1147603967429,5414,1
5415,1147604104781,1147604104814,1147604104868,5415,1
5416,1147604223343,1147604223376,1147604223426,5416,1
5417,1147604348175,1147604348208,1147604348262,5417,1
5418,1147604473147,1147604473180,1147604473233,5418,1
5419,1147604598375,1147604598409,1147604598462,5419,1
5420,1147604723398,1147604723431,1147604723486,5420,1
5421,1147604848565,1147604848669,1147604848791,5421,1
5422,1147604973297,1147604973330,1147604973382,5422,1
5423,1147605098224,1147605098256,1147605098307,5423,1
5424,1147605222398,1147605222431,1147605222480,5424,1
5425,1147605350152,1147605350185,1147605350230,5425,1
5426,1147605474875,1147605474908,1147605474961,5426,1
5427,1147605599909,1147605599942,1147605599995,5427,1
5428,1147605724912,1147605724944,1147605724995,5428,1
5429,1147605849726,1147605849759,1147605849813,5429,1
5430,1147605974758,1147605974791,1147605974845,5430,1
5431,1147606099686,1147606099718,1147606099771,5431,1
5432,1147606224749,1147606224780,1147606224835,5432,1
5433,1147606349752,1147606349785,1147606349838,5433,1
5434,1147606474697,1147606474729,1147606474903,5434,1
5435,1147606599769,1147606599801,1147606599980,5435,1
5436,1147606724816,1147606724849,1147606724902,5436,1
5437,1147606849629,1147606849662,1147606849714,5437,1
5438,1147606974718,1147606974749,1147606974804,5438,1
5439,1147607099861,1147607099895,1147607099948,5439,1
5440,1147607224681,1147607224713,1147607224767,5440,1
5441,1147607349921,1147607349953,1147607350006,5441,1
5442,1147607474895,1147607474928,1147607474981,5442,1
5443,1147607599868,1147607599900,1147607599951,5443,1
5444,1147607724915,1147607724948,1147607724999,5444,1
5445,1147607849715,1147607849747,1147607849802,5445,1
5446,1147607968777,1147607968810,1147607968863,5446,1
5447,1147608104852,1147608104886,1147608104940,5447,1
5448,1147608223317,1147608223351,1147608223402,5448,1
5449,1147608348461,1147608348494,1147608348545,5449,1
5450,1147608473276,1147608473308,1147608473363,5450,1
5451,1147608598211,1147608598244,1147608598297,5451,1
5452,1147608723279,1147608723312,1147608723365,5452,1
5453,1147608848154,1147608848186,1147608848243,5453,1
5454,1147608973591,1147608973693,1147608973813,5454,1
5455,1147609098137,1147609098170,1147609098222,5455,1
5456,1147609222349,1147609222381,1147609222431,5456,1
5457,1147609347900,1147609347934,1147609347982,5457,1
5458,1147609482581,1147609482613,1147609482702,5458,1
5459,1147609600215,1147609600247,1147609600297,5459,1
5460,1147609725019,1147609725051,1147609725107,5460,1
5461,1147609850028,1147609850061,1147609850115,5461,1
5462,1147609974971,1147609975004,1147609975054,5462,1
5463,1147610100247,1147610100280,1147610100326,5463,1
5464,1147610225118,1147610225151,1147610225195,5464,1
5465,1147610350095,1147610350127,1147610350174,5465,1
5466,1147610475058,1147610475092,1147610475136,5466,1
5467,1147610600023,1147610600057,1147610600252,5467,1
5468,1147610739217,1147610739248,1147610739364,5468,1
5469,1147610849962,1147610849995,1147610850105,5469,1
5470,1147610974873,1147610974906,1147610974952,5470,1
5471,1147611100074,1147611100107,1147611100206,5471,1
5472,1147611224908,1147611224941,1147611224988,5472,1
5473,1147611349833,1147611349867,1147611349976,5473,1
5474,1147611475248,1147611475282,1147611475328,5474,1
5475,1147611600017,1147611600050,1147611600153,5475,1
5476,1147611724912,1147611724945,1147611724995,5476,1
5477,1147611850088,1147611850120,1147611850166,5477,1
5478,1147611967222,1147611967256,1147611967306,5478,1
5479,1147612105196,1147612105229,1147612105282,5479,1
5480,1147612223369,1147612223403,1147612223447,5480,1
5481,1147612348458,1147612348490,1147612348537,5481,1
5482,1147612473319,1147612473352,1147612473398,5482,1
5483,1147612598669,1147612598702,1147612598747,5483,1
5484,1147612723471,1147612723504,1147612723552,5484,1
5485,1147612848311,1147612848344,1147612848389,5485,1
5486,1147612973625,1147612973659,1147612973704,5486,1
5487,1147613098729,1147613098833,1147613098953,5487,1
5488,1147613222824,1147613222856,1147613222906,5488,1
5489,1147613348489,1147613348521,1147613348575,5489,1
5490,1147613473661,1147613473694,1147613473745,5490,1
5491,1147613598505,1147613598537,1147613598594,5491,1
5492,1147613723258,1147613723291,1147613723343,5492,1
5493,1147613847209,1147613847242,1147613847606,5493,1
5494,1147614026927,1147614026960,1147614027048,5494,1
5495,1147614098079,1147614098111,1147614098161,5495,1
5496,1147614222793,1147614222825,1147614222870,5496,1
5497,1147614347696,1147614347728,1147614347773,5497,1
5498,1147614472689,1147614472720,1147614472766,5498,1
5499,1147614598054,1147614598085,1147614598130,5499,1
5500,1147614796856,1147614796887,1147614797079,5500,1
5501,1147614848211,1147614848243,1147614848345,5501,1
5502,1147614972212,1147614972244,1147614972358,5502,1
5503,1147615138954,1147615138986,1147615139153,5503,1
5504,1147615222835,1147615222866,1147615222918,5504,1
5505,1147615347776,1147615347807,1147615347858,5505,1
5506,1147615472717,1147615472750,1147615472798,5506,1
5507,1147615597825,1147615597856,1147615598014,5507,1
5508,1147615721995,1147615722027,1147615722075,5508,1
5509,1147615867549,1147615867580,1147615867800,5509,1
5510,1147615967139,1147615967170,1147615967216,5510,1
5511,1147616104254,1147616104285,1147616104458,5511,1
5512,1147616222887,1147616222918,1147616222970,5512,1
5513,1147616347673,1147616347706,1147616347892,5513,1
5514,1147616472765,1147616472797,1147616472845,5514,1
5515,1147616597826,1147616597857,1147616598062,5515,1
5516,1147616722943,1147616722974,1147616723028,5516,1
5517,1147616846966,1147616846998,1147616847198,5517,1
5518,1147617099216,1147617099247,1147617099335,5518,1
5519,1147617099398,1147617099431,1147617099628,5519,1
5520,1147617228212,1147617228243,1147617228294,5520,1
5521,1147617357207,1147617357309,1147617357583,5521,1
5522,1147617477656,1147617477687,1147617477740,5522,1
5523,1147617601888,1147617601919,1147617602141,5523,1
5524,1147617730219,1147617730250,1147617730306,5524,1
5525,1147617851205,1147617851237,1147617851419,5525,1
5526,1147617975354,1147617975386,1147617975431,5526,1
5527,1147618099037,1147618099068,1147618099252,5527,1
5528,1147618231670,1147618231701,1147618231811,5528,1
5529,1147618350003,1147618350034,1147618350219,5529,1
5530,1147618474609,1147618474640,1147618474691,5530,1
5531,1147618598621,1147618598653,1147618598861,5531,1
5532,1147618732217,1147618732249,1147618732362,5532,1
5533,1147618849782,1147618849813,1147618849861,5533,1
5534,1147618973750,1147618973781,1147618973939,5534,1
5535,1147619099923,1147619099956,1147619100121,5535,1
5536,1147619224200,1147619224233,1147619224287,5536,1
5537,1147619349044,1147619349077,1147619349128,5537,1
5538,1147619473974,1147619474007,1147619474059,5538,1
5539,1147619598947,1147619598980,1147619599031,5539,1
5540,1147619722874,1147619722907,1147619722960,5540,1
5541,1147619889435,1147619889468,1147619889561,5541,1
5542,1147619968203,1147619968235,1147619968287,5542,1
5543,1147620105278,1147620105312,1147620105364,5543,1
5544,1147620223645,1147620223678,1147620223730,5544,1
5545,1147620348394,1147620348428,1147620348476,5545,1
5546,1147620473699,1147620473732,1147620473783,5546,1
5547,1147620598385,1147620598417,1147620598472,5547,1
5548,1147620723493,1147620723525,1147620723572,5548,1
5549,1147620848332,1147620848365,1147620848411,5549,1
5550,1147620973440,1147620973473,1147620973519,5550,1
5551,1147621098474,1147621098507,1147621098550,5551,1
5552,1147621222313,1147621222346,1147621222392,5552,1
5553,1147621350194,1147621350227,1147621350271,5553,1
5554,1147621481842,1147621481943,1147621482067,5554,1
5555,1147621600066,1147621600098,1147621600144,5555,1
5556,1147621725065,1147621725098,1147621725144,5556,1
5557,1147621850143,1147621850177,1147621850290,5557,1
5558,1147621975038,1147621975070,1147621975118,5558,1
5559,1147622100038,1147622100070,1147622100175,5559,1
5560,1147622224969,1147622225001,1147622225045,5560,1
5561,1147622350001,1147622350033,1147622350139,5561,1
5562,1147622475071,1147622475105,1147622475148,5562,1
5563,1147622599990,1147622600022,1147622600132,5563,1
5564,1147622725067,1147622725099,1147622725146,5564,1
5565,1147622849927,1147622849960,1147622850079,5565,1
5566,1147622974899,1147622974932,1147622974976,5566,1
5567,1147623100019,1147623100053,1147623100099,5567,1
5568,1147623224942,1147623224976,1147623225155,5568,1
5569,1147623350188,1147623350221,1147623350408,5569,1
5570,1147623474941,1147623474974,1147623475024,5570,1
5571,1147623599929,1147623599961,1147623600073,5571,1
5572,1147623725017,1147623725049,1147623725103,5572,1
5573,1147623849879,1147623849912,1147623850020,5573,1
5574,1147623967244,1147623967277,1147623967327,5574,1
5575,1147624105047,1147624105080,1147624105133,5575,1
5576,1147624223305,1147624223338,1147624223389,5576,1
5577,1147624348205,1147624348239,1147624348292,5577,1
5578,1147624473317,1147624473351,1147624473401,5578,1
5579,1147624598341,1147624598374,1147624598425,5579,1
5580,1147624723181,1147624723214,1147624723265,5580,1
5581,1147624889404,1147624889440,1147624889544,5581,1
5582,1147624973358,1147624973392,1147624973446,5582,1
5583,1147625098245,1147625098278,1147625098331,5583,1
5584,1147625222239,1147625222272,1147625222325,5584,1
5585,1147625350969,1147625351002,1147625351055,5585,1
5586,1147625475107,1147625475140,1147625475190,5586,1
5587,1147625600416,1147625600450,1147625600564,5587,1
5588,1147625725039,1147625725071,1147625725125,5588,1
5589,1147625850063,1147625850095,1147625850148,5589,1
5590,1147625975051,1147625975084,1147625975138,5590,1
5591,1147626100029,1147626100061,1147626100116,5591,1
5592,1147626225188,1147626225220,1147626225270,5592,1
5593,1147626350069,1147626350102,1147626350157,5593,1
5594,1147626474850,1147626474883,1147626474933,5594,1
5595,1147626599969,1147626600001,1147626600055,5595,1
5596,1147626725222,1147626725255,1147626725308,5596,1
5597,1147626850518,1147626850550,1147626850601,5597,1
5598,1147626975181,1147626975214,1147626975268,5598,1
5599,1147627100298,1147627100330,1147627100385,5599,1
5600,1147627225060,1147627225092,1147627225147,5600,1
5601,1147627350143,1147627350177,1147627350363,5601,1
5602,1147627475318,1147627475350,1147627475471,5602,1
5603,1147627600017,1147627600049,1147627600159,5603,1
5604,1147627724986,1147627725018,1147627725069,5604,1
5605,1147627865476,1147627865512,1147627865618,5605,1
5606,1147627967272,1147627967306,1147627967351,5606,1
5607,1147628104673,1147628104705,1147628104808,5607,1
5608,1147628223124,1147628223156,1147628223205,5608,1
5609,1147628348740,1147628348772,1147628348882,5609,1
5610,1147628473379,1147628473412,1147628473458,5610,1
5611,1147628598203,1147628598236,1147628598348,5611,1
5612,1147628723159,1147628723191,1147628723237,5612,1
5613,1147628848260,1147628848292,1147628848401,5613,1
5614,1147628972698,1147628972730,1147628972780,5614,1
5615,1147629097650,1147629097682,1147629097795,5615,1
5616,1147629221804,1147629221837,1147629221880,5616,1
5617,1147629349096,1147629349127,1147629349247,5617,1
5618,1147629472837,1147629472870,1147629472922,5618,1
5619,1147629597720,1147629597750,1147629597864,5619,1
5620,1147629722703,1147629722734,1147629722784,5620,1
5621,1147629847731,1147629847762,1147629847910,5621,1
5622,1147629972703,1147629972736,1147629972783,5622,1
5623,1147630289027,1147630289060,1147630289302,5623,1
5624,1147630289335,1147630289366,1147630289408,5624,1
5625,1147630348408,1147630348440,1147630348630,5625,1
5626,1147630472803,1147630472836,1147630472888,5626,1
5627,1147630597777,1147630597809,1147630597979,5627,1
5628,1147630723121,1147630723224,1147630723341,5628,1
5629,1147630847854,1147630847886,1147630848070,5629,1
5630,1147630972726,1147630972757,1147630972808,5630,1
5631,1147631097710,1147631097742,1147631097944,5631,1
5632,1147631222910,1147631222942,1147631222992,5632,1
5633,1147631348055,1147631348087,1147631348257,5633,1
5634,1147631473099,1147631473131,1147631473182,5634,1
5635,1147631597867,1147631597899,1147631597951,5635,1
5636,1147631722022,1147631722054,1147631722102,5636,1
5637,1147631864785,1147631864839,1147631864959,5637,1
5638,1147631967066,1147631967098,1147631967147,5638,1
5639,1147632105702,1147632105812,1147632105863,5639,1
5640,1147632222871,1147632222902,1147632222950,5640,1
5641,1147632347732,1147632347764,1147632347945,5641,1
5642,1147632489858,1147632489890,1147632490008,5642,1
5643,1147632597926,1147632597957,1147632598066,5643,1
5644,1147632722777,1147632722808,1147632722860,5644,1
5645,1147632847769,1147632847801,1147632847911,5645,1
5646,1147632972759,1147632972790,1147632972839,5646,1
5647,1147633097677,1147633097708,1147633097815,5647,1
5648,1147633221932,1147633221964,1147633222018,5648,1
5649,1147633349446,1147633349478,1147633349585,5649,1
5650,1147633472958,1147633472989,1147633473033,5650,1
5651,1147633598270,1147633598303,1147633598488,5651,1
5652,1147633722861,1147633722894,1147633722939,5652,1
5653,1147633847768,1147633847799,1147633847917,5653,1
5654,1147633990742,1147633990774,1147633990933,5654,1
5655,1147634098102,1147634098134,1147634098294,5655,1
5656,1147634222036,1147634222067,1147634222116,5656,1
5657,1147634413573,1147634413604,1147634413833,5657,1
5658,1147634473114,1147634473146,1147634473199,5658,1
5659,1147634598005,1147634598037,1147634598152,5659,1
5660,1147634722670,1147634722701,1147634722750,5660,1
5661,1147634847782,1147634847814,1147634847872,5661,1
5662,1147634973425,1147634973458,1147634973511,5662,1
5663,1147635097288,1147635097321,1147635097490,5663,1
5664,1147635231291,1147635231323,1147635231415,5664,1
5665,1147635348277,1147635348309,1147635348487,5665,1
5666,1147635473198,1147635473231,1147635473282,5666,1
5667,1147635598414,1147635598447,1147635598618,5667,1
5668,1147635739013,1147635739045,1147635739165,5668,1
5669,1147635856481,1147635856514,1147635856683,5669,1
5670,1147635969736,1147635969776,1147635969834,5670,1
5671,1147636105143,1147636105246,1147636105371,5671,1
5672,1147636472493,1147636472542,1147636472644,5672,1
5673,1147636472723,1147636472755,1147636472857,5673,1
5674,1147636480653,1147636480685,1147636480727,5674,1
5675,1147636598343,1147636598375,1147636598495,5675,1
5676,1147636723395,1147636723428,1147636723478,5676,1
5677,1147636848198,1147636848231,1147636848338,5677,1
5678,1147636973197,1147636973230,1147636973283,5678,1
5679,1147637097298,1147637097330,1147637097435,5679,1
5680,1147637244426,1147637244458,1147637244550,5680,1
5681,1147637349122,1147637349155,1147637349258,5681,1
5682,1147637494003,1147637494036,1147637494128,5682,1
5683,1147637598389,1147637598422,1147637598524,5683,1
5684,1147637723473,1147637723507,1147637723553,5684,1
5685,1147637847451,1147637847483,1147637847556,5685,1
5686,1147637980389,1147637980421,1147637980512,5686,1
5687,1147638097652,1147638097685,1147638097836,5687,1
5688,1147638229613,1147638229646,1147638229737,5688,1
5689,1147638348544,1147638348576,1147638348655,5689,1
5690,1147638473131,1147638473164,1147638473214,5690,1
5691,1147638598240,1147638598271,1147638598385,5691,1
5692,1147638723204,1147638723237,1147638723287,5692,1
5693,1147638848243,1147638848276,1147638848352,5693,1
5694,1147638973083,1147638973116,1147638973170,5694,1
5695,1147639098183,1147639098215,1147639098294,5695,1
5696,1147639223103,1147639223135,1147639223187,5696,1
5697,1147639348481,1147639348514,1147639348750,5697,1
5698,1147639473255,1147639473287,1147639473341,5698,1
5699,1147639598270,1147639598304,1147639598481,5699,1
5700,1147639722347,1147639722379,1147639722429,5700,1
5701,1147639855841,1147639855873,1147639856100,5701,1
5702,1147639967549,1147639967582,1147639967693,5702,1
5703,1147640126534,1147640126567,1147640126671,5703,1
5704,1147640223435,1147640223469,1147640223514,5704,1
5705,1147640348199,1147640348232,1147640348343,5705,1
5706,1147640473223,1147640473255,1147640473308,5706,1
5707,1147640598252,1147640598284,1147640598389,5707,1
5708,1147640723231,1147640723262,1147640723311,5708,1
5709,1147640848219,1147640848253,1147640848377,5709,1
5710,1147640973276,1147640973308,1147640973359,5710,1
5711,1147641098193,1147641098225,1147641098344,5711,1
5712,1147641222238,1147641222270,1147641222322,5712,1
5713,1147641432872,1147641432907,1147641433012,5713,1
5714,1147641510426,1147641510459,1147641510550,5714,1
5715,1147641600353,1147641600384,1147641600434,5715,1
5716,1147641725207,1147641725239,1147641725290,5716,1
5717,1147641849882,1147641849915,1147641850027,5717,1
5718,1147641975137,1147641975170,1147641975221,5718,1
5719,1147642100141,1147642100173,1147642100280,5719,1
5720,1147642225133,1147642225165,1147642225212,5720,1
5721,1147642350392,1147642350496,1147642350669,5721,1
5722,1147642474956,1147642474990,1147642475039,5722,1
5723,1147642599916,1147642599948,1147642600049,5723,1
5724,1147642725036,1147642725068,1147642725118,5724,1
5725,1147642849927,1147642849959,1147642850079,5725,1
5726,1147642975156,1147642975190,1147642975243,5726,1
5727,1147643198637,1147643198672,1147643198880,5727,1
5728,1147643225585,1147643225618,1147643225673,5728,1
5729,1147643350004,1147643350036,1147643350152,5729,1
5730,1147643536360,1147643536395,1147643536448,5730,1
5731,1147643600558,1147643600590,1147643600699,5731,1
5732,1147643725062,1147643725095,1147643725149,5732,1
5733,1147643861350,1147643861382,1147643861575,5733,1
5734,1147643967466,1147643967498,1147643967663,5734,1
5735,1147644098920,1147644098953,1147644099128,5735,1
5736,1147644223375,1147644223407,1147644223459,5736,1
5737,1147644348270,1147644348302,1147644348399,5737,1
5738,1147646624439,1147646624508,1147646624938,5738,1
5739,1147646625128,1147646625159,1147646625319,5739,1
5740,1147646625352,1147646625519,1147646625559,5740,1
5741,1147646625591,1147646625721,1147646625921,5741,1
5742,1147646625951,1147646625983,1147646626023,5742,1
5743,1147646626073,1147646626105,1147646626283,5743,1
5744,1147646626314,1147646626445,1147646626485,5744,1
5745,1147646626517,1147646626645,1147646626718,5745,1
5746,1147646626748,1147646626780,1147646626820,5746,1
5747,1147646627090,1147646627121,1147646627185,5747,1
5748,1147646627216,1147646627376,1147646627416,5748,1
5749,1147646627447,1147646627604,1147646627690,5749,1
5750,1147646627720,1147646627751,1147646627791,5750,1
5751,1147646627969,1147646628001,1147646628068,5751,1
5752,1147646628099,1147646628130,1147646628170,5752,1
5753,1147646628201,1147646628233,1147646628407,5753,1
5754,1147646628438,1147646628470,1147646628510,5754,1
5755,1147646628542,1147646628572,1147646628764,5755,1
5756,1147646730228,1147646730259,1147646730306,5756,1
5757,1147646854659,1147646854691,1147646854765,5757,1
5758,1147646980404,1147646980435,1147646980485,5758,1
5759,1147647106629,1147647106661,1147647106745,5759,1
5760,1147647230405,1147647230437,1147647230493,5760,1
5761,1147647350365,1147647350398,1147647350446,5761,1
5762,1147647475003,1147647475036,1147647475083,5762,1
5763,1147649351066,1147649351136,1147649351450,5763,1
5764,1147649351707,1147649351859,1147649351901,5764,1
5765,1147649351933,1147649352075,1147649352150,5765,1
5766,1147649352182,1147649352214,1147649352255,5766,1
5767,1147649352417,1147649352450,1147649352507,5767,1
5768,1147649352539,1147649352706,1147649352747,5768,1
5769,1147649352779,1147649352920,1147649352983,5769,1
5770,1147649353016,1147649353048,1147649353089,5770,1
5771,1147649353378,1147649353410,1147649353572,5771,1
5772,1147649353605,1147649353743,1147649353784,5772,1
5773,1147649353817,1147649353962,1147649354261,5773,1
5774,1147649354295,1147649354328,1147649354368,5774,1
5775,1147649354708,1147649354740,1147649354792,5775,1
5776,1147649354825,1147649354857,1147649354899,5776,1
5777,1147649354932,1147649354964,1147649355014,5777,1
5778,1147649480375,1147649480408,1147649480453,5778,1
5779,1147649603832,1147649603865,1147649603932,5779,1
5780,1147649728486,1147649728518,1147649728564,5780,1
5781,1147649854894,1147649854927,1147649855114,5781,1
5782,1147649980124,1147649980155,1147649980204,5782,1
5783,1147650098360,1147650098392,1147650098460,5783,1
5784,1147650306641,1147650306674,1147650306766,5784,1
5785,1147650348690,1147650348723,1147650348890,5785,1
5786,1147650473456,1147650473488,1147650473539,5786,1
5787,1147650598821,1147650598922,1147650599155,5787,1
5788,1147650893891,1147650893939,1147650894002,5788,1
5789,1147650894073,1147650894205,1147650894373,5789,1
5790,1147651161047,1147651161080,1147651161127,5790,1
5791,1147651161472,1147651161504,1147651161673,5791,1
5792,1147651228869,1147651228901,1147651228950,5792,1
5793,1147651353253,1147651353286,1147651353458,5793,1
5794,1147651478271,1147651478304,1147651478357,5794,1
5795,1147651618162,1147651618195,1147651618427,5795,1
5796,1147651722387,1147651722419,1147651722471,5796,1
5797,1147651917296,1147651917329,1147651917576,5797,1
5798,1147651967360,1147651967393,1147651967443,5798,1
5799,1147652106300,1147652106404,1147652106584,5799,1
5800,1147652222444,1147652222477,1147652222530,5800,1
5801,1147652355633,1147652355666,1147652355891,5801,1
5802,1147652473587,1147652473619,1147652473740,5802,1
5803,1147652597598,1147652597629,1147652597754,5803,1
5804,1147652743283,1147652743328,1147652743444,5804,1
5805,1147652855910,1147652855942,1147652856097,5805,1
5806,1147652973326,1147652973359,1147652973409,5806,1
5807,1147653098107,1147653098140,1147653098240,5807,1
5808,1147653526455,1147653526487,1147653526601,5808,1
5809,1147653526659,1147653526691,1147653526785,5809,1
5810,1147653526817,1147653526850,1147653526891,5810,1
5811,1147653605098,1147653605130,1147653605240,5811,1
5812,1147653728392,1147653728425,1147653728474,5812,1
5813,1147654028010,1147654028043,1147654028151,5813,1
5814,1147654028185,1147654028218,1147654028260,5814,1
5815,1147654105777,1147654105810,1147654105965,5815,1
5816,1147654228931,1147654228964,1147654229019,5816,1
5817,1147654353644,1147654353677,1147654353787,5817,1
5818,1147654489777,1147654489823,1147654489886,5818,1
5819,1147654604350,1147654604383,1147654604595,5819,1
5820,1147654722557,1147654722589,1147654722637,5820,1
5821,1147654856333,1147654856365,1147654856652,5821,1
5822,1147654973161,1147654973194,1147654973247,5822,1
5823,1147655098223,1147655098255,1147655098430,5823,1
5824,1147655223204,1147655223237,1147655223288,5824,1
5825,1147655348318,1147655348351,1147655348472,5825,1
5826,1147655525259,1147655525596,1147655525691,5826,1
5827,1147655598597,1147655598629,1147655598844,5827,1
5828,1147655722359,1147655722392,1147655722439,5828,1
5829,1147656248572,1147656248681,1147656248951,5829,1
5830,1147656249012,1147656249044,1147656249086,5830,1
5831,1147656249333,1147656249366,1147656249536,5831,1
5832,1147656249568,1147656249797,1147656249837,5832,1
5833,1147656348796,1147656348829,1147656348893,5833,1
5834,1147656473435,1147656473467,1147656473646,5834,1
5835,1147656598535,1147656598568,1147656598746,5835,1
5836,1147656764841,1147656764877,1147656764931,5836,1
5837,1147656848874,1147656848908,1147656849033,5837,1
5838,1147656973255,1147656973287,1147656973339,5838,1
5839,1147657098234,1147657098267,1147657098397,5839,1
5840,1147657222326,1147657222359,1147657222405,5840,1
5841,1147657348657,1147657348689,1147657348761,5841,1
5842,1147657529255,1147657529288,1147657529402,5842,1
5843,1147657598232,1147657598265,1147657598441,5843,1
5844,1147657723290,1147657723322,1147657723374,5844,1
5845,1147657848165,1147657848198,1147657848306,5845,1
5846,1147657973257,1147657973290,1147657973341,5846,1
5847,1147658129244,1147658129279,1147658129390,5847,1
5848,1147658223325,1147658223358,1147658223401,5848,1
5849,1147658348128,1147658348161,1147658348228,5849,1
5850,1147658473143,1147658473175,1147658473218,5850,1
5851,1147658598164,1147658598196,1147658598254,5851,1
5852,1147658723392,1147658723424,1147658723472,5852,1
5853,1147658848214,1147658848247,1147658848317,5853,1
5854,1147658973585,1147658973618,1147658973729,5854,1
5855,1147659110106,1147659110139,1147659110270,5855,1
5856,1147659245425,1147659245458,1147659245566,5856,1
5857,1147659348168,1147659348201,1147659348319,5857,1
5858,1147659526752,1147659526785,1147659526876,5858,1
5859,1147659601017,1147659601050,1147659601214,5859,1
5860,1147659725409,1147659725440,1147659725496,5860,1
5861,1147659850168,1147659850201,1147659850373,5861,1
5862,1147659969751,1147659969785,1147659969841,5862,1
5863,1147660347202,1147660347308,1147660347465,5863,1
5864,1147660347546,1147660347743,1147660347785,5864,1
5865,1147660355804,1147660355837,1147660355923,5865,1
5866,1147660479420,1147660479453,1147660479507,5866,1
5867,1147660603589,1147660603622,1147660603791,5867,1
5868,1147660752713,1147660752746,1147660752866,5868,1
5869,1147660852890,1147660852922,1147660853045,5869,1
5870,1147660977510,1147660977543,1147660977596,5870,1
5871,1147661100514,1147661100547,1147661100659,5871,1
5872,1147661240226,1147661240260,1147661240350,5872,1
5873,1147661352128,1147661352160,1147661352273,5873,1
5874,1147661475798,1147661475832,1147661475881,5874,1
5875,1147661600371,1147661600403,1147661600516,5875,1
5876,1147661724936,1147661724969,1147661725022,5876,1
5877,1147661849926,1147661849958,1147661850215,5877,1
5878,1147661974562,1147661974595,1147661974648,5878,1
5879,1147662099455,1147662099488,1147662099738,5879,1
5880,1147662224331,1147662224363,1147662224415,5880,1
5881,1147662386008,1147662386043,1147662386159,5881,1
5882,1147662474757,1147662474790,1147662474841,5882,1
5883,1147662598845,1147662598877,1147662598948,5883,1
5884,1147662723741,1147662723774,1147662723824,5884,1
5885,1147662848531,1147662848564,1147662848614,5885,1
5886,1147662973563,1147662973595,1147662973645,5886,1
5887,1147663098737,1147663098770,1147663098887,5887,1
5888,1147663222553,1147663222586,1147663222638,5888,1
5889,1147663356214,1147663356247,1147663356337,5889,1
5890,1147663756984,1147663757017,1147663757107,5890,1
5891,1147663757170,1147663757202,1147663757380,5891,1
5892,1147663757412,1147663757444,1147663757486,5892,1
5893,1147663856202,1147663856234,1147663856311,5893,1
5894,1147663974169,1147663974201,1147663974256,5894,1
5895,1147664111046,1147664111154,1147664111230,5895,1
5896,1147664229587,1147664229623,1147664229676,5896,1
5897,1147664355630,1147664355663,1147664355784,5897,1
5898,1147664476777,1147664476811,1147664476863,5898,1
5899,1147664598244,1147664598276,1147664598327,5899,1
5900,1147664723325,1147664723357,1147664723409,5900,1
5901,1147664847393,1147664847425,1147664847597,5901,1
5902,1147666791677,1147666791747,1147666792126,5902,1
5903,1147666792475,1147666792508,1147666792612,5903,1
5904,1147666792646,1147666792788,1147666792829,5904,1
5905,1147666792861,1147666793008,1147666793175,5905,1
5906,1147666793208,1147666793240,1147666793281,5906,1
5907,1147666793493,1147666793526,1147666793722,5907,1
5908,1147666793753,1147666793785,1147666793826,5908,1
5909,1147666793859,1147666793891,1147666794063,5909,1
5910,1147666794096,1147666794128,1147666794170,5910,1
5911,1147666794314,1147666794346,1147666794506,5911,1
5912,1147666794538,1147666794571,1147666794612,5912,1
5913,1147666794644,1147666794794,1147666795158,5913,1
5914,1147666795191,1147666795223,1147666795264,5914,1
5915,1147666795439,1147666795471,1147666795827,5915,1
5916,1147666795858,1147666795891,1147666795931,5916,1
5917,1147666857637,1147666857670,1147666857851,5917,1
5918,1147666982598,1147666982630,1147666982685,5918,1
5919,1147667107016,1147667107048,1147667107225,5919,1
5920,1147667230576,1147667230608,1147667230656,5920,1
5921,1147667355521,1147667355552,1147667355692,5921,1
5922,1147667475311,1147667475343,1147667475393,5922,1
5923,1147667600160,1147667600193,1147667600241,5923,1
5924,1147667724994,1147667725026,1147667725074,5924,1
5925,1147667849903,1147667849935,1147667849982,5925,1
5926,1147667967139,1147667967171,1147667967223,5926,1
5927,1147668105233,1147668105268,1147668105321,5927,1
5928,1147668223477,1147668223510,1147668223560,5928,1
5929,1147668348294,1147668348326,1147668348374,5929,1
5930,1147668521857,1147668521890,1147668521981,5930,1
5931,1147668607164,1147668607197,1147668607288,5931,1
5932,1147668764609,1147668764641,1147668764733,5932,1
5933,1147668848676,1147668848708,1147668848758,5933,1
5934,1147668973259,1147668973291,1147668973468,5934,1
5935,1147669098807,1147669098843,1147669099018,5935,1
5936,1147669222876,1147669222908,1147669222958,5936,1
5937,1147669349568,1147669349600,1147669349710,5937,1
5938,1147669472354,1147669472388,1147669472438,5938,1
5939,1147669971837,1147669971882,1147669972039,5939,1
5940,1147669972102,1147669972134,1147669972176,5940,1
5941,1147669972209,1147669972350,1147669972440,5941,1
5942,1147669972474,1147669972507,1147669972548,5942,1
5943,1147670105381,1147670105416,1147670105567,5943,1
5944,1147670395487,1147670395522,1147670395600,5944,1
5945,1147670395635,1147670395667,1147670395767,5945,1
5946,1147670479324,1147670479358,1147670479408,5946,1
5947,1147670603160,1147670603192,1147670603256,5947,1
5948,1147670747093,1147670747127,1147670747218,5948,1
5949,1147670852908,1147670852941,1147670853006,5949,1
5950,1147670977570,1147670977602,1147670977650,5950,1
5951,1147671101533,1147671101566,1147671101637,5951,1
5952,1147671226111,1147671226145,1147671226191,5952,1
5953,1147671350666,1147671350700,1147671350746,5953,1
5954,1147671532351,1147671532388,1147671532501,5954,1
5955,1147671601385,1147671601417,1147671601472,5955,1
5956,1147671723963,1147671723997,1147671724048,5956,1
5957,1147671891675,1147671891708,1147671891860,5957,1
5958,1147671990359,1147671990392,1147671990484,5958,1
5959,1147672166433,1147672166538,1147672166613,5959,1
5960,1147672225257,1147672225290,1147672225337,5960,1
5961,1147672349557,1147672349589,1147672349691,5961,1
5962,1147672473898,1147672473931,1147672473982,5962,1
5963,1147672598645,1147672598677,1147672598753,5963,1
5964,1147672939270,1147672939302,1147672939394,5964,1
5965,1147672939457,1147672939499,1147672939669,5965,1
5966,1147672973792,1147672973826,1147672973876,5966,1
5967,1147673536775,1147673536845,1147673537135,5967,1
5968,1147673537250,1147673537283,1147673537324,5968,1
5969,1147673537361,1147673537493,1147673537602,5969,1
5970,1147673537634,1147673537667,1147673537708,5970,1
5971,1147673607576,1147673607608,1147673607731,5971,1
5972,1147673731630,1147673731662,1147673731708,5972,1
5973,1147673854208,1147673854241,1147673854343,5973,1
5974,1147673981149,1147673981183,1147673981272,5974,1
5975,1147674103950,1147674103982,1147674104094,5975,1
5976,1147674223962,1147674223994,1147674224037,5976,1
5977,1147674348753,1147674348787,1147674348903,5977,1
5978,1147674472769,1147674472802,1147674472852,5978,1
5979,1147674605607,1147674605640,1147674605795,5979,1
5980,1147674723549,1147674723581,1147674723633,5980,1
5981,1147674848337,1147674848369,1147674848479,5981,1
5982,1147674973168,1147674973200,1147674973250,5982,1
5983,1147675098374,1147675098407,1147675098528,5983,1
5984,1147675223254,1147675223287,1147675223338,5984,1
5985,1147675348262,1147675348295,1147675348504,5985,1
5986,1147675607015,1147675607048,1147675607208,5986,1
5987,1147675607273,1147675607306,1147675607484,5987,1
5988,1147675726578,1147675726610,1147675726664,5988,1
5989,1147675866595,1147675866628,1147675866697,5989,1
5990,1147675967478,1147675967510,1147675967558,5990,1
5991,1147676105778,1147676105886,1147676105964,5991,1
5992,1147676230659,1147676230695,1147676230804,5992,1
5993,1147676352991,1147676353024,1147676353133,5993,1
5994,1147676473255,1147676473288,1147676473334,5994,1
5995,1147676598376,1147676598408,1147676598573,5995,1
5996,1147676768100,1147676768135,1147676768225,5996,1
5997,1147676848610,1147676848643,1147676848830,5997,1
5998,1147676973075,1147676973107,1147676973160,5998,1
5999,1147677097825,1147677097856,1147677097975,5999,1
6000,1147677222262,1147677222294,1147677222336,6000,1
6001,1147677348785,1147677348819,1147677348998,6001,1
6002,1147677473485,1147677473517,1147677473635,6002,1
6003,1147677598034,1147677598065,1147677598189,6003,1
6004,1147677723356,1147677723389,1147677723444,6004,1
6005,1147677847392,1147677847425,1147677847860,6005,1
6006,1147677980381,1147677980417,1147677980504,6006,1
6007,1147678098406,1147678098437,1147678098624,6007,1
6008,1147678223330,1147678223362,1147678223416,6008,1
6009,1147678348185,1147678348218,1147678348531,6009,1
6010,1147678472241,1147678472274,1147678472329,6010,1
6011,1147678716606,1147678716639,1147678716866,6011,1
6012,1147678716931,1147678717125,1147678717167,6012,1
6013,1147678855416,1147678855451,1147678855634,6013,1
6014,1147679178800,1147679178846,1147679178942,6014,1
6015,1147679187410,1147679187443,1147679187639,6015,1
6016,1147679223847,1147679223880,1147679223931,6016,1
6017,1147679353657,1147679353689,1147679353856,6017,1
6018,1147679478943,1147679478976,1147679479022,6018,1
6019,1147679602273,1147679602306,1147679602473,6019,1
6020,1147679725871,1147679725904,1147679725949,6020,1
6021,1147679874621,1147679874657,1147679874940,6021,1
6022,1147679970320,1147679970353,1147679970398,6022,1
6023,1147680107172,1147680107277,1147680107450,6023,1
6024,1147680225158,1147680225190,1147680225245,6024,1
6025,1147680349820,1147680349853,1147680350037,6025,1
6026,1147680474442,1147680474474,1147680474528,6026,1
6027,1147680598493,1147680598526,1147680598730,6027,1
6028,1147680755901,1147680755935,1147680756021,6028,1
6029,1147680849270,1147680849303,1147680849475,6029,1
6030,1147680973893,1147680973926,1147680973975,6030,1
6031,1147681099214,1147681099246,1147681099422,6031,1
6032,1147681222872,1147681222905,1147681222949,6032,1
6033,1147681355481,1147681355513,1147681355761,6033,1
6034,1147681474157,1147681474189,1147681474241,6034,1
6035,1147681598644,1147681598677,1147681598846,6035,1
6036,1147681724587,1147681724620,1147681724743,6036,1
6037,1147681847831,1147681847864,1147681847977,6037,1
6038,1147681981938,1147681981974,1147681982062,6038,1
6039,1147682098892,1147682098926,1147682099029,6039,1
6040,1147682223457,1147682223490,1147682223542,6040,1
6041,1147682348280,1147682348312,1147682348427,6041,1
6042,1147682473286,1147682473319,1147682473373,6042,1
6043,1147682598153,1147682598184,1147682598295,6043,1
6044,1147682723270,1147682723302,1147682723353,6044,1
6045,1147682847455,1147682847488,1147682847614,6045,1
6046,1147682980023,1147682980056,1147682980147,6046,1
6047,1147683098585,1147683098618,1147683098734,6047,1
6048,1147683223557,1147683223590,1147683223644,6048,1
6049,1147683348185,1147683348218,1147683348342,6049,1
6050,1147683516515,1147683516549,1147683516635,6050,1
6051,1147683600407,1147683600439,1147683600494,6051,1
6052,1147683725113,1147683725145,1147683725196,6052,1
6053,1147683850232,1147683850264,1147683850316,6053,1
6054,1147683967762,1147683967794,1147683967909,6054,1
6055,1147684104964,1147684104997,1147684105103,6055,1
6056,1147684223455,1147684223488,1147684223534,6056,1
6057,1147684348320,1147684348353,1147684348463,6057,1
6058,1147684473242,1147684473275,1147684473327,6058,1
6059,1147684598242,1147684598274,1147684598389,6059,1
6060,1147684723447,1147684723479,1147684723533,6060,1
6061,1147684848240,1147684848274,1147684848460,6061,1
6062,1147684973537,1147684973571,1147684973620,6062,1
6063,1147685098403,1147685098436,1147685098628,6063,1
6064,1147685222745,1147685222777,1147685222825,6064,1
6065,1147685355834,1147685355865,1147685356072,6065,1
6066,1147685475154,1147685475187,1147685475240,6066,1
6067,1147685600034,1147685600066,1147685600232,6067,1
6068,1147685747986,1147685748019,1147685748196,6068,1
6069,1147685850024,1147685850057,1147685850165,6069,1
6070,1147685975183,1147685975216,1147685975269,6070,1
6071,1147686099913,1147686099946,1147686100067,6071,1
6072,1147686282020,1147686282053,1147686282101,6072,1
6073,1147686350025,1147686350057,1147686350170,6073,1
6074,1147686474893,1147686474925,1147686474978,6074,1
6075,1147686599917,1147686599951,1147686600069,6075,1
6076,1147686724904,1147686724936,1147686724989,6076,1
6077,1147686849900,1147686849933,1147686850042,6077,1
6078,1147686975075,1147686975108,1147686975161,6078,1
6079,1147687100026,1147687100058,1147687100166,6079,1
6080,1147687224885,1147687224918,1147687224971,6080,1
6081,1147687349993,1147687350026,1147687350130,6081,1
6082,1147687474873,1147687474905,1147687474958,6082,1
6083,1147687600072,1147687600104,1147687600211,6083,1
6084,1147687724980,1147687725013,1147687725066,6084,1
6085,1147687862444,1147687862480,1147687862530,6085,1
6086,1147687967546,1147687967579,1147687967624,6086,1
6087,1147688105543,1147688105576,1147688105696,6087,1
6088,1147688223458,1147688223491,1147688223538,6088,1
6089,1147688348327,1147688348359,1147688348575,6089,1
6090,1147688473245,1147688473278,1147688473326,6090,1
6091,1147688598344,1147688598377,1147688598503,6091,1
6092,1147688722512,1147688722545,1147688722598,6092,1
6093,1147688856193,1147688856225,1147688856314,6093,1
6094,1147688973438,1147688973471,1147688973522,6094,1
6095,1147689098445,1147689098478,1147689098530,6095,1
6096,1147689222323,1147689222355,1147689222409,6096,1
6097,1147689349480,1147689349513,1147689349567,6097,1
6098,1147689473205,1147689473238,1147689473291,6098,1
6099,1147689598567,1147689598600,1147689598652,6099,1
6100,1147689723184,1147689723217,1147689723270,6100,1
6101,1147689876505,1147689876537,1147689876729,6101,1
6102,1147689988511,1147689988545,1147689988702,6102,1
6103,1147690133744,1147690133785,1147690134004,6103,1
6104,1147690239897,1147690239930,1147690239985,6104,1
6105,1147690348602,1147690348634,1147690348744,6105,1
6106,1147690473549,1147690473581,1147690473635,6106,1
6107,1147690598278,1147690598311,1147690598433,6107,1
6108,1147690723187,1147690723219,1147690723271,6108,1
6109,1147690936233,1147690936269,1147690936422,6109,1
6110,1147690974817,1147690974849,1147690974904,6110,1
6111,1147691098187,1147691098220,1147691098326,6111,1
6112,1147691223498,1147691223530,1147691223580,6112,1
6113,1147691348299,1147691348331,1147691348438,6113,1
6114,1147691473227,1147691473260,1147691473313,6114,1
6115,1147691598225,1147691598256,1147691598365,6115,1
6116,1147691722214,1147691722246,1147691722297,6116,1
6117,1147691945374,1147691945444,1147691945669,6117,1
6118,1147691967674,1147691967707,1147691967752,6118,1
6119,1147692106801,1147692106910,1147692107035,6119,1
6120,1147692223765,1147692223801,1147692223844,6120,1
6121,1147692348480,1147692348515,1147692348744,6121,1
6122,1147692749058,1147692749092,1147692749178,6122,1
6123,1147692749278,1147692749310,1147692749425,6123,1
6124,1147692749458,1147692749492,1147692749535,6124,1
6125,1147692848319,1147692848351,1147692848461,6125,1
6126,1147692973202,1147692973234,1147692973287,6126,1
6127,1147693098155,1147693098187,1147693098370,6127,1
6128,1147693222379,1147693222412,1147693222463,6128,1
6129,1147693349476,1147693349513,1147693349582,6129,1
6130,1147693473329,1147693473362,1147693473415,6130,1
6131,1147693598317,1147693598350,1147693598507,6131,1
6132,1147693723196,1147693723233,1147693723286,6132,1
6133,1147693848207,1147693848239,1147693848467,6133,1
6134,1147693973256,1147693973288,1147693973483,6134,1
6135,1147694098470,1147694098503,1147694098691,6135,1
6136,1147694223252,1147694223286,1147694223340,6136,1
6137,1147694347396,1147694347428,1147694347550,6137,1
6138,1147694555837,1147694555870,1147694555957,6138,1
6139,1147694598345,1147694598378,1147694598570,6139,1
6140,1147694723118,1147694723150,1147694723200,6140,1
6141,1147694848112,1147694848144,1147694848302,6141,1
6142,1147694973354,1147694973388,1147694973439,6142,1
6143,1147695098345,1147695098377,1147695098443,6143,1
6144,1147695223098,1147695223132,1147695223181,6144,1
6145,1147695348281,1147695348317,1147695348387,6145,1
6146,1147695473417,1147695473449,1147695473495,6146,1
6147,1147695598328,1147695598361,1147695598424,6147,1
6148,1147695722315,1147695722348,1147695722396,6148,1
6149,1147695890723,1147695890759,1147695890848,6149,1
6150,1147696052983,1147696053091,1147696053183,6150,1
6151,1147696099239,1147696099271,1147696099322,6151,1
6152,1147696223229,1147696223261,1147696223313,6152,1
6153,1147696348212,1147696348244,1147696348445,6153,1
6154,1147696473817,1147696473849,1147696473968,6154,1
6155,1147696598198,1147696598233,1147696598433,6155,1
6156,1147696723171,1147696723203,1147696723256,6156,1
6157,1147696848165,1147696848197,1147696848247,6157,1
6158,1147696973363,1147696973398,1147696973450,6158,1
6159,1147697098088,1147697098120,1147697098173,6159,1
6160,1147697222236,1147697222268,1147697222321,6160,1
6161,1147697349655,1147697349690,1147697349746,6161,1
6162,1147697472675,1147697472707,1147697472759,6162,1
6163,1147697630554,1147697630590,1147697630677,6163,1
6164,1147697724793,1147697724826,1147697724879,6164,1
6165,1147697848146,1147697848179,1147697848230,6165,1
6166,1147697973252,1147697973285,1147697973335,6166,1
6167,1147698098385,1147698098418,1147698098468,6167,1
6168,1147698223289,1147698223322,1147698223503,6168,1
6169,1147698347571,1147698347604,1147698347788,6169,1
6170,1147698500785,1147698500821,1147698500909,6170,1
6171,1147698600068,1147698600101,1147698600218,6171,1
6172,1147698724959,1147698724991,1147698725041,6172,1
6173,1147698849977,1147698850011,1147698850108,6173,1
6174,1147698974958,1147698974991,1147698975044,6174,1
6175,1147699099984,1147699100017,1147699100066,6175,1
6176,1147699225010,1147699225042,1147699225095,6176,1
6177,1147699349864,1147699349896,1147699349948,6177,1
6178,1147699475020,1147699475053,1147699475105,6178,1
6179,1147699600149,1147699600182,1147699600281,6179,1
6180,1147699724904,1147699724937,1147699724990,6180,1
6181,1147699849967,1147699849999,1147699850115,6181,1
6182,1147699967294,1147699967328,1147699967378,6182,1
6183,1147700105397,1147700105429,1147700105483,6183,1
6184,1147700239964,1147700240001,1147700240051,6184,1
6185,1147700348442,1147700348477,1147700348524,6185,1
6186,1147700473199,1147700473232,1147700473277,6186,1
6187,1147700598715,1147700598817,1147700598934,6187,1
6188,1147700773772,1147700773809,1147700773863,6188,1
6189,1147700848462,1147700848495,1147700848548,6189,1
6190,1147700973177,1147700973210,1147700973263,6190,1
6191,1147701097294,1147701097326,1147701097387,6191,1
6192,1147701238611,1147701238647,1147701238759,6192,1
6193,1147701349811,1147701349847,1147701349952,6193,1
6194,1147701473259,1147701473292,1147701473343,6194,1
6195,1147701598411,1147701598444,1147701598511,6195,1
6196,1147701723326,1147701723362,1147701723415,6196,1
6197,1147701847324,1147701847358,1147701847422,6197,1
6198,1147701981544,1147701981580,1147701981669,6198,1
6199,1147702098231,1147702098267,1147702098423,6199,1
6200,1147702223256,1147702223289,1147702223341,6200,1
6201,1147702416874,1147702416907,1147702417120,6201,1
6202,1147702475484,1147702475517,1147702475570,6202,1
6203,1147702599974,1147702600011,1147702600110,6203,1
6204,1147702725069,1147702725101,1147702725156,6204,1
6205,1147702849916,1147702849949,1147702850065,6205,1
6206,1147702974959,1147702974995,1147702975049,6206,1
6207,1147703099896,1147703099929,1147703100049,6207,1
6208,1147703225008,1147703225040,1147703225086,6208,1
6209,1147703349929,1147703349961,1147703350085,6209,1
6210,1147703474776,1147703474809,1147703474862,6210,1
6211,1147703599939,1147703599971,1147703600023,6211,1
6212,1147703724903,1147703724936,1147703724989,6212,1
6213,1147703857101,1147703857137,1147703857190,6213,1
6214,1147703967333,1147703967366,1147703967412,6214,1
6215,1147704104927,1147704104959,1147704105011,6215,1
6216,1147704223305,1147704223337,1147704223381,6216,1
6217,1147704348092,1147704348125,1147704348171,6217,1
6218,1147704473203,1147704473236,1147704473285,6218,1
6219,1147704597308,1147704597340,1147704597392,6219,1
6220,1147704725178,1147704725214,1147704725326,6220,1
6221,1147704848905,1147704849007,1147704849132,6221,1
6222,1147704973198,1147704973231,1147704973281,6222,1
6223,1147705097197,1147705097231,1147705097357,6223,1
6224,1147705241298,1147705241335,1147705241422,6224,1
6225,1147705354216,1147705354252,1147705354376,6225,1
6226,1147705507043,1147705507078,1147705507167,6226,1
6227,1147705597361,1147705597395,1147705597516,6227,1
6228,1147705987367,1147705987425,1147705987538,6228,1
6229,1147705987603,1147705987636,1147705987732,6229,1
6230,1147705987765,1147705987798,1147705987840,6230,1
6231,1147706098870,1147706098905,1147706099010,6231,1
6232,1147706223309,1147706223341,1147706223387,6232,1
6233,1147706348237,1147706348268,1147706348371,6233,1
6234,1147706473201,1147706473234,1147706473287,6234,1
6235,1147706598334,1147706598366,1147706598545,6235,1
6236,1147706723447,1147706723483,1147706723535,6236,1
6237,1147706848270,1147706848303,1147706848409,6237,1
6238,1147706973265,1147706973297,1147706973352,6238,1
6239,1147707098379,1147707098411,1147707098524,6239,1
6240,1147707223228,1147707223260,1147707223311,6240,1
6241,1147707348149,1147707348180,1147707348303,6241,1
6242,1147707520009,1147707520042,1147707520129,6242,1
6243,1147707600256,1147707600289,1147707600410,6243,1
6244,1147707724966,1147707724999,1147707725050,6244,1
6245,1147707849985,1147707850017,1147707850122,6245,1
6246,1147707967528,1147707967561,1147707967613,6246,1
6247,1147708104973,1147708105009,1147708105114,6247,1
6248,1147708223101,1147708223133,1147708223184,6248,1
6249,1147708348149,1147708348181,1147708348285,6249,1
6250,1147708473256,1147708473289,1147708473339,6250,1
6251,1147708598204,1147708598236,1147708598342,6251,1
6252,1147708723140,1147708723172,1147708723225,6252,1
6253,1147708848173,1147708848206,1147708848319,6253,1
6254,1147708973553,1147708973655,1147708973775,6254,1
6255,1147709098454,1147709098486,1147709098596,6255,1
6256,1147709222294,1147709222326,1147709222378,6256,1
6257,1147709348964,1147709349000,1147709349121,6257,1
6258,1147709480988,1147709481023,1147709481110,6258,1
6259,1147709598234,1147709598269,1147709598451,6259,1
6260,1147709723140,1147709723172,1147709723224,6260,1
6261,1147709847415,1147709847452,1147709847695,6261,1
6262,1147709981521,1147709981553,1147709981641,6262,1
6263,1147710099975,1147710100008,1147710100060,6263,1
6264,1147710224821,1147710224854,1147710224904,6264,1
6265,1147710349713,1147710349745,1147710349795,6265,1
6266,1147710474785,1147710474817,1147710474868,6266,1
6267,1147710599613,1147710599645,1147710599702,6267,1
6268,1147710725240,1147710725272,1147710725456,6268,1
6269,1147710850125,1147710850157,1147710850252,6269,1
6270,1147710974657,1147710974690,1147710974741,6270,1
6271,1147711099746,1147711099779,1147711099882,6271,1
6272,1147711225020,1147711225055,1147711225109,6272,1
6273,1147711350019,1147711350052,1147711350102,6273,1
6274,1147711474932,1147711474964,1147711475016,6274,1
6275,1147711600020,1147711600052,1147711600104,6275,1
6276,1147711724970,1147711725002,1147711725053,6276,1
6277,1147711849838,1147711849871,1147711849923,6277,1
6278,1147711967272,1147711967305,1147711967357,6278,1
6279,1147712105038,1147712105071,1147712105124,6279,1
6280,1147712223292,1147712223324,1147712223377,6280,1
6281,1147712347272,1147712347305,1147712347355,6281,1
6282,1147712475907,1147712475943,1147712476032,6282,1
6283,1147712598175,1147712598207,1147712598260,6283,1
6284,1147712723188,1147712723221,1147712723271,6284,1
6285,1147712848207,1147712848239,1147712848289,6285,1
6286,1147712973274,1147712973307,1147712973356,6286,1
6287,1147713098264,1147713098300,1147713098351,6287,1
6288,1147713222850,1147713222954,1147713223076,6288,1
6289,1147713348639,1147713348672,1147713348833,6289,1
6290,1147713473364,1147713473397,1147713473447,6290,1
6291,1147713598140,1147713598172,1147713598334,6291,1
6292,1147713723212,1147713723244,1147713723294,6292,1
6293,1147713848251,1147713848284,1147713848470,6293,1
6294,1147714028186,1147714028221,1147714028274,6294,1
6295,1147714098344,1147714098377,1147714098565,6295,1
6296,1147714223181,1147714223215,1147714223269,6296,1
6297,1147714348231,1147714348265,1147714348517,6297,1
6298,1147714473190,1147714473222,1147714473273,6298,1
6299,1147714598221,1147714598253,1147714598418,6299,1
6300,1147714754955,1147714754991,1147714755044,6300,1
6301,1147714848340,1147714848374,1147714848544,6301,1
6302,1147714973345,1147714973378,1147714973498,6302,1
6303,1147715219894,1147715219931,1147715220107,6303,1
6304,1147715220170,1147715220203,1147715220245,6304,1
6305,1147715355267,1147715355303,1147715355459,6305,1
6306,1147715511917,1147715511949,1147715512036,6306,1
6307,1147715603214,1147715603247,1147715603354,6307,1
6308,1147715730760,1147715730792,1147715730839,6308,1
6309,1147715872527,1147715872564,1147715872653,6309,1
6310,1147715970806,1147715970838,1147715970889,6310,1
6311,1147716107335,1147716107368,1147716107420,6311,1
6312,1147716225330,1147716225363,1147716225412,6312,1
6313,1147716350092,1147716350125,1147716350174,6313,1
6314,1147716474868,1147716474899,1147716474950,6314,1
6315,1147716598547,1147716598580,1147716598629,6315,1
6316,1147716779365,1147716779401,1147716779490,6316,1
6317,1147716849761,1147716849797,1147716849905,6317,1
6318,1147716974463,1147716974495,1147716974545,6318,1
6319,1147717097943,1147717097975,1147717098085,6319,1
6320,1147717383430,1147717383534,1147717383710,6320,1
6321,1147717383773,1147717383806,1147717383906,6321,1
6322,1147717480509,1147717480544,1147717480593,6322,1
6323,1147717607896,1147717607932,1147717608053,6323,1
6324,1147717729634,1147717729669,1147717729718,6324,1
6325,1147717853439,1147717853475,1147717853578,6325,1
6326,1147717977444,1147717977479,1147717977530,6326,1
6327,1147718104722,1147718104758,1147718104913,6327,1
6328,1147718230107,1147718230143,1147718230230,6328,1
6329,1147718349051,1147718349084,1147718349190,6329,1
6330,1147718474117,1147718474150,1147718474202,6330,1
6331,1147718598703,1147718598735,1147718598934,6331,1
6332,1147718723867,1147718723899,1147718723949,6332,1
6333,1147718847743,1147718847775,1147718848106,6333,1
6334,1147719097456,1147719097492,1147719097706,6334,1
6335,1147719108618,1147719108655,1147719108768,6335,1
6336,1147719223657,1147719223691,1147719223743,6336,1
6337,1147719348640,1147719348672,1147719348793,6337,1
6338,1147719473915,1147719473947,1147719473999,6338,1
6339,1147719598387,1147719598420,1147719598534,6339,1
6340,1147719722360,1147719722393,1147719722444,6340,1
6341,1147719891912,1147719891948,1147719892102,6341,1
6342,1147719969511,1147719969547,1147719969604,6342,1
6343,1147720111795,1147720111901,1147720112008,6343,1
6344,1147720223556,1147720223592,1147720223646,6344,1
6345,1147720348357,1147720348390,1147720348498,6345,1
6346,1147720473313,1147720473345,1147720473396,6346,1
6347,1147720598529,1147720598562,1147720598669,6347,1
6348,1147720723363,1147720723396,1147720723446,6348,1
6349,1147720848162,1147720848195,1147720848308,6349,1
6350,1147720973378,1147720973411,1147720973462,6350,1
6351,1147721098469,1147721098502,1147721098609,6351,1
6352,1147721222296,1147721222328,1147721222379,6352,1
6353,1147721350614,1147721350651,1147721350771,6353,1
6354,1147721475402,1147721475434,1147721475552,6354,1
6355,1147721599959,1147721599991,1147721600110,6355,1
6356,1147721724959,1147721724992,1147721725042,6356,1
6357,1147721850196,1147721850229,1147721850342,6357,1
6358,1147721975082,1147721975115,1147721975166,6358,1
6359,1147722099925,1147722099957,1147722100059,6359,1
6360,1147722224834,1147722224867,1147722224916,6360,1
6361,1147722349926,1147722349959,1147722350115,6361,1
6362,1147722474972,1147722475004,1147722475055,6362,1
6363,1147722599918,1147722599951,1147722600143,6363,1
6364,1147722725027,1147722725060,1147722725111,6364,1
6365,1147722850120,1147722850152,1147722850203,6365,1
6366,1147722974904,1147722974936,1147722974987,6366,1
6367,1147723099896,1147723099928,1147723099977,6367,1
6368,1147723240790,1147723240824,1147723241014,6368,1
6369,1147723350074,1147723350110,1147723350230,6369,1
6370,1147723474977,1147723475013,1147723475060,6370,1
6371,1147723599860,1147723599896,1147723600008,6371,1
6372,1147723725153,1147723725191,1147723725240,6372,1
6373,1147723850102,1147723850138,1147723850249,6373,1
6374,1147723969514,1147723969551,1147723969624,6374,1
6375,1147724111465,1147724111574,1147724111690,6375,1
6376,1147724223278,1147724223310,1147724223364,6376,1
6377,1147724348315,1147724348347,1147724348448,6377,1
6378,1147724473176,1147724473208,1147724473261,6378,1
6379,1147724598256,1147724598288,1147724598402,6379,1
6380,1147724723402,1147724723436,1147724723485,6380,1
6381,1147724854777,1147724854813,1147724854862,6381,1
6382,1147724973317,1147724973350,1147724973397,6382,1
6383,1147725098591,1147725098624,1147725098671,6383,1
6384,1147725222305,1147725222339,1147725222391,6384,1
6385,1147725349431,1147725349467,1147725349520,6385,1
6386,1147725473371,1147725473403,1147725473452,6386,1
6387,1147725598702,1147725598735,1147725598856,6387,1
6388,1147725723287,1147725723319,1147725723371,6388,1
6389,1147725848461,1147725848494,1147725848794,6389,1
6390,1147725973285,1147725973318,1147725973368,6390,1
6391,1147726098154,1147726098187,1147726098363,6391,1
6392,1147726229191,1147726229227,1147726229275,6392,1
6393,1147726373145,1147726373182,1147726373339,6393,1
6394,1147726473350,1147726473383,1147726473436,6394,1
6395,1147726598326,1147726598358,1147726598520,6395,1
6396,1147726723244,1147726723277,1147726723329,6396,1
6397,1147726848311,1147726848343,1147726848529,6397,1
6398,1147726973417,1147726973449,1147726973498,6398,1
6399,1147727098469,1147727098502,1147727098686,6399,1
6400,1147727222333,1147727222365,1147727222415,6400,1
6401,1147727479422,1147727479458,1147727479741,6401,1
6402,1147727479801,1147727479834,1147727479874,6402,1
6403,1147727605613,1147727605645,1147727605763,6403,1
6404,1147727729700,1147727729736,1147727729786,6404,1
6405,1147727870537,1147727870572,1147727870746,6405,1
6406,1147727971639,1147727971672,1147727971720,6406,1
6407,1147728107830,1147728107866,1147728108051,6407,1
6408,1147728229992,1147728230027,1147728230078,6408,1
6409,1147728350786,1147728350818,1147728350865,6409,1
6410,1147728475412,1147728475445,1147728475492,6410,1
6411,1147728600251,1147728600286,1147728600334,6411,1
6412,1147728724781,1147728724814,1147728724857,6412,1
6413,1147728849586,1147728849620,1147728849665,6413,1
6414,1147728974514,1147728974547,1147728974594,6414,1
6415,1147729098266,1147729098299,1147729098349,6415,1
6416,1147729235208,1147729235244,1147729235335,6416,1
6417,1147729351758,1147729351793,1147729351842,6417,1
6418,1147729475482,1147729475515,1147729475561,6418,1
6419,1147729600357,1147729600390,1147729600437,6419,1
6420,1147729725516,1147729725547,1147729725595,6420,1
6421,1147729850598,1147729850699,1147729850816,6421,1
6422,1147729974993,1147729975026,1147729975072,6422,1
6423,1147730100111,1147730100148,1147730100195,6423,1
6424,1147730225256,1147730225293,1147730225339,6424,1
6425,1147730466815,1147730466871,1147730466970,6425,1
6426,1147730467038,1147730467071,1147730467111,6426,1
6427,1147730600665,1147730600701,1147730600755,6427,1
6428,1147730724863,1147730724894,1147730724946,6428,1
6429,1147730849954,1147730849988,1147730850039,6429,1
6430,1147730974610,1147730974642,1147730974692,6430,1
6431,1147731099848,1147731099881,1147731100055,6431,1
6432,1147731224852,1147731224885,1147731224937,6432,1
6433,1147731349706,1147731349739,1147731349942,6433,1
6434,1147731474884,1147731474917,1147731474966,6434,1
6435,1147731599795,1147731599828,1147731600016,6435,1
6436,1147731725139,1147731725175,1147731725291,6436,1
6437,1147731849824,1147731849860,1147731849970,6437,1
6438,1147731967162,1147731967196,1147731967248,6438,1
6439,1147732106151,1147732106188,1147732106290,6439,1
6440,1147732223335,1147732223369,1147732223412,6440,1
6441,1147732348252,1147732348285,1147732348392,6441,1
6442,1147732473158,1147732473191,1147732473233,6442,1
6443,1147732598274,1147732598306,1147732598415,6443,1
6444,1147732723185,1147732723219,1147732723262,6444,1
6445,1147732848158,1147732848191,1147732848305,6445,1
6446,1147732973150,1147732973183,1147732973231,6446,1
6447,1147733098221,1147733098254,1147733098363,6447,1
6448,1147733222311,1147733222343,1147733222391,6448,1
6449,1147733351257,1147733351293,1147733351417,6449,1
6450,1147733475129,1147733475161,1147733475210,6450,1
6451,1147733600087,1147733600120,1147733600247,6451,1
6452,1147733725567,1147733725599,1147733725649,6452,1
6453,1147733850103,1147733850204,1147733850327,6453,1
6454,1147733981487,1147733981523,1147733981639,6454,1
6455,1147734100202,1147734100235,1147734100348,6455,1
6456,1147734225132,1147734225165,1147734225212,6456,1
6457,1147734350055,1147734350087,1147734350211,6457,1
6458,1147734475013,1147734475046,1147734475091,6458,1
6459,1147734599944,1147734599976,1147734600098,6459,1
6460,1147734724920,1147734724953,1147734725002,6460,1
6461,1147734850001,1147734850034,1147734850136,6461,1
6462,1147734975001,1147734975033,1147734975081,6462,1
6463,1147735100178,1147735100211,1147735100322,6463,1
6464,1147735225169,1147735225202,1147735225248,6464,1
6465,1147735350413,1147735350446,1147735350494,6465,1
6466,1147735475015,1147735475048,1147735475094,6466,1
6467,1147735599970,1147735600004,1147735600178,6467,1
6468,1147735747132,1147735747168,1147735747288,6468,1
6469,1147735849835,1147735849867,1147735849985,6469,1
6470,1147735967237,1147735967270,1147735967315,6470,1
6471,1147736104765,1147736104802,1147736104910,6471,1
6472,1147736228390,1147736228425,1147736228475,6472,1
6473,1147736353915,1147736353950,1147736354074,6473,1
6474,1147736479908,1147736479948,1147736480000,6474,1
6475,1147736610474,1147736610510,1147736610626,6475,1
6476,1147736723309,1147736723342,1147736723389,6476,1
6477,1147736848310,1147736848344,1147736848390,6477,1
6478,1147736973305,1147736973338,1147736973383,6478,1
6479,1147737098277,1147737098310,1147737098357,6479,1
6480,1147737222445,1147737222478,1147737222525,6480,1
6481,1147737350736,1147737350772,1147737350822,6481,1
6482,1147737475229,1147737475262,1147737475307,6482,1
6483,1147737600182,1147737600215,1147737600261,6483,1
6484,1147737724971,1147737725004,1147737725050,6484,1
6485,1147737849923,1147737849956,1147737850003,6485,1
6486,1147737974964,1147737974996,1147737975043,6486,1
6487,1147738100398,1147738100498,1147738100622,6487,1
6488,1147738224936,1147738224970,1147738225021,6488,1
6489,1147738350001,1147738350033,1147738350083,6489,1
6490,1147738475029,1147738475061,1147738475112,6490,1
6491,1147738600053,1147738600085,1147738600135,6491,1
6492,1147738724991,1147738725024,1147738725073,6492,1
6493,1147738849970,1147738850002,1147738850053,6493,1
6494,1147738975027,1147738975060,1147738975111,6494,1
6495,1147739099951,1147739099984,1147739100154,6495,1
6496,1147739224947,1147739224980,1147739225032,6496,1
6497,1147739349881,1147739349914,1147739350024,6497,1
6498,1147739475161,1147739475193,1147739475244,6498,1
6499,1147739600007,1147739600039,1147739600143,6499,1
6500,1147739724966,1147739724998,1147739725049,6500,1
6501,1147739849967,1147739849999,1147739850189,6501,1
6502,1147739967684,1147739967718,1147739967835,6502,1
6503,1147740131558,1147740131595,1147740131712,6503,1
6504,1147740223442,1147740223474,1147740223526,6504,1
6505,1147740348230,1147740348263,1147740348380,6505,1
6506,1147740473245,1147740473278,1147740473330,6506,1
6507,1147740598284,1147740598316,1147740598481,6507,1
6508,1147740723269,1147740723301,1147740723353,6508,1
6509,1147740848226,1147740848259,1147740848365,6509,1
6510,1147740973250,1147740973282,1147740973332,6510,1
6511,1147741098183,1147741098216,1147741098316,6511,1
6512,1147741222430,1147741222463,1147741222514,6512,1
6513,1147741350849,1147741350885,1147741350991,6513,1
6514,1147741474649,1147741474682,1147741474734,6514,1
6515,1147741634136,1147741634172,1147741634363,6515,1
6516,1147741724847,1147741724882,1147741724928,6516,1
6517,1147741849858,1147741849892,1147741850312,6517,1
6518,1147741974808,1147741974841,1147741974888,6518,1
6519,1147742099498,1147742099532,1147742099705,6519,1
6520,1147742225127,1147742225160,1147742225208,6520,1
6521,1147742350378,1147742350482,1147742350750,6521,1
6522,1147742475021,1147742475053,1147742475100,6522,1
6523,1147742600003,1147742600034,1147742600221,6523,1
6524,1147742724998,1147742725030,1147742725075,6524,1
6525,1147742849875,1147742849907,1147742850079,6525,1
6526,1147742974973,1147742975004,1147742975052,6526,1
6527,1147743099885,1147743099917,1147743099968,6527,1
6528,1147743224830,1147743224863,1147743224909,6528,1
6529,1147743411499,1147743411536,1147743411654,6529,1
6530,1147743540133,1147743540169,1147743540218,6530,1
6531,1147743600819,1147743600852,1147743600894,6531,1
6532,1147743725029,1147743725061,1147743725107,6532,1
6533,1147743863234,1147743863271,1147743863320,6533,1
6534,1147743967397,1147743967430,1147743967606,6534,1
6535,1147744098828,1147744098860,1147744099031,6535,1
6536,1147744223627,1147744223660,1147744223710,6536,1
6537,1147744348415,1147744348447,1147744348565,6537,1
6538,1147744473187,1147744473220,1147744473271,6538,1
6539,1147744598124,1147744598157,1147744598279,6539,1
6540,1147744723323,1147744723355,1147744723406,6540,1
6541,1147744848105,1147744848138,1147744848247,6541,1
6542,1147744973115,1147744973148,1147744973201,6542,1
6543,1147745098066,1147745098099,1147745098202,6543,1
6544,1147745222221,1147745222253,1147745222306,6544,1
6545,1147745351064,1147745351099,1147745351155,6545,1
6546,1147745475065,1147745475101,1147745475152,6546,1
6547,1147745599840,1147745599875,1147745599925,6547,1
6548,1147745724991,1147745725027,1147745725078,6548,1
6549,1147745850034,1147745850070,1147745850254,6549,1
6550,1147745974981,1147745975017,1147745975066,6550,1
6551,1147746099957,1147746099993,1147746100175,6551,1
6552,1147746224957,1147746224993,1147746225044,6552,1
6553,1147746349838,1147746349873,1147746350051,6553,1
6554,1147746475151,1147746475186,1147746475304,6554,1
6555,1147746599973,1147746600008,1147746600176,6555,1
6556,1147746724962,1147746724998,1147746725050,6556,1
6557,1147746849957,1147746849994,1147746850281,6557,1
6558,1147746974974,1147746975010,1147746975061,6558,1
6559,1147747099885,1147747099920,1147747100089,6559,1
6560,1147747224910,1147747224945,1147747224996,6560,1
6561,1147747350076,1147747350113,1147747350276,6561,1
6562,1147747475083,1147747475118,1147747475170,6562,1
6563,1147747599843,1147747599878,1147747599929,6563,1
6564,1147747724974,1147747725009,1147747725060,6564,1
6565,1147747849921,1147747849957,1147747850006,6565,1
6566,1147747967254,1147747967285,1147747967338,6566,1
6567,1147748105317,1147748105418,1147748105610,6567,1
6568,1147748245020,1147748245056,1147748245182,6568,1
6569,1147748348309,1147748348344,1147748348455,6569,1
6570,1147748473302,1147748473337,1147748473388,6570,1
6571,1147748598176,1147748598212,1147748598328,6571,1
6572,1147748723309,1147748723346,1147748723392,6572,1
6573,1147748848319,1147748848354,1147748848465,6573,1
6574,1147748973248,1147748973281,1147748973327,6574,1
6575,1147749097544,1147749097577,1147749097692,6575,1
6576,1147749231408,1147749231444,1147749231562,6576,1
6577,1147749348562,1147749348598,1147749348652,6577,1
6578,1147749473342,1147749473374,1147749473423,6578,1
6579,1147749598306,1147749598339,1147749598389,6579,1
6580,1147749723193,1147749723225,1147749723275,6580,1
6581,1147749847359,1147749847392,1147749847490,6581,1
6582,1147750016776,1147750016812,1147750016929,6582,1
6583,1147750098400,1147750098436,1147750098491,6583,1
6584,1147750223181,1147750223212,1147750223262,6584,1
6585,1147750347237,1147750347270,1147750347320,6585,1
6586,1147750563162,1147750563196,1147750563287,6586,1
6587,1147750598518,1147750598551,1147750598676,6587,1
6588,1147750723229,1147750723261,1147750723312,6588,1
6589,1147750848150,1147750848182,1147750848234,6589,1
6590,1147750973434,1147750973467,1147750973519,6590,1
6591,1147751098325,1147751098357,1147751098409,6591,1
6592,1147751223101,1147751223133,1147751223185,6592,1
6593,1147751348165,1147751348198,1147751348408,6593,1
6594,1147751473427,1147751473460,1147751473510,6594,1
6595,1147751598243,1147751598276,1147751598352,6595,1
6596,1147751722187,1147751722220,1147751722267,6596,1
6597,1147751864260,1147751864296,1147751864403,6597,1
6598,1147751967470,1147751967503,1147751967558,6598,1
6599,1147752105277,1147752105383,1147752105488,6599,1
6600,1147752222475,1147752222508,1147752222561,6600,1
6601,1147752355719,1147752355754,1147752355968,6601,1
6602,1147752473728,1147752473760,1147752473882,6602,1
6603,1147752598482,1147752598515,1147752598621,6603,1
6604,1147752739514,1147752739551,1147752739599,6604,1
6605,1147752847566,1147752847598,1147752847720,6605,1
6606,1147752980505,1147752980538,1147752980630,6606,1
6607,1147753097674,1147753097707,1147753097818,6607,1
6608,1147753236539,1147753236575,1147753236665,6608,1
6609,1147753349058,1147753349090,1147753349208,6609,1
6610,1147753507018,1147753507053,1147753507143,6610,1
6611,1147753598518,1147753598551,1147753598662,6611,1
6612,1147753723238,1147753723271,1147753723322,6612,1
6613,1147753848532,1147753848564,1147753848665,6613,1
6614,1147753973137,1147753973170,1147753973220,6614,1
6615,1147754098398,1147754098431,1147754098543,6615,1
6616,1147754223168,1147754223201,1147754223252,6616,1
6617,1147754348168,1147754348201,1147754348312,6617,1
6618,1147754473087,1147754473119,1147754473169,6618,1
6619,1147754598142,1147754598175,1147754598278,6619,1
6620,1147754723384,1147754723416,1147754723467,6620,1
6621,1147754848523,1147754848556,1147754848737,6621,1
6622,1147755002318,1147755002354,1147755002443,6622,1
6623,1147755156092,1147755156125,1147755156218,6623,1
6624,1147755223759,1147755223791,1147755223844,6624,1
6625,1147755348167,1147755348198,1147755348249,6625,1
6626,1147755507608,1147755507640,1147755507731,6626,1
6627,1147755598573,1147755598606,1147755598721,6627,1
6628,1147755722282,1147755722315,1147755722365,6628,1
6629,1147755889275,1147755889311,1147755889463,6629,1
6630,1147755967487,1147755967521,1147755967573,6630,1
6631,1147756112953,1147756113054,1147756113208,6631,1
6632,1147756223621,1147756223657,1147756223708,6632,1
6633,1147756348353,1147756348386,1147756348492,6633,1
6634,1147756473166,1147756473199,1147756473371,6634,1
6635,1147756598427,1147756598460,1147756598647,6635,1
6636,1147756723230,1147756723266,1147756723316,6636,1
6637,1147756848120,1147756848153,1147756848271,6637,1
6638,1147756973244,1147756973276,1147756973327,6638,1
6639,1147757098090,1147757098122,1147757098229,6639,1
6640,1147757222301,1147757222334,1147757222384,6640,1
6641,1147757348755,1147757348790,1147757348916,6641,1
6642,1147757473303,1147757473339,1147757473389,6642,1
6643,1147757596992,1147757597023,1147757597139,6643,1
6644,1147757763904,1147757763938,1147757764026,6644,1
6645,1147757847956,1147757847987,1147757848366,6645,1
6646,1147757972676,1147757972707,1147757972756,6646,1
6647,1147758097885,1147758097917,1147758098166,6647,1
6648,1147758222828,1147758222859,1147758222909,6648,1
6649,1147758347906,1147758347938,1147758348323,6649,1
6650,1147758472829,1147758472861,1147758472909,6650,1
6651,1147758597763,1147758597794,1147758598014,6651,1
6652,1147758722903,1147758722935,1147758722985,6652,1
6653,1147758847715,1147758847746,1147758848036,6653,1
6654,1147758972596,1147758972628,1147758972677,6654,1
6655,1147759097733,1147759097765,1147759097816,6655,1
6656,1147759222855,1147759222887,1147759222935,6656,1
6657,1147759347852,1147759347885,1147759347934,6657,1
6658,1147759511551,1147759511584,1147759511671,6658,1
6659,1147759599957,1147759599990,1147759600041,6659,1
6660,1147759724752,1147759724783,1147759724900,6660,1
6661,1147759849694,1147759849725,1147759849774,6661,1
6662,1147759967446,1147759967478,1147759967526,6662,1
6663,1147760104955,1147760104988,1147760105041,6663,1
6664,1147760223243,1147760223274,1147760223325,6664,1
6665,1147760348332,1147760348365,1147760348417,6665,1
6666,1147761391021,1147761391090,1147761391637,6666,1
6667,1147761392014,1147761392046,1147761392143,6667,1
6668,1147761392175,1147761392317,1147761392358,6668,1
6669,1147761392390,1147761392422,1147761392543,6669,1
6670,1147761392575,1147761392607,1147761392650,6670,1
6671,1147761392704,1147761392736,1147761392840,6671,1
6672,1147761392873,1147761393001,1147761393043,6672,1
6673,1147761393075,1147761393108,1147761393205,6673,1
6674,1147761493674,1147761493707,1147761493825,6674,1
6675,1147761603840,1147761603874,1147761603992,6675,1
6676,1147761728660,1147761728695,1147761728750,6676,1
6677,1147761853639,1147761853674,1147761853780,6677,1
6678,1147761978419,1147761978455,1147761978559,6678,1
6679,1147762098362,1147762098396,1147762098506,6679,1
6680,1147762222359,1147762222391,1147762222439,6680,1
6681,1147762388277,1147762388314,1147762388465,6681,1
6682,1147762473451,1147762473484,1147762473533,6682,1
6683,1147762598301,1147762598334,1147762598454,6683,1
6684,1147762723217,1147762723249,1147762723298,6684,1
6685,1147762848267,1147762848301,1147762848414,6685,1
6686,1147763648107,1147763648191,1147763648749,6686,1
6687,1147763648976,1147763649009,1147763649079,6687,1
6688,1147763649111,1147763649143,1147763649184,6688,1
6689,1147763649216,1147763649263,1147763649523,6689,1
6690,1147763649555,1147763649587,1147763649628,6690,1
6691,1147763649783,1147763649817,1147763650109,6691,1
6692,1147763881210,1147763881247,1147763881362,6692,1
6693,1147763881427,1147763881464,1147763881704,6693,1
6694,1147764108742,1147764108776,1147764108867,6694,1
6695,1147764108968,1147764109000,1147764109244,6695,1
6696,1147764230356,1147764230389,1147764230439,6696,1
6697,1147764414400,1147764414437,1147764414723,6697,1
6698,1147764473552,1147764473585,1147764473634,6698,1
6699,1147764603410,1147764603517,1147764603771,6699,1
6700,1147764727288,1147764727322,1147764727375,6700,1
6701,1147765755228,1147765755285,1147765755790,6701,1
6702,1147765755955,1147765755987,1147765756029,6702,1
6703,1147765756222,1147765756254,1147765756376,6703,1
6704,1147765756408,1147765756563,1147765756608,6704,1
6705,1147765756641,1147765756779,1147765756888,6705,1
6706,1147765756919,1147765756952,1147765756993,6706,1
6707,1147765757158,1147765757191,1147765757302,6707,1
6708,1147765757335,1147765757484,1147765757525,6708,1
6709,1147765992591,1147765992650,1147765992845,6709,1
6710,1147765992930,1147765992963,1147765993005,6710,1
6711,1147766110955,1147766110990,1147766111144,6711,1
6712,1147766231475,1147766231507,1147766231556,6712,1
6713,1147766356930,1147766356967,1147766357039,6713,1
6714,1147766480689,1147766480725,1147766480774,6714,1
6715,1147766601923,1147766601956,1147766602022,6715,1
6716,1147766726302,1147766726335,1147766726389,6716,1
6717,1147766850956,1147766850990,1147766851050,6717,1
6718,1147766975322,1147766975354,1147766975405,6718,1
6719,1147767099945,1147767099978,1147767100044,6719,1
6720,1147767224766,1147767224798,1147767224852,6720,1
6721,1147767349780,1147767349812,1147767350051,6721,1
6722,1147767474333,1147767474368,1147767474418,6722,1
6723,1147767599119,1147767599152,1147767599196,6723,1
6724,1147767724054,1147767724090,1147767724139,6724,1
6725,1147767848101,1147767848134,1147767848256,6725,1
6726,1147768023139,1147768023175,1147768023263,6726,1
6727,1147768099015,1147768099121,1147768099174,6727,1
6728,1147768231236,1147768231269,1147768231320,6728,1
6729,1147768347615,1147768347646,1147768347723,6729,1
6730,1147768652977,1147768653013,1147768653103,6730,1
6731,1147768653184,1147768653217,1147768653258,6731,1
6732,1147768730707,1147768730743,1147768730794,6732,1
6733,1147768853564,1147768853598,1147768853673,6733,1
6734,1147768980009,1147768980041,1147768980093,6734,1
6735,1147769103854,1147769103890,1147769103939,6735,1
6736,1147769230303,1147769230345,1147769230475,6736,1
6737,1147769371137,1147769371174,1147769371292,6737,1
6738,1147769473731,1147769473767,1147769473822,6738,1
6739,1147769598388,1147769598421,1147769598588,6739,1
6740,1147769723902,1147769723934,1147769724047,6740,1
6741,1147769847533,1147769847566,1147769847688,6741,1
6742,1147769981423,1147769981459,1147769981549,6742,1
6743,1147770098309,1147770098343,1147770098465,6743,1
6744,1147770223265,1147770223297,1147770223351,6744,1
6745,1147770348343,1147770348377,1147770348504,6745,1
6746,1147770532877,1147770532910,1147770532965,6746,1
6747,1147770598354,1147770598387,1147770598500,6747,1
6748,1147770723188,1147770723224,1147770723277,6748,1
6749,1147770848239,1147770848271,1147770848382,6749,1
6750,1147770973439,1147770973475,1147770973529,6750,1
6751,1147771098187,1147771098221,1147771098300,6751,1
6752,1147771223182,1147771223214,1147771223260,6752,1
6753,1147771348140,1147771348175,1147771348455,6753,1
6754,1147771473738,1147771473770,1147771473886,6754,1
6755,1147771598067,1147771598099,1147771598208,6755,1
6756,1147771723055,1147771723087,1147771723135,6756,1
6757,1147771847316,1147771847348,1147771847416,6757,1
6758,1147772032257,1147772032294,1147772032384,6758,1
6759,1147772146475,1147772146582,1147772146655,6759,1
6760,1147772223657,1147772223689,1147772223742,6760,1
6761,1147772348329,1147772348362,1147772348606,6761,1
6762,1147772473115,1147772473148,1147772473198,6762,1
6763,1147772598225,1147772598257,1147772598510,6763,1
6764,1147772723141,1147772723173,1147772723226,6764,1
6765,1147772848144,1147772848176,1147772848243,6765,1
6766,1147772973260,1147772973292,1147772973343,6766,1
6767,1147773098132,1147773098165,1147773098229,6767,1
6768,1147773243956,1147773243992,1147773244161,6768,1
6769,1147773349464,1147773349499,1147773349608,6769,1
6770,1147773473414,1147773473447,1147773473490,6770,1
6771,1147773598291,1147773598328,1147773598437,6771,1
6772,1147773723227,1147773723262,1147773723306,6772,1
6773,1147773848228,1147773848260,1147773848617,6773,1
6774,1147773973134,1147773973169,1147773973216,6774,1
6775,1147774098352,1147774098388,1147774098571,6775,1
6776,1147774223175,1147774223208,1147774223254,6776,1
6777,1147774348176,1147774348209,1147774348406,6777,1
6778,1147774473088,1147774473124,1147774473172,6778,1
6779,1147774598146,1147774598179,1147774598376,6779,1
6780,1147774723154,1147774723186,1147774723231,6780,1
6781,1147774848107,1147774848140,1147774848325,6781,1
6782,1147774973207,1147774973239,1147774973287,6782,1
6783,1147775098306,1147775098341,1147775098523,6783,1
6784,1147775299194,1147775299227,1147775299280,6784,1
6785,1147775348579,1147775348612,1147775348658,6785,1
6786,1147775473162,1147775473199,1147775473246,6786,1
6787,1147775598527,1147775598562,1147775598675,6787,1
6788,1147775723305,1147775723340,1147775723391,6788,1
6789,1147775870177,1147775870213,1147775870287,6789,1
6790,1147775981503,1147775981536,1147775981650,6790,1
6791,1147776198667,1147776198772,1147776198964,6791,1
6792,1147776244110,1147776244143,1147776244196,6792,1
6793,1147776476089,1147776476124,1147776476382,6793,1
6794,1147776476443,1147776476476,1147776476517,6794,1
6795,1147776610458,1147776610492,1147776610862,6795,1
6796,1147776727818,1147776727851,1147776727903,6796,1
6797,1147776852812,1147776852846,1147776853061,6797,1
6798,1147776981590,1147776981627,1147776981675,6798,1
6799,1147777106111,1147777106145,1147777106325,6799,1
6800,1147777226260,1147777226296,1147777226346,6800,1
6801,1147777352399,1147777352435,1147777352614,6801,1
6802,1147777476477,1147777476510,1147777476629,6802,1
6803,1147777600396,1147777600428,1147777600542,6803,1
6804,1147777725111,1147777725145,1147777725199,6804,1
6805,1147777849760,1147777849793,1147777849909,6805,1
6806,1147777974489,1147777974523,1147777974573,6806,1
6807,1147778099383,1147778099419,1147778099523,6807,1
6808,1147778224401,1147778224434,1147778224488,6808,1
6809,1147778349212,1147778349245,1147778349359,6809,1
6810,1147778474272,1147778474304,1147778474356,6810,1
6811,1147778597745,1147778597778,1147778597828,6811,1
6812,1147778742240,1147778742276,1147778742391,6812,1
6813,1147778888298,1147778888334,1147778888637,6813,1
6814,1147778974302,1147778974335,1147778974382,6814,1
6815,1147779098722,1147779098756,1147779098804,6815,1
6816,1147779223342,1147779223378,1147779223425,6816,1
6817,1147779348621,1147779348658,1147779348705,6817,1
6818,1147779473644,1147779473677,1147779473727,6818,1
6819,1147779598391,1147779598424,1147779598539,6819,1
6820,1147779722428,1147779722463,1147779722514,6820,1
6821,1147779860455,1147779860491,1147779860736,6821,1
6822,1147780100464,1147780100569,1147780100660,6822,1
6823,1147780100723,1147780100755,1147780100851,6823,1
6824,1147780229078,1147780229114,1147780229165,6824,1
6825,1147780354159,1147780354192,1147780354300,6825,1
6826,1147780480460,1147780480493,1147780480541,6826,1
6827,1147780601883,1147780601916,1147780601986,6827,1
6828,1147780754313,1147780754349,1147780754438,6828,1
6829,1147780848289,1147780848321,1147780848515,6829,1
6830,1147780973261,1147780973294,1147780973337,6830,1
6831,1147781098342,1147781098374,1147781098563,6831,1
6832,1147781222458,1147781222490,1147781222541,6832,1
6833,1147781352792,1147781352824,1147781352895,6833,1
6834,1147781473584,1147781473616,1147781473806,6834,1
6835,1147781598455,1147781598488,1147781598672,6835,1
6836,1147781723492,1147781723525,1147781723573,6836,1
6837,1147781847295,1147781847328,1147781847437,6837,1
6838,1147781978758,1147781978794,1147781978886,6838,1
6839,1147782108722,1147782108758,1147782108924,6839,1
6840,1147782226533,1147782226565,1147782226618,6840,1
6841,1147782350646,1147782350679,1147782350787,6841,1
6842,1147782475726,1147782475759,1147782475812,6842,1
6843,1147782600053,1147782600085,1147782600135,6843,1
6844,1147782724916,1147782724949,1147782724996,6844,1
6845,1147782849552,1147782849584,1147782849634,6845,1
6846,1147782974264,1147782974296,1147782974350,6846,1
6847,1147783099319,1147783099351,1147783099404,6847,1
6848,1147783224369,1147783224402,1147783224453,6848,1
6849,1147783349008,1147783349041,1147783349094,6849,1
6850,1147783474032,1147783474065,1147783474118,6850,1
6851,1147783598688,1147783598721,1147783598774,6851,1
6852,1147783723502,1147783723534,1147783723583,6852,1
6853,1147783847748,1147783847781,1147783847835,6853,1
6854,1147784025195,1147784025303,1147784025456,6854,1
6855,1147784099060,1147784099092,1147784099146,6855,1
6856,1147784223225,1147784223258,1147784223301,6856,1
6857,1147784348214,1147784348247,1147784348290,6857,1
6858,1147784473347,1147784473380,1147784473423,6858,1
6859,1147784598245,1147784598278,1147784598320,6859,1
6860,1147784723322,1147784723354,1147784723398,6860,1
6861,1147784848387,1147784848420,1147784848462,6861,1
6862,1147784973279,1147784973311,1147784973358,6862,1
6863,1147785098254,1147785098286,1147785098333,6863,1
6864,1147785222619,1147785222651,1147785222695,6864,1
6865,1147785356465,1147785356498,1147785356616,6865,1
6866,1147785475491,1147785475523,1147785475576,6866,1
6867,1147785600291,1147785600323,1147785600491,6867,1
6868,1147785746974,1147785747007,1147785747128,6868,1
6869,1147785850178,1147785850212,1147785850325,6869,1
6870,1147785975048,1147785975081,1147785975128,6870,1
6871,1147786100217,1147786100249,1147786100295,6871,1
6872,1147786229488,1147786229525,1147786229646,6872,1
6873,1147786350937,1147786350970,1147786351045,6873,1
6874,1147786474922,1147786474954,1147786475004,6874,1
6875,1147786600105,1147786600138,1147786600182,6875,1
6876,1147786724933,1147786724966,1147786725017,6876,1
6877,1147786849857,1147786849891,1147786849937,6877,1
6878,1147786974781,1147786974814,1147786974868,6878,1
6879,1147787099864,1147787099897,1147787099950,6879,1
6880,1147787225094,1147787225127,1147787225174,6880,1
6881,1147787349883,1147787349916,1147787349965,6881,1
6882,1147787474900,1147787474933,1147787474980,6882,1
6883,1147787599983,1147787600015,1147787600063,6883,1
6884,1147787725633,1147787725666,1147787725710,6884,1
6885,1147787865208,1147787865239,1147787865287,6885,1
6886,1147788028241,1147788028276,1147788028388,6886,1
6887,1147788098190,1147788098222,1147788098269,6887,1
6888,1147788222832,1147788222864,1147788222912,6888,1
6889,1147788347880,1147788347912,1147788347963,6889,1
6890,1147788472907,1147788472939,1147788472986,6890,1
6891,1147788597724,1147788597756,1147788597802,6891,1
6892,1147788722951,1147788722982,1147788723026,6892,1
6893,1147788847928,1147788847959,1147788848008,6893,1
6894,1147788972713,1147788972745,1147788972791,6894,1
6895,1147789097746,1147789097778,1147789097827,6895,1
6896,1147789222108,1147789222139,1147789222192,6896,1
6897,1147789350633,1147789350664,1147789350720,6897,1
6898,1147789474483,1147789474515,1147789474563,6898,1
6899,1147789599456,1147789599488,1147789599592,6899,1
6900,1147789724583,1147789724615,1147789724657,6900,1
6901,1147789864083,1147789864119,1147789864442,6901,1
6902,1147789974446,1147789974478,1147789974531,6902,1
6903,1147790099452,1147790099483,1147790099528,6903,1
6904,1147790224368,1147790224399,1147790224449,6904,1
6905,1147790349392,1147790349423,1147790349468,6905,1
6906,1147790474468,1147790474499,1147790474545,6906,1
6907,1147790607442,1147790607475,1147790607522,6907,1
6908,1147790725108,1147790725140,1147790725193,6908,1
6909,1147790849620,1147790849652,1147790849697,6909,1
6910,1147790974422,1147790974454,1147790974500,6910,1
6911,1147791099472,1147791099505,1147791099556,6911,1
6912,1147791224340,1147791224373,1147791224424,6912,1
6913,1147791349569,1147791349600,1147791349647,6913,1
6914,1147791474464,1147791474496,1147791474542,6914,1
6915,1147791599386,1147791599418,1147791599468,6915,1
6916,1147791724363,1147791724394,1147791724442,6916,1
6917,1147791849651,1147791849682,1147791849733,6917,1
6918,1147791985804,1147791985836,1147791985887,6918,1
6919,1147792105323,1147792105357,1147792105426,6919,1
6920,1147792222978,1147792223012,1147792223057,6920,1
6921,1147792348096,1147792348128,1147792348318,6921,1
6922,1147792472739,1147792472770,1147792472817,6922,1
6923,1147792632404,1147792632439,1147792632554,6923,1
6924,1147792723019,1147792723051,1147792723103,6924,1
6925,1147792847722,1147792847754,1147792847801,6925,1
6926,1147792972965,1147792972998,1147792973044,6926,1
6927,1147793097769,1147793097801,1147793097848,6927,1
6928,1147793221864,1147793221897,1147793221941,6928,1
6929,1147793350375,1147793350407,1147793350521,6929,1
6930,1147793474908,1147793474940,1147793474986,6930,1
6931,1147793599795,1147793599827,1147793599877,6931,1
6932,1147793724549,1147793724581,1147793724633,6932,1
6933,1147793849978,1147793850011,1147793850057,6933,1
6934,1147793975212,1147793975244,1147793975290,6934,1
6935,1147794100033,1147794100066,1147794100233,6935,1
6936,1147794224914,1147794224946,1147794224991,6936,1
6937,1147794349922,1147794349955,1147794350135,6937,1
6938,1147794475016,1147794475049,1147794475096,6938,1
6939,1147794600059,1147794600092,1147794600275,6939,1
6940,1147794725108,1147794725140,1147794725193,6940,1
6941,1147794849909,1147794849942,1147794850102,6941,1
6942,1147794975109,1147794975141,1147794975185,6942,1
6943,1147795100019,1147795100052,1147795100226,6943,1
6944,1147795224906,1147795224939,1147795224983,6944,1
6945,1147795349951,1147795349984,1147795350172,6945,1
6946,1147795475061,1147795475094,1147795475145,6946,1
6947,1147796440895,1147796441027,1147796441514,6947,1
6948,1147796441847,1147796441879,1147796441920,6948,1
6949,1147796441955,1147796441997,1147796442189,6949,1
6950,1147796442222,1147796442255,1147796442296,6950,1
6951,1147796442453,1147796442486,1147796442658,6951,1
6952,1147796442690,1147796442729,1147796442770,6952,1
6953,1147796442802,1147796442840,1147796443010,6953,1
6954,1147796488911,1147796488947,1147796488990,6954,1
6955,1147796599328,1147796599363,1147796599533,6955,1
6956,1147796723217,1147796723253,1147796723296,6956,1
6957,1147796848314,1147796848347,1147796848531,6957,1
6958,1147796973103,1147796973135,1147796973181,6958,1
6959,1147797098556,1147797098589,1147797098802,6959,1
6960,1147797222596,1147797222629,1147797222682,6960,1
6961,1147797349268,1147797349301,1147797349484,6961,1
6962,1147797473295,1147797473328,1147797473382,6962,1
6963,1147797598329,1147797598361,1147797598535,6963,1
6964,1147797750807,1147797750844,1147797750957,6964,1
6965,1147797848774,1147797848810,1147797848998,6965,1
6966,1147797972256,1147797972288,1147797972344,6966,1
6967,1147798158469,1147798158504,1147798158773,6967,1
6968,1147798225115,1147798225148,1147798225201,6968,1
6969,1147798350001,1147798350034,1147798350210,6969,1
6970,1147798474976,1147798475008,1147798475061,6970,1
6971,1147798600000,1147798600032,1147798600208,6971,1
6972,1147798724900,1147798724932,1147798724981,6972,1
6973,1147798849989,1147798850021,1147798850095,6973,1
6974,1147798974937,1147798974970,1147798975017,6974,1
6975,1147799100097,1147799100129,1147799100311,6975,1
6976,1147799225066,1147799225099,1147799225149,6976,1
6977,1147799349955,1147799349988,1147799350036,6977,1
6978,1147799474818,1147799474851,1147799474899,6978,1
6979,1147799599841,1147799599874,1147799599921,6979,1
6980,1147799724903,1147799724935,1147799724982,6980,1
6981,1147799850033,1147799850064,1147799850114,6981,1
6982,1147800035646,1147800035683,1147800035737,6982,1
6983,1147800104801,1147800104833,1147800104883,6983,1
6984,1147800223424,1147800223457,1147800223507,6984,1
6985,1147800497351,1147800497396,1147800497471,6985,1
6986,1147800506667,1147800506710,1147800506766,6986,1
6987,1147800676624,1147800676661,1147800676881,6987,1
6988,1147801346016,1147801346091,1147801346316,6988,1
6989,1147801346684,1147801346716,1147801346870,6989,1
6990,1147801346903,1147801346936,1147801346978,6990,1
6991,1147801347150,1147801347183,1147801347327,6991,1
6992,1147801347360,1147801347531,1147801347573,6992,1
6993,1147801355894,1147801355926,1147801356099,6993,1
6994,1147801474318,1147801474350,1147801474396,6994,1
6995,1147801598240,1147801598272,1147801598338,6995,1
6996,1147801723219,1147801723251,1147801723308,6996,1
6997,1147801848286,1147801848319,1147801848479,6997,1
6998,1147803100078,1147803100148,1147803100529,6998,1
6999,1147803103187,1147803103218,1147803103400,6999,1
7000,1147803103433,1147803103467,1147803103508,7000,1
7001,1147803103542,1147803103574,1147803103932,7001,1
7002,1147803103963,1147803103996,1147803104042,7002,1
7003,1147803104073,1147803104105,1147803104292,7003,1
7004,1147803104324,1147803104357,1147803104398,7004,1
7005,1147803104429,1147803104462,1147803104627,7005,1
7006,1147803104659,1147803104692,1147803104733,7006,1
7007,1147803104765,1147803104796,1147803104952,7007,1
7008,1147803236536,1147803236571,1147803236625,7008,1
7009,1147803356598,1147803356630,1147803356805,7009,1
7010,1147803483225,1147803483258,1147803483309,7010,1
7011,1147803604618,1147803604650,1147803604838,7011,1
7012,1147803728492,1147803728526,1147803728579,7012,1
7013,1147803925024,1147803925065,1147803925266,7013,1
7014,1147804025882,1147804025917,1147804025974,7014,1
7015,1147804102011,1147804102044,1147804102253,7015,1
7016,1147804226160,1147804226196,1147804226244,7016,1
7017,1147804350494,1147804350527,1147804350713,7017,1
7018,1147804475440,1147804475473,1147804475525,7018,1
7019,1147804600081,1147804600114,1147804600294,7019,1
7020,1147804723897,1147804723931,1147804723980,7020,1
7021,1147804887035,1147804887070,1147804887373,7021,1
7022,1147804975792,1147804975828,1147804975879,7022,1
7023,1147805098669,1147805098703,1147805098911,7023,1
7024,1147805222888,1147805222920,1147805222968,7024,1
7025,1147805350102,1147805350136,1147805350354,7025,1
7026,1147805473629,1147805473664,1147805473714,7026,1
7027,1147805598375,1147805598406,1147805598655,7027,1
7028,1147805723425,1147805723456,1147805723501,7028,1
7029,1147805848123,1147805848155,1147805848579,7029,1
7030,1147805972053,1147805972088,1147805972135,7030,1
7031,1147806162966,1147806163001,1147806163236,7031,1
7032,1147806223553,1147806223585,1147806223634,7032,1
7033,1147806348003,1147806348035,1147806348210,7033,1
7034,1147806472851,1147806472883,1147806472925,7034,1
7035,1147806598028,1147806598060,1147806598235,7035,1
7036,1147806722716,1147806722747,1147806722793,7036,1
7037,1147806847792,1147806847823,1147806848014,7037,1
7038,1147806972868,1147806972900,1147806972942,7038,1
7039,1147807097781,1147807097813,1147807098017,7039,1
7040,1147807222615,1147807222647,1147807222693,7040,1
7041,1147807347755,1147807347787,1147807347834,7041,1
7042,1147807516068,1147807516100,1147807516186,7042,1
7043,1147807599859,1147807599890,1147807599942,7043,1
7044,1147807724895,1147807724930,1147807724978,7044,1
7045,1147807852811,1147807852852,1147807852906,7045,1
7046,1147808508943,1147808508988,1147808509395,7046,1
7047,1147808509604,1147808509637,1147808509785,7047,1
7048,1147808509817,1147808509958,1147808509998,7048,1
7049,1147808510030,1147808510074,1147808510263,7049,1
7050,1147808510293,1147808510324,1147808510364,7050,1
7051,1147808601233,1147808601267,1147808601451,7051,1
7052,1147808723109,1147808723143,1147808723190,7052,1
7053,1147808848009,1147808848044,1147808848210,7053,1
7054,1147808972858,1147808972893,1147808972939,7054,1
7055,1147809097860,1147809097894,1147809098053,7055,1
7056,1147809222003,1147809222037,1147809222087,7056,1
7057,1147809349997,1147809350033,1147809350218,7057,1
7058,1147809473345,1147809473381,1147809473434,7058,1
7059,1147809692223,1147809692258,1147809692456,7059,1
7060,1147809723584,1147809723620,1147809723675,7060,1
7061,1147809848493,1147809848530,1147809848699,7061,1
7062,1147809972428,1147809972465,1147809972514,7062,1
7063,1147810145056,1147810145106,1147810145356,7063,1
7064,1147810225849,1147810225885,1147810225939,7064,1
7065,1147810350093,1147810350126,1147810350311,7065,1
7066,1147810474874,1147810474907,1147810474959,7066,1
7067,1147810599863,1147810599895,1147810600077,7067,1
7068,1147810725061,1147810725094,1147810725148,7068,1
7069,1147810849964,1147810849997,1147810850148,7069,1
7070,1147810974943,1147810974976,1147810975027,7070,1
7071,1147811100021,1147811100053,1147811100216,7071,1
7072,1147811224975,1147811225007,1147811225053,7072,1
7073,1147811349997,1147811350030,1147811350082,7073,1
7074,1147814243145,1147814243235,1147814243587,7074,1
7075,1147814243873,1147814243905,1147814243997,7075,1
7076,1147814244028,1147814244183,1147814244224,7076,1
7077,1147814244257,1147814244424,1147814244611,7077,1
7078,1147814244644,1147814244677,1147814244718,7078,1
7079,1147814244877,1147814244910,1147814244976,7079,1
7080,1147814245008,1147814245053,1147814245095,7080,1
7081,1147814245128,1147814245421,1147814245491,7081,1
7082,1147814245524,1147814245556,1147814245598,7082,1
7083,1147814245794,1147814245826,1147814245894,7083,1
7084,1147814249044,1147814249076,1147814249118,7084,1
7085,1147814249150,1147814249182,1147814249262,7085,1
7086,1147814249295,1147814249327,1147814249368,7086,1
7087,1147814249400,1147814249433,1147814249623,7087,1
7088,1147814249655,1147814249688,1147814249729,7088,1
7089,1147814249761,1147814249795,1147814249868,7089,1
7090,1147814249900,1147814249932,1147814249973,7090,1
7091,1147814250006,1147814250038,1147814250114,7091,1
7092,1147814250146,1147814250178,1147814250220,7092,1
7093,1147814250252,1147814250284,1147814250360,7093,1
7094,1147814250392,1147814250424,1147814250466,7094,1
7095,1147814250498,1147814250530,1147814250605,7095,1
7096,1147814262897,1147814262929,1147814262984,7096,1
7097,1147814410052,1147814410084,1147814410160,7097,1
7098,1147814576488,1147814576524,1147814576643,7098,1
7099,1147814608995,1147814609029,1147814609109,7099,1
7100,1147814725340,1147814725372,1147814725426,7100,1
7101,1147814850173,1147814850206,1147814850293,7101,1
7102,1147814975183,1147814975216,1147814975268,7102,1
7103,1147815216879,1147815216915,1147815217033,7103,1
7104,1147815217098,1147815217130,1147815217171,7104,1
7105,1147815356292,1147815356326,1147815356408,7105,1
7106,1147815480588,1147815480621,1147815480674,7106,1
7107,1147815604223,1147815604327,1147815604515,7107,1
7108,1147815741445,1147815741480,1147815741674,7108,1
7109,1147815908963,1147815908998,1147815909149,7109,1
7110,1147815982561,1147815982594,1147815982646,7110,1
7111,1147817741235,1147817741368,1147817741743,7111,1
7112,1147817741918,1147817741950,1147817741991,7112,1
7113,1147817742023,1147817742061,1147817742161,7113,1
7114,1147817742194,1147817742227,1147817742267,7114,1
7115,1147817742444,1147817742478,1147817742532,7115,1
7116,1147817742565,1147817742829,1147817742871,7116,1
7117,1147817742904,1147817743064,1147817743174,7117,1
7118,1147817743207,1147817743239,1147817743280,7118,1
7119,1147817743443,1147817743475,1147817743540,7119,1
7120,1147817743572,1147817743612,1147817743653,7120,1
7121,1147817743684,1147817743861,1147817743924,7121,1
7122,1147817743956,1147817743988,1147817744031,7122,1
7123,1147817744210,1147817744243,1147817744349,7123,1
7124,1147817744382,1147817744414,1147817744455,7124,1
7125,1147817859133,1147817859166,1147817859278,7125,1
7126,1147817978160,1147817978196,1147817978249,7126,1
7127,1147818166754,1147818166786,1147818166935,7127,1
7128,1147818326117,1147818326171,1147818326263,7128,1
7129,1147818350799,1147818350833,1147818350936,7129,1
7130,1147818845854,1147818845925,1147818846070,7130,1
7131,1147818846282,1147818846314,1147818846370,7131,1
7132,1147818846403,1147818846680,1147818846721,7132,1
7133,1147818855125,1147818855157,1147818855288,7133,1
7134,1147818974346,1147818974379,1147818974430,7134,1
7135,1147819098606,1147819098638,1147819098706,7135,1
7136,1147819223314,1147819223347,1147819223401,7136,1
7137,1147819348657,1147819348690,1147819348759,7137,1
7138,1147819473196,1147819473228,1147819473281,7138,1
7139,1147819598236,1147819598268,1147819598444,7139,1
7140,1147819722266,1147819722299,1147819722351,7140,1
7141,1147819884386,1147819884422,1147819884638,7141,1
7142,1147820030118,1147820030153,1147820030207,7142,1
7143,1147820167073,1147820167110,1147820167461,7143,1
7144,1147820232923,1147820232958,1147820233007,7144,1
7145,1147820525973,1147820526009,1147820526134,7145,1
7146,1147820534305,1147820534339,1147820534381,7146,1
7147,1147820598788,1147820598823,1147820598994,7147,1
7148,1147820723184,1147820723219,1147820723266,7148,1
7149,1147821849046,1147821849125,1147821849485,7149,1
7150,1147821849663,1147821849701,1147821849746,7150,1
7151,1147821849801,1147821849842,1147821850035,7151,1
7152,1147821850077,1147821850115,1147821850162,7152,1
7153,1147821850201,1147821850331,1147821850512,7153,1
7154,1147821850543,1147821850576,1147821850618,7154,1
7155,1147821850673,1147821850706,1147821850884,7155,1
7156,1147821850917,1147821851066,1147821851110,7156,1
7157,1147822148585,1147822148706,1147822149045,7157,1
7158,1147822159052,1147822159087,1147822159145,7158,1
7159,1147822159336,1147822159387,1147822159583,7159,1
7160,1147823183029,1147823183100,1147823183375,7160,1
7161,1147823183507,1147823183554,1147823183716,7161,1
7162,1147823183749,1147823183781,1147823183822,7162,1
7163,1147823183886,1147823183918,1147823184089,7163,1
7164,1147823184121,1147823184155,1147823184197,7164,1
7165,1147823184229,1147823184264,1147823184479,7165,1
7166,1147823184513,1147823184546,1147823184586,7166,1
7167,1147823184760,1147823184793,1147823184975,7167,1
7168,1147823237802,1147823237906,1147823237955,7168,1
7169,1147823356382,1147823356418,1147823356591,7169,1
7170,1147823481692,1147823481725,1147823481771,7170,1
7171,1147823607307,1147823607340,1147823607555,7171,1
7172,1147823729258,1147823729291,1147823729339,7172,1
7173,1147823850389,1147823850422,1147823850584,7173,1
7174,1147824021651,1147824021686,1147824021740,7174,1
7175,1147824176689,1147824176725,1147824176963,7175,1
7176,1147824227115,1147824227148,1147824227194,7176,1
7177,1147824351194,1147824351226,1147824351410,7177,1
7178,1147824503204,1147824503237,1147824503286,7178,1
7179,1147824600850,1147824600883,1147824601069,7179,1
7180,1147824725445,1147824725478,1147824725532,7180,1
7181,1147824850004,1147824850037,1147824850211,7181,1
7182,1147824974589,1147824974625,1147824974677,7182,1
7183,1147825138969,1147825139004,1147825139289,7183,1
7184,1147825224594,1147825224700,1147825224881,7184,1
7185,1147825353391,1147825353424,1147825353603,7185,1
7186,1147825474223,1147825474255,1147825474306,7186,1
7187,1147825598835,1147825598867,1147825598986,7187,1
7188,1147825722838,1147825722872,1147825722922,7188,1
7189,1147825917868,1147825917901,1147825918073,7189,1
7190,1147825972739,1147825972772,1147825972826,7190,1
7191,1147826178614,1147826178646,1147826178810,7191,1
7192,1147826223810,1147826223846,1147826223900,7192,1
7193,1147826347495,1147826347528,1147826347635,7193,1
7194,1147826517066,1147826517098,1147826517189,7194,1
7195,1147826600700,1147826600733,1147826600906,7195,1
7196,1147826725058,1147826725090,1147826725136,7196,1
7197,1147826850594,1147826850626,1147826850800,7197,1
7198,1147826975057,1147826975090,1147826975137,7198,1
7199,1147827099977,1147827100010,1147827100119,7199,1
7200,1147827225151,1147827225184,1147827225235,7200,1
7201,1147827350095,1147827350128,1147827350313,7201,1
7202,1147827475441,1147827475473,1147827475588,7202,1
7203,1147827600111,1147827600144,1147827600258,7203,1
7204,1147827725037,1147827725070,1147827725121,7204,1
7205,1147827869070,1147827869104,1147827869158,7205,1
7206,1147828025141,1147828025173,1147828025227,7206,1
7207,1147828200791,1147828200896,1147828201012,7207,1
7208,1147828226841,1147828226873,1147828226928,7208,1
7209,1147828348305,1147828348337,1147828348443,7209,1
7210,1147828473211,1147828473243,1147828473293,7210,1
7211,1147828598841,1147828598873,1147828599043,7211,1
7212,1147828723127,1147828723160,1147828723203,7212,1
7213,1147828848150,1147828848183,1147828848388,7213,1
7214,1147828973196,1147828973229,1147828973272,7214,1
7215,1147829097376,1147829097409,1147829097590,7215,1
7216,1147829238584,1147829238617,1147829238708,7216,1
7217,1147829349446,1147829349479,1147829349663,7217,1
7218,1147829473149,1147829473182,1147829473226,7218,1
7219,1147829598323,1147829598357,1147829598529,7219,1
7220,1147829723292,1147829723324,1147829723370,7220,1
7221,1147829847307,1147829847339,1147829847548,7221,1
7222,1147829986992,1147829987028,1147829987117,7222,1
7223,1147830172727,1147830172760,1147830173001,7223,1
7224,1147830223641,1147830223675,1147830223861,7224,1
7225,1147830347574,1147830347609,1147830347799,7225,1
7226,1147830498699,1147830498731,1147830498823,7226,1
7227,1147830722184,1147830722219,1147830722420,7227,1
7228,1147830730103,1147830730138,1147830730189,7228,1
7229,1147830848216,1147830848252,1147830848323,7229,1
7230,1147830973163,1147830973196,1147830973249,7230,1
7231,1147831098332,1147831098368,1147831098445,7231,1
7232,1147831223212,1147831223245,1147831223298,7232,1
7233,1147831348404,1147831348440,1147831348552,7233,1
7234,1147831473266,1147831473302,1147831473350,7234,1
7235,1147831598279,1147831598312,1147831598486,7235,1
7236,1147831723392,1147831723428,1147831723482,7236,1
7237,1147831848372,1147831848404,1147831848582,7237,1
7238,1147832196293,1147832196351,1147832196440,7238,1
7239,1147832196520,1147832196553,1147832196594,7239,1
7240,1147832224336,1147832224440,1147832224626,7240,1
7241,1147832348521,1147832348554,1147832348669,7241,1
7242,1147832473185,1147832473217,1147832473265,7242,1
7243,1147832598693,1147832598725,1147832598910,7243,1
7244,1147832723683,1147832723718,1147832723769,7244,1
7245,1147832847419,1147832847452,1147832847507,7245,1
7246,1147833416381,1147833416440,1147833416698,7246,1
7247,1147833416783,1147833416816,1147833416870,7247,1
7248,1147833416912,1147833416945,1147833416986,7248,1
7249,1147833417018,1147833417163,1147833417221,7249,1
7250,1147833516092,1147833516127,1147833516219,7250,1
7251,1147833604918,1147833604951,1147833605017,7251,1
7252,1147833729390,1147833729426,1147833729481,7252,1
7253,1147833852950,1147833852984,1147833853107,7253,1
7254,1147833987522,1147833987554,1147833987610,7254,1
7255,1147834138809,1147834138842,1147834139156,7255,1
7256,1147834223410,1147834223443,1147834223492,7256,1
7257,1147834347295,1147834347328,1147834347509,7257,1
7258,1147834511688,1147834511724,1147834511904,7258,1
7259,1147834598211,1147834598246,1147834598358,7259,1
7260,1147834723012,1147834723048,1147834723099,7260,1
7261,1147834849354,1147834849389,1147834849498,7261,1
7262,1147834973125,1147834973160,1147834973211,7262,1
7263,1147835097713,1147835097748,1147835097852,7263,1
7264,1147835222678,1147835222713,1147835222754,7264,1
7265,1147835347702,1147835347737,1147835347799,7265,1
7266,1147835518355,1147835518391,1147835518478,7266,1
7267,1147835600017,1147835600052,1147835600223,7267,1
7268,1147835816712,1147835816742,1147835816794,7268,1
7269,1147835849629,1147835849663,1147835849869,7269,1
7270,1147835969502,1147835969539,1147835969585,7270,1
7271,1147836229075,1147836229107,1147836229367,7271,1
7272,1147836229431,1147836229464,1147836229504,7272,1
7273,1147836348653,1147836348688,1147836348953,7273,1
7274,1147836472826,1147836472857,1147836472910,7274,1
7275,1147836597776,1147836597809,1147836597983,7275,1
7276,1147836722799,1147836722831,1147836722881,7276,1
7277,1147836847789,1147836847820,1147836848008,7277,1
7278,1147836973022,1147836973053,1147836973106,7278,1
7279,1147837097802,1147837097834,1147837098039,7279,1
7280,1147837221900,1147837221932,1147837221990,7280,1
7281,1147837350039,1147837350074,1147837350257,7281,1
7282,1147837528705,1147837528735,1147837528854,7282,1
7283,1147837597880,1147837597914,1147837598020,7283,1
7284,1147837722794,1147837722828,1147837722879,7284,1
7285,1147837847748,1147837847784,1147837848114,7285,1
7286,1147837972878,1147837972912,1147837972958,7286,1
7287,1147838157840,1147838157872,1147838158027,7287,1
7288,1147838222770,1147838222804,1147838222854,7288,1
7289,1147838346889,1147838346923,1147838347098,7289,1
7290,1147838527875,1147838527910,1147838528023,7290,1
7291,1147838599540,1147838599574,1147838599760,7291,1
7292,1147838724713,1147838724748,1147838724792,7292,1
7293,1147838849543,1147838849579,1147838849748,7293,1
7294,1147838974661,1147838974695,1147838974750,7294,1
7295,1147839099908,1147839099943,1147839100124,7295,1
7296,1147839224517,1147839224552,1147839224599,7296,1
7297,1147839349493,1147839349526,1147839349711,7297,1
7298,1147839474625,1147839474660,1147839474709,7298,1
7299,1147839599566,1147839599599,1147839599789,7299,1
7300,1147839724606,1147839724641,1147839724820,7300,1
7301,1147839921548,1147839921583,1147839921703,7301,1
7302,1147839967366,1147839967398,1147839967444,7302,1
7303,1147840218526,1147840218703,1147840218824,7303,1
7304,1147840226547,1147840226582,1147840226624,7304,1
7305,1147840348126,1147840348160,1147840348270,7305,1
7306,1147840473340,1147840473376,1147840473422,7306,1
7307,1147840598252,1147840598289,1147840598401,7307,1
7308,1147840723229,1147840723263,1147840723311,7308,1
7309,1147840848239,1147840848275,1147840848469,7309,1
7310,1147840973341,1147840973376,1147840973424,7310,1
7311,1147841098262,1147841098298,1147841098513,7311,1
7312,1147841222467,1147841222502,1147841222550,7312,1
7313,1147841349118,1147841349152,1147841349340,7313,1
7314,1147841543810,1147841543844,1147841544123,7314,1
7315,1147841598572,1147841598609,1147841598798,7315,1
7316,1147841844800,1147841844836,1147841844889,7316,1
7317,1147841844983,1147841845015,1147841845109,7317,1
7318,1147841978326,1147841978359,1147841978409,7318,1
7319,1147842356996,1147842357033,1147842357313,7319,1
7320,1147842357401,1147842357434,1147842357476,7320,1
7321,1147842357514,1147842357547,1147842357647,7321,1
7322,1147842487141,1147842487175,1147842487263,7322,1
7323,1147842604247,1147842604278,1147842604524,7323,1
7324,1147842727604,1147842727636,1147842727692,7324,1
7325,1147842848299,1147842848331,1147842848519,7325,1
7326,1147842973213,1147842973245,1147842973293,7326,1
7327,1147843098252,1147843098284,1147843098490,7327,1
7328,1147843223375,1147843223408,1147843223454,7328,1
7329,1147843348486,1147843348522,1147843348699,7329,1
7330,1147843614074,1147843614110,1147843614227,7330,1
7331,1147843614314,1147843614347,1147843614517,7331,1
7332,1147843725555,1147843725587,1147843725638,7332,1
7333,1147843859668,1147843859701,1147843859872,7333,1
7334,1147843967352,1147843967385,1147843967435,7334,1
7335,1147844257371,1147844257407,1147844257633,7335,1
7336,1147844257723,1147844257767,1147844257808,7336,1
7337,1147844348601,1147844348634,1147844348806,7337,1
7338,1147844473120,1147844473156,1147844473199,7338,1
7339,1147844598212,1147844598248,1147844598423,7339,1
7340,1147844723352,1147844723389,1147844723438,7340,1
7341,1147844848261,1147844848297,1147844848466,7341,1
7342,1147844973038,1147844973073,1147844973119,7342,1
7343,1147845098200,1147845098235,1147845098419,7343,1
7344,1147845222350,1147845222385,1147845222433,7344,1
7345,1147845349255,1147845349288,1147845349466,7345,1
7346,1147845473295,1147845473328,1147845473380,7346,1
7347,1147845598239,1147845598271,1147845598455,7347,1
7348,1147845723284,1147845723317,1147845723372,7348,1
7349,1147845848200,1147845848233,1147845848401,7349,1
7350,1147845972451,1147845972483,1147845972536,7350,1
7351,1147846165044,1147846165085,1147846165330,7351,1
7352,1147846232328,1147846232431,1147846232624,7352,1
7353,1147846347940,1147846347973,1147846348153,7353,1
7354,1147846500633,1147846500668,1147846500759,7354,1
7355,1147846600284,1147846600320,1147846600446,7355,1
7356,1147846725127,1147846725162,1147846725280,7356,1
7357,1147846849947,1147846849983,1147846850093,7357,1
7358,1147846974918,1147846974955,1147846975003,7358,1
7359,1147847099883,1147847099919,1147847100036,7359,1
7360,1147847225014,1147847225049,1147847225106,7360,1
7361,1147847349919,1147847349955,1147847350066,7361,1
7362,1147847524472,1147847524509,1147847524555,7362,1
7363,1147847600910,1147847600945,1147847601054,7363,1
7364,1147847725026,1147847725061,1147847725115,7364,1
7365,1147847850058,1147847850094,1147847850209,7365,1
7366,1147847967240,1147847967274,1147847967323,7366,1
7367,1147848178009,1147848178116,1147848178284,7367,1
7368,1147848248376,1147848248409,1147848248499,7368,1
7369,1147848348215,1147848348249,1147848348521,7369,1
7370,1147848473371,1147848473404,1147848473458,7370,1
7371,1147848598371,1147848598404,1147848598732,7371,1
7372,1147848723233,1147848723265,1147848723313,7372,1
7373,1147848848454,1147848848487,1147848848604,7373,1
7374,1147848973174,1147848973206,1147848973258,7374,1
7375,1147849097288,1147849097321,1147849097509,7375,1
7376,1147849230664,1147849230696,1147849230788,7376,1
7377,1147849349360,1147849349392,1147849349470,7377,1
7378,1147849473314,1147849473346,1147849473397,7378,1
7379,1147849598244,1147849598277,1147849598384,7379,1
7380,1147849802014,1147849802052,1147849802140,7380,1
7381,1147849849296,1147849849328,1147849849410,7381,1
7382,1147849973275,1147849973307,1147849973350,7382,1
7383,1147850313761,1147850313794,1147850313936,7383,1
7384,1147850313974,1147850314007,1147850314048,7384,1
7385,1147850352559,1147850352592,1147850352712,7385,1
7386,1147850513716,1147850513749,1147850513838,7386,1
7387,1147850606710,1147850606742,1147850606821,7387,1
7388,1147850729934,1147850729970,1147850730020,7388,1
7389,1147850854876,1147850854908,1147850855106,7389,1
7390,1147850978602,1147850978636,1147850978689,7390,1
7391,1147851102873,1147851102905,1147851102979,7391,1
7392,1147851227567,1147851227600,1147851227651,7392,1
7393,1147851351974,1147851352006,1147851352185,7393,1
7394,1147851794989,1147851795046,1147851795217,7394,1
7395,1147851795253,1147851795286,1147851795350,7395,1
7396,1147851795385,1147851795420,1147851795460,7396,1
7397,1147851858622,1147851858654,1147851858882,7397,1
7398,1147851975467,1147851975500,1147851975553,7398,1
7399,1147852286942,1147852286979,1147852287286,7399,1
7400,1147852287344,1147852287556,1147852287598,7400,1
7401,1147852350946,1147852350978,1147852351153,7401,1
7402,1147852482181,1147852482216,1147852482268,7402,1
7403,1147852603558,1147852603593,1147852603779,7403,1
7404,1147852737846,1147852737879,1147852737929,7404,1
7405,1147852849482,1147852849515,1147852849686,7405,1
7406,1147852974462,1147852974494,1147852974541,7406,1
7407,1147853099083,1147853099116,1147853099307,7407,1
7408,1147853271938,1147853271970,1147853272020,7408,1
7409,1147853349398,1147853349431,1147853349605,7409,1
7410,1147853512804,1147853512837,1147853512929,7410,1
7411,1147853599251,1147853599283,1147853599466,7411,1
7412,1147853723872,1147853723905,1147853723951,7412,1
7413,1147853848780,1147853848813,1147853849050,7413,1
7414,1147853973364,1147853973396,1147853973445,7414,1
7415,1147854160065,1147854160167,1147854160437,7415,1
7416,1147854223216,1147854223249,1147854223300,7416,1
7417,1147854348124,1147854348157,1147854348450,7417,1
7418,1147854497589,1147854497624,1147854497714,7418,1
7419,1147854600209,1147854600241,1147854600423,7419,1
7420,1147854722689,1147854722720,1147854722763,7420,1
7421,1147854847857,1147854847888,1147854848062,7421,1
7422,1147854973170,1147854973202,1147854973251,7422,1
7423,1147855098189,1147855098221,1147855098404,7423,1
7424,1147855223229,1147855223262,1147855223319,7424,1
7425,1147855418097,1147855418129,1147855418370,7425,1
7426,1147855515109,1147855515142,1147855515233,7426,1
7427,1147855598788,1147855598821,1147855599016,7427,1
7428,1147855722714,1147855722747,1147855722797,7428,1
7429,1147855909596,1147855909629,1147855909860,7429,1
7430,1147855967635,1147855967667,1147855967717,7430,1
7431,1147856197505,1147856197610,1147856197785,7431,1
7432,1147856225136,1147856225169,1147856225224,7432,1
7433,1147856348610,1147856348642,1147856348749,7433,1
7434,1147856473269,1147856473301,1147856473354,7434,1
7435,1147856598263,1147856598295,1147856598403,7435,1
7436,1147856723212,1147856723244,1147856723298,7436,1
7437,1147856848412,1147856848445,1147856848569,7437,1
7438,1147856973299,1147856973333,1147856973388,7438,1
7439,1147857098189,1147857098222,1147857098408,7439,1
7440,1147857222272,1147857222305,1147857222355,7440,1
7441,1147857349567,1147857349599,1147857349654,7441,1
7442,1147857473183,1147857473216,1147857473271,7442,1
7443,1147857598295,1147857598328,1147857598383,7443,1
7444,1147857723211,1147857723245,1147857723295,7444,1
7445,1147857847380,1147857847413,1147857847584,7445,1
7446,1147858067074,1147858067114,1147858067237,7446,1
7447,1147858179444,1147858179479,1147858179616,7447,1
7448,1147858223424,1147858223461,1147858223504,7448,1
7449,1147858347358,1147858347390,1147858347499,7449,1
7450,1147858511636,1147858511670,1147858511783,7450,1
7451,1147858600457,1147858600490,1147858600596,7451,1
7452,1147858725025,1147858725057,1147858725111,7452,1
7453,1147858849884,1147858849917,1147858849990,7453,1
7454,1147858975193,1147858975226,1147858975277,7454,1
7455,1147859099959,1147859099991,1147859100058,7455,1
7456,1147859224969,1147859225002,1147859225050,7456,1
7457,1147859350022,1147859350054,1147859350126,7457,1
7458,1147859474896,1147859474929,1147859474978,7458,1
7459,1147859599865,1147859599899,1147859600069,7459,1
7460,1147859725115,1147859725148,1147859725195,7460,1
7461,1147859872143,1147859872176,1147859872230,7461,1
7462,1147859967488,1147859967520,1147859967566,7462,1
7463,1147860194466,1147860194498,1147860194549,7463,1
7464,1147860223524,1147860223556,1147860223605,7464,1
7465,1147860348194,1147860348227,1147860348420,7465,1
7466,1147860473115,1147860473147,1147860473203,7466,1
7467,1147860598545,1147860598579,1147860598872,7467,1
7468,1147860723185,1147860723218,1147860723273,7468,1
7469,1147860848155,1147860848188,1147860848364,7469,1
7470,1147860973183,1147860973215,1147860973269,7470,1
7471,1147861097458,1147861097491,1147861097666,7471,1
7472,1147861243465,1147861243498,1147861243613,7472,1
7473,1147861349721,1147861349754,1147861349944,7473,1
7474,1147861473271,1147861473303,1147861473356,7474,1
7475,1147861598273,1147861598305,1147861598510,7475,1
7476,1147861723258,1147861723291,1147861723339,7476,1
7477,1147861848196,1147861848228,1147861848407,7477,1
7478,1147861973186,1147861973219,1147861973266,7478,1
7479,1147862098322,1147862098355,1147862098532,7479,1
7480,1147862222759,1147862222791,1147862222842,7480,1
7481,1147862385810,1147862385846,1147862386111,7481,1
7482,1147862512736,1147862512835,1147862512990,7482,1
7483,1147862598524,1147862598556,1147862598773,7483,1
7484,1147862723306,1147862723338,1147862723383,7484,1
7485,1147862848253,1147862848284,1147862848448,7485,1
7486,1147862973203,1147862973236,1147862973285,7486,1
7487,1147863098083,1147863098115,1147863098282,7487,1
7488,1147863223506,1147863223539,1147863223585,7488,1
7489,1147863356395,1147863356431,1147863356638,7489,1
7490,1147863519227,1147863519260,1147863519351,7490,1
7491,1147863600445,1147863600478,1147863600676,7491,1
7492,1147863725050,1147863725083,1147863725134,7492,1
7493,1147863850101,1147863850133,1147863850325,7493,1
7494,1147863967358,1147863967392,1147863967451,7494,1
7495,1147864173096,1147864173204,1147864173392,7495,1
7496,1147864223775,1147864223808,1147864223988,7496,1
7497,1147864348396,1147864348429,1147864348615,7497,1
7498,1147864473489,1147864473521,1147864473568,7498,1
7499,1147864598241,1147864598273,1147864598394,7499,1
7500,1147864723404,1147864723435,1147864723485,7500,1
7501,1147864848176,1147864848208,1147864848318,7501,1
7502,1147864973148,1147864973181,1147864973227,7502,1
7503,1147865098153,1147865098185,1147865098293,7503,1
7504,1147865224290,1147865224322,1147865224376,7504,1
7505,1147865380540,1147865380573,1147865380697,7505,1
7506,1147865473449,1147865473482,1147865473536,7506,1
7507,1147865598272,1147865598305,1147865598353,7507,1
7508,1147865723226,1147865723258,1147865723314,7508,1
7509,1147865848214,1147865848246,1147865848369,7509,1
7510,1147865972292,1147865972324,1147865972377,7510,1
7511,1147866105380,1147866105414,1147866105580,7511,1
7512,1147866223452,1147866223484,1147866223534,7512,1
7513,1147866347442,1147866347475,1147866347588,7513,1
7514,1147866506048,1147866506079,1147866506301,7514,1
7515,1147866600634,1147866600665,1147866600842,7515,1
7516,1147866725047,1147866725079,1147866725134,7516,1
7517,1147866849891,1147866849924,1147866850034,7517,1
7518,1147866974898,1147866974932,1147866974985,7518,1
7519,1147867099895,1147867099927,1147867100034,7519,1
7520,1147867224897,1147867224929,1147867224983,7520,1
7521,1147867350061,1147867350093,1147867350203,7521,1
7522,1147867474534,1147867474565,1147867474631,7522,1
7523,1147867599370,1147867599402,1147867599511,7523,1
7524,1147867724517,1147867724549,1147867724601,7524,1
7525,1147867849427,1147867849458,1147867849507,7525,1
7526,1147867967000,1147867967031,1147867967082,7526,1
7527,1147868163084,1147868163115,1147868163171,7527,1
7528,1147868223397,1147868223428,1147868223480,7528,1
7529,1147868347862,1147868347894,1147868347945,7529,1
7530,1147868521209,1147868521256,1147868521340,7530,1
7531,1147868630648,1147868630679,1147868630796,7531,1
7532,1147868723125,1147868723157,1147868723204,7532,1
7533,1147868847714,1147868847746,1147868847816,7533,1
7534,1147868972852,1147868972884,1147868972931,7534,1
7535,1147869097776,1147869097808,1147869097855,7535,1
7536,1147869221895,1147869221925,1147869221974,7536,1
7537,1147869349113,1147869349145,1147869349197,7537,1
7538,1147869473163,1147869473194,1147869473248,7538,1
7539,1147869606557,1147869606590,1147869606703,7539,1
7540,1147869722923,1147869722955,1147869723000,7540,1
7541,1147869847041,1147869847073,1147869847379,7541,1
7542,1147869982115,1147869982146,1147869982235,7542,1
7543,1147870097728,1147870097760,1147870097977,7543,1
7544,1147870222701,1147870222732,1147870222779,7544,1
7545,1147870346786,1147870346820,1147870346982,7545,1
7546,1147870532406,1147870532510,1147870532662,7546,1
7547,1147870663505,1147870663549,1147870663743,7547,1
7548,1147870724784,1147870724816,1147870724863,7548,1
7549,1147870849558,1147870849590,1147870849765,7549,1
7550,1147870974521,1147870974553,1147870974600,7550,1
7551,1147871099491,1147871099522,1147871099718,7551,1
7552,1147871224528,1147871224559,1147871224612,7552,1
7553,1147871349425,1147871349456,1147871349527,7553,1
7554,1147871474559,1147871474591,1147871474635,7554,1
7555,1147871663293,1147871663327,1147871663502,7555,1
7556,1147871725382,1147871725414,1147871725467,7556,1
7557,1147871849491,1147871849523,1147871849684,7557,1
7558,1147871966884,1147871966916,1147871966964,7558,1
7559,1147872199902,1147872200014,1147872200187,7559,1
7560,1147872224827,1147872224859,1147872224903,7560,1
7561,1147872353456,1147872353488,1147872353793,7561,1
7562,1147872472875,1147872472907,1147872473070,7562,1
7563,1147872597944,1147872597977,1147872598093,7563,1
7564,1147872769439,1147872769471,1147872769557,7564,1
7565,1147872847718,1147872847753,1147872847877,7565,1
7566,1147872973153,1147872973186,1147872973239,7566,1
7567,1147873098191,1147873098223,1147873098335,7567,1
7568,1147873222238,1147873222271,1147873222322,7568,1
7569,1147873349954,1147873349987,1147873350109,7569,1
7570,1147873473456,1147873473489,1147873473535,7570,1
7571,1147873598189,1147873598223,1147873598337,7571,1
7572,1147873723345,1147873723377,1147873723423,7572,1
7573,1147873847430,1147873847463,1147873847512,7573,1
7574,1147873982134,1147873982169,1147873982256,7574,1
7575,1147874098302,1147874098335,1147874098381,7575,1
7576,1147874223137,1147874223169,1147874223335,7576,1
7577,1147874347622,1147874347654,1147874347850,7577,1
7578,1147874490382,1147874490415,1147874490503,7578,1
7579,1147874597601,1147874597633,1147874597735,7579,1
7580,1147874901533,1147874901569,1147874901658,7580,1
7581,1147874901725,1147874901884,1147874901999,7581,1
7582,1147874980742,1147874980778,1147874980829,7582,1
7583,1147875102969,1147875103004,1147875103116,7583,1
7584,1147875294205,1147875294240,1147875294324,7584,1
7585,1147875348629,1147875348661,1147875348775,7585,1
7586,1147875478143,1147875478176,1147875478229,7586,1
7587,1147875607328,1147875607361,1147875607440,7587,1
7588,1147875725864,1147875725896,1147875725948,7588,1
7589,1147875865360,1147875865392,1147875865617,7589,1
7590,1147875970203,1147875970235,1147875970283,7590,1
7591,1147876218584,1147876218616,1147876218712,7591,1
7592,1147876218891,1147876218924,1147876218965,7592,1
7593,1147876486012,1147876486044,1147876486174,7593,1
7594,1147876486245,1147876486278,1147876486319,7594,1
7595,1147876606294,1147876606326,1147876606391,7595,1
7596,1147876729734,1147876729770,1147876729818,7596,1
7597,1147876856851,1147876856886,1147876856958,7597,1
7598,1147876979293,1147876979329,1147876979381,7598,1
7599,1147877104543,1147877104577,1147877104649,7599,1
7600,1147877224153,1147877224186,1147877224240,7600,1
7601,1147877351300,1147877351336,1147877351502,7601,1
7602,1147877474518,1147877474551,1147877474603,7602,1
7603,1147877599389,1147877599421,1147877599582,7603,1
7604,1147877724385,1147877724417,1147877724471,7604,1
7605,1147877849223,1147877849256,1147877849441,7605,1
7606,1147877973862,1147877973899,1147877973944,7606,1
7607,1147878098913,1147878098945,1147878099131,7607,1
7608,1147878223719,1147878223750,1147878223796,7608,1
7609,1147878347965,1147878347998,1147878348051,7609,1
7610,1147878513025,1147878513057,1147878513303,7610,1
7611,1147878598178,1147878598211,1147878598279,7611,1
7612,1147878730310,1147878730342,1147878730430,7612,1
7613,1147878848869,1147878848901,1147878848952,7613,1
7614,1147879093886,1147879093919,1147879094005,7614,1
7615,1147879094068,1147879094100,1147879094141,7615,1
7616,1147879223567,1147879223600,1147879223652,7616,1
7617,1147879348093,1147879348126,1147879348173,7617,1
7618,1147879473206,1147879473240,1147879473283,7618,1
7619,1147879598270,1147879598303,1147879598354,7619,1
7620,1147879722377,1147879722410,1147879722460,7620,1
7621,1147879880563,1147879880595,1147879880841,7621,1
7622,1147879968532,1147879968637,1147879968761,7622,1
7623,1147880175571,1147880175677,1147880175859,7623,1
7624,1147880223622,1147880223655,1147880223715,7624,1
7625,1147880347463,1147880347496,1147880347690,7625,1
7626,1147880522732,1147880522764,1147880522875,7626,1
7627,1147880597517,1147880597549,1147880597760,7627,1
7628,1147880756821,1147880756854,1147880756942,7628,1
7629,1147880848559,1147880848593,1147880848767,7629,1
7630,1147880972663,1147880972696,1147880972743,7630,1
7631,1147881112639,1147881112671,1147881112930,7631,1
7632,1147881222425,1147881222457,1147881222508,7632,1
7633,1147881350627,1147881350660,1147881350857,7633,1
7634,1147881472260,1147881472292,1147881472345,7634,1
7635,1147881621670,1147881621706,1147881621950,7635,1
7636,1147881723368,1147881723401,1147881723451,7636,1
7637,1147881847660,1147881847693,1147881847869,7637,1
7638,1147881982981,1147881983014,1147881983101,7638,1
7639,1147882098271,1147882098304,1147882098415,7639,1
7640,1147882223338,1147882223374,1147882223425,7640,1
7641,1147882347305,1147882347338,1147882347519,7641,1
7642,1147882482128,1147882482161,1147882482248,7642,1
7643,1147882598398,1147882598430,1147882598546,7643,1
7644,1147882723200,1147882723233,1147882723279,7644,1
7645,1147882848186,1147882848221,1147882848330,7645,1
7646,1147882973304,1147882973338,1147882973389,7646,1
7647,1147883098241,1147883098278,1147883098354,7647,1
7648,1147883222856,1147883222889,1147883222933,7648,1
7649,1147883346814,1147883346847,1147883346953,7649,1
7650,1147883722222,1147883722282,1147883722574,7650,1
7651,1147883722653,1147883722684,1147883722782,7651,1
7652,1147883722817,1147883722850,1147883722890,7652,1
7653,1147883989037,1147883989079,1147883989230,7653,1
7654,1147883989290,1147883989321,1147883989362,7654,1
7655,1147884183267,1147884183299,1147884183416,7655,1
7656,1147884222212,1147884222247,1147884222297,7656,1
7657,1147884466505,1147884466538,1147884466694,7657,1
7658,1147884466756,1147884466788,1147884466829,7658,1
7659,1147884604641,1147884604675,1147884604796,7659,1
7660,1147884726873,1147884726904,1147884726952,7660,1
7661,1147884857619,1147884857654,1147884857766,7661,1
7662,1147884979931,1147884979966,1147884980013,7662,1
7663,1147885105842,1147885105874,1147885105979,7663,1
7664,1147885225434,1147885225467,1147885225520,7664,1
7665,1147885351822,1147885351853,1147885351964,7665,1
7666,1147885475082,1147885475114,1147885475156,7666,1
7667,1147885599772,1147885599804,1147885599870,7667,1
7668,1147885724453,1147885724485,1147885724530,7668,1
7669,1147885848324,1147885848357,1147885848535,7669,1
7670,1147885985049,1147885985082,1147885985167,7670,1
7671,1147886106286,1147886106317,1147886106540,7671,1
7672,1147886291801,1147886291837,1147886291885,7672,1
7673,1147886349006,1147886349037,1147886349204,7673,1
7674,1147886484115,1147886484147,1147886484232,7674,1
7675,1147886600677,1147886600712,1147886600876,7675,1
7676,1147886725363,1147886725394,1147886725439,7676,1
7677,1147886849939,1147886849971,1147886850157,7677,1
7678,1147886974862,1147886974894,1147886974944,7678,1
7679,1147887100074,1147887100106,1147887100292,7679,1
7680,1147887224899,1147887224931,1147887224985,7680,1
7681,1147887350245,1147887350279,1147887350479,7681,1
7682,1147887537554,1147887537589,1147887537638,7682,1
7683,1147887600395,1147887600428,1147887600588,7683,1
7684,1147887724599,1147887724632,1147887724680,7684,1
7685,1147887860155,1147887860190,1147887860367,7685,1
7686,1147887967218,1147887967249,1147887967295,7686,1
7687,1147888104317,1147888104348,1147888104526,7687,1
7688,1147888222818,1147888222851,1147888222900,7688,1
7689,1147888347979,1147888348010,1147888348057,7689,1
7690,1147888472878,1147888472910,1147888472958,7690,1
7691,1147888597795,1147888597828,1147888597873,7691,1
7692,1147888722762,1147888722794,1147888722840,7692,1
7693,1147888847780,1147888847811,1147888847855,7693,1
7694,1147888973211,1147888973244,1147888973291,7694,1
7695,1147889098272,1147889098308,1147889098356,7695,1
7696,1147889222363,1147889222396,1147889222442,7696,1
7697,1147889349604,1147889349640,1147889349698,7697,1
7698,1147889473344,1147889473377,1147889473431,7698,1
7699,1147889598254,1147889598288,1147889598335,7699,1
7700,1147889723343,1147889723377,1147889723427,7700,1
7701,1147889848194,1147889848227,1147889848279,7701,1
7702,1147889973136,1147889973170,1147889973220,7702,1
7703,1147890098179,1147890098214,1147890098262,7703,1
7704,1147890223118,1147890223155,1147890223200,7704,1
7705,1147890347293,1147890347327,1147890347376,7705,1
7706,1147890544985,1147890545021,1147890545134,7706,1
7707,1147890599528,1147890599559,1147890599613,7707,1
7708,1147890723197,1147890723232,1147890723276,7708,1
7709,1147890848216,1147890848248,1147890848299,7709,1
7710,1147891002283,1147891002315,1147891002364,7710,1
7711,1147891097766,1147891097798,1147891097841,7711,1
7712,1147891229771,1147891229807,1147891229896,7712,1
7713,1147891348361,1147891348393,1147891348441,7713,1
7714,1147891515891,1147891515927,1147891516014,7714,1
7715,1147891671633,1147891671666,1147891671754,7715,1
7716,1147891723045,1147891723077,1147891723132,7716,1
7717,1147891892050,1147891892083,1147891892171,7717,1
7718,1147891967278,1147891967310,1147891967357,7718,1
7719,1147892104948,1147892104983,1147892105029,7719,1
7720,1147892223249,1147892223281,1147892223329,7720,1
7721,1147892348344,1147892348377,1147892348419,7721,1
7722,1147892473174,1147892473207,1147892473249,7722,1
7723,1147892598297,1147892598330,1147892598373,7723,1
7724,1147892723267,1147892723300,1147892723343,7724,1
7725,1147892848308,1147892848340,1147892848383,7725,1
7726,1147892973213,1147892973246,1147892973289,7726,1
7727,1147893098146,1147893098179,1147893098222,7727,1
7728,1147893222306,1147893222338,1147893222384,7728,1
7729,1147893349524,1147893349556,1147893349730,7729,1
7730,1147893473336,1147893473369,1147893473422,7730,1
7731,1147893598328,1147893598363,1147893598519,7731,1
7732,1147893744589,1147893744621,1147893744671,7732,1
7733,1147893941823,1147893941858,1147893942111,7733,1
7734,1147893975918,1147893975950,1147893975993,7734,1
7735,1147894100079,1147894100111,1147894100420,7735,1
7736,1147894225054,1147894225089,1147894225132,7736,1
7737,1147894350093,1147894350125,1147894350288,7737,1
7738,1147894475015,1147894475047,1147894475091,7738,1
7739,1147894600214,1147894600251,1147894600414,7739,1
7740,1147894725143,1147894725176,1147894725219,7740,1
7741,1147894850069,1147894850105,1147894850289,7741,1
7742,1147894975015,1147894975048,1147894975090,7742,1
7743,1147895100005,1147895100038,1147895100227,7743,1
7744,1147895224981,1147895225013,1147895225055,7744,1
7745,1147895349978,1147895350011,1147895350055,7745,1
7746,1147895475018,1147895475051,1147895475094,7746,1
7747,1147895600004,1147895600037,1147895600080,7747,1
7748,1147895725350,1147895725383,1147895725431,7748,1
7749,1147895850327,1147895850360,1147895850402,7749,1
7750,1147895967354,1147895967386,1147895967429,7750,1
7751,1147896105902,1147896106006,1147896106127,7751,1
7752,1147896223312,1147896223344,1147896223394,7752,1
7753,1147896347850,1147896347883,1147896347928,7753,1
7754,1147896472813,1147896472844,1147896472890,7754,1
7755,1147896597748,1147896597779,1147896597825,7755,1
7756,1147896723021,1147896723053,1147896723098,7756,1
7757,1147896848333,1147896848366,1147896848412,7757,1
7758,1147896973104,1147896973136,1147896973185,7758,1
7759,1147897098238,1147897098274,1147897098323,7759,1
7760,1147897222313,1147897222346,1147897222392,7760,1
7761,1147897348723,1147897348759,1147897348812,7761,1
7762,1147897505401,1147897505433,1147897505545,7762,1
7763,1147897598423,1147897598455,1147897598504,7763,1
7764,1147897723079,1147897723112,1147897723158,7764,1
7765,1147897846963,1147897846995,1147897847163,7765,1
7766,1147897983993,1147897984024,1147897984175,7766,1
7767,1147898099613,1147898099648,1147898099748,7767,1
7768,1147898224415,1147898224446,1147898224493,7768,1
7769,1147898349527,1147898349559,1147898349660,7769,1
7770,1147898474386,1147898474417,1147898474471,7770,1
7771,1147898599414,1147898599446,1147898599550,7771,1
7772,1147898724452,1147898724483,1147898724531,7772,1
7773,1147898850139,1147898850171,1147898850280,7773,1
7774,1147898975030,1147898975062,1147898975115,7774,1
7775,1147899100112,1147899100145,1147899100258,7775,1
7776,1147899225616,1147899225647,1147899225693,7776,1
7777,1147899349394,1147899349427,1147899349471,7777,1
7778,1147899474423,1147899474455,1147899474519,7778,1
7779,1147899599493,1147899599526,1147899599700,7779,1
7780,1147899724487,1147899724521,1147899724635,7780,1
7781,1147899849649,1147899849681,1147899849786,7781,1
7782,1147899967012,1147899967042,1147899967086,7782,1
7783,1147900104333,1147900104367,1147900104416,7783,1
7784,1147900222810,1147900222841,1147900222889,7784,1
7785,1147900347789,1147900347819,1147900347866,7785,1
7786,1147900472762,1147900472792,1147900472838,7786,1
7787,1147900597712,1147900597744,1147900597796,7787,1
7788,1147900722632,1147900722664,1147900722711,7788,1
7789,1147900847692,1147900847723,1147900847768,7789,1
7790,1147900972876,1147900972909,1147900972955,7790,1
7791,1147901104404,1147901104453,1147901104507,7791,1
7792,1147901599487,1147901599523,1147901599706,7792,1
7793,1147901599738,1147901599771,1147901599880,7793,1
7794,1147901599912,1147901599945,1147901599985,7794,1
7795,1147901600018,1147901600050,1147901600091,7795,1
7796,1147901732045,1147901732079,1147901732131,7796,1
7797,1147901855069,1147901855103,1147901855602,7797,1
7798,1147901980858,1147901980890,1147901980941,7798,1
7799,1147902103941,1147902103976,1147902104152,7799,1
7800,1147902228354,1147902228388,1147902228441,7800,1
7801,1147902352934,1147902352966,1147902353156,7801,1
7802,1147902477194,1147902477228,1147902477273,7802,1
7803,1147902601665,1147902601698,1147902601747,7803,1
7804,1147902726497,1147902726532,1147902726580,7804,1
7805,1147902851488,1147902851519,1147902851566,7805,1
7806,1147902976151,1147902976182,1147902976234,7806,1
7807,1147903100873,1147903100904,1147903100954,7807,1
7808,1147903225365,1147903225397,1147903225446,7808,1
7809,1147903350292,1147903350327,1147903350373,7809,1
7810,1147903475272,1147903475304,1147903475349,7810,1
7811,1147903600138,1147903600170,1147903600216,7811,1
7812,1147903725021,1147903725052,1147903725103,7812,1
7813,1147903914274,1147903914309,1147903914357,7813,1
7814,1147903967911,1147903967943,1147903967988,7814,1
7815,1147904105189,1147904105221,1147904105269,7815,1
7816,1147904223785,1147904223818,1147904223867,7816,1
7817,1147904520500,1147904520557,1147904520608,7817,1
7818,1147904520643,1147904520676,1147904520716,7818,1
7819,1147904603725,1147904603761,1147904603809,7819,1
7820,1147904728456,1147904728488,1147904728540,7820,1
7821,1147904853916,1147904853950,1147904853998,7821,1
7822,1147904978503,1147904978538,1147904978586,7822,1
7823,1147905103639,1147905103672,1147905103724,7823,1
7824,1147905222808,1147905222841,1147905222887,7824,1
7825,1147905349898,1147905349931,1147905349981,7825,1
7826,1147905473550,1147905473582,1147905473630,7826,1
7827,1147905597535,1147905597571,1147905597621,7827,1
7828,1147905731395,1147905731428,1147905731561,7828,1
7829,1147905854672,1147905854705,1147905854799,7829,1
7830,1147905973324,1147905973357,1147905973404,7830,1
7831,1147906098164,1147906098200,1147906098247,7831,1
7832,1147906223278,1147906223315,1147906223361,7832,1
7833,1147906348282,1147906348316,1147906348360,7833,1
7834,1147906684302,1147906684337,1147906684390,7834,1
7835,1147906684584,1147906684617,1147906684658,7835,1
7836,1147906774403,1147906774436,1147906774551,7836,1
7837,1147906853142,1147906853176,1147906853225,7837,1
7838,1147906978240,1147906978276,1147906978329,7838,1
7839,1147907103251,1147907103288,1147907103352,7839,1
7840,1147907227481,1147907227517,1147907227564,7840,1
7841,1147907348310,1147907348342,1147907348500,7841,1
7842,1147907510239,1147907510272,1147907510363,7842,1
7843,1147907600319,1147907600352,1147907600398,7843,1
7844,1147907725526,1147907725559,1147907725728,7844,1
7845,1147907852936,1147907852968,1147907853163,7845,1
7846,1147907967551,1147907967584,1147907967631,7846,1
7847,1147908106496,1147908106603,1147908106725,7847,1
7848,1147908223557,1147908223590,1147908223639,7848,1
7849,1147908347466,1147908347499,1147908347603,7849,1
7850,1147908479858,1147908479891,1147908479982,7850,1
7851,1147908601595,1147908601632,1147908601677,7851,1
7852,1147908784412,1147908784447,1147908784504,7852,1
7853,1147908851328,1147908851360,1147908851408,7853,1
7854,1147908975631,1147908975664,1147908975710,7854,1
7855,1147909100150,1147909100183,1147909100293,7855,1
7856,1147909224076,1147909224109,1147909224155,7856,1
7857,1147909351803,1147909351834,1147909351941,7857,1
7858,1147909474653,1147909474687,1147909474738,7858,1
7859,1147909599240,1147909599273,1147909599374,7859,1
7860,1147909724196,1147909724228,1147909724273,7860,1
7861,1147909848789,1147909848821,1147909848866,7861,1
7862,1147909972931,1147909972966,1147909973018,7862,1
7863,1147910105556,1147910105590,1147910105681,7863,1
7864,1147910224079,1147910224111,1147910224158,7864,1
7865,1147910348974,1147910349007,1147910349055,7865,1
7866,1147910472766,1147910472799,1147910472853,7866,1
7867,1147910793699,1147910793735,1147910793852,7867,1
7868,1147910793916,1147910793948,1147910793989,7868,1
7869,1147910853078,1147910853110,1147910853161,7869,1
7870,1147910978831,1147910978866,1147910978917,7870,1
7871,1147911102678,1147911102713,1147911102764,7871,1
7872,1147911227082,1147911227114,1147911227165,7872,1
7873,1147911357926,1147911357959,1147911358088,7873,1
7874,1147911507474,1147911507510,1147911507601,7874,1
7875,1147911603167,1147911603200,1147911603393,7875,1
7876,1147911727399,1147911727431,1147911727544,7876,1
7877,1147911852207,1147911852239,1147911852287,7877,1
7878,1147911969069,1147911969102,1147911969152,7878,1
7879,1147912106141,1147912106176,1147912106229,7879,1
7880,1147912224569,1147912224601,1147912224644,7880,1
7881,1147912349279,1147912349312,1147912349356,7881,1
7882,1147912474287,1147912474319,1147912474366,7882,1
7883,1147912599145,1147912599178,1147912599229,7883,1
7884,1147912761306,1147912761339,1147912761393,7884,1
7885,1147912849247,1147912849280,1147912849331,7885,1
7886,1147912974060,1147912974094,1147912974140,7886,1
7887,1147913098615,1147913098648,1147913098694,7887,1
7888,1147913229203,1147913229238,1147913229293,7888,1
7889,1147913350121,1147913350160,1147913350213,7889,1
7890,1147913473970,1147913474003,1147913474053,7890,1
7891,1147913598433,1147913598469,1147913598520,7891,1
7892,1147913723333,1147913723366,1147913723416,7892,1
7893,1147913848311,1147913848346,1147913848452,7893,1
7894,1147914215859,1147914215893,1147914215940,7894,1
7895,1147914216009,1147914216043,1147914216270,7895,1
7896,1147914216303,1147914216335,1147914216377,7896,1
7897,1147914356650,1147914356685,1147914356844,7897,1
7898,1147914478765,1147914478797,1147914478852,7898,1
7899,1147914604010,1147914604044,1147914604303,7899,1
7900,1147914818093,1147914818125,1147914818240,7900,1
7901,1147914848783,1147914848815,1147914849000,7901,1
7902,1147914980973,1147914981008,1147914981062,7902,1
7903,1147915098758,1147915098792,1147915098913,7903,1
7904,1147915223286,1147915223318,1147915223366,7904,1
7905,1147915348241,1147915348273,1147915348340,7905,1
7906,1147915529563,1147915529599,1147915529694,7906,1
7907,1147915599285,1147915599318,1147915599519,7907,1
7908,1147915722357,1147915722389,1147915722443,7908,1
7909,1147915916182,1147915916215,1147915916429,7909,1
7910,1147915968072,1147915968106,1147915968157,7910,1
7911,1147916105153,1147916105186,1147916105356,7911,1
7912,1147916223596,1147916223628,1147916223681,7912,1
7913,1147916348204,1147916348237,1147916348421,7913,1
7914,1147916473215,1147916473247,1147916473301,7914,1
7915,1147916598342,1147916598374,1147916598577,7915,1
7916,1147916723275,1147916723308,1147916723357,7916,1
7917,1147916848629,1147916848733,1147916848912,7917,1
7918,1147916973373,1147916973405,1147916973520,7918,1
7919,1147917098530,1147917098563,1147917098680,7919,1
7920,1147917272707,1147917272742,1147917272795,7920,1
7921,1147917349332,1147917349368,1147917349486,7921,1
7922,1147917473306,1147917473339,1147917473393,7922,1
7923,1147917598347,1147917598379,1147917598486,7923,1
7924,1147917868767,1147917868805,1147917868929,7924,1
7925,1147917869005,1147917869146,1147917869349,7925,1
7926,1147917975295,1147917975328,1147917975382,7926,1
7927,1147918097568,1147918097601,1147918097654,7927,1
7928,1147918238615,1147918238648,1147918238753,7928,1
7929,1147918348140,1147918348173,1147918348220,7929,1
7930,1147918564661,1147918564719,1147918564833,7930,1
7931,1147918598562,1147918598595,1147918598768,7931,1
7932,1147918742680,1147918742714,1147918742897,7932,1
7933,1147918848405,1147918848438,1147918848540,7933,1
7934,1147918973269,1147918973301,1147918973344,7934,1
7935,1147919098201,1147919098233,1147919098279,7935,1
7936,1147919223238,1147919223274,1147919223319,7936,1
7937,1147919348257,1147919348293,1147919348471,7937,1
7938,1147919517789,1147919517821,1147919517910,7938,1
7939,1147919598914,1147919598947,1147919599023,7939,1
7940,1147919722404,1147919722436,1147919722489,7940,1
7941,1147919889498,1147919889531,1147919889812,7941,1
7942,1147919967518,1147919967551,1147919967599,7942,1
7943,1147920345489,1147920345595,1147920345764,7943,1
7944,1147920345808,1147920345841,1147920345882,7944,1
7945,1147920353737,1147920353770,1147920353833,7945,1
7946,1147920473502,1147920473534,1147920473706,7946,1
7947,1147920598478,1147920598514,1147920598686,7947,1
7948,1147920723243,1147920723276,1147920723329,7948,1
7949,1147920848426,1147920848459,1147920848569,7949,1
7950,1147920973438,1147920973471,1147920973519,7950,1
7951,1147921098472,1147921098505,1147921098618,7951,1
7952,1147921222466,1147921222499,1147921222553,7952,1
7953,1147921357851,1147921357884,1147921358008,7953,1
7954,1147921475204,1147921475236,1147921475290,7954,1
7955,1147921599956,1147921599989,1147921600107,7955,1
7956,1147921725155,1147921725191,1147921725235,7956,1
7957,1147921850127,1147921850159,1147921850277,7957,1
7958,1147921981411,1147921981446,1147921981495,7958,1
7959,1147922100173,1147922100209,1147922100319,7959,1
7960,1147922224988,1147922225021,1147922225197,7960,1
7961,1147922351978,1147922352011,1147922352188,7961,1
7962,1147922475087,1147922475123,1147922475170,7962,1
7963,1147922599971,1147922600008,1147922600059,7963,1
7964,1147922725001,1147922725037,1147922725083,7964,1
7965,1147922850001,1147922850037,1147922850089,7965,1
7966,1147923147505,1147923147538,1147923147594,7966,1
7967,1147923147628,1147923147660,1147923147703,7967,1
7968,1147923225508,1147923225541,1147923225592,7968,1
7969,1147923350213,1147923350244,1147923350299,7969,1
7970,1147923475092,1147923475125,1147923475178,7970,1
7971,1147923600193,1147923600225,1147923600271,7971,1
7972,1147923725011,1147923725043,1147923725096,7972,1
7973,1147923850166,1147923850198,1147923850242,7973,1
7974,1147923967489,1147923967521,1147923967571,7974,1
7975,1147924105316,1147924105422,1147924105601,7975,1
7976,1147924223836,1147924223868,1147924223986,7976,1
7977,1147924348329,1147924348362,1147924348459,7977,1
7978,1147924473443,1147924473475,1147924473520,7978,1
7979,1147924598403,1147924598435,1147924598487,7979,1
7980,1147924723368,1147924723401,1147924723447,7980,1
7981,1147924864824,1147924864859,1147924864907,7981,1
7982,1147924973292,1147924973326,1147924973380,7982,1
7983,1147925098324,1147925098356,1147925098402,7983,1
7984,1147925222361,1147925222396,1147925222451,7984,1
7985,1147925350828,1147925350863,1147925350917,7985,1
7986,1147925474692,1147925474725,1147925474768,7986,1
7987,1147925599804,1147925599840,1147925599920,7987,1
7988,1147925724664,1147925724697,1147925724745,7988,1
7989,1147925849782,1147925849814,1147925849931,7989,1
7990,1147925974729,1147925974760,1147925974811,7990,1
7991,1147926099838,1147926099869,1147926099956,7991,1
7992,1147926224730,1147926224765,1147926224816,7992,1
7993,1147926349820,1147926349854,1147926349969,7993,1
7994,1147926474872,1147926474904,1147926474950,7994,1
7995,1147926599804,1147926599839,1147926599920,7995,1
7996,1147926724830,1147926724861,1147926724910,7996,1
7997,1147926849820,1147926849853,1147926849900,7997,1
7998,1147926974811,1147926974848,1147926974894,7998,1
7999,1147927099823,1147927099855,1147927099909,7999,1
8000,1147927224724,1147927224756,1147927224800,8000,1
8001,1147927349639,1147927349672,1147927349723,8001,1
8002,1147927475032,1147927475066,1147927475119,8002,1
8003,1147927600038,1147927600069,1147927600120,8003,1
8004,1147927725688,1147927725721,1147927725835,8004,1
8005,1147927870681,1147927870714,1147927870766,8005,1
8006,1147927967192,1147927967225,1147927967278,8006,1
8007,1147928104514,1147928104550,1147928104600,8007,1
8008,1147928223652,1147928223684,1147928223738,8008,1
8009,1147928348352,1147928348385,1147928348432,8009,1
8010,1147928473253,1147928473285,1147928473333,8010,1
8011,1147928598206,1147928598238,1147928598286,8011,1
8012,1147928723647,1147928723680,1147928723726,8012,1
8013,1147928848614,1147928848646,1147928848693,8013,1
8014,1147928973208,1147928973241,1147928973287,8014,1
8015,1147929098209,1147929098242,1147929098289,8015,1
8016,1147929222537,1147929222571,1147929222622,8016,1
8017,1147929352408,1147929352444,1147929352498,8017,1
8018,1147929475064,1147929475096,1147929475266,8018,1
8019,1147929600443,1147929600475,1147929600641,8019,1
8020,1147929725200,1147929725233,1147929725281,8020,1
8021,1147929850054,1147929850087,1147929850211,8021,1
8022,1147929974991,1147929975026,1147929975078,8022,1
8023,1147930100051,1147930100087,1147930100137,8023,1
8024,1147930224970,1147930225002,1147930225050,8024,1
8025,1147930350061,1147930350094,1147930350141,8025,1
8026,1147930474979,1147930475013,1147930475058,8026,1
8027,1147930600423,1147930600455,1147930600502,8027,1
8028,1147930853210,1147930853266,1147930853372,8028,1
8029,1147930861583,1147930861616,1147930861661,8029,1
8030,1147930975126,1147930975158,1147930975207,8030,1
8031,1147931099673,1147931099705,1147931099752,8031,1
8032,1147931224539,1147931224571,1147931224615,8032,1
8033,1147931349796,1147931349828,1147931350008,8033,1
8034,1147931474529,1147931474561,1147931474731,8034,1
8035,1147931599758,1147931599789,1147931599951,8035,1
8036,1147931724634,1147931724667,1147931724720,8036,1
8037,1147931849388,1147931849420,1147931849544,8037,1
8038,1147931966994,1147931967025,1147931967077,8038,1
8039,1147932104639,1147932104748,1147932104856,8039,1
8040,1147932222856,1147932222888,1147932222934,8040,1
8041,1147932347964,1147932347998,1147932348168,8041,1
8042,1147932472934,1147932472966,1147932473011,8042,1
8043,1147932597788,1147932597820,1147932597866,8043,1
8044,1147932722854,1147932722886,1147932722931,8044,1
8045,1147932847786,1147932847818,1147932847871,8045,1
8046,1147932978946,1147932978981,1147932979031,8046,1
8047,1147933098787,1147933098822,1147933098869,8047,1
8048,1147933221888,1147933221920,1147933221973,8048,1
8049,1147933348404,1147933348439,1147933348488,8049,1
8050,1147933473116,1147933473147,1147933473194,8050,1
8051,1147933597795,1147933597825,1147933597873,8051,1
8052,1147933722861,1147933722893,1147933722945,8052,1
8053,1147933847799,1147933847830,1147933848303,8053,1
8054,1147933978882,1147933978917,1147933979040,8054,1
8055,1147934097856,1147934097890,1147934097936,8055,1
8056,1147934222839,1147934222874,1147934222926,8056,1
8057,1147934347823,1147934347856,1147934347901,8057,1
8058,1147934472815,1147934472847,1147934472896,8058,1
8059,1147934598002,1147934598035,1147934598082,8059,1
8060,1147934722763,1147934722798,1147934722842,8060,1
8061,1147934847895,1147934847928,1147934847973,8061,1
8062,1147934972892,1147934972925,1147934972974,8062,1
8063,1147935097654,1147935097688,1147935097737,8063,1
8064,1147935222746,1147935222778,1147935222823,8064,1
8065,1147935347798,1147935347833,1147935347875,8065,1
8066,1147935472916,1147935472948,1147935472996,8066,1
8067,1147935597879,1147935597914,1147935598174,8067,1
8068,1147935721881,1147935721912,1147935721961,8068,1
8069,1147935899518,1147935899553,1147935899789,8069,1
8070,1147936057979,1147936058090,1147936058175,8070,1
8071,1147936100615,1147936100647,1147936100761,8071,1
8072,1147936217360,1147936217394,1147936217445,8072,1
8073,1147936412389,1147936412424,1147936412534,8073,1
8074,1147936473541,1147936473574,1147936473621,8074,1
8075,1147936598479,1147936598511,1147936598623,8075,1
8076,1147936723239,1147936723272,1147936723318,8076,1
8077,1147936848176,1147936848209,1147936848323,8077,1
8078,1147936973352,1147936973385,1147936973434,8078,1
8079,1147937098310,1147937098344,1147937098621,8079,1
8080,1147937222242,1147937222275,1147937222330,8080,1
8081,1147937364531,1147937364566,1147937364803,8081,1
8082,1147937475326,1147937475358,1147937475412,8082,1
8083,1147937600163,1147937600196,1147937600444,8083,1
8084,1147937725055,1147937725088,1147937725143,8084,1
8085,1147937850098,1147937850130,1147937850401,8085,1
8086,1147937974978,1147937975010,1147937975064,8086,1
8087,1147938100370,1147938100403,1147938100733,8087,1
8088,1147938225120,1147938225154,1147938225206,8088,1
8089,1147938350033,1147938350067,1147938350317,8089,1
8090,1147938481516,1147938481548,1147938481601,8090,1
8091,1147939316515,1147939316585,1147939317002,8091,1
8092,1147939317172,1147939317203,1147939317245,8092,1
8093,1147939326852,1147939326885,1147939327254,8093,1
8094,1147939327287,1147939327318,1147939327359,8094,1
8095,1147939327421,1147939327453,1147939344530,8095,1
8096,1147939344576,1147939344612,1147939344652,8096,1
8097,1147939352955,1147939352986,1147939353234,8097,1
8098,1147939481186,1147939481218,1147939481271,8098,1
8099,1147939603633,1147939603665,1147939603916,8099,1
8100,1147939732329,1147939732361,1147939732413,8100,1
8101,1147939857475,1147939857510,1147939857685,8101,1
8102,1147939970823,1147939970854,1147939970969,8102,1
8103,1147940107280,1147940107314,1147940107362,8103,1
8104,1147940229113,1147940229148,1147940229197,8104,1
8105,1147940349918,1147940349949,1147940349995,8105,1
8106,1147940474363,1147940474394,1147940474438,8106,1
8107,1147940599771,1147940599803,1147940599916,8107,1
8108,1147940724688,1147940724721,1147940724767,8108,1
8109,1147940849360,1147940849393,1147940849506,8109,1
8110,1147940974322,1147940974356,1147940974409,8110,1
8111,1147941098978,1147941099011,1147941099135,8111,1
8112,1147941223092,1147941223124,1147941223177,8112,1
8113,1147941350439,1147941350475,1147941350598,8113,1
8114,1147941473797,1147941473832,1147941473878,8114,1
8115,1147941598782,1147941598815,1147941598936,8115,1
8116,1147941723512,1147941723544,1147941723587,8116,1
8117,1147941848661,1147941848693,1147941848803,8117,1
8118,1147942113070,1147942113107,1147942113156,8118,1
8119,1147942113226,1147942113258,1147942113370,8119,1
8120,1147942224255,1147942224288,1147942224337,8120,1
8121,1147942349041,1147942349146,1147942349325,8121,1
8122,1147942473491,1147942473525,1147942473572,8122,1
8123,1147942598608,1147942598641,1147942598760,8123,1
8124,1147942723178,1147942723211,1147942723262,8124,1
8125,1147942847723,1147942847756,1147942847862,8125,1
8126,1147943225090,1147943225126,1147943225236,8126,1
8127,1147943225344,1147943225379,1147943225471,8127,1
8128,1147943233191,1147943233223,1147943233275,8128,1
8129,1147943354861,1147943354897,1147943355004,8129,1
8130,1147943477976,1147943478012,1147943478067,8130,1
8131,1147943602385,1147943602418,1147943602525,8131,1
8132,1147943910306,1147943910341,1147943910395,8132,1
8133,1147943910461,1147943910493,1147943910605,8133,1
8134,1147944042115,1147944042225,1147944042518,8134,1
8135,1147944106224,1147944106259,1147944106437,8135,1
8136,1147944231167,1147944231200,1147944231255,8136,1
8137,1147944355733,1147944355765,1147944355883,8137,1
8138,1147944480148,1147944480184,1147944480237,8138,1
8139,1147944601453,1147944601486,1147944601613,8139,1
8140,1147944725895,1147944725926,1147944725980,8140,1
8141,1147944850498,1147944850531,1147944850637,8141,1
8142,1147944975401,1147944975435,1147944975480,8142,1
8143,1147945100038,1147945100070,1147945100176,8143,1
8144,1147945223814,1147945223848,1147945223897,8144,1
8145,1147945350729,1147945350761,1147945350816,8145,1
8146,1147945474336,1147945474369,1147945474416,8146,1
8147,1147945599442,1147945599474,1147945599525,8147,1
8148,1147945723968,1147945724001,1147945724049,8148,1
8149,1147945848822,1147945848858,1147945848974,8149,1
8150,1147945974179,1147945974211,1147945974256,8150,1
8151,1147946098757,1147946098792,1147946098916,8151,1
8152,1147946223558,1147946223591,1147946223634,8152,1
8153,1147946348655,1147946348688,1147946348801,8153,1
8154,1147946474111,1147946474144,1147946474262,8154,1
8155,1147946598564,1147946598597,1147946598716,8155,1
8156,1147946723478,1147946723511,1147946723557,8156,1
8157,1147946848196,1147946848228,1147946848505,8157,1
8158,1147946973349,1147946973382,1147946973433,8158,1
8159,1147947098640,1147947098673,1147947098925,8159,1
8160,1147947223376,1147947223409,1147947223453,8160,1
8161,1147947348443,1147947348477,1147947348584,8161,1
8162,1147947557105,1147947557142,1147947557230,8162,1
8163,1147947600739,1147947600772,1147947601011,8163,1
8164,1147947725779,1147947725812,1147947725861,8164,1
8165,1147947850302,1147947850336,1147947850386,8165,1
8166,1147947967328,1147947967361,1147947967407,8166,1
8167,1147948105340,1147948105448,1147948105696,8167,1
8168,1147948245310,1147948245345,1147948245574,8168,1
8169,1147948348758,1147948348791,1147948348975,8169,1
8170,1147948473317,1147948473349,1147948473398,8170,1
8171,1147948599479,1147948599515,1147948599629,8171,1
8172,1147948723445,1147948723478,1147948723524,8172,1
8173,1147948848247,1147948848279,1147948848386,8173,1
8174,1147948973209,1147948973241,1147948973287,8174,1
8175,1147949098372,1147949098405,1147949098515,8175,1
8176,1147949222404,1147949222436,1147949222487,8176,1
8177,1147949349558,1147949349595,1147949349706,8177,1
8178,1147949473237,1147949473269,1147949473323,8178,1
8179,1147949598201,1147949598234,1147949598340,8179,1
8180,1147949723317,1147949723352,1147949723403,8180,1
8181,1147949847261,1147949847293,1147949847477,8181,1
8182,1147950053343,1147950053378,1147950053488,8182,1
8183,1147950097460,1147950097492,1147950097546,8183,1
8184,1147950261495,1147950261527,1147950261613,8184,1
8185,1147950348329,1147950348361,1147950348413,8185,1
8186,1147950508133,1147950508167,1147950508216,8186,1
8187,1147950598940,1147950598972,1147950599115,8187,1
8188,1147950723224,1147950723258,1147950723307,8188,1
8189,1147950848143,1147950848175,1147950848223,8189,1
8190,1147950973194,1147950973226,1147950973273,8190,1
8191,1147951098139,1147951098171,1147951098260,8191,1
8192,1147951223240,1147951223273,1147951223322,8192,1
8193,1147951348282,1147951348319,1147951348366,8193,1
8194,1147951535229,1147951535265,1147951535319,8194,1
8195,1147951598861,1147951598892,1147951599138,8195,1
8196,1147951722410,1147951722442,1147951722493,8196,1
8197,1147951857981,1147951858018,1147951858286,8197,1
8198,1147951967339,1147951967371,1147951967421,8198,1
8199,1147952106132,1147952106238,1147952106480,8199,1
8200,1147952222429,1147952222464,1147952222516,8200,1
8201,1147952356163,1147952356199,1147952356423,8201,1
8202,1147952473476,1147952473508,1147952473623,8202,1
8203,1147952598174,1147952598206,1147952598309,8203,1
8204,1147952724245,1147952724281,1147952724332,8204,1
8205,1147952847310,1147952847342,1147952847458,8205,1
8206,1147952979769,1147952979806,1147952979893,8206,1
8207,1147953098197,1147953098229,1147953098277,8207,1
8208,1147953222401,1147953222436,1147953222491,8208,1
8209,1147953348275,1147953348307,1147953348362,8209,1
8210,1147953506682,1147953506718,1147953506806,8210,1
8211,1147953598214,1147953598247,1147953598364,8211,1
8212,1147953723292,1147953723324,1147953723372,8212,1
8213,1147953848226,1147953848262,1147953848488,8213,1
8214,1147953973202,1147953973238,1147953973284,8214,1
8215,1147954097427,1147954097463,1147954097703,8215,1
8216,1147954253249,1147954253284,1147954253371,8216,1
8217,1147954348549,1147954348582,1147954348868,8217,1
8218,1147954473235,1147954473271,1147954473318,8218,1
8219,1147954598352,1147954598385,1147954598639,8219,1
8220,1147954723334,1147954723369,1147954723416,8220,1
8221,1147954847548,1147954847581,1147954847696,8221,1
8222,1147955001680,1147955001716,1147955001802,8222,1
8223,1147955098780,1147955098813,1147955098865,8223,1
8224,1147955223152,1147955223184,1147955223237,8224,1
8225,1147955348189,1147955348224,1147955348279,8225,1
8226,1147955508615,1147955508651,1147955508739,8226,1
8227,1147955600294,1147955600327,1147955600381,8227,1
8228,1147955725056,1147955725089,1147955725139,8228,1
8229,1147955850020,1147955850053,1147955850310,8229,1
8230,1147955967285,1147955967318,1147955967372,8230,1
8231,1147956111693,1147956111802,1147956112112,8231,1
8232,1147956223471,1147956223506,1147956223553,8232,1
8233,1147956348211,1147956348247,1147956348482,8233,1
8234,1147956473294,1147956473331,1147956473497,8234,1
8235,1147956598472,1147956598505,1147956598687,8235,1
8236,1147956723287,1147956723320,1147956723374,8236,1
8237,1147956848208,1147956848242,1147956848354,8237,1
8238,1147956973180,1147956973217,1147956973259,8238,1
8239,1147957097258,1147957097290,1147957097406,8239,1
8240,1147957229939,1147957229976,1147957230064,8240,1
8241,1147957349338,1147957349373,1147957349568,8241,1
8242,1147957473173,1147957473207,1147957473253,8242,1
8243,1147957598240,1147957598273,1147957598386,8243,1
8244,1147957723176,1147957723209,1147957723251,8244,1
8245,1147957848225,1147957848258,1147957848375,8245,1
8246,1147957973054,1147957973087,1147957973137,8246,1
8247,1147958098368,1147958098401,1147958098510,8247,1
8248,1147958222254,1147958222287,1147958222339,8248,1
8249,1147958355121,1147958355157,1147958355323,8249,1
8250,1147958473495,1147958473528,1147958473574,8250,1
8251,1147958598399,1147958598431,1147958598551,8251,1
8252,1147958723218,1147958723250,1147958723301,8252,1
8253,1147958848233,1147958848265,1147958848372,8253,1
8254,1147958973571,1147958973603,1147958973716,8254,1
8255,1147959098134,1147959098169,1147959098274,8255,1
8256,1147959223288,1147959223322,1147959223367,8256,1
8257,1147959348182,1147959348215,1147959348323,8257,1
8258,1147959507577,1147959507612,1147959507698,8258,1
8259,1147959600071,1147959600106,1147959600227,8259,1
8260,1147959724526,1147959724557,1147959724606,8260,1
8261,1147959849389,1147959849420,1147959849468,8261,1
8262,1147959967184,1147959967216,1147959967269,8262,1
8263,1147960104396,1147960104432,1147960104482,8263,1
8264,1147960222729,1147960222761,1147960222807,8264,1
8265,1147960347807,1147960347838,1147960347890,8265,1
8266,1147960472814,1147960472846,1147960472894,8266,1
8267,1147960597967,1147960597998,1147960598050,8267,1
8268,1147960722828,1147960722860,1147960722911,8268,1
8269,1147960887469,1147960887503,1147960887676,8269,1
8270,1147961064197,1147961064228,1147961064342,8270,1
8271,1147961097396,1147961097428,1147961097534,8271,1
8272,1147961246009,1147961246044,1147961246131,8272,1
8273,1147961486241,1147961486276,1147961486433,8273,1
8274,1147961494464,1147961494497,1147961494540,8274,1
8275,1147961645446,1147961645481,1147961645739,8275,1
8276,1147961723960,1147961723993,1147961724038,8276,1
8277,1147961848400,1147961848432,1147961848553,8277,1
8278,1147961973162,1147961973198,1147961973241,8278,1
8279,1147962098260,1147962098294,1147962098520,8279,1
8280,1147962222261,1147962222293,1147962222347,8280,1
8281,1147962394085,1147962394120,1147962394276,8281,1
8282,1147962474713,1147962474745,1147962474798,8282,1
8283,1147962597769,1147962597802,1147962597910,8283,1
8284,1147962722645,1147962722676,1147962722724,8284,1
8285,1147962847807,1147962847839,1147962847947,8285,1
8286,1147962972783,1147962972815,1147962972865,8286,1
8287,1147963098050,1147963098081,1147963098252,8287,1
8288,1147963222674,1147963222705,1147963222750,8288,1
8289,1147963358863,1147963358898,1147963359150,8289,1
8290,1147963513134,1147963513169,1147963513252,8290,1
8291,1147963599911,1147963599945,1147963600200,8291,1
8292,1147963724610,1147963724643,1147963724694,8292,1
8293,1147963849751,1147963849783,1147963849827,8293,1
8294,1147963967139,1147963967171,1147963967222,8294,1
8295,1147964104460,1147964104565,1147964104614,8295,1
8296,1147964222919,1147964222950,1147964222998,8296,1
8297,1147964347809,1147964347840,1147964347893,8297,1
8298,1147964472853,1147964472884,1147964472933,8298,1
8299,1147964597884,1147964597916,1147964597959,8299,1
8300,1147964722856,1147964722888,1147964722935,8300,1
8301,1147964847890,1147964847925,1147964848092,8301,1
8302,1147964973120,1147964973151,1147964973266,8302,1
8303,1147965096956,1147965096987,1147965097087,8303,1
8304,1147965236077,1147965236112,1147965236197,8304,1
8305,1147965348860,1147965348895,1147965348998,8305,1
8306,1147965471968,1147965472002,1147965472051,8306,1
8307,1147965609021,1147965609056,1147965609227,8307,1
8308,1147965722847,1147965722880,1147965722930,8308,1
8309,1147965847863,1147965847895,1147965848185,8309,1
8310,1147966003899,1147966003930,1147966003982,8310,1
8311,1147966105940,1147966105975,1147966106188,8311,1
8312,1147966224701,1147966224736,1147966224785,8312,1
8313,1147966349447,1147966349478,1147966349681,8313,1
8314,1147966474424,1147966474458,1147966474507,8314,1
8315,1147966599406,1147966599441,1147966599627,8315,1
8316,1147966724415,1147966724449,1147966724494,8316,1
8317,1147966849476,1147966849510,1147966849705,8317,1
8318,1147966974584,1147966974618,1147966974668,8318,1
8319,1147967099502,1147967099537,1147967099697,8319,1
8320,1147967224598,1147967224632,1147967224683,8320,1
8321,1147967349706,1147967349740,1147967349980,8321,1
8322,1147967474482,1147967474516,1147967474561,8322,1
8323,1147967599505,1147967599540,1147967599586,8323,1
8324,1147967724424,1147967724459,1147967724505,8324,1
8325,1147967849572,1147967849607,1147967849655,8325,1
8326,1147967975148,1147967975180,1147967975265,8326,1
8327,1147968104128,1147968104235,1147968104283,8327,1
8328,1147968223056,1147968223089,1147968223136,8328,1
8329,1147968347879,1147968347912,1147968347959,8329,1
8330,1147968472364,1147968472396,1147968472448,8330,1
8331,1147968625935,1147968625970,1147968626057,8331,1
8332,1147968723471,1147968723503,1147968723551,8332,1
8333,1147968848105,1147968848138,1147968848189,8333,1
8334,1147968973263,1147968973296,1147968973466,8334,1
8335,1147969101867,1147969101905,1147969102038,8335,1
8336,1147969226416,1147969226452,1147969226538,8336,1
8337,1147969349657,1147969349689,1147969349809,8337,1
8338,1147969473381,1147969473414,1147969473467,8338,1
8339,1147969598250,1147969598283,1147969598377,8339,1
8340,1147969723174,1147969723207,1147969723253,8340,1
8341,1147969847357,1147969847390,1147969847504,8341,1
8342,1147969980836,1147969980871,1147969980959,8342,1
8343,1147970098570,1147970098603,1147970098723,8343,1
8344,1147970223457,1147970223489,1147970223533,8344,1
8345,1147970347505,1147970347537,1147970347648,8345,1
8346,1147970481515,1147970481550,1147970481640,8346,1
8347,1147970598427,1147970598463,1147970598588,8347,1
8348,1147970790583,1147970790618,1147970790673,8348,1
8349,1147970929901,1147970929937,1147970930055,8349,1
8350,1147970974087,1147970974119,1147970974173,8350,1
8351,1147971098248,1147971098281,1147971098466,8351,1
8352,1147971223489,1147971223522,1147971223577,8352,1
8353,1147971348116,1147971348149,1147971348318,8353,1
8354,1147971473447,1147971473479,1147971473601,8354,1
8355,1147971598410,1147971598442,1147971598617,8355,1
8356,1147971722239,1147971722272,1147971722326,8356,1
8357,1147971887374,1147971887410,1147971887646,8357,1
8358,1147971967745,1147971967777,1147971967824,8358,1
8359,1147972226402,1147972226507,1147972226758,8359,1
8360,1147972226822,1147972226855,1147972226896,8360,1
8361,1147972359989,1147972360022,1147972360200,8361,1
8362,1147972473650,1147972473683,1147972473729,8362,1
8363,1147972598461,1147972598493,1147972598685,8363,1
8364,1147972723456,1147972723489,1147972723542,8364,1
8365,1147972848279,1147972848311,1147972848474,8365,1
8366,1147972973308,1147972973344,1147972973397,8366,1
8367,1147973098231,1147973098265,1147973098442,8367,1
8368,1147973237143,1147973237176,1147973237299,8368,1
8369,1147973349321,1147973349357,1147973349411,8369,1
8370,1147973472423,1147973472458,1147973472511,8370,1
8371,1147973690548,1147973690583,1147973690693,8371,1
8372,1147973723497,1147973723533,1147973723579,8372,1
8373,1147973847367,1147973847399,1147973847503,8373,1
8374,1147973987388,1147973987424,1147973987514,8374,1
8375,1147974100015,1147974100051,1147974100214,8375,1
8376,1147974225107,1147974225142,1147974225195,8376,1
8377,1147974350182,1147974350218,1147974350387,8377,1
8378,1147974474946,1147974474982,1147974475029,8378,1
8379,1147974599881,1147974599918,1147974600092,8379,1
8380,1147974724909,1147974724945,1147974724995,8380,1
8381,1147974849866,1147974849903,1147974850069,8381,1
8382,1147974975017,1147974975054,1147974975102,8382,1
8383,1147975100129,1147975100166,1147975100353,8383,1
8384,1147975225078,1147975225114,1147975225156,8384,1
8385,1147975350192,1147975350228,1147975350404,8385,1
8386,1147975475057,1147975475094,1147975475147,8386,1
8387,1147975600116,1147975600152,1147975600203,8387,1
8388,1147975725075,1147975725111,1147975725227,8388,1
8389,1147975861775,1147975861808,1147975861943,8389,1
8390,1147975967621,1147975967653,1147975967703,8390,1
8391,1147976105319,1147976105358,1147976105422,8391,1
8392,1147976231208,1147976231310,1147976231359,8392,1
8393,1147976348259,1147976348291,1147976348341,8393,1
8394,1147976473270,1147976473303,1147976473347,8394,1
8395,1147976598151,1147976598184,1147976598229,8395,1
8396,1147976723272,1147976723304,1147976723352,8396,1
8397,1147976848461,1147976848493,1147976848546,8397,1
8398,1147976992054,1147976992092,1147976992204,8398,1
8399,1147977098437,1147977098470,1147977098672,8399,1
8400,1147977222565,1147977222598,1147977222651,8400,1
8401,1147977349508,1147977349543,1147977349728,8401,1
8402,1147977474486,1147977474519,1147977474633,8402,1
8403,1147977598369,1147977598403,1147977598510,8403,1
8404,1147977723232,1147977723265,1147977723315,8404,1
8405,1147977848125,1147977848158,1147977848360,8405,1
8406,1147977973118,1147977973150,1147977973194,8406,1
8407,1147978098070,1147978098103,1147978098286,8407,1
8408,1147978223213,1147978223246,1147978223293,8408,1
8409,1147978348319,1147978348351,1147978348622,8409,1
8410,1147978473469,1147978473502,1147978473548,8410,1
8411,1147978597468,1147978597502,1147978597666,8411,1
8412,1147978730805,1147978730842,1147978730953,8412,1
8413,1147978848394,1147978848429,1147978848625,8413,1
8414,1147978973278,1147978973310,1147978973359,8414,1
8415,1147979097064,1147979097099,1147979097308,8415,1
8416,1147979309586,1147979309619,1147979309733,8416,1
8417,1147979348742,1147979348777,1147979348958,8417,1
8418,1147979473538,1147979473571,1147979473615,8418,1
8419,1147979598529,1147979598566,1147979598748,8419,1
8420,1147979722588,1147979722621,1147979722674,8420,1
8421,1147979884670,1147979884705,1147979885096,8421,1
8422,1147979967798,1147979967831,1147979967884,8422,1
8423,1147980105188,1147980105295,1147980105456,8423,1
8424,1147980222724,1147980222760,1147980222811,8424,1
8425,1147980347711,1147980347747,1147980347931,8425,1
8426,1147980472831,1147980472866,1147980472917,8426,1
8427,1147980597073,1147980597107,1147980597393,8427,1
8428,1147980753024,1147980753056,1147980753142,8428,1
8429,1147980847847,1147980847880,1147980848058,8429,1
8430,1147980972924,1147980972959,1147980973010,8430,1
8431,1147981097777,1147981097812,1147981097985,8431,1
8432,1147981221910,1147981221943,1147981221995,8432,1
8433,1147981349480,1147981349516,1147981349699,8433,1
8434,1147981472958,1147981472989,1147981473172,8434,1
8435,1147981598566,1147981598600,1147981598786,8435,1
8436,1147981722822,1147981722853,1147981722902,8436,1
8437,1147981846972,1147981847003,1147981847255,8437,1
8438,1147981979194,1147981979230,1147981979314,8438,1
8439,1147982097852,1147982097885,1147982097937,8439,1
8440,1147982222716,1147982222751,1147982222797,8440,1
8441,1147982347852,1147982347885,1147982347935,8441,1
8442,1147982472896,1147982472928,1147982472974,8442,1
8443,1147982597712,1147982597743,1147982597791,8443,1
8444,1147982722907,1147982722939,1147982722984,8444,1
8445,1147982847961,1147982847993,1147982848043,8445,1
8446,1147982972855,1147982972886,1147982972935,8446,1
8447,1147983097828,1147983097862,1147983097908,8447,1
8448,1147983222710,1147983222744,1147983222794,8448,1
8449,1147983347850,1147983347884,1147983347929,8449,1
8450,1147983472779,1147983472809,1147983472862,8450,1
8451,1147983597805,1147983597837,1147983598042,8451,1
8452,1147983722182,1147983722214,1147983722266,8452,1
8453,1147983857001,1147983857037,1147983857252,8453,1
8454,1147983967328,1147983967362,1147983967411,8454,1
8455,1147984104399,1147984104503,1147984104749,8455,1
8456,1147984223132,1147984223165,1147984223218,8456,1
8457,1147984348381,1147984348413,1147984348588,8457,1
8458,1147984473923,1147984473956,1147984473999,8458,1
8459,1147984598192,1147984598224,1147984598383,8459,1
8460,1147984723179,1147984723210,1147984723265,8460,1
8461,1147984848269,1147984848303,1147984848480,8461,1
8462,1147984973200,1147984973233,1147984973283,8462,1
8463,1147985098210,1147985098242,1147985098287,8463,1
8464,1147985325225,1147985325258,1147985325344,8464,1
8465,1147985350561,1147985350592,1147985350648,8465,1
8466,1147985473450,1147985473482,1147985473533,8466,1
8467,1147985598297,1147985598329,1147985598383,8467,1
8468,1147985723246,1147985723278,1147985723458,8468,1
8469,1147985861360,1147985861392,1147985861567,8469,1
8470,1147985988193,1147985988228,1147985988315,8470,1
8471,1147986098279,1147986098315,1147986098421,8471,1
8472,1147986269178,1147986269214,1147986269267,8472,1
8473,1147986348485,1147986348520,1147986348626,8473,1
8474,1147986473264,1147986473298,1147986473346,8474,1
8475,1147986598344,1147986598376,1147986598488,8475,1
8476,1147986722383,1147986722416,1147986722466,8476,1
8477,1147987119778,1147987119823,1147987120063,8477,1
8478,1147987120125,1147987120159,1147987120200,8478,1
8479,1147987120234,1147987120266,1147987120383,8479,1
8480,1147987230441,1147987230476,1147987230530,8480,1
8481,1147987354470,1147987354505,1147987354623,8481,1
8482,1147987480035,1147987480067,1147987480118,8482,1
8483,1147987602941,1147987602978,1147987603102,8483,1
8484,1147987727417,1147987727453,1147987727507,8484,1
8485,1147987858164,1147987858200,1147987858353,8485,1
8486,1147988103408,1147988103511,1147988103667,8486,1
8487,1147988103724,1147988103757,1147988103854,8487,1
8488,1147988222909,1147988222943,1147988222993,8488,1
8489,1147988356930,1147988356967,1147988357124,8489,1
8490,1147988475242,1147988475275,1147988475328,8490,1
8491,1147988598362,1147988598398,1147988598504,8491,1
8492,1147988723240,1147988723272,1147988723316,8492,1
8493,1147988848204,1147988848237,1147988848345,8493,1
8494,1147988973476,1147988973509,1147988973558,8494,1
8495,1147989098329,1147989098362,1147989098487,8495,1
8496,1147989222389,1147989222422,1147989222469,8496,1
8497,1147989349075,1147989349111,1147989349232,8497,1
8498,1147989473328,1147989473362,1147989473415,8498,1
8499,1147989598238,1147989598274,1147989598488,8499,1
8500,1147989723296,1147989723328,1147989723382,8500,1
8501,1147989862349,1147989862381,1147989862559,8501,1
8502,1147989973175,1147989973208,1147989973261,8502,1
8503,1147990098373,1147990098406,1147990098511,8503,1
8504,1147990223184,1147990223217,1147990223262,8504,1
8505,1147990348327,1147990348360,1147990348475,8505,1
8506,1147990473314,1147990473351,1147990473398,8506,1
8507,1147990598191,1147990598224,1147990598342,8507,1
8508,1147990723187,1147990723220,1147990723267,8508,1
8509,1147990848179,1147990848212,1147990848268,8509,1
8510,1147990973280,1147990973312,1147990973365,8510,1
8511,1147991098350,1147991098386,1147991098434,8511,1
8512,1147991223317,1147991223349,1147991223397,8512,1
8513,1147991348264,1147991348296,1147991348348,8513,1
8514,1147991535676,1147991535715,1147991535816,8514,1
8515,1147991601188,1147991601219,1147991601268,8515,1
8516,1147991725012,1147991725045,1147991725099,8516,1
8517,1147991849971,1147991850004,1147991850052,8517,1
8518,1147991967402,1147991967436,1147991967490,8518,1
8519,1147992105136,1147992105240,1147992105291,8519,1
8520,1147992223537,1147992223570,1147992223619,8520,1
8521,1147992348536,1147992348569,1147992348689,8521,1
8522,1147992473292,1147992473325,1147992473377,8522,1
8523,1147992598123,1147992598156,1147992598200,8523,1
8524,1147992723246,1147992723278,1147992723331,8524,1
8525,1147992848174,1147992848207,1147992848258,8525,1
8526,1147992973351,1147992973384,1147992973436,8526,1
8527,1147993097330,1147993097364,1147993097419,8527,1
8528,1147993293639,1147993293673,1147993293760,8528,1
8529,1147993351599,1147993351632,1147993351687,8529,1
8530,1147993475289,1147993475320,1147993475373,8530,1
8531,1147993600091,1147993600123,1147993600172,8531,1
8532,1147993756452,1147993756484,1147993756539,8532,1
8533,1147993850083,1147993850115,1147993850163,8533,1
8534,1147993975046,1147993975079,1147993975265,8534,1
8535,1147994100261,1147994100293,1147994100475,8535,1
8536,1147994225293,1147994225325,1147994225377,8536,1
8537,1147994350190,1147994350222,1147994350340,8537,1
8538,1147994475109,1147994475142,1147994475195,8538,1
8539,1147994601272,1147994601304,1147994601422,8539,1
8540,1147994724612,1147994724644,1147994724690,8540,1
8541,1147994849533,1147994849565,1147994849670,8541,1
8542,1147994974502,1147994974534,1147994974582,8542,1
8543,1147995100055,1147995100085,1147995100199,8543,1
8544,1147995224570,1147995224602,1147995224651,8544,1
8545,1147995349756,1147995349786,1147995349888,8545,1
8546,1147995474562,1147995474593,1147995474658,8546,1
8547,1147995599618,1147995599650,1147995599699,8547,1
8548,1147995724495,1147995724527,1147995724575,8548,1
8549,1147995849543,1147995849574,1147995849621,8549,1
8550,1147995967109,1147995967139,1147995967184,8550,1
8551,1147996104379,1147996104410,1147996104467,8551,1
8552,1147996223010,1147996223042,1147996223088,8552,1
8553,1147996347941,1147996347972,1147996348023,8553,1
8554,1147996473279,1147996473383,1147996473501,8554,1
8555,1147996597842,1147996597875,1147996597923,8555,1
8556,1147996722772,1147996722803,1147996722849,8556,1
8557,1147996847911,1147996847942,1147996847986,8557,1
8558,1147996972925,1147996972957,1147996973002,8558,1
8559,1147997097966,1147997097998,1147997098046,8559,1
8560,1147997221923,1147997221955,1147997222005,8560,1
8561,1147997348961,1147997348992,1147997349045,8561,1
8562,1147997473207,1147997473238,1147997473288,8562,1
8563,1147997597802,1147997597833,1147997597881,8563,1
8564,1147997722799,1147997722831,1147997722879,8564,1
8565,1147997847737,1147997847769,1147997848189,8565,1
8566,1147997972861,1147997972896,1147997972944,8566,1
8567,1147998097723,1147998097754,1147998097806,8567,1
8568,1147998242179,1147998242210,1147998242386,8568,1
8569,1147998347943,1147998347975,1147998348104,8569,1
8570,1147998472919,1147998472952,1147998472999,8570,1
8571,1147998597779,1147998597811,1147998597915,8571,1
8572,1147998722846,1147998722878,1147998722921,8572,1
8573,1147998847678,1147998847710,1147998847755,8573,1
8574,1147998973043,1147998973074,1147998973120,8574,1
8575,1147999097724,1147999097755,1147999097804,8575,1
8576,1147999297355,1147999297386,1147999297461,8576,1
8577,1147999347979,1147999348010,1147999348055,8577,1
8578,1147999473009,1147999473040,1147999473083,8578,1
8579,1147999597042,1147999597077,1147999597128,8579,1
8580,1147999759566,1147999759602,1147999759711,8580,1
8581,1147999849614,1147999849646,1147999849698,8581,1
8582,1147999967141,1147999967174,1147999967219,8582,1
8583,1148000105119,1148000105165,1148000105225,8583,1
8584,1148000223286,1148000223318,1148000223372,8584,1
8585,1148000395897,1148000395934,1148000396023,8585,1
8586,1148000473819,1148000473852,1148000473901,8586,1
8587,1148000598404,1148000598507,1148000598625,8587,1
8588,1148000723310,1148000723342,1148000723390,8588,1
8589,1148000848253,1148000848286,1148000848638,8589,1
8590,1148000973219,1148000973252,1148000973303,8590,1
8591,1148001098106,1148001098139,1148001098312,8591,1
8592,1148001222299,1148001222332,1148001222387,8592,1
8593,1148001349252,1148001349285,1148001349409,8593,1
8594,1148001473277,1148001473309,1148001473353,8594,1
8595,1148001598381,1148001598414,1148001598626,8595,1
8596,1148001723301,1148001723333,1148001723382,8596,1
8597,1148001847311,1148001847344,1148001847395,8597,1
8598,1148001982290,1148001982326,1148001982414,8598,1
8599,1148002100123,1148002100156,1148002100205,8599,1
8600,1148002225030,1148002225063,1148002225110,8600,1
8601,1148002350209,1148002350243,1148002350419,8601,1
8602,1148002475218,1148002475251,1148002475370,8602,1
8603,1148002600215,1148002600247,1148002600355,8603,1
8604,1148002725075,1148002725107,1148002725157,8604,1
8605,1148002850075,1148002850108,1148002850220,8605,1
8606,1148002975132,1148002975165,1148002975214,8606,1
8607,1148003099860,1148003099895,1148003100006,8607,1
8608,1148003224847,1148003224879,1148003224924,8608,1
8609,1148003349953,1148003349985,1148003350098,8609,1
8610,1148003475015,1148003475048,1148003475098,8610,1
8611,1148003599899,1148003599933,1148003600055,8611,1
8612,1148003725041,1148003725073,1148003725124,8612,1
8613,1148003849889,1148003849921,1148003850027,8613,1
8614,1148003967537,1148003967570,1148003967614,8614,1
8615,1148004104716,1148004104763,1148004104824,8615,1
8616,1148004223190,1148004223237,1148004223283,8616,1
8617,1148004348255,1148004348300,1148004348347,8617,1
8618,1148004473209,1148004473253,1148004473303,8618,1
8619,1148004598183,1148004598215,1148004598264,8619,1
8620,1148004723621,1148004723653,1148004723697,8620,1
8621,1148004848559,1148004848662,1148004848779,8621,1
8622,1148004973250,1148004973282,1148004973329,8622,1
8623,1148005098211,1148005098243,1148005098291,8623,1
8624,1148005222318,1148005222350,1148005222402,8624,1
8625,1148005350900,1148005350931,1148005350987,8625,1
8626,1148005475130,1148005475162,1148005475215,8626,1
8627,1148005600027,1148005600060,1148005600113,8627,1
8628,1148005725261,1148005725294,1148005725346,8628,1
8629,1148005849951,1148005849984,1148005850036,8629,1
8630,1148005974961,1148005974994,1148005975041,8630,1
8631,1148006099927,1148006099960,1148006100012,8631,1
8632,1148006224996,1148006225030,1148006225081,8632,1
8633,1148006349977,1148006350010,1148006350057,8633,1
8634,1148006474970,1148006475003,1148006475190,8634,1
8635,1148006600228,1148006600260,1148006600445,8635,1
8636,1148006724988,1148006725020,1148006725073,8636,1
8637,1148006850017,1148006850050,1148006850097,8637,1
8638,1148006975194,1148006975226,1148006975273,8638,1
8639,1148007100007,1148007100040,1148007100090,8639,1
8640,1148007224987,1148007225020,1148007225072,8640,1
8641,1148007349969,1148007350003,1148007350049,8641,1
8642,1148007474969,1148007475001,1148007475055,8642,1
8643,1148007599896,1148007599929,1148007599976,8643,1
8644,1148007725043,1148007725075,1148007725129,8644,1
8645,1148007849972,1148007850004,1148007850050,8645,1
8646,1148007967297,1148007967344,1148007967395,8646,1
8647,1148008104765,1148008104797,1148008104848,8647,1
8648,1148008223222,1148008223254,1148008223301,8648,1
8649,1148008350154,1148008350187,1148008350236,8649,1
8650,1148008473277,1148008473309,1148008473359,8650,1
8651,1148008598176,1148008598209,1148008598257,8651,1
8652,1148008723291,1148008723323,1148008723372,8652,1
8653,1148008848191,1148008848224,1148008848273,8653,1
8654,1148008973822,1148008973926,1148008974040,8654,1
8655,1148009098120,1148009098152,1148009098196,8655,1
8656,1148009222285,1148009222318,1148009222368,8656,1
8657,1148009348733,1148009348765,1148009348817,8657,1
8658,1148009473416,1148009473448,1148009473491,8658,1
8659,1148009598676,1148009598708,1148009598758,8659,1
8660,1148009722377,1148009722409,1148009722464,8660,1
8661,1148009854351,1148009854386,1148009854472,8661,1
8662,1148009980004,1148009980040,1148009980128,8662,1
8663,1148010098627,1148010098659,1148010098713,8663,1
8664,1148010223244,1148010223277,1148010223325,8664,1
8665,1148010348152,1148010348185,1148010348234,8665,1
8666,1148010473370,1148010473404,1148010473454,8666,1
8667,1148010598316,1148010598348,1148010598398,8667,1
8668,1148010724057,1148010724090,1148010724274,8668,1
8669,1148010848544,1148010848577,1148010848676,8669,1
8670,1148010973319,1148010973351,1148010973404,8670,1
8671,1148011100415,1148011100447,1148011100497,8671,1
8672,1148011223128,1148011223161,1148011223208,8672,1
8673,1148011348154,1148011348187,1148011348235,8673,1
8674,1148011473247,1148011473279,1148011473332,8674,1
8675,1148011597368,1148011597400,1148011597453,8675,1
8676,1148011728961,1148011728997,1148011729085,8676,1
8677,1148011943716,1148011943753,1148011943840,8677,1
8678,1148011967543,1148011967590,1148011967642,8678,1
8679,1148012105280,1148012105312,1148012105365,8679,1
8680,1148012223383,1148012223416,1148012223466,8680,1
8681,1148012348306,1148012348339,1148012348414,8681,1
8682,1148012473270,1148012473304,1148012473355,8682,1
8683,1148012598185,1148012598218,1148012598292,8683,1
8684,1148012723270,1148012723303,1148012723355,8684,1
8685,1148012848323,1148012848355,1148012848411,8685,1
8686,1148012973185,1148012973217,1148012973268,8686,1
8687,1148013098672,1148013098776,1148013098905,8687,1
8688,1148013222286,1148013222318,1148013222373,8688,1
8689,1148013348545,1148013348578,1148013348630,8689,1
8690,1148013473482,1148013473514,1148013473563,8690,1
8691,1148013598383,1148013598416,1148013598471,8691,1
8692,1148013723463,1148013723496,1148013723547,8692,1
8693,1148013848289,1148013848321,1148013848568,8693,1
8694,1148013979550,1148013979591,1148013979658,8694,1
8695,1148014103049,1148014103084,1148014103171,8695,1
8696,1148014225381,1148014225413,1148014225460,8696,1
8697,1148014350067,1148014350100,1148014350146,8697,1
8698,1148014475216,1148014475249,1148014475292,8698,1
8699,1148014600094,1148014600126,1148014600171,8699,1
8700,1148014775653,1148014775688,1148014775742,8700,1
8701,1148014850107,1148014850139,1148014850321,8701,1
8702,1148014975381,1148014975415,1148014975529,8702,1
8703,1148015225694,1148015225726,1148015225885,8703,1
8704,1148015233902,1148015233935,1148015233984,8704,1
8705,1148015354930,1148015354962,1148015355009,8705,1
8706,1148015478661,1148015478694,1148015478743,8706,1
8707,1148015602014,1148015602046,1148015602215,8707,1
8708,1148015726071,1148015726103,1148015726156,8708,1
8709,1148015862528,1148015862563,1148015862771,8709,1
8710,1148015970247,1148015970279,1148015970331,8710,1
8711,1148016107550,1148016107583,1148016107752,8711,1
8712,1148016225538,1148016225571,1148016225618,8712,1
8713,1148016350246,1148016350279,1148016350473,8713,1
8714,1148016474992,1148016475025,1148016475069,8714,1
8715,1148016599615,1148016599647,1148016599827,8715,1
8716,1148016724424,1148016724456,1148016724504,8716,1
8717,1148016849489,1148016849521,1148016849727,8717,1
8718,1148016973939,1148016973972,1148016974016,8718,1
8719,1148017098920,1148017098954,1148017099001,8719,1
8720,1148017223097,1148017223131,1148017223183,8720,1
8721,1148017412991,1148017413093,1148017413252,8721,1
8722,1148017474866,1148017474898,1148017474950,8722,1
8723,1148017598573,1148017598606,1148017598656,8723,1
8724,1148017723612,1148017723644,1148017723693,8724,1
8725,1148017847458,1148017847491,1148017847545,8725,1
8726,1148018095038,1148018095074,1148018095160,8726,1
8727,1148018095224,1148018095268,1148018095436,8727,1
8728,1148018238165,1148018238198,1148018238286,8728,1
8729,1148018354684,1148018354720,1148018354798,8729,1
8730,1148018478434,1148018478468,1148018478513,8730,1
8731,1148018603522,1148018603554,1148018603737,8731,1
8732,1148018801438,1148018801474,1148018801562,8732,1
8733,1148019095122,1148019095158,1148019095385,8733,1
8734,1148019095449,1148019095482,1148019095525,8734,1
8735,1148019095599,1148019095631,1148019095738,8735,1
8736,1148019224459,1148019224492,1148019224541,8736,1
8737,1148019348745,1148019348777,1148019348901,8737,1
8738,1148019473461,1148019473494,1148019473541,8738,1
8739,1148019598222,1148019598254,1148019598365,8739,1
8740,1148019722338,1148019722370,1148019722426,8740,1
8741,1148019886569,1148019886605,1148019886758,8741,1
8742,1148019974621,1148019974654,1148019974741,8742,1
8743,1148020104861,1148020104893,1148020105001,8743,1
8744,1148020223440,1148020223473,1148020223516,8744,1
8745,1148020348428,1148020348461,1148020348566,8745,1
8746,1148020473580,1148020473612,1148020473655,8746,1
8747,1148020598442,1148020598475,1148020598586,8747,1
8748,1148020723607,1148020723639,1148020723686,8748,1
8749,1148020848264,1148020848295,1148020848418,8749,1
8750,1148020973200,1148020973232,1148020973275,8750,1
8751,1148021173001,1148021173034,1148021173153,8751,1
8752,1148021245173,1148021245210,1148021245297,8752,1
8753,1148021352158,1148021352190,1148021352305,8753,1
8754,1148021538363,1148021538469,1148021538589,8754,1
8755,1148021598397,1148021598431,1148021598555,8755,1
8756,1148021723373,1148021723406,1148021723453,8756,1
8757,1148021848295,1148021848326,1148021848449,8757,1
8758,1148021973299,1148021973332,1148021973376,8758,1
8759,1148022163584,1148022163620,1148022163786,8759,1
8760,1148022226031,1148022226064,1148022226110,8760,1
8761,1148022350004,1148022350036,1148022350149,8761,1
8762,1148022475087,1148022475119,1148022475168,8762,1
8763,1148022600290,1148022600322,1148022600490,8763,1
8764,1148022724950,1148022724983,1148022725029,8764,1
8765,1148022849917,1148022849948,1148022850135,8765,1
8766,1148022974958,1148022974991,1148022975040,8766,1
8767,1148023100048,1148023100081,1148023100267,8767,1
8768,1148023225299,1148023225332,1148023225501,8768,1
8769,1148023350439,1148023350473,1148023350518,8769,1
8770,1148023475088,1148023475122,1148023475168,8770,1
8771,1148023600235,1148023600267,1148023600319,8771,1
8772,1148023725143,1148023725175,1148023725223,8772,1
8773,1148023849932,1148023849964,1148023850013,8773,1
8774,1148023967244,1148023967277,1148023967324,8774,1
8775,1148024105115,1148024105148,1148024105195,8775,1
8776,1148024223393,1148024223425,1148024223476,8776,1
8777,1148024348327,1148024348359,1148024348404,8777,1
8778,1148024473210,1148024473244,1148024473291,8778,1
8779,1148024598369,1148024598401,1148024598450,8779,1
8780,1148024723617,1148024723650,1148024723698,8780,1
8781,1148024865233,1148024865266,1148024865316,8781,1
8782,1148024973268,1148024973301,1148024973355,8782,1
8783,1148025098244,1148025098276,1148025098320,8783,1
8784,1148025222362,1148025222394,1148025222447,8784,1
8785,1148025348610,1148025348643,1148025348696,8785,1
8786,1148025522425,1148025522461,1148025522551,8786,1
8787,1148025600872,1148025600972,1148025601086,8787,1
8788,1148025725539,1148025725572,1148025725623,8788,1
8789,1148025850011,1148025850044,1148025850090,8789,1
8790,1148025975222,1148025975256,1148025975306,8790,1
8791,1148026100063,1148026100095,1148026100145,8791,1
8792,1148026225148,1148026225181,1148026225228,8792,1
8793,1148026350106,1148026350139,1148026350189,8793,1
8794,1148026475091,1148026475124,1148026475174,8794,1
8795,1148026599970,1148026600002,1148026600052,8795,1
8796,1148026725157,1148026725191,1148026725237,8796,1
8797,1148026849967,1148026849999,1148026850053,8797,1
8798,1148026975176,1148026975209,1148026975260,8798,1
8799,1148027100073,1148027100105,1148027100157,8799,1
8800,1148027225287,1148027225320,1148027225371,8800,1
8801,1148027350005,1148027350038,1148027350220,8801,1
8802,1148027475300,1148027475333,1148027475454,8802,1
8803,1148027600133,1148027600165,1148027600277,8803,1
8804,1148027725049,1148027725081,1148027725133,8804,1
8805,1148027869587,1148027869619,1148027869736,8805,1
8806,1148027967456,1148027967490,1148027967540,8806,1
8807,1148028104849,1148028104881,1148028104934,8807,1
8808,1148028223307,1148028223340,1148028223393,8808,1
8809,1148028348290,1148028348322,1148028348376,8809,1
8810,1148028473212,1148028473245,1148028473294,8810,1
8811,1148028597703,1148028597734,1148028597787,8811,1
8812,1148028722859,1148028722890,1148028722933,8812,1
8813,1148028847769,1148028847802,1148028847914,8813,1
8814,1148028973066,1148028973099,1148028973153,8814,1
8815,1148029097949,1148029097980,1148029098080,8815,1
8816,1148029221776,1148029221807,1148029221856,8816,1
8817,1148029350654,1148029350686,1148029350867,8817,1
8818,1148029474609,1148029474641,1148029474686,8818,1
8819,1148029599566,1148029599598,1148029599754,8819,1
8820,1148029724460,1148029724491,1148029724545,8820,1
8821,1148029850015,1148029850048,1148029850488,8821,1
8822,1148029974878,1148029974910,1148029974958,8822,1
8823,1148030099898,1148030099930,1148030099979,8823,1
8824,1148030224635,1148030224667,1148030224733,8824,1
8825,1148030349572,1148030349603,1148030349651,8825,1
8826,1148030474591,1148030474622,1148030474669,8826,1
8827,1148030599541,1148030599574,1148030599620,8827,1
8828,1148030724489,1148030724520,1148030724569,8828,1
8829,1148030849602,1148030849634,1148030849682,8829,1
8830,1148031048644,1148031048698,1148031048771,8830,1
8831,1148031099769,1148031099800,1148031099849,8831,1
8832,1148031224400,1148031224431,1148031224481,8832,1
8833,1148031349623,1148031349654,1148031349840,8833,1
8834,1148031474511,1148031474543,1148031474722,8834,1
8835,1148031599620,1148031599653,1148031599751,8835,1
8836,1148031724797,1148031724829,1148031724947,8836,1
8837,1148031849498,1148031849529,1148031849611,8837,1
8838,1148031967104,1148031967137,1148031967189,8838,1
8839,1148032174234,1148032174266,1148032174317,8839,1
8840,1148032223171,1148032223203,1148032223250,8840,1
8841,1148032347770,1148032347802,1148032347849,8841,1
8842,1148032472840,1148032472872,1148032472921,8842,1
8843,1148032597826,1148032597859,1148032597903,8843,1
8844,1148032722822,1148032722854,1148032722902,8844,1
8845,1148032847777,1148032847808,1148032847878,8845,1
8846,1148032972863,1148032972895,1148032972943,8846,1
8847,1148033097886,1148033097919,1148033097964,8847,1
8848,1148033221860,1148033221893,1148033221937,8848,1
8849,1148033350576,1148033350609,1148033350683,8849,1
8850,1148033474515,1148033474547,1148033474593,8850,1
8851,1148033600095,1148033600128,1148033600178,8851,1
8852,1148033725125,1148033725158,1148033725207,8852,1
8853,1148033850086,1148033850119,1148033850168,8853,1
8854,1148033983398,1148033983501,1148033983623,8854,1
8855,1148034100552,1148034100586,1148034100636,8855,1
8856,1148034225024,1148034225057,1148034225100,8856,1
8857,1148034350039,1148034350072,1148034350251,8857,1
8858,1148034474924,1148034474956,1148034475002,8858,1
8859,1148034599963,1148034599995,1148034600168,8859,1
8860,1148034725034,1148034725066,1148034725109,8860,1
8861,1148034849502,1148034849533,1148034849581,8861,1
8862,1148034974446,1148034974477,1148034974526,8862,1
8863,1148035099919,1148035099951,1148035100027,8863,1
8864,1148035224598,1148035224630,1148035224678,8864,1
8865,1148035349476,1148035349507,1148035349552,8865,1
8866,1148035474425,1148035474457,1148035474506,8866,1
8867,1148035599586,1148035599618,1148035599930,8867,1
8868,1148035724475,1148035724507,1148035724677,8868,1
8869,1148035895639,1148035895673,1148035895795,8869,1
8870,1148035967557,1148035967588,1148035967640,8870,1
8871,1148036159968,1148036160074,1148036160194,8871,1
8872,1148036224725,1148036224758,1148036224799,8872,1
8873,1148036349601,1148036349633,1148036349685,8873,1
8874,1148036474790,1148036474825,1148036474872,8874,1
8875,1148036597984,1148036598015,1148036598067,8875,1
8876,1148036733477,1148036733512,1148036733667,8876,1
8877,1148036848034,1148036848066,1148036848338,8877,1
8878,1148036972783,1148036972814,1148036972859,8878,1
8879,1148037097737,1148037097768,1148037097874,8879,1
8880,1148037222169,1148037222201,1148037222253,8880,1
8881,1148037348762,1148037348793,1148037348859,8881,1
8882,1148037472921,1148037472952,1148037472999,8882,1
8883,1148037597865,1148037597897,1148037598073,8883,1
8884,1148037722784,1148037722816,1148037722862,8884,1
8885,1148037847666,1148037847698,1148037847866,8885,1
8886,1148037971909,1148037971942,1148037971993,8886,1
8887,1148038105899,1148038105933,1148038106202,8887,1
8888,1148038224525,1148038224556,1148038224603,8888,1
8889,1148038349424,1148038349454,1148038349635,8889,1
8890,1148038474193,1148038474225,1148038474276,8890,1
8891,1148038599117,1148038599149,1148038599332,8891,1
8892,1148038724298,1148038724329,1148038724381,8892,1
8893,1148038851093,1148038851124,1148038851299,8893,1
8894,1148038974466,1148038974498,1148038974547,8894,1
8895,1148039099576,1148039099608,1148039099775,8895,1
8896,1148039224472,1148039224504,1148039224551,8896,1
8897,1148039349538,1148039349569,1148039349756,8897,1
8898,1148039474483,1148039474515,1148039474560,8898,1
8899,1148039599582,1148039599614,1148039599659,8899,1
8900,1148039724413,1148039724445,1148039724492,8900,1
8901,1148039849640,1148039849672,1148039849841,8901,1
8902,1148039967208,1148039967240,1148039967352,8902,1
8903,1148040104293,1148040104325,1148040104439,8903,1
8904,1148040222955,1148040222986,1148040223034,8904,1
8905,1148040348003,1148040348035,1148040348142,8905,1
8906,1148040472857,1148040472888,1148040472937,8906,1
8907,1148040597781,1148040597812,1148040597918,8907,1
8908,1148040722832,1148040722865,1148040722914,8908,1
8909,1148040847850,1148040847882,1148040848006,8909,1
8910,1148040972640,1148040972670,1148040972720,8910,1
8911,1148041097633,1148041097664,1148041097775,8911,1
8912,1148041221953,1148041221984,1148041222031,8912,1
8913,1148041349713,1148041349744,1148041349867,8913,1
8914,1148041474662,1148041474695,1148041474746,8914,1
8915,1148041599522,1148041599554,1148041599609,8915,1
8916,1148041725089,1148041725122,1148041725169,8916,1
8917,1148041850029,1148041850062,1148041850115,8917,1
8918,1148041974876,1148041974909,1148041974959,8918,1
8919,1148042103776,1148042103816,1148042103870,8919,1
8920,1148042239285,1148042239387,1148042239523,8920,1
8921,1148042349964,1148042349996,1148042350050,8921,1
8922,1148042475148,1148042475181,1148042475230,8922,1
8923,1148042599490,1148042599522,1148042599569,8923,1
8924,1148042724589,1148042724621,1148042724668,8924,1
8925,1148042849470,1148042849502,1148042849710,8925,1
8926,1148042974441,1148042974473,1148042974520,8926,1
8927,1148043099364,1148043099396,1148043099440,8927,1
8928,1148043224539,1148043224571,1148043224614,8928,1
8929,1148043349636,1148043349667,1148043349712,8929,1
8930,1148043474589,1148043474621,1148043474667,8930,1
8931,1148043599553,1148043599585,1148043599630,8931,1
8932,1148043724480,1148043724512,1148043724558,8932,1
8933,1148043866951,1148043866983,1148043867037,8933,1
8934,1148044104617,1148044104720,1148044104913,8934,1
8935,1148044104955,1148044104999,1148044105096,8935,1
8936,1148044223396,1148044223428,1148044223477,8936,1
8937,1148044347868,1148044347900,1148044348007,8937,1
8938,1148044472847,1148044472880,1148044472927,8938,1
8939,1148044597952,1148044597984,1148044598086,8939,1
8940,1148044722820,1148044722853,1148044722900,8940,1
8941,1148044847837,1148044847870,1148044847989,8941,1
8942,1148044972883,1148044972914,1148044972966,8942,1
8943,1148045097759,1148045097791,1148045097911,8943,1
8944,1148045222072,1148045222104,1148045222156,8944,1
8945,1148045350688,1148045350718,1148045350835,8945,1
8946,1148045474425,1148045474456,1148045474508,8946,1
8947,1148045599644,1148045599676,1148045599787,8947,1
8948,1148045724532,1148045724564,1148045724616,8948,1
8949,1148045849569,1148045849602,1148045849837,8949,1
8950,1148045974591,1148045974622,1148045974670,8950,1
8951,1148046099442,1148046099475,1148046099521,8951,1
8952,1148046224502,1148046224534,1148046224585,8952,1
8953,1148046349468,1148046349500,1148046349548,8953,1
8954,1148046474845,1148046474878,1148046474991,8954,1
8955,1148046599483,1148046599515,1148046599562,8955,1
8956,1148046724553,1148046724584,1148046724634,8956,1
8957,1148046849450,1148046849481,1148046849530,8957,1
8958,1148046974569,1148046974600,1148046974647,8958,1
8959,1148047099594,1148047099626,1148047099673,8959,1
8960,1148047224317,1148047224349,1148047224401,8960,1
8961,1148047349875,1148047349907,1148047349959,8961,1
8962,1148047527129,1148047527163,1148047527211,8962,1
8963,1148047599910,1148047599941,1148047599987,8963,1
8964,1148047724401,1148047724433,1148047724481,8964,1
8965,1148047849585,1148047849617,1148047849664,8965,1
8966,1148047967423,1148047967457,1148047967502,8966,1
8967,1148048104467,1148048104574,1148048104749,8967,1
8968,1148048272835,1148048272871,1148048273048,8968,1
8969,1148048348364,1148048348396,1148048348517,8969,1
8970,1148048473356,1148048473388,1148048473440,8970,1
8971,1148048598108,1148048598141,1148048598254,8971,1
8972,1148048723286,1148048723318,1148048723371,8972,1
8973,1148048848272,1148048848304,1148048848352,8973,1
8974,1148048973311,1148048973344,1148048973396,8974,1
8975,1148049098360,1148049098392,1148049098443,8975,1
8976,1148049222402,1148049222435,1148049222488,8976,1
8977,1148049349411,1148049349443,1148049349497,8977,1
8978,1148049473275,1148049473307,1148049473362,8978,1
8979,1148049598272,1148049598305,1148049598353,8979,1
8980,1148049723181,1148049723214,1148049723257,8980,1
8981,1148049848305,1148049848338,1148049848385,8981,1
8982,1148049973126,1148049973161,1148049973216,8982,1
8983,1148050097471,1148050097503,1148050097553,8983,1
8984,1148050309533,1148050309569,1148050309658,8984,1
8985,1148050350351,1148050350384,1148050350464,8985,1
8986,1148050474939,1148050474971,1148050475025,8986,1
8987,1148050600374,1148050600407,1148050600557,8987,1
8988,1148050724943,1148050724976,1148050725020,8988,1
8989,1148050850119,1148050850151,1148050850201,8989,1
8990,1148050975006,1148050975040,1148050975088,8990,1
8991,1148051100182,1148051100215,1148051100268,8991,1
8992,1148051225028,1148051225060,1148051225110,8992,1
8993,1148051350028,1148051350061,1148051350108,8993,1
8994,1148051475017,1148051475050,1148051475096,8994,1
8995,1148051599996,1148051600028,1148051600082,8995,1
8996,1148051724854,1148051724886,1148051724934,8996,1
8997,1148051849939,1148051849972,1148051850019,8997,1
8998,1148051967322,1148051967355,1148051967405,8998,1
8999,1148052104629,1148052104662,1148052104717,8999,1
9000,1148052229622,1148052229658,1148052229748,9000,1
9001,1148052357745,1148052357782,1148052358017,9001,1
9002,1148052473484,1148052473517,1148052473634,9002,1
9003,1148052598233,1148052598265,1148052598381,9003,1
9004,1148052740045,1148052740079,1148052740129,9004,1
9005,1148052848275,1148052848309,1148052848356,9005,1
9006,1148052973412,1148052973444,1148052973488,9006,1
9007,1148053098733,1148053098766,1148053098815,9007,1
9008,1148053222550,1148053222583,1148053222629,9008,1
9009,1148053356930,1148053356965,1148053357125,9009,1
9010,1148053507057,1148053507092,1148053507182,9010,1
9011,1148053598828,1148053598860,1148053598965,9011,1
9012,1148053723251,1148053723283,1148053723331,9012,1
9013,1148053848482,1148053848515,1148053848625,9013,1
9014,1148053973603,1148053973635,1148053973683,9014,1
9015,1148054098381,1148054098413,1148054098517,9015,1
9016,1148054222355,1148054222388,1148054222438,9016,1
9017,1148054374628,1148054374665,1148054374811,9017,1
9018,1148054473358,1148054473390,1148054473437,9018,1
9019,1148054598212,1148054598244,1148054598351,9019,1
9020,1148054723295,1148054723327,1148054723381,9020,1
9021,1148054848511,1148054848544,1148054848659,9021,1
9022,1148054973262,1148054973294,1148054973343,9022,1
9023,1148055098553,1148055098586,1148055098635,9023,1
9024,1148055223214,1148055223246,1148055223298,9024,1
9025,1148055347320,1148055347355,1148055347408,9025,1
9026,1148055521634,1148055521670,1148055521761,9026,1
9027,1148055600275,1148055600308,1148055600354,9027,1
9028,1148055724968,1148055725001,1148055725049,9028,1
9029,1148055850079,1148055850112,1148055850162,9029,1
9030,1148055967362,1148055967396,1148055967444,9030,1
9031,1148056105310,1148056105414,1148056105468,9031,1
9032,1148056223502,1148056223535,1148056223584,9032,1
9033,1148056348165,1148056348199,1148056348250,9033,1
9034,1148056473111,1148056473145,1148056473315,9034,1
9035,1148056598695,1148056598728,1148056598896,9035,1
9036,1148056723335,1148056723368,1148056723420,9036,1
9037,1148056847678,1148056847711,1148056847827,9037,1
9038,1148056972720,1148056972751,1148056972803,9038,1
9039,1148057097773,1148057097805,1148057097912,9039,1
9040,1148057221856,1148057221888,1148057221942,9040,1
9041,1148057347581,1148057347612,1148057347736,9041,1
9042,1148057548273,1148057548307,1148057548396,9042,1
9043,1148057599490,1148057599522,1148057599643,9043,1
9044,1148057724303,1148057724335,1148057724385,9044,1
9045,1148057849273,1148057849304,1148057849412,9045,1
9046,1148057974268,1148057974300,1148057974347,9046,1
9047,1148058099371,1148058099403,1148058099507,9047,1
9048,1148058224505,1148058224536,1148058224582,9048,1
9049,1148058349381,1148058349412,1148058349520,9049,1
9050,1148058474250,1148058474281,1148058474331,9050,1
9051,1148058599243,1148058599275,1148058599354,9051,1
9052,1148058724256,1148058724288,1148058724337,9052,1
9053,1148058849157,1148058849189,1148058849378,9053,1
9054,1148058974832,1148058974864,1148058974985,9054,1
9055,1148059099787,1148059099818,1148059099868,9055,1
9056,1148059224745,1148059224777,1148059224825,9056,1
9057,1148059349645,1148059349677,1148059349722,9057,1
9058,1148059474570,1148059474602,1148059474652,9058,1
9059,1148059599450,1148059599482,1148059599526,9059,1
9060,1148059724524,1148059724556,1148059724601,9060,1
9061,1148059849491,1148059849522,1148059849570,9061,1
9062,1148059967064,1148059967097,1148059967142,9062,1
9063,1148060104449,1148060104554,1148060104603,9063,1
9064,1148060222995,1148060223028,1148060223069,9064,1
9065,1148060348072,1148060348104,1148060348149,9065,1
9066,1148060472934,1148060472966,1148060473013,9066,1
9067,1148060597891,1148060597923,1148060598090,9067,1
9068,1148060741858,1148060741891,1148060742008,9068,1
9069,1148060847889,1148060847921,1148060848036,9069,1
9070,1148060972816,1148060972848,1148060972891,9070,1
9071,1148061096964,1148061096996,1148061097104,9071,1
9072,1148061237266,1148061237300,1148061237387,9072,1
9073,1148061348339,1148061348371,1148061348494,9073,1
9074,1148061472861,1148061472892,1148061472935,9074,1
9075,1148061597939,1148061597970,1148061598089,9075,1
9076,1148061722815,1148061722847,1148061722899,9076,1
9077,1148061847686,1148061847717,1148061848212,9077,1
9078,1148061972642,1148061972673,1148061972723,9078,1
9079,1148062097651,1148062097682,1148062097729,9079,1
9080,1148062221867,1148062221899,1148062221950,9080,1
9081,1148062398803,1148062398837,1148062398928,9081,1
9082,1148062473133,1148062473164,1148062473205,9082,1
9083,1148062597676,1148062597707,1148062597759,9083,1
9084,1148062722726,1148062722758,1148062722807,9084,1
9085,1148062847768,1148062847799,1148062847845,9085,1
9086,1148062972694,1148062972725,1148062972776,9086,1
9087,1148063097961,1148063097992,1148063098115,9087,1
9088,1148063222701,1148063222732,1148063222780,9088,1
9089,1148063357653,1148063357685,1148063357737,9089,1
9090,1148063545634,1148063545669,1148063545760,9090,1
9091,1148063600134,1148063600166,1148063600214,9091,1
9092,1148063724556,1148063724588,1148063724636,9092,1
9093,1148063849492,1148063849524,1148063849610,9093,1
9094,1148063967357,1148063967391,1148063967446,9094,1
9095,1148064176831,1148064176937,1148064176991,9095,1
9096,1148064224081,1148064224114,1148064224168,9096,1
9097,1148064348285,1148064348318,1148064348371,9097,1
9098,1148064473429,1148064473461,1148064473512,9098,1
9099,1148064598346,1148064598378,1148064598431,9099,1
9100,1148064723478,1148064723510,1148064723565,9100,1
9101,1148064848295,1148064848328,1148064848501,9101,1
9102,1148064973776,1148064973809,1148064973929,9102,1
9103,1148065098321,1148065098353,1148065098450,9103,1
9104,1148065222253,1148065222286,1148065222339,9104,1
9105,1148065349246,1148065349278,1148065349467,9105,1
9106,1148065473745,1148065473777,1148065473823,9106,1
9107,1148065598129,1148065598162,1148065598270,9107,1
9108,1148065722270,1148065722303,1148065722361,9108,1
9109,1148065855535,1148065855571,1148065855736,9109,1
9110,1148065972472,1148065972504,1148065972557,9110,1
9111,1148066106101,1148066106138,1148066106300,9111,1
9112,1148066225031,1148066225062,1148066225114,9112,1
9113,1148066350071,1148066350103,1148066350157,9113,1
9114,1148066475048,1148066475081,1148066475130,9114,1
9115,1148066600061,1148066600095,1148066600148,9115,1
9116,1148066724976,1148066725008,1148066725063,9116,1
9117,1148066850142,1148066850174,1148066850227,9117,1
9118,1148066974957,1148066974992,1148066975038,9118,1
9119,1148067099933,1148067099965,1148067100008,9119,1
9120,1148067225156,1148067225188,1148067225242,9120,1
9121,1148067350304,1148067350337,1148067350453,9121,1
9122,1148067475031,1148067475064,1148067475111,9122,1
9123,1148067600074,1148067600110,1148067600160,9123,1
9124,1148067725079,1148067725115,1148067725169,9124,1
9125,1148067849948,1148067849982,1148067850029,9125,1
9126,1148067967268,1148067967302,1148067967353,9126,1
9127,1148068104765,1148068104868,1148068104917,9127,1
9128,1148068223368,1148068223400,1148068223446,9128,1
9129,1148068348206,1148068348238,1148068348288,9129,1
9130,1148068651720,1148068651756,1148068651847,9130,1
9131,1148068651910,1148068651956,1148068651999,9131,1
9132,1148068729201,1148068729236,1148068729281,9132,1
9133,1148068853546,1148068853581,1148068853749,9133,1
9134,1148068978602,1148068978635,1148068978805,9134,1
9135,1148069098554,1148069098589,1148069098766,9135,1
9136,1148069227575,1148069227611,1148069227664,9136,1
9137,1148069349740,1148069349773,1148069349831,9137,1
9138,1148069473162,1148069473194,1148069473249,9138,1
9139,1148069598269,1148069598301,1148069598350,9139,1
9140,1148069731293,1148069731328,1148069731449,9140,1
9141,1148069847608,1148069847641,1148069847691,9141,1
9142,1148069980345,1148069980380,1148069980470,9142,1
9143,1148070135479,1148070135515,1148070135608,9143,1
9144,1148070225052,1148070225085,1148070225133,9144,1
9145,1148070350394,1148070350427,1148070350533,9145,1
9146,1148070475106,1148070475141,1148070475188,9146,1
9147,1148070600020,1148070600056,1148070600161,9147,1
9148,1148070724968,1148070725001,1148070725055,9148,1
9149,1148070902435,1148070902468,1148070902586,9149,1
9150,1148070975108,1148070975142,1148070975188,9150,1
9151,1148071100037,1148071100072,1148071100194,9151,1
9152,1148071224950,1148071224984,1148071225027,9152,1
9153,1148071349968,1148071350003,1148071350123,9153,1
9154,1148071475307,1148071475342,1148071475459,9154,1
9155,1148071599926,1148071599960,1148071600029,9155,1
9156,1148071724984,1148071725016,1148071725062,9156,1
9157,1148071850076,1148071850109,1148071850313,9157,1
9158,1148071967325,1148071967358,1148071967403,9158,1
9159,1148072156969,1148072157084,1148072157343,9159,1
9160,1148072223766,1148072223799,1148072223852,9160,1
9161,1148072353875,1148072353911,1148072354150,9161,1
9162,1148072473550,1148072473582,1148072473637,9162,1
9163,1148072598087,1148072598120,1148072598291,9163,1
9164,1148072801998,1148072802035,1148072802155,9164,1
9165,1148072969519,1148072969554,1148072969773,9165,1
9166,1148072969807,1148072969842,1148072969884,9166,1
9167,1148073098421,1148073098457,1148073098539,9167,1
9168,1148073273982,1148073274017,1148073274260,9168,1
9169,1148073360076,1148073360113,1148073360231,9169,1
9170,1148073473398,1148073473430,1148073473477,9170,1
9171,1148073599160,1148073599193,1148073599314,9171,1
9172,1148073723352,1148073723384,1148073723433,9172,1
9173,1148073847285,1148073847318,1148073847424,9173,1
9174,1148073983528,1148073983561,1148073983652,9174,1
9175,1148074108009,1148074108044,1148074108151,9175,1
9176,1148074223541,1148074223576,1148074223630,9176,1
9177,1148074348256,1148074348288,1148074348396,9177,1
9178,1148074473231,1148074473264,1148074473318,9178,1
9179,1148074598139,1148074598172,1148074598227,9179,1
9180,1148074723119,1148074723152,1148074723205,9180,1
9181,1148074848187,1148074848221,1148074848271,9181,1
9182,1148074974195,1148074974227,1148074974275,9182,1
9183,1148075097824,1148075097857,1148075097904,9183,1
9184,1148075224287,1148075224323,1148075224462,9184,1
9185,1148075354730,1148075354763,1148075354835,9185,1
9186,1148075472869,1148075472900,1148075472947,9186,1
9187,1148075597968,1148075598001,1148075598114,9187,1
9188,1148075722833,1148075722865,1148075722912,9188,1
9189,1148075920786,1148075920817,1148075921059,9189,1
9190,1148075967425,1148075967457,1148075967511,9190,1
9191,1148076105273,1148076105386,1148076105440,9191,1
9192,1148076230028,1148076230063,1148076230113,9192,1
9193,1148076429511,1148076429544,1148076429637,9193,1
9194,1148076473506,1148076473539,1148076473589,9194,1
9195,1148076598265,1148076598298,1148076598475,9195,1
9196,1148076723249,1148076723282,1148076723331,9196,1
9197,1148076848363,1148076848395,1148076848561,9197,1
9198,1148076973266,1148076973298,1148076973349,9198,1
9199,1148077098328,1148077098360,1148077098409,9199,1
9200,1148077259143,1148077259178,1148077259252,9200,1
9201,1148077349405,1148077349437,1148077349620,9201,1
9202,1148077474149,1148077474181,1148077474297,9202,1
9203,1148077598167,1148077598199,1148077598319,9203,1
9204,1148077723322,1148077723354,1148077723402,9204,1
9205,1148077848117,1148077848149,1148077848327,9205,1
9206,1148077973202,1148077973235,1148077973285,9206,1
9207,1148078098355,1148078098388,1148078098601,9207,1
9208,1148078223165,1148078223198,1148078223249,9208,1
9209,1148078348122,1148078348154,1148078348334,9209,1
9210,1148078473133,1148078473166,1148078473213,9210,1
9211,1148078597248,1148078597280,1148078597462,9211,1
9212,1148078732453,1148078732486,1148078732582,9212,1
9213,1148078848399,1148078848433,1148078848599,9213,1
9214,1148078973209,1148078973242,1148078973295,9214,1
9215,1148079098194,1148079098229,1148079098406,9215,1
9216,1148079223353,1148079223384,1148079223441,9216,1
9217,1148079347380,1148079347415,1148079347624,9217,1
9218,1148079525717,1148079525762,1148079525853,9218,1
9219,1148079598690,1148079598722,1148079598918,9219,1
9220,1148079722253,1148079722285,1148079722339,9220,1
9221,1148079915895,1148079915929,1148079916241,9221,1
9222,1148079967685,1148079967718,1148079967769,9222,1
9223,1148080105215,1148080105322,1148080105521,9223,1
9224,1148080223897,1148080223930,1148080223978,9224,1
9225,1148080348418,1148080348450,1148080348618,9225,1
9226,1148080473254,1148080473287,1148080473334,9226,1
9227,1148080597498,1148080597530,1148080597704,9227,1
9228,1148080756543,1148080756575,1148080756669,9228,1
9229,1148080848615,1148080848648,1148080848844,9229,1
9230,1148080973147,1148080973180,1148080973227,9230,1
9231,1148081098230,1148081098263,1148081098484,9231,1
9232,1148081222485,1148081222518,1148081222565,9232,1
9233,1148081349350,1148081349383,1148081349567,9233,1
9234,1148081473230,1148081473262,1148081473437,9234,1
9235,1148081598523,1148081598557,1148081598749,9235,1
9236,1148081723176,1148081723208,1148081723260,9236,1
9237,1148081847238,1148081847271,1148081847380,9237,1
9238,1148081983718,1148081983751,1148081983843,9238,1
9239,1148082100149,1148082100182,1148082100233,9239,1
9240,1148082224964,1148082224996,1148082225046,9240,1
9241,1148082350072,1148082350105,1148082350152,9241,1
9242,1148082474826,1148082474859,1148082474906,9242,1
9243,1148082599982,1148082600014,1148082600117,9243,1
9244,1148082724933,1148082724965,1148082725020,9244,1
9245,1148082849949,1148082849982,1148082850093,9245,1
9246,1148082974839,1148082974873,1148082974917,9246,1
9247,1148083099893,1148083099926,1148083100038,9247,1
9248,1148083224921,1148083224953,1148083225004,9248,1
9249,1148083350010,1148083350043,1148083350167,9249,1
9250,1148083475159,1148083475191,1148083475236,9250,1
9251,1148083599899,1148083599932,1148083600047,9251,1
9252,1148083724919,1148083724951,1148083725004,9252,1
9253,1148083849941,1148083849974,1148083850082,9253,1
9254,1148083967626,1148083967660,1148083967781,9254,1
9255,1148084104724,1148084104832,1148084104879,9255,1
9256,1148084223407,1148084223439,1148084223484,9256,1
9257,1148084348281,1148084348315,1148084348365,9257,1
9258,1148084473231,1148084473265,1148084473309,9258,1
9259,1148084598241,1148084598274,1148084598325,9259,1
9260,1148084723288,1148084723321,1148084723365,9260,1
9261,1148084848225,1148084848257,1148084848310,9261,1
9262,1148084973191,1148084973223,1148084973270,9262,1
9263,1148085098211,1148085098243,1148085098291,9263,1
9264,1148085222414,1148085222447,1148085222500,9264,1
9265,1148085350332,1148085350365,1148085350418,9265,1
9266,1148085475266,1148085475299,1148085475342,9266,1
9267,1148085600233,1148085600266,1148085600453,9267,1
9268,1148085739239,1148085739271,1148085739392,9268,1
9269,1148085850112,1148085850145,1148085850259,9269,1
9270,1148085974902,1148085974935,1148085974981,9270,1
9271,1148086099909,1148086099942,1148086100051,9271,1
9272,1148086276682,1148086276714,1148086276764,9272,1
9273,1148086350253,1148086350285,1148086350407,9273,1
9274,1148086475128,1148086475161,1148086475213,9274,1
9275,1148086600056,1148086600088,1148086600197,9275,1
9276,1148086724907,1148086724940,1148086724992,9276,1
9277,1148086850003,1148086850036,1148086850135,9277,1
9278,1148086974993,1148086975026,1148086975078,9278,1
9279,1148087100064,1148087100097,1148087100205,9279,1
9280,1148087224905,1148087224938,1148087224989,9280,1
9281,1148087350097,1148087350130,1148087350240,9281,1
9282,1148087474922,1148087474955,1148087475007,9282,1
9283,1148087600123,1148087600156,1148087600261,9283,1
9284,1148087725127,1148087725160,1148087725210,9284,1
9285,1148087859465,1148087859500,1148087859631,9285,1
9286,1148087967343,1148087967378,1148087967426,9286,1
9287,1148088105428,1148088105461,1148088105634,9287,1
9288,1148088223377,1148088223410,1148088223459,9288,1
9289,1148088348363,1148088348397,1148088348449,9289,1
9290,1148088473160,1148088473193,1148088473240,9290,1
9291,1148088598228,1148088598260,1148088598309,9291,1
9292,1148088723316,1148088723349,1148088723396,9292,1
9293,1148088848275,1148088848307,1148088848359,9293,1
9294,1148088973173,1148088973206,1148088973254,9294,1
9295,1148089098186,1148089098218,1148089098268,9295,1
9296,1148089353178,1148089353213,1148089353306,9296,1
9297,1148089361967,1148089361999,1148089362050,9297,1
9298,1148089475385,1148089475418,1148089475464,9298,1
9299,1148089600003,1148089600036,1148089600087,9299,1
9300,1148089724962,1148089724994,1148089725259,9300,1
9301,1148089863899,1148089863932,1148089864112,9301,1
9302,1148089975055,1148089975088,1148089975136,9302,1
9303,1148090100494,1148090100527,1148090100578,9303,1
9304,1148090225258,1148090225290,1148090225339,9304,1
9305,1148090350100,1148090350133,1148090350179,9305,1
9306,1148090475016,1148090475049,1148090475095,9306,1
9307,1148090600039,1148090600071,1148090600187,9307,1
9308,1148090725304,1148090725337,1148090725385,9308,1
9309,1148090850127,1148090850161,1148090850260,9309,1
9310,1148090975052,1148090975084,1148090975136,9310,1
9311,1148091100054,1148091100087,1148091100140,9311,1
9312,1148091224937,1148091224970,1148091225021,9312,1
9313,1148091350087,1148091350119,1148091350167,9313,1
9314,1148091499937,1148091499969,1148091500023,9314,1
9315,1148091599499,1148091599530,1148091599580,9315,1
9316,1148091729933,1148091729967,1148091730015,9316,1
9317,1148091865420,1148091865454,1148091865504,9317,1
9318,1148091967257,1148091967289,1148091967340,9318,1
9319,1148092118579,1148092118685,1148092118734,9319,1
9320,1148092223144,1148092223176,1148092223220,9320,1
9321,1148092348566,1148092348599,1148092348711,9321,1
9322,1148092473329,1148092473363,1148092473408,9322,1
9323,1148092743958,1148092743992,1148092744082,9323,1
9324,1148092744145,1148092744193,1148092744235,9324,1
9325,1148092854684,1148092854720,1148092854765,9325,1
9326,1148092978828,1148092978861,1148092978909,9326,1
9327,1148093101264,1148093101297,1148093101348,9327,1
9328,1148093236964,1148093236997,1148093237087,9328,1
9329,1148093353725,1148093353759,1148093353809,9329,1
9330,1148093473453,1148093473486,1148093473529,9330,1
9331,1148093598368,1148093598401,1148093598515,9331,1
9332,1148093722782,1148093722814,1148093722858,9332,1
9333,1148093847865,1148093847897,1148093848276,9333,1
9334,1148093972849,1148093972881,1148093973057,9334,1
9335,1148094097953,1148094097985,1148094098230,9335,1
9336,1148094222736,1148094222768,1148094222809,9336,1
9337,1148094347698,1148094347728,1148094347850,9337,1
9338,1148094472668,1148094472701,1148094472743,9338,1
9339,1148094597663,1148094597694,1148094597854,9339,1
9340,1148094722696,1148094722728,1148094722775,9340,1
9341,1148094847947,1148094847977,1148094848151,9341,1
9342,1148094973159,1148094973191,1148094973239,9342,1
9343,1148095098290,1148095098323,1148095098377,9343,1
9344,1148095222690,1148095222722,1148095222767,9344,1
9345,1148095347742,1148095347774,1148095347821,9345,1
9346,1148095472763,1148095472794,1148095472840,9346,1
9347,1148095597697,1148095597729,1148095597774,9347,1
9348,1148095722214,1148095722247,1148095722297,9348,1
9349,1148095866361,1148095866393,1148095866479,9349,1
9350,1148095967385,1148095967417,1148095967468,9350,1
9351,1148096104934,1148096104967,1148096105015,9351,1
9352,1148096222814,1148096222846,1148096222891,9352,1
9353,1148096354120,1148096354154,1148096354207,9353,1
9354,1148096473694,1148096473799,1148096473987,9354,1
9355,1148096598314,1148096598346,1148096598397,9355,1
9356,1148096723419,1148096723451,1148096723505,9356,1
9357,1148096848282,1148096848315,1148096848362,9357,1
9358,1148096973362,1148096973394,1148096973440,9358,1
9359,1148097098282,1148097098315,1148097098363,9359,1
9360,1148097222265,1148097222298,1148097222351,9360,1
9361,1148097370058,1148097370091,1148097370145,9361,1
9362,1148097539603,1148097539636,1148097539726,9362,1
9363,1148097600429,1148097600462,1148097600515,9363,1
9364,1148097724786,1148097724819,1148097724871,9364,1
9365,1148097849754,1148097849786,1148097849835,9365,1
9366,1148097974776,1148097974808,1148097974857,9366,1
9367,1148098099779,1148098099813,1148098099859,9367,1
9368,1148098243144,1148098243180,1148098243371,9368,1
9369,1148098349901,1148098349934,1148098350045,9369,1
9370,1148098474848,1148098474879,1148098474928,9370,1
9371,1148098599733,1148098599766,1148098599888,9371,1
9372,1148098724675,1148098724709,1148098724755,9372,1
9373,1148098849708,1148098849740,1148098849855,9373,1
9374,1148098974647,1148098974679,1148098974725,9374,1
9375,1148099099773,1148099099806,1148099099919,9375,1
9376,1148099224711,1148099224744,1148099224794,9376,1
9377,1148099349724,1148099349757,1148099349860,9377,1
9378,1148099474609,1148099474641,1148099474691,9378,1
9379,1148099600179,1148099600212,1148099600263,9379,1
9380,1148099724934,1148099724967,1148099725013,9380,1
9381,1148099849947,1148099849980,1148099850026,9381,1
9382,1148099967305,1148099967353,1148099967406,9382,1
9383,1148100106112,1148100106145,1148100106192,9383,1
9384,1148100223429,1148100223462,1148100223509,9384,1
9385,1148100348151,1148100348185,1148100348231,9385,1
9386,1148100473166,1148100473198,1148100473243,9386,1
9387,1148100598641,1148100598756,1148100598879,9387,1
9388,1148100723278,1148100723311,1148100723357,9388,1
9389,1148100848082,1148100848113,1148100848162,9389,1
9390,1148100973107,1148100973139,1148100973186,9390,1
9391,1148101098158,1148101098191,1148101098242,9391,1
9392,1148101222621,1148101222654,1148101222705,9392,1
9393,1148101351087,1148101351119,1148101351169,9393,1
9394,1148101475163,1148101475194,1148101475247,9394,1
9395,1148101600161,1148101600194,1148101600243,9395,1
9396,1148101729073,1148101729116,1148101729172,9396,1
9397,1148101851357,1148101851390,1148101851441,9397,1
9398,1148101974999,1148101975032,1148101975078,9398,1
9399,1148102099963,1148102099996,1148102100098,9399,1
9400,1148102225066,1148102225098,1148102225146,9400,1
9401,1148102349931,1148102349963,1148102350135,9401,1
9402,1148102475295,1148102475331,1148102475452,9402,1
9403,1148102599952,1148102599987,1148102600093,9403,1
9404,1148102725512,1148102725545,1148102725593,9404,1
9405,1148102849904,1148102849936,1148102850060,9405,1
9406,1148102974892,1148102974925,1148102974979,9406,1
9407,1148103099816,1148103099849,1148103099966,9407,1
9408,1148103224964,1148103224996,1148103225042,9408,1
9409,1148103350028,1148103350062,1148103350180,9409,1
9410,1148103475070,1148103475103,1148103475152,9410,1
9411,1148103600008,1148103600041,1148103600088,9411,1
9412,1148103724870,1148103724903,1148103724956,9412,1
9413,1148103865749,1148103865781,1148103865836,9413,1
9414,1148103967314,1148103967349,1148103967397,9414,1
9415,1148104105039,1148104105074,1148104105122,9415,1
9416,1148104223300,1148104223334,1148104223380,9416,1
9417,1148104348364,1148104348396,1148104348448,9417,1
9418,1148104473297,1148104473329,1148104473375,9418,1
9419,1148104598173,1148104598205,1148104598251,9419,1
9420,1148104723329,1148104723361,1148104723407,9420,1
9421,1148104848555,1148104848661,1148104848783,9421,1
9422,1148104973186,1148104973219,1148104973274,9422,1
9423,1148105098108,1148105098141,1148105098191,9423,1
9424,1148105222224,1148105222257,1148105222310,9424,1
9425,1148105350048,1148105350080,1148105350134,9425,1
9426,1148105473403,1148105473435,1148105473489,9426,1
9427,1148105598345,1148105598377,1148105598505,9427,1
9428,1148105723387,1148105723420,1148105723470,9428,1
9429,1148105848216,1148105848248,1148105848361,9429,1
9430,1148105973232,1148105973264,1148105973318,9430,1
9431,1148106098145,1148106098177,1148106098284,9431,1
9432,1148106223164,1148106223198,1148106223245,9432,1
9433,1148106348226,1148106348259,1148106348366,9433,1
9434,1148106532441,1148106532476,1148106532715,9434,1
9435,1148106598838,1148106598871,1148106599058,9435,1
9436,1148106722380,1148106722413,1148106722467,9436,1
9437,1148106854810,1148106854843,1148106855012,9437,1
9438,1148106973381,1148106973414,1148106973465,9438,1
9439,1148107098125,1148107098157,1148107098266,9439,1
9440,1148107223181,1148107223213,1148107223259,9440,1
9441,1148107353543,1148107353575,1148107353693,9441,1
9442,1148107544639,1148107544670,1148107544761,9442,1
9443,1148107647541,1148107647573,1148107647661,9443,1
9444,1148107724557,1148107724589,1148107724638,9444,1
9445,1148107849460,1148107849492,1148107849542,9445,1
9446,1148107967008,1148107967040,1148107967084,9446,1
9447,1148108104400,1148108104431,1148108104484,9447,1
9448,1148108222978,1148108223010,1148108223061,9448,1
9449,1148108347843,1148108347874,1148108347984,9449,1
9450,1148108472955,1148108472987,1148108473039,9450,1
9451,1148108597944,1148108597976,1148108598096,9451,1
9452,1148108722800,1148108722832,1148108722885,9452,1
9453,1148108848301,1148108848332,1148108848443,9453,1
9454,1148108973166,1148108973267,1148108973390,9454,1
9455,1148109097733,1148109097765,1148109097887,9455,1
9456,1148109222012,1148109222045,1148109222096,9456,1
9457,1148109348762,1148109348793,1148109348922,9457,1
9458,1148109472931,1148109472962,1148109473014,9458,1
9459,1148109599434,1148109599465,1148109599584,9459,1
9460,1148109722893,1148109722924,1148109722978,9460,1
9461,1148109847743,1148109847775,1148109848002,9461,1
9462,1148109972721,1148109972753,1148109972806,9462,1
9463,1148110097812,1148110097843,1148110097895,9463,1
9464,1148110222784,1148110222817,1148110222870,9464,1
9465,1148110348090,1148110348123,1148110348173,9465,1
9466,1148110473353,1148110473386,1148110473439,9466,1
9467,1148110598546,1148110598579,1148110598631,9467,1
9468,1148110741849,1148110741882,1148110742069,9468,1
9469,1148110848338,1148110848371,1148110848489,9469,1
9470,1148110973146,1148110973178,1148110973226,9470,1
9471,1148111098179,1148111098212,1148111098323,9471,1
9472,1148111223284,1148111223316,1148111223364,9472,1
9473,1148111348184,1148111348218,1148111348271,9473,1
9474,1148111514562,1148111514595,1148111514688,9474,1
9475,1148111599915,1148111599947,1148111599994,9475,1
9476,1148111724773,1148111724805,1148111724854,9476,1
9477,1148111849492,1148111849525,1148111849570,9477,1
9478,1148111967090,1148111967122,1148111967172,9478,1
9479,1148112104585,1148112104616,1148112104666,9479,1
9480,1148112222918,1148112222949,1148112222992,9480,1
9481,1148112348301,1148112348333,1148112348383,9481,1
9482,1148112473151,1148112473183,1148112473234,9482,1
9483,1148112598262,1148112598295,1148112598348,9483,1
9484,1148112723334,1148112723366,1148112723412,9484,1
9485,1148112848895,1148112848927,1148112848973,9485,1
9486,1148112973208,1148112973241,1148112973291,9486,1
9487,1148113098564,1148113098667,1148113098787,9487,1
9488,1148113222270,1148113222302,1148113222356,9488,1
9489,1148113350351,1148113350382,1148113350436,9489,1
9490,1148113476431,1148113476464,1148113476513,9490,1
9491,1148113600203,1148113600235,1148113600286,9491,1
9492,1148113725804,1148113725841,1148113727367,9492,1
9493,1148113855728,1148113855761,1148113855813,9493,1
9494,1148113974868,1148113974901,1148113974944,9494,1
9495,1148114099839,1148114099872,1148114099914,9495,1
9496,1148114224830,1148114224862,1148114224908,9496,1
9497,1148114349804,1148114349837,1148114350027,9497,1
9498,1148114475467,1148114475500,1148114475548,9498,1
9499,1148114600102,1148114600135,1148114600184,9499,1
9500,1148114768390,1148114768423,1148114768476,9500,1
9501,1148114932258,1148114932291,1148114932524,9501,1
9502,1148114973738,1148114973771,1148114973825,9502,1
9503,1148115098215,1148115098247,1148115098362,9503,1
9504,1148115223253,1148115223287,1148115223335,9504,1
9505,1148115348222,1148115348254,1148115348372,9505,1
9506,1148115473221,1148115473253,1148115473306,9506,1
9507,1148115598159,1148115598190,1148115598293,9507,1
9508,1148115722293,1148115722326,1148115722379,9508,1
9509,1148115871054,1148115871087,1148115871244,9509,1
9510,1148115967765,1148115967798,1148115967847,9510,1
9511,1148116104792,1148116104824,1148116104932,9511,1
9512,1148116223492,1148116223524,1148116223567,9512,1
9513,1148116348139,1148116348172,1148116348271,9513,1
9514,1148116473228,1148116473260,1148116473306,9514,1
9515,1148116598110,1148116598142,1148116598253,9515,1
9516,1148116723194,1148116723226,1148116723271,9516,1
9517,1148116847238,1148116847271,1148116847388,9517,1
9518,1148116981971,1148116982004,1148116982095,9518,1
9519,1148117099541,1148117099573,1148117099689,9519,1
9520,1148117222622,1148117222655,1148117222707,9520,1
9521,1148117349370,1148117349471,1148117349662,9521,1
9522,1148117473208,1148117473241,1148117473294,9522,1
9523,1148117598203,1148117598235,1148117598398,9523,1
9524,1148117723212,1148117723244,1148117723288,9524,1
9525,1148117854791,1148117854823,1148117854950,9525,1
9526,1148117973408,1148117973441,1148117973493,9526,1
9527,1148118097435,1148118097467,1148118097596,9527,1
9528,1148118299540,1148118299573,1148118299692,9528,1
9529,1148118348246,1148118348278,1148118348389,9529,1
9530,1148118473347,1148118473380,1148118473427,9530,1
9531,1148118598342,1148118598375,1148118598442,9531,1
9532,1148118723170,1148118723202,1148118723250,9532,1
9533,1148118847422,1148118847455,1148118847519,9533,1
9534,1148119052390,1148119052422,1148119052694,9534,1
9535,1148119098747,1148119098779,1148119098884,9535,1
9536,1148119223246,1148119223279,1148119223328,9536,1
9537,1148119349670,1148119349703,1148119349814,9537,1
9538,1148119518170,1148119518204,1148119518297,9538,1
9539,1148119598447,1148119598479,1148119598588,9539,1
9540,1148119722205,1148119722237,1148119722281,9540,1
9541,1148119888534,1148119888566,1148119888732,9541,1
9542,1148119967788,1148119967821,1148119967867,9542,1
9543,1148120105079,1148120105111,1148120105226,9543,1
9544,1148120223504,1148120223536,1148120223579,9544,1
9545,1148120348342,1148120348374,1148120348482,9545,1
9546,1148120473302,1148120473334,1148120473381,9546,1
9547,1148120598320,1148120598352,1148120598465,9547,1
9548,1148120785390,1148120785422,1148120785475,9548,1
9549,1148120848277,1148120848309,1148120848415,9549,1
9550,1148120973210,1148120973242,1148120973293,9550,1
9551,1148121098478,1148121098510,1148121098614,9551,1
9552,1148121222455,1148121222487,1148121222538,9552,1
9553,1148121350565,1148121350597,1148121350700,9553,1
9554,1148121473591,1148121473696,1148121473814,9554,1
9555,1148121599023,1148121599056,1148121599163,9555,1
9556,1148121723244,1148121723277,1148121723324,9556,1
9557,1148121848299,1148121848331,1148121848448,9557,1
9558,1148121973410,1148121973443,1148121973490,9558,1
9559,1148122097422,1148122097455,1148122097573,9559,1
9560,1148122240269,1148122240301,1148122240392,9560,1
9561,1148122350125,1148122350158,1148122350279,9561,1
9562,1148122475709,1148122475742,1148122475795,9562,1
9563,1148122599988,1148122600020,1148122600149,9563,1
9564,1148122724939,1148122724972,1148122725023,9564,1
9565,1148122849936,1148122849968,1148122850080,9565,1
9566,1148122974999,1148122975031,1148122975085,9566,1
9567,1148123100029,1148123100062,1148123100177,9567,1
9568,1148123225684,1148123225717,1148123225894,9568,1
9569,1148123350384,1148123350418,1148123350526,9569,1
9570,1148123474994,1148123475027,1148123475080,9570,1
9571,1148123599910,1148123599942,1148123599996,9571,1
9572,1148123724990,1148123725022,1148123725087,9572,1
9573,1148123849948,1148123849982,1148123850034,9573,1
9574,1148123967334,1148123967368,1148123967415,9574,1
9575,1148124105109,1148124105142,1148124105193,9575,1
9576,1148124223511,1148124223543,1148124223593,9576,1
9577,1148124348271,1148124348304,1148124348354,9577,1
9578,1148124473225,1148124473258,1148124473307,9578,1
9579,1148124598147,1148124598179,1148124598227,9579,1
9580,1148124723183,1148124723215,1148124723263,9580,1
9581,1148124863855,1148124863887,1148124863940,9581,1
9582,1148124973371,1148124973404,1148124973452,9582,1
9583,1148125098152,1148125098184,1148125098233,9583,1
9584,1148125222284,1148125222317,1148125222364,9584,1
9585,1148125351220,1148125351252,1148125351309,9585,1
9586,1148125477656,1148125477692,1148125477745,9586,1
9587,1148125601522,1148125601627,1148125601742,9587,1
9588,1148125725092,1148125725124,1148125725173,9588,1
9589,1148125849890,1148125849928,1148125850272,9589,1
9590,1148125974949,1148125974985,1148125975033,9590,1
9591,1148126099907,1148126099939,1148126100115,9591,1
9592,1148126224898,1148126224930,1148126224978,9592,1
9593,1148126349995,1148126350029,1148126350214,9593,1
9594,1148126474952,1148126474984,1148126475030,9594,1
9595,1148126599907,1148126599940,1148126600144,9595,1
9596,1148126724844,1148126724876,1148126724919,9596,1
9597,1148126849962,1148126849995,1148126850167,9597,1
9598,1148126975005,1148126975038,1148126975085,9598,1
9599,1148127100121,1148127100155,1148127100321,9599,1
9600,1148127224918,1148127224951,1148127225000,9600,1
9601,1148127350108,1148127350141,1148127350308,9601,1
9602,1148127475045,1148127475078,1148127475192,9602,1
9603,1148127599856,1148127599889,1148127599999,9603,1
9604,1148127724905,1148127724938,1148127724987,9604,1
9605,1148127869697,1148127869729,1148127869840,9605,1
9606,1148127967358,1148127967390,1148127967440,9606,1
9607,1148128104873,1148128104905,1148128105019,9607,1
9608,1148128223177,1148128223211,1148128223257,9608,1
9609,1148128348222,1148128348255,1148128348307,9609,1
9610,1148128473318,1148128473351,1148128473393,9610,1
9611,1148128598194,1148128598226,1148128598273,9611,1
9612,1148128723130,1148128723162,1148128723205,9612,1
9613,1148128848207,1148128848240,1148128848281,9613,1
9614,1148128973281,1148128973314,1148128973356,9614,1
9615,1148129098340,1148129098372,1148129098415,9615,1
9616,1148129222450,1148129222482,1148129222535,9616,1
9617,1148129408752,1148129408785,1148129408838,9617,1
9618,1148129475134,1148129475166,1148129475219,9618,1
9619,1148129599792,1148129599825,1148129599874,9619,1
9620,1148129725035,1148129725067,1148129725118,9620,1
9621,1148129850398,1148129850499,1148129850614,9621,1
9622,1148129974952,1148129974985,1148129975028,9622,1
9623,1148130099920,1148130099952,1148130100001,9623,1
9624,1148130225057,1148130225090,1148130225141,9624,1
9625,1148130349938,1148130349971,1148130350025,9625,1
9626,1148130475056,1148130475089,1148130475138,9626,1
9627,1148130600195,1148130600229,1148130600279,9627,1
9628,1148130724870,1148130724902,1148130724950,9628,1
9629,1148130849882,1148130849916,1148130849968,9629,1
9630,1148130974888,1148130974920,1148130974971,9630,1
9631,1148131103333,1148131103376,1148131103438,9631,1
9632,1148131241519,1148131241553,1148131241661,9632,1
9633,1148131350186,1148131350218,1148131350272,9633,1
9634,1148131475193,1148131475226,1148131475275,9634,1
9635,1148131600096,1148131600128,1148131600299,9635,1
9636,1148131734930,1148131734962,1148131735082,9636,1
9637,1148131849992,1148131850028,1148131850150,9637,1
9638,1148131967489,1148131967522,1148131967565,9638,1
9639,1148132105445,1148132105477,1148132105561,9639,1
9640,1148132223243,1148132223277,1148132223333,9640,1
9641,1148132348409,1148132348442,1148132348495,9641,1
9642,1148132473226,1148132473258,1148132473305,9642,1
9643,1148132599018,1148132599052,1148132599102,9643,1
9644,1148132722877,1148132722909,1148132722961,9644,1
9645,1148132847671,1148132847703,1148132847756,9645,1
9646,1148132972741,1148132972773,1148132972818,9646,1
9647,1148133098156,1148133098189,1148133098240,9647,1
9648,1148133222361,1148133222393,1148133222443,9648,1
9649,1148133351364,1148133351396,1148133351450,9649,1
9650,1148133649109,1148133649148,1148133649255,9650,1
9651,1148133649307,1148133649353,1148133649398,9651,1
9652,1148133730090,1148133730122,1148133730171,9652,1
9653,1148133855601,1148133855634,1148133855687,9653,1
9654,1148133980514,1148133980547,1148133980667,9654,1
9655,1148134106051,1148134106083,1148134106153,9655,1
9656,1148134230003,1148134230036,1148134230085,9656,1
9657,1148134350424,1148134350457,1148134350722,9657,1
9658,1148134475011,1148134475044,1148134475090,9658,1
9659,1148134599952,1148134599984,1148134600037,9659,1
9660,1148134725080,1148134725112,1148134725160,9660,1
9661,1148134850053,1148134850087,1148134850134,9661,1
9662,1148134974918,1148134974951,1148134974995,9662,1
9663,1148135099948,1148135099980,1148135100033,9663,1
9664,1148135225069,1148135225101,1148135225145,9664,1
9665,1148135350292,1148135350324,1148135350372,9665,1
9666,1148135475000,1148135475033,1148135475079,9666,1
9667,1148135599897,1148135599929,1148135599983,9667,1
9668,1148135724927,1148135724959,1148135725008,9668,1
9669,1148135850210,1148135850242,1148135850413,9669,1
9670,1148135967429,1148135967462,1148135967573,9670,1
9671,1148136155537,1148136155573,1148136155673,9671,1
9672,1148136223963,1148136223996,1148136224049,9672,1
9673,1148136784607,1148136784711,1148136784962,9673,1
9674,1148136785025,1148136785070,1148136785113,9674,1
9675,1148136785190,1148136785223,1148136785321,9675,1
9676,1148136785354,1148136785387,1148136785428,9676,1
9677,1148136908391,1148136908423,1148136908585,9677,1
9678,1148136983454,1148136983487,1148136983536,9678,1
9679,1148137103059,1148137103092,1148137103214,9679,1
9680,1148137227722,1148137227755,1148137227809,9680,1
9681,1148137479351,1148137479386,1148137479546,9681,1
9682,1148137479613,1148137479647,1148137479688,9682,1
9683,1148137602589,1148137602621,1148137602742,9683,1
9684,1148137726654,1148137726686,1148137726734,9684,1
9685,1148137851252,1148137851284,1148137851397,9685,1
9686,1148137975750,1148137975782,1148137975828,9686,1
9687,1148138100609,1148138100641,1148138100805,9687,1
9688,1148138224814,1148138224847,1148138224901,9688,1
9689,1148138349826,1148138349859,1148138349962,9689,1
9690,1148138473878,1148138473909,1148138473962,9690,1
9691,1148138598631,1148138598663,1148138598770,9691,1
9692,1148138723675,1148138723707,1148138723754,9692,1
9693,1148138848549,1148138848580,1148138848629,9693,1
9694,1148138973758,1148138973790,1148138973842,9694,1
9695,1148139098427,1148139098459,1148139098506,9695,1
9696,1148139223207,1148139223240,1148139223289,9696,1
9697,1148139348153,1148139348185,1148139348233,9697,1
9698,1148139528957,1148139528991,1148139529039,9698,1
9699,1148139598583,1148139598616,1148139598663,9699,1
9700,1148139723261,1148139723293,1148139723343,9700,1
9701,1148139847950,1148139847982,1148139848158,9701,1
9702,1148140054127,1148140054171,1148140054335,9702,1
9703,1148140131265,1148140131903,1148140132009,9703,1
9704,1148140224094,1148140224126,1148140224172,9704,1
9705,1148140348589,1148140348622,1148140348737,9705,1
9706,1148140473139,1148140473172,1148140473220,9706,1
9707,1148140598211,1148140598243,1148140598349,9707,1
9708,1148140723239,1148140723272,1148140723319,9708,1
9709,1148140848037,1148140848069,1148140848175,9709,1
9710,1148140973203,1148140973235,1148140973282,9710,1
9711,1148141098299,1148141098332,1148141098454,9711,1
9712,1148141222473,1148141222506,1148141222558,9712,1
9713,1148141349276,1148141349309,1148141349429,9713,1
9714,1148141473222,1148141473254,1148141473303,9714,1
9715,1148141598298,1148141598330,1148141598452,9715,1
9716,1148141723207,1148141723239,1148141723286,9716,1
9717,1148141848101,1148141848134,1148141848332,9717,1
9718,1148141973347,1148141973379,1148141973430,9718,1
9719,1148142098313,1148142098347,1148142098394,9719,1
9720,1148142223652,1148142223685,1148142223732,9720,1
9721,1148142442552,1148142442587,1148142442703,9721,1
9722,1148142473152,1148142473185,1148142473236,9722,1
9723,1148142598318,1148142598351,1148142598404,9723,1
9724,1148142723052,1148142723085,1148142723141,9724,1
9725,1148142848265,1148142848297,1148142848344,9725,1
9726,1148142973057,1148142973090,1148142973143,9726,1
9727,1148143098378,1148143098410,1148143098464,9727,1
9728,1148143223193,1148143223225,1148143223278,9728,1
9729,1148143347301,1148143347338,1148143347391,9729,1
9730,1148143601269,1148143601305,1148143601421,9730,1
9731,1148143609117,1148143609149,1148143609334,9731,1
9732,1148143730261,1148143730293,1148143730347,9732,1
9733,1148143871920,1148143871953,1148143872047,9733,1
9734,1148143972726,1148143972759,1148143972927,9734,1
9735,1148144098756,1148144098788,1148144098955,9735,1
9736,1148144258190,1148144258223,1148144258320,9736,1
9737,1148144348193,1148144348227,1148144348349,9737,1
9738,1148144478580,1148144478613,1148144478663,9738,1
9739,1148144598334,1148144598367,1148144598470,9739,1
9740,1148144723189,1148144723221,1148144723273,9740,1
9741,1148144848201,1148144848233,1148144848350,9741,1
9742,1148144973108,1148144973141,1148144973187,9742,1
9743,1148145098125,1148145098157,1148145098268,9743,1
9744,1148145222462,1148145222495,1148145222547,9744,1
9745,1148145349260,1148145349291,1148145349553,9745,1
9746,1148145473282,1148145473319,1148145473364,9746,1
9747,1148145597318,1148145597350,1148145597555,9747,1
9748,1148145734779,1148145734812,1148145734906,9748,1
9749,1148145850289,1148145850321,1148145850497,9749,1
9750,1148145974963,1148145974996,1148145975039,9750,1
9751,1148146099965,1148146099997,1148146100169,9751,1
9752,1148146225160,1148146225192,1148146225239,9752,1
9753,1148146349960,1148146349992,1148146350200,9753,1
9754,1148146475380,1148146475414,1148146475530,9754,1
9755,1148146600043,1148146600075,1148146600267,9755,1
9756,1148146725103,1148146725136,1148146725183,9756,1
9757,1148146849962,1148146849995,1148146850173,9757,1
9758,1148146974878,1148146974911,1148146974957,9758,1
9759,1148147100105,1148147100139,1148147100317,9759,1
9760,1148147224902,1148147224935,1148147224982,9760,1
9761,1148147350070,1148147350103,1148147350149,9761,1
9762,1148147526058,1148147526095,1148147526148,9762,1
9763,1148147600916,1148147600948,1148147600998,9763,1
9764,1148147725053,1148147725085,1148147725138,9764,1
9765,1148147849877,1148147849910,1148147849963,9765,1
9766,1148147967225,1148147967259,1148147967312,9766,1
9767,1148148105566,1148148105599,1148148105780,9767,1
9768,1148148263597,1148148263630,1148148263783,9768,1
9769,1148148348640,1148148348674,1148148348782,9769,1
9770,1148148473307,1148148473340,1148148473387,9770,1
9771,1148148598210,1148148598244,1148148598345,9771,1
9772,1148148770704,1148148770736,1148148770789,9772,1
9773,1148148848293,1148148848326,1148148848449,9773,1
9774,1148148973185,1148148973219,1148148973269,9774,1
9775,1148149097242,1148149097274,1148149097404,9775,1
9776,1148149235515,1148149235547,1148149235642,9776,1
9777,1148149349263,1148149349296,1148149349413,9777,1
9778,1148149473532,1148149473564,1148149473617,9778,1
9779,1148149598325,1148149598358,1148149598479,9779,1
9780,1148149723146,1148149723178,1148149723221,9780,1
9781,1148149848170,1148149848202,1148149848327,9781,1
9782,1148149973320,1148149973353,1148149973401,9782,1
9783,1148150098263,1148150098295,1148150098418,9783,1
9784,1148150225328,1148150225361,1148150225413,9784,1
9785,1148150347362,1148150347395,1148150347448,9785,1
9786,1148150480551,1148150480584,1148150480674,9786,1
9787,1148150598914,1148150598946,1148150599061,9787,1
9788,1148150723212,1148150723245,1148150723294,9788,1
9789,1148150848240,1148150848272,1148150848334,9789,1
9790,1148150973148,1148150973181,1148150973227,9790,1
9791,1148151098108,1148151098141,1148151098191,9791,1
9792,1148151223217,1148151223250,1148151223296,9792,1
9793,1148151348242,1148151348275,1148151348377,9793,1
9794,1148151473296,1148151473328,1148151473375,9794,1
9795,1148151597348,1148151597381,1148151597534,9795,1
9796,1148152182712,1148152182816,1148152182971,9796,1
9797,1148152183037,1148152183082,1148152183264,9797,1
9798,1148152183299,1148152183332,1148152183373,9798,1
9799,1148152183405,1148152183437,1148152183548,9799,1
9800,1148152227761,1148152227795,1148152227842,9800,1
9801,1148152354824,1148152354857,1148152355083,9801,1
9802,1148152478201,1148152478233,1148152478348,9802,1
9803,1148152605490,1148152605522,1148152605635,9803,1
9804,1148152736882,1148152736914,1148152736968,9804,1
9805,1148152858536,1148152858568,1148152858817,9805,1
9806,1148152976545,1148152976578,1148152976626,9806,1
9807,1148153101032,1148153101065,1148153101180,9807,1
9808,1148153224700,1148153224732,1148153224784,9808,1
9809,1148153350560,1148153350596,1148153350705,9809,1
9810,1148153511437,1148153511469,1148153511559,9810,1
9811,1148153600344,1148153600377,1148153600488,9811,1
9812,1148153724659,1148153724692,1148153724744,9812,1
9813,1148153849758,1148153849791,1148153849911,9813,1
9814,1148153974287,1148153974320,1148153974366,9814,1
9815,1148154099301,1148154099334,1148154099451,9815,1
9816,1148154223826,1148154223859,1148154223910,9816,1
9817,1148154348873,1148154348905,1148154349030,9817,1
9818,1148154473688,1148154473721,1148154473772,9818,1
9819,1148154598742,1148154598775,1148154598898,9819,1
9820,1148155033655,1148155033691,1148155033846,9820,1
9821,1148155042229,1148155042262,1148155042369,9821,1
9822,1148155042411,1148155042444,1148155042488,9822,1
9823,1148155099863,1148155099896,1148155100065,9823,1
9824,1148155223454,1148155223486,1148155223536,9824,1
9825,1148155348103,1148155348134,1148155348334,9825,1
9826,1148155509232,1148155509266,1148155509368,9826,1
9827,1148155598405,1148155598437,1148155598486,9827,1
9828,1148155722915,1148155722947,1148155722996,9828,1
9829,1148155983368,1148155983401,1148155983524,9829,1
9830,1148155983584,1148155983627,1148155983668,9830,1
9831,1148156105087,1148156105119,1148156105312,9831,1
9832,1148156222765,1148156222797,1148156222843,9832,1
9833,1148156349273,1148156349376,1148156349542,9833,1
9834,1148156472921,1148156472953,1148156473146,9834,1
9835,1148156598004,1148156598036,1148156598216,9835,1
9836,1148156942895,1148156942926,1148156943041,9836,1
9837,1148156943104,1148156943135,1148156943236,9837,1
9838,1148156977547,1148156977578,1148156977626,9838,1
9839,1148157102852,1148157102883,1148157102997,9839,1
9840,1148157227961,1148157227994,1148157228047,9840,1
9841,1148157356419,1148157356453,1148157356615,9841,1
9842,1148157476596,1148157476628,1148157476674,9842,1
9843,1148157600144,1148157600176,1148157600291,9843,1
9844,1148157795394,1148157795426,1148157795513,9844,1
9845,1148157850713,1148157850744,1148157851160,9845,1
9846,1148157975583,1148157975614,1148157975659,9846,1
9847,1148158099767,1148158099799,1148158099954,9847,1
9848,1148158224556,1148158224587,1148158224632,9848,1
9849,1148158348996,1148158349027,1148158349196,9849,1
9850,1148158506309,1148158506345,1148158506400,9850,1
9851,1148158599711,1148158599743,1148158599937,9851,1
9852,1148158723701,1148158723733,1148158723779,9852,1
9853,1148158848631,1148158848662,1148158848824,9853,1
9854,1148158973848,1148158973880,1148158973999,9854,1
9855,1148159098590,1148159098622,1148159098793,9855,1
9856,1148159223465,1148159223497,1148159223539,9856,1
9857,1148159348186,1148159348217,1148159348393,9857,1
9858,1148159512764,1148159512797,1148159512886,9858,1
9859,1148159600428,1148159600460,1148159600644,9859,1
9860,1148159724866,1148159724898,1148159724944,9860,1
9861,1148159849603,1148159849635,1148159849832,9861,1
9862,1148159967436,1148159967467,1148159967518,9862,1
9863,1148160104645,1148160104753,1148160104938,9863,1
9864,1148160223207,1148160223238,1148160223285,9864,1
9865,1148160347988,1148160348019,1148160348189,9865,1
9866,1148160472831,1148160472862,1148160472909,9866,1
9867,1148160597700,1148160597732,1148160597902,9867,1
9868,1148160777962,1148160777996,1148160778161,9868,1
9869,1148160848367,1148160848402,1148160848518,9869,1
9870,1148160972286,1148160972317,1148160972368,9870,1
9871,1148161420826,1148161420869,1148161421068,9871,1
9872,1148161421130,1148161421161,1148161421202,9872,1
9873,1148161421237,1148161421268,1148161421378,9873,1
9874,1148161479928,1148161479959,1148161480008,9874,1
9875,1148161603956,1148161603989,1148161604109,9875,1
9876,1148161728344,1148161728375,1148161728427,9876,1
9877,1148161853449,1148161853482,1148161853601,9877,1
9878,1148161977654,1148161977687,1148161977735,9878,1
9879,1148162098518,1148162098552,1148162098659,9879,1
9880,1148162279973,1148162280005,1148162280053,9880,1
9881,1148162389049,1148162389082,1148162389257,9881,1
9882,1148162484419,1148162484461,1148162484516,9882,1
9883,1148162599723,1148162599756,1148162599869,9883,1
9884,1148162723292,1148162723327,1148162723387,9884,1
9885,1148162848183,1148162848214,1148162848329,9885,1
9886,1148162973213,1148162973246,1148162973297,9886,1
9887,1148163098917,1148163098949,1148163099228,9887,1
9888,1148163223300,1148163223333,1148163223386,9888,1
9889,1148163368315,1148163368347,1148163368569,9889,1
9890,1148163517807,1148163517839,1148163517957,9890,1
9891,1148163598592,1148163598624,1148163598801,9891,1
9892,1148163723339,1148163723372,1148163723419,9892,1
9893,1148163847496,1148163847527,1148163847689,9893,1
9894,1148163976004,1148163976037,1148163976128,9894,1
9895,1148164105060,1148164105165,1148164105211,9895,1
9896,1148164223425,1148164223457,1148164223504,9896,1
9897,1148164348375,1148164348407,1148164348459,9897,1
9898,1148164670578,1148164670614,1148164670665,9898,1
9899,1148164670719,1148164670752,1148164670929,9899,1
9900,1148164805599,1148164805631,1148164805804,9900,1
9901,1148164852446,1148164852481,1148164852598,9901,1
9902,1148164976762,1148164976797,1148164976919,9902,1
9903,1148165109384,1148165109417,1148165109648,9903,1
9904,1148165343426,1148165343461,1148165343514,9904,1
9905,1148165343551,1148165343686,1148165343800,9905,1
9906,1148165476655,1148165476687,1148165476731,9906,1
9907,1148165600846,1148165600879,1148165600994,9907,1
9908,1148165725573,1148165725605,1148165725651,9908,1
9909,1148165850259,1148165850294,1148165850415,9909,1
9910,1148165974130,1148165974167,1148165974219,9910,1
9911,1148166113279,1148166113312,1148166113477,9911,1
9912,1148166249865,1148166249901,1148166249954,9912,1
9913,1148166349978,1148166350011,1148166350130,9913,1
9914,1148166474486,1148166474519,1148166474571,9914,1
9915,1148166599262,1148166599296,1148166599411,9915,1
9916,1148166724421,1148166724454,1148166724505,9916,1
9917,1148166849026,1148166849058,1148166849165,9917,1
9918,1148166973941,1148166973973,1148166974025,9918,1
9919,1148167098918,1148167098951,1148167099057,9919,1
9920,1148167224035,1148167224068,1148167224117,9920,1
9921,1148167349252,1148167349286,1148167349498,9921,1
9922,1148167473536,1148167473573,1148167473622,9922,1
9923,1148167720272,1148167720316,1148167720443,9923,1
9924,1148167720509,1148167720650,1148167720692,9924,1
9925,1148167975318,1148167975350,1148167975420,9925,1
9926,1148167975454,1148167975487,1148167975528,9926,1
9927,1148168112719,1148168112824,1148168112946,9927,1
9928,1148168229070,1148168229102,1148168229153,9928,1
9929,1148168355796,1148168355829,1148168355948,9929,1
9930,1148168477533,1148168477565,1148168477619,9930,1
9931,1148168623248,1148168623280,1148168623439,9931,1
9932,1148168756852,1148168756884,1148168756980,9932,1
9933,1148168849018,1148168849050,1148168849167,9933,1
9934,1148168973646,1148168973678,1148168973852,9934,1
9935,1148169107926,1148169107959,1148169108173,9935,1
9936,1148169260540,1148169260576,1148169260627,9936,1
9937,1148169350815,1148169350848,1148169350959,9937,1
9938,1148169473375,1148169473409,1148169473458,9938,1
9939,1148169598320,1148169598352,1148169598463,9939,1
9940,1148169723233,1148169723268,1148169723320,9940,1
9941,1148169847467,1148169847500,1148169847619,9941,1
9942,1148169990961,1148169990993,1148169991087,9942,1
9943,1148170159725,1148170159757,1148170159876,9943,1
9944,1148170224921,1148170224953,1148170224997,9944,1
9945,1148170349975,1148170350009,1148170350133,9945,1
9946,1148170474903,1148170474935,1148170474982,9946,1
9947,1148170785641,1148170785687,1148170785810,9947,1
9948,1148170785866,1148170785998,1148170786044,9948,1
9949,1148170854389,1148170854421,1148170854531,9949,1
9950,1148171039419,1148171039451,1148171039503,9950,1
9951,1148171104540,1148171104572,1148171104680,9951,1
9952,1148171344147,1148171344217,1148171344310,9952,1
9953,1148171352953,1148171352987,1148171353101,9953,1
9954,1148171484281,1148171484318,1148171484435,9954,1
9955,1148171603607,1148171603639,1148171603755,9955,1
9956,1148171727982,1148171728014,1148171728068,9956,1
9957,1148171852400,1148171852433,1148171852552,9957,1
9958,1148171969305,1148171969337,1148171969387,9958,1
9959,1148172151946,1148172152049,1148172152177,9959,1
9960,1148172225143,1148172225175,1148172225229,9960,1
9961,1148172349311,1148172349345,1148172349460,9961,1
9962,1148172474707,1148172474739,1148172474790,9962,1
9963,1148172598940,1148172598972,1148172599040,9963,1
9964,1148172723735,1148172723767,1148172723813,9964,1
9965,1148172848919,1148172848951,1148172849113,9965,1
9966,1148172973780,1148172973813,1148172973861,9966,1
9967,1148173098679,1148173098711,1148173098874,9967,1
9968,1148173429962,1148173429994,1148173430171,9968,1
9969,1148173430205,1148173430237,1148173430333,9969,1
9970,1148173474688,1148173474720,1148173474761,9970,1
9971,1148173598177,1148173598208,1148173598319,9971,1
9972,1148173722986,1148173723019,1148173723066,9972,1
9973,1148173847273,1148173847306,1148173847554,9973,1
9974,1148173982047,1148173982082,1148173982173,9974,1
9975,1148174099728,1148174099759,1148174099965,9975,1
9976,1148174224603,1148174224635,1148174224688,9976,1
9977,1148174349487,1148174349519,1148174349571,9977,1
9978,1148174474452,1148174474483,1148174474531,9978,1
9979,1148174599606,1148174599638,1148174599689,9979,1
9980,1148174725258,1148174725289,1148174725336,9980,1
9981,1148174849383,1148174849414,1148174849466,9981,1
9982,1148174974362,1148174974393,1148174974441,9982,1
9983,1148175099495,1148175099526,1148175099578,9983,1
9984,1148175224535,1148175224569,1148175224618,9984,1
9985,1148175349620,1148175349651,1148175349704,9985,1
9986,1148175474606,1148175474641,1148175474693,9986,1
9987,1148175599603,1148175599634,1148175599684,9987,1
9988,1148175725277,1148175725308,1148175725500,9988,1
9989,1148175727140,1148175727167,1148175727293,9989,1
