sequence,source_timestamp_ns,publish_begin_ns,publish_end_ns,head_after,published
1,1144927223838,1144927224181,1144927224544,1,1
2,1144927327495,1144927327526,1144927327580,2,1
3,1144927441032,1144927441064,1144927441133,3,1
4,1144927578268,1144927578304,1144927578355,4,1
5,1144927690873,1144927690906,1144927691055,5,1
6,1144927870697,1144927870729,1144927870841,6,1
7,1144927926013,1144927926047,1144927926128,7,1
8,1144928065452,1144928065562,1144928065611,8,1
9,1144928181412,1144928181445,1144928181518,9,1
10,1144928316421,1144928316454,1144928316508,10,1
11,1144928430348,1144928430381,1144928430456,11,1
12,1144928554867,1144928554899,1144928554949,12,1
13,1144928679652,1144928679685,1144928679764,13,1
14,1144928804453,1144928804485,1144928804530,14,1
15,1144928929358,1144928929391,1144928929436,15,1
16,1144929054315,1144929054348,1144929054393,16,1
17,1144929179127,1144929179160,1144929179212,17,1
18,1144929325274,1144929325310,1144929325359,18,1
19,1144929431432,1144929431465,1144929431508,19,1
20,1144929555913,1144929555947,1144929556048,20,1
21,1144929680649,1144929680681,1144929680724,21,1
22,1144929805575,1144929805607,1144929805652,22,1
23,1144929930554,1144929930587,1144929930631,23,1
24,1144930055380,1144930055413,1144930055456,24,1
25,1144930180557,1144930180590,1144930180635,25,1
26,1144930305213,1144930305246,1144930305289,26,1
27,1144930430696,1144930430730,1144930430775,27,1
28,1144930555696,1144930555728,1144930555773,28,1
29,1144930680284,1144930680316,1144930680360,29,1
30,1144930805317,1144930805349,1144930805394,30,1
31,1144930943473,1144930943505,1144930943562,31,1
32,1144931077417,1144931077450,1144931077498,32,1
33,1144931189120,1144931189153,1144931189207,33,1
34,1144931327644,1144931327677,1144931327724,34,1
35,1144931438759,1144931438793,1144931438959,35,1
36,1144931590634,1144931590667,1144931590713,36,1
37,1144931685660,1144931685693,1144931685745,37,1
38,1144931822394,1144931822426,1144931822473,38,1
39,1144931929106,1144931929139,1144931929188,39,1
40,1144932112874,1144932112986,1144932113046,40,1
41,1144932197127,1144932197159,1144932197207,41,1
42,1144932332073,1144932332105,1144932332153,42,1
43,1144933800954,1144933801105,1144933801401,43,1
44,1144933817729,1144933817772,1144933817824,44,1
45,1144933819261,1144933819299,1144933819371,45,1
46,1144933820571,1144933820611,1144933820655,46,1
47,1144933821586,1144933821626,1144933821701,47,1
48,1144933822591,1144933822631,1144933822682,48,1
49,1144933823522,1144933823555,1144933823633,49,1
50,1144933824403,1144933824443,1144933824496,50,1
51,1144933825460,1144933825496,1144933825623,51,1
52,1144933826290,1144933826327,1144933826373,52,1
53,1144933827216,1144933827256,1144933827333,53,1
54,1144933828020,1144933828057,1144933828104,54,1
55,1144933940006,1144933940039,1144933940093,55,1
56,1144934060994,1144934061026,1144934061080,56,1
57,1144934187760,1144934187792,1144934187840,57,1
58,1144934311882,1144934311914,1144934311965,58,1
59,1144934434304,1144934434340,1144934434409,59,1
60,1144934555398,1144934555434,1144934555483,60,1
61,1144934680432,1144934680468,1144934680528,61,1
62,1144934805139,1144934805175,1144934805217,62,1
63,1144934929908,1144934929945,1144934929989,63,1
64,1144935054699,1144935054735,1144935054787,64,1
65,1144935180280,1144935180316,1144935180366,65,1
66,1144935305238,1144935305274,1144935305317,66,1
67,1144935430278,1144935430311,1144935430360,67,1
68,1144935555113,1144935555145,1144935555188,68,1
69,1144935680386,1144935680419,1144935680598,69,1
70,1144935805381,1144935805413,1144935805456,70,1
71,1144935922583,1144935922617,1144935922660,71,1
72,1144936060341,1144936060453,1144936060508,72,1
73,1144936179013,1144936179045,1144936179088,73,1
74,1144936303457,1144936303491,1144936303534,74,1
75,1144936428439,1144936428471,1144936428515,75,1
76,1144936553488,1144936553520,1144936553563,76,1
77,1144936679003,1144936679035,1144936679081,77,1
78,1144936804034,1144936804068,1144936804112,78,1
79,1144936928599,1144936928632,1144936928738,79,1
80,1144937052637,1144937052670,1144937052715,80,1
81,1144937370831,1144937370864,1144937370969,81,1
82,1144937378858,1144937378890,1144937378941,82,1
83,1144937428997,1144937429030,1144937429143,83,1
84,1144937553388,1144937553420,1144937553464,84,1
85,1144937678565,1144937678597,1144937678716,85,1
86,1144937803734,1144937803767,1144937803812,86,1
87,1144937928892,1144937928927,1144937929094,87,1
88,1144938053603,1144938053639,1144938053680,88,1
89,1144938178735,1144938178770,1144938178886,89,1
90,1144938303650,1144938303686,1144938303733,90,1
91,1144938429447,1144938429483,1144938429600,91,1
92,1144938553658,1144938553695,1144938553737,92,1
93,1144938678580,1144938678616,1144938678715,93,1
94,1144938803842,1144938803877,1144938803925,94,1
95,1144938928630,1144938928667,1144938928765,95,1
96,1144939053466,1144939053501,1144939053547,96,1
97,1144939178355,1144939178390,1144939178495,97,1
98,1144939303508,1144939303544,1144939303588,98,1
99,1144939428589,1144939428624,1144939428728,99,1
100,1144939553418,1144939553453,1144939553501,100,1
101,1144939678503,1144939678540,1144939678709,101,1
102,1144939803785,1144939803821,1144939803865,102,1
103,1144939921800,1144939921832,1144939921944,103,1
104,1144940128782,1144940128894,1144940128990,104,1
105,1144940179541,1144940179577,1144940179697,105,1
106,1144940303468,1144940303504,1144940303555,106,1
107,1144940428481,1144940428517,1144940428624,107,1
108,1144940553426,1144940553462,1144940553505,108,1
109,1144940678615,1144940678651,1144940678754,109,1
110,1144940803675,1144940803712,1144940803755,110,1
111,1144940929723,1144940929757,1144940929855,111,1
112,1144941053593,1144941053630,1144941053676,112,1
113,1144941178472,1144941178507,1144941178609,113,1
114,1144941317697,1144941317732,1144941317778,114,1
115,1144941430079,1144941430110,1144941430207,115,1
116,1144941555624,1144941555658,1144941555701,116,1
117,1144941680368,1144941680399,1144941680579,117,1
118,1144941805342,1144941805376,1144941805421,118,1
119,1144941930644,1144941930678,1144941930744,119,1
120,1144942055652,1144942055683,1144942055785,120,1
121,1144942180651,1144942180683,1144942180748,121,1
122,1144942305495,1144942305527,1144942305572,122,1
123,1144942430573,1144942430606,1144942430667,123,1
124,1144942555493,1144942555526,1144942555572,124,1
125,1144942680350,1144942680382,1144942680451,125,1
126,1144942805556,1144942805589,1144942805635,126,1
127,1144942930354,1144942930386,1144942930434,127,1
128,1144943055860,1144943055891,1144943055937,128,1
129,1144943180796,1144943180828,1144943180875,129,1
130,1144943305569,1144943305601,1144943305647,130,1
131,1144943431484,1144943431516,1144943431560,131,1
132,1144943555018,1144943555050,1144943555095,132,1
133,1144943679736,1144943679767,1144943679811,133,1
134,1144943804784,1144943804816,1144943804861,134,1
135,1144943922164,1144943922195,1144943922356,135,1
136,1144944064136,1144944064169,1144944064223,136,1
137,1144944178242,1144944178274,1144944178379,137,1
138,1144944303846,1144944303878,1144944303932,138,1
139,1144944428667,1144944428699,1144944428806,139,1
140,1144944553618,1144944553650,1144944553695,140,1
141,1144944678439,1144944678471,1144944678556,141,1
142,1144944803390,1144944803422,1144944803473,142,1
143,1144944928383,1144944928416,1144944928496,143,1
144,1144945053466,1144945053498,1144945053545,144,1
145,1144945178579,1144945178611,1144945178661,145,1
146,1144945320413,1144945320448,1144945320562,146,1
147,1144945427994,1144945428026,1144945428078,147,1
148,1144945571118,1144945571153,1144945571251,148,1
149,1144945680429,1144945680461,1144945680510,149,1
150,1144945805365,1144945805398,1144945805444,150,1
151,1144945930399,1144945930431,1144945930482,151,1
152,1144946055234,1144946055267,1144946055315,152,1
153,1144946180652,1144946180684,1144946180735,153,1
154,1144946305415,1144946305447,1144946305551,154,1
155,1144946430488,1144946430521,1144946430567,155,1
156,1144946555298,1144946555330,1144946555379,156,1
157,1144946680266,1144946680299,1144946680352,157,1
158,1144946805275,1144946805308,1144946805354,158,1
159,1144946930343,1144946930376,1144946930426,159,1
160,1144947055304,1144947055336,1144947055386,160,1
161,1144947180967,1144947181000,1144947181052,161,1
162,1144947305265,1144947305298,1144947305348,162,1
163,1144947430339,1144947430372,1144947430421,163,1
164,1144947555144,1144947555177,1144947555228,164,1
165,1144947680153,1144947680187,1144947680232,165,1
166,1144947805338,1144947805371,1144947805422,166,1
167,1144947922662,1144947922696,1144947922760,167,1
168,1144948085134,1144948085166,1144948085331,168,1
169,1144948178680,1144948178711,1144948178815,169,1
170,1144948314446,1144948314480,1144948314573,170,1
171,1144948428701,1144948428734,1144948428858,171,1
172,1144948553532,1144948553566,1144948553620,172,1
173,1144948678618,1144948678650,1144948678773,173,1
174,1144948803779,1144948803813,1144948803864,174,1
175,1144948928451,1144948928482,1144948928608,175,1
176,1144949053549,1144949053582,1144949053638,176,1
177,1144949230734,1144949230770,1144949230943,177,1
178,1144949325123,1144949325159,1144949325212,178,1
179,1144949428776,1144949428808,1144949428929,179,1
180,1144949553455,1144949553487,1144949553537,180,1
181,1144949678392,1144949678425,1144949678538,181,1
182,1144949803488,1144949803520,1144949803571,182,1
183,1144949928490,1144949928522,1144949928643,183,1
184,1144950052761,1144950052793,1144950052843,184,1
185,1144950227560,1144950227593,1144950227764,185,1
186,1144950305678,1144950305711,1144950305758,186,1
187,1144950430619,1144950430652,1144950430830,187,1
188,1144950555314,1144950555348,1144950555400,188,1
189,1144950680543,1144950680576,1144950680686,189,1
190,1144950805337,1144950805370,1144950805420,190,1
191,1144950930237,1144950930270,1144950930374,191,1
192,1144951055116,1144951055149,1144951055200,192,1
193,1144951180191,1144951180224,1144951180329,193,1
194,1144951305224,1144951305255,1144951305306,194,1
195,1144951430285,1144951430318,1144951430433,195,1
196,1144951555365,1144951555397,1144951555447,196,1
197,1144951680098,1144951680132,1144951680182,197,1
198,1144951805245,1144951805278,1144951805330,198,1
199,1144951922525,1144951922558,1144951922605,199,1
200,1144952145271,1144952145382,1144952145478,200,1
201,1144952179144,1144952179176,1144952179346,201,1
202,1144952364632,1144952364666,1144952364814,202,1
203,1144952428918,1144952428950,1144952429069,203,1
204,1144952553686,1144952553719,1144952553772,204,1
205,1144952683948,1144952683990,1144952684107,205,1
206,1144952804105,1144952804136,1144952804181,206,1
207,1144952928582,1144952928615,1144952928716,207,1
208,1144953053432,1144953053465,1144953053515,208,1
209,1144953247864,1144953247900,1144953248065,209,1
210,1144953325564,1144953325596,1144953325645,210,1
211,1144953427984,1144953428016,1144953428116,211,1
212,1144953563740,1144953563772,1144953563868,212,1
213,1144953678693,1144953678726,1144953678856,213,1
214,1144953803731,1144953803765,1144953803821,214,1
215,1144953928518,1144953928550,1144953928677,215,1
216,1144954053474,1144954053507,1144954053551,216,1
217,1144954178479,1144954178510,1144954178641,217,1
218,1144954312673,1144954312704,1144954312800,218,1
219,1144954429074,1144954429107,1144954429231,219,1
220,1144954553745,1144954553777,1144954553883,220,1
221,1144954678292,1144954678322,1144954678430,221,1
222,1144954803117,1144954803149,1144954803196,222,1
223,1144954928122,1144954928154,1144954928201,223,1
224,1144955053040,1144955053071,1144955053118,224,1
225,1144955177926,1144955177958,1144955178011,225,1
226,1144955304206,1144955304245,1144955304304,226,1
227,1144955429066,1144955429100,1144955429193,227,1
228,1144955565108,1144955565143,1144955565234,228,1
229,1144955680044,1144955680076,1144955680126,229,1
230,1144955804753,1144955804783,1144955804835,230,1
231,1144955922375,1144955922408,1144955922454,231,1
232,1144956069593,1144956069627,1144956069674,232,1
233,1144956178012,1144956178043,1144956178089,233,1
234,1144956303025,1144956303057,1144956303102,234,1
235,1144956428072,1144956428105,1144956428272,235,1
236,1144956553105,1144956553136,1144956553178,236,1
237,1144956678437,1144956678469,1144956678563,237,1
238,1144956803262,1144956803294,1144956803335,238,1
239,1144956928200,1144956928232,1144956928334,239,1
240,1144957052987,1144957053019,1144957053060,240,1
241,1144957177974,1144957178005,1144957178106,241,1
242,1144957325307,1144957325338,1144957325387,242,1
243,1144957428144,1144957428175,1144957428272,243,1
244,1144957552302,1144957552334,1144957552384,244,1
245,1144957683077,1144957683109,1144957683280,245,1
246,1144957805068,1144957805100,1144957805143,246,1
247,1144957929843,1144957929874,1144957929936,247,1
248,1144958054887,1144958054919,1144958054964,248,1
249,1144958179723,1144958179753,1144958179816,249,1
250,1144958304726,1144958304757,1144958304800,250,1
251,1144958429765,1144958429797,1144958429860,251,1
252,1144958554726,1144958554757,1144958554806,252,1
253,1144958679866,1144958679898,1144958679963,253,1
254,1144958805002,1144958805033,1144958805134,254,1
255,1144958929735,1144958929766,1144958929815,255,1
256,1144959055044,1144959055076,1144959055119,256,1
257,1144959179984,1144959180016,1144959180066,257,1
258,1144959304871,1144959304902,1144959304947,258,1
259,1144959429882,1144959429915,1144959429962,259,1
260,1144959554871,1144959554903,1144959554951,260,1
261,1144959679972,1144959680004,1144959680055,261,1
262,1144959805133,1144959805164,1144959805213,262,1
263,1144959922453,1144959922484,1144959922536,263,1
264,1144960075904,1144960076011,1144960076059,264,1
265,1144960189599,1144960189632,1144960189728,265,1
266,1144960303562,1144960303594,1144960303655,266,1
267,1144960428541,1144960428573,1144960428661,267,1
268,1144960553384,1144960553416,1144960553587,268,1
269,1144960679286,1144960679318,1144960679439,269,1
270,1144960803967,1144960804000,1144960804047,270,1
271,1144960928926,1144960928960,1144960929094,271,1
272,1144961053816,1144961053849,1144961053896,272,1
273,1144961178055,1144961178088,1144961178221,273,1
274,1144961327766,1144961327800,1144961327900,274,1
275,1144961428717,1144961428749,1144961428877,275,1
276,1144961553650,1144961553683,1144961553728,276,1
277,1144961678640,1144961678673,1144961678775,277,1
278,1144961803764,1144961803797,1144961803843,278,1
279,1144961929009,1144961929041,1144961929152,279,1
280,1144962052750,1144962052782,1144962052831,280,1
281,1144962188876,1144962188909,1144962189068,281,1
282,1144962303636,1144962303669,1144962303723,282,1
283,1144962449346,1144962449379,1144962449539,283,1
284,1144962553444,1144962553477,1144962553529,284,1
285,1144962678510,1144962678542,1144962678619,285,1
286,1144962803323,1144962803355,1144962803408,286,1
287,1144962928853,1144962928886,1144962929016,287,1
288,1144963053796,1144963053828,1144963053878,288,1
289,1144963177587,1144963177619,1144963177693,289,1
290,1144963344596,1144963344630,1144963344724,290,1
291,1144963430510,1144963430543,1144963430618,291,1
292,1144963568386,1144963568418,1144963568515,292,1
293,1144963680483,1144963680514,1144963680576,293,1
294,1144963805331,1144963805364,1144963805409,294,1
295,1144963922986,1144963923019,1144963923084,295,1
296,1144964080759,1144964080871,1144964080971,296,1
297,1144964252549,1144964252585,1144964252699,297,1
298,1144964303954,1144964303986,1144964304034,298,1
299,1144964428485,1144964428519,1144964428580,299,1
300,1144964613624,1144964613657,1144964613753,300,1
301,1144964678717,1144964678750,1144964678821,301,1
302,1144964803226,1144964803257,1144964803304,302,1
303,1144964928252,1144964928284,1144964928465,303,1
304,1144965053822,1144965053855,1144965053897,304,1
305,1144965178112,1144965178152,1144965178270,305,1
306,1144965393833,1144965393865,1144965393962,306,1
307,1144965429899,1144965429932,1144965430042,307,1
308,1144965553547,1144965553579,1144965553622,308,1
309,1144965678346,1144965678378,1144965678449,309,1
310,1144965802297,1144965802328,1144965802379,310,1
311,1144965943071,1144965943103,1144965943198,311,1
312,1144966198718,1144966198751,1144966198846,312,1
313,1144966210106,1144966210143,1144966210185,313,1
314,1144966304394,1144966304426,1144966304476,314,1
315,1144966428542,1144966428574,1144966428645,315,1
316,1144966553665,1144966553698,1144966553747,316,1
317,1144966678440,1144966678472,1144966678536,317,1
318,1144966803569,1144966803601,1144966803652,318,1
319,1144966928497,1144966928529,1144966928582,319,1
320,1144967053942,1144967053974,1144967054079,320,1
321,1144967178631,1144967178664,1144967178716,321,1
322,1144967303455,1144967303487,1144967303538,322,1
323,1144967428483,1144967428515,1144967428566,323,1
324,1144967553466,1144967553498,1144967553549,324,1
325,1144967677595,1144967677628,1144967677678,325,1
326,1144967815674,1144967815707,1144967815801,326,1
327,1144967922903,1144967922936,1144967922992,327,1
328,1144968083566,1144968083607,1144968083662,328,1
329,1144968192892,1144968192996,1144968193089,329,1
330,1144968303777,1144968303810,1144968303862,330,1
331,1144968428502,1144968428535,1144968428587,331,1
332,1144968552656,1144968552687,1144968552738,332,1
333,1144968946421,1144968946474,1144968946686,333,1
334,1144968958189,1144968958221,1144968958264,334,1
335,1144968959339,1144968959371,1144968959492,335,1
336,1144969071876,1144969071909,1144969072005,336,1
337,1144969189080,1144969189116,1144969189271,337,1
338,1144969338955,1144969338988,1144969339083,338,1
339,1144969439427,1144969439460,1144969439567,339,1
340,1144969553644,1144969553676,1144969553726,340,1
341,1144969687387,1144969687422,1144969687585,341,1
342,1144969802676,1144969802709,1144969802767,342,1
343,1144969961791,1144969961826,1144969961991,343,1
344,1144970055669,1144970055702,1144970055752,344,1
345,1144970180519,1144970180552,1144970180663,345,1
346,1144970305751,1144970305782,1144970305829,346,1
347,1144970433261,1144970433293,1144970433370,347,1
348,1144970555168,1144970555200,1144970555248,348,1
349,1144970679803,1144970679835,1144970679938,349,1
350,1144970804715,1144970804747,1144970804792,350,1
351,1144970966598,1144970966629,1144970966779,351,1
352,1144971055062,1144971055094,1144971055139,352,1
353,1144971179704,1144971179735,1144971179828,353,1
354,1144971305162,1144971305195,1144971305313,354,1
355,1144971430095,1144971430126,1144971430226,355,1
356,1144971555050,1144971555083,1144971555127,356,1
357,1144971680007,1144971680040,1144971680157,357,1
358,1144971854034,1144971854066,1144971854113,358,1
359,1144971922343,1144971922374,1144971922487,359,1
360,1144972060873,1144972060974,1144972061026,360,1
361,1144972178075,1144972178106,1144972178221,361,1
362,1144972303125,1144972303157,1144972303207,362,1
363,1144972495654,1144972495687,1144972495852,363,1
364,1144972553367,1144972553399,1144972553441,364,1
365,1144972677342,1144972677374,1144972677432,365,1
366,1144972814675,1144972814706,1144972814799,366,1
367,1144972928136,1144972928169,1144972928270,367,1
368,1144973053060,1144973053093,1144973053249,368,1
369,1144973178211,1144973178243,1144973178349,369,1
370,1144973438053,1144973438085,1144973438177,370,1
371,1144973449315,1144973449349,1144973449445,371,1
372,1144973562992,1144973563025,1144973563117,372,1
373,1144973687614,1144973687646,1144973687806,373,1
374,1144973812521,1144973812552,1144973812644,374,1
375,1144973974146,1144973974178,1144973974288,375,1
376,1144974053275,1144974053309,1144974053359,376,1
377,1144974188472,1144974188504,1144974188617,377,1
378,1144974303004,1144974303036,1144974303086,378,1
379,1144974428176,1144974428208,1144974428268,379,1
380,1144974552981,1144974553013,1144974553064,380,1
381,1144974677772,1144974677803,1144974677871,381,1
382,1144974803075,1144974803107,1144974803151,382,1
383,1144974928064,1144974928095,1144974928144,383,1
384,1144975053303,1144975053335,1144975053378,384,1
385,1144975177774,1144975177806,1144975177850,385,1
386,1144975302645,1144975302677,1144975302725,386,1
387,1144975428251,1144975428283,1144975428331,387,1
388,1144975552487,1144975552519,1144975552625,388,1
389,1144975694463,1144975694495,1144975694588,389,1
390,1144975850090,1144975850123,1144975850216,390,1
391,1144975922841,1144975922873,1144975922917,391,1
392,1144976060111,1144976060211,1144976060264,392,1
393,1144976198639,1144976198672,1144976198769,393,1
394,1144976303654,1144976303688,1144976303735,394,1
395,1144976429208,1144976429241,1144976429286,395,1
396,1144976553997,1144976554030,1144976554076,396,1
397,1144976678038,1144976678070,1144976678122,397,1
398,1144976816364,1144976816399,1144976816495,398,1
399,1144976928856,1144976928889,1144976928967,399,1
400,1144977053678,1144977053711,1144977053757,400,1
401,1144977178572,1144977178605,1144977178683,401,1
402,1144977324478,1144977324511,1144977324690,402,1
403,1144977428870,1144977428902,1144977429033,403,1
404,1144977553530,1144977553564,1144977553613,404,1
405,1144977678598,1144977678631,1144977678735,405,1
406,1144977803531,1144977803564,1144977803613,406,1
407,1144977928618,1144977928651,1144977928765,407,1
408,1144978053536,1144978053569,1144978053618,408,1
409,1144978178654,1144978178686,1144978178800,409,1
410,1144978303445,1144978303478,1144978303528,410,1
411,1144978428396,1144978428428,1144978428539,411,1
412,1144978552765,1144978552798,1144978552847,412,1
413,1144978697040,1144978697074,1144978697242,413,1
414,1144978803757,1144978803789,1144978803843,414,1
415,1144978928624,1144978928657,1144978928768,415,1
416,1144979053769,1144979053802,1144979053852,416,1
417,1144979178742,1144979178775,1144979178887,417,1
418,1144979303381,1144979303413,1144979303464,418,1
419,1144979428410,1144979428443,1144979428556,419,1
420,1144979553733,1144979553766,1144979553873,420,1
421,1144979678831,1144979678864,1144979678974,421,1
422,1144979890045,1144979890081,1144979890176,422,1
423,1144979922845,1144979922878,1144979922984,423,1
424,1144980059833,1144980059865,1144980059914,424,1
425,1144980178467,1144980178499,1144980178609,425,1
426,1144980303825,1144980303930,1144980303978,426,1
427,1144980429078,1144980429110,1144980429172,427,1
428,1144980553572,1144980553604,1144980553659,428,1
429,1144980678585,1144980678617,1144980678692,429,1
430,1144980803778,1144980803810,1144980803863,430,1
431,1144980928575,1144980928608,1144980928682,431,1
432,1144981053405,1144981053438,1144981053493,432,1
433,1144981178595,1144981178626,1144981178698,433,1
434,1144981323431,1144981323466,1144981323515,434,1
435,1144981428537,1144981428570,1144981428728,435,1
436,1144981603680,1144981603716,1144981603810,436,1
437,1144981678894,1144981678927,1144981679048,437,1
438,1144981802918,1144981802950,1144981803002,438,1
439,1144981960952,1144981960989,1144981961157,439,1
440,1144982053746,1144982053778,1144982053825,440,1
441,1144982178805,1144982178839,1144982178950,441,1
442,1144982303569,1144982303600,1144982303647,442,1
443,1144982428575,1144982428607,1144982428653,443,1
444,1144982553453,1144982553486,1144982553533,444,1
445,1144982677739,1144982677772,1144982677822,445,1
446,1144983132064,1144983132101,1144983132195,446,1
447,1144983143306,1144983143342,1144983143385,447,1
448,1144983144074,1144983144108,1144983144149,448,1
449,1144983199234,1144983199267,1144983199333,449,1
450,1144983315658,1144983315690,1144983315786,450,1
451,1144983439686,1144983439719,1144983439839,451,1
452,1144983564872,1144983564906,1144983565001,452,1
453,1144983680825,1144983680857,1144983680912,453,1
454,1144983805586,1144983805619,1144983805730,454,1
455,1144983922902,1144983922935,1144983923126,455,1
456,1144984060973,1144984061006,1144984061055,456,1
457,1144984178905,1144984178939,1144984179022,457,1
458,1144984303369,1144984303402,1144984303458,458,1
459,1144984469989,1144984470025,1144984470154,459,1
460,1144984553547,1144984553580,1144984553628,460,1
461,1144984678587,1144984678619,1144984678705,461,1
462,1144984803707,1144984803740,1144984803795,462,1
463,1144984928928,1144984928961,1144984929051,463,1
464,1144985053779,1144985053811,1144985053868,464,1
465,1144985178822,1144985178855,1144985178938,465,1
466,1144985332414,1144985332447,1144985332498,466,1
467,1144985430186,1144985430218,1144985430290,467,1
468,1144985570768,1144985570801,1144985570961,468,1
469,1144985680204,1144985680237,1144985680346,469,1
470,1144985804920,1144985804953,1144985804998,470,1
471,1144985929883,1144985929915,1144985930037,471,1
472,1144986055416,1144986055448,1144986055498,472,1
473,1144986180336,1144986180368,1144986180496,473,1
474,1144986315158,1144986315191,1144986315287,474,1
475,1144986430483,1144986430515,1144986430573,475,1
476,1144986555442,1144986555475,1144986555530,476,1
477,1144986680290,1144986680323,1144986680377,477,1
478,1144986804649,1144986804681,1144986804735,478,1
479,1144986929687,1144986929718,1144986929831,479,1
480,1144987055159,1144987055192,1144987055239,480,1
481,1144987179886,1144987179917,1144987180020,481,1
482,1144987304740,1144987304772,1144987304839,482,1
483,1144987429702,1144987429735,1144987429847,483,1
484,1144987574522,1144987574554,1144987574646,484,1
485,1144987679820,1144987679852,1144987679973,485,1
486,1144987866841,1144987866877,1144987866969,486,1
487,1144987922977,1144987923009,1144987923171,487,1
488,1144988077270,1144988077376,1144988077423,488,1
489,1144988178098,1144988178130,1144988178247,489,1
490,1144988303126,1144988303158,1144988303208,490,1
491,1144988428078,1144988428109,1144988428221,491,1
492,1144988552980,1144988553012,1144988553057,492,1
493,1144988678113,1144988678146,1144988678247,493,1
494,1144988803183,1144988803215,1144988803264,494,1
495,1144988928153,1144988928183,1144988928293,495,1
496,1144989053115,1144989053147,1144989053197,496,1
497,1144989178170,1144989178202,1144989178307,497,1
498,1144989335733,1144989335765,1144989335818,498,1
499,1144989430045,1144989430076,1144989430177,499,1
500,1144989554764,1144989554796,1144989554841,500,1
501,1144989680099,1144989680131,1144989680289,501,1
502,1144989804909,1144989804942,1144989805098,502,1
503,1144989968370,1144989968402,1144989968493,503,1
504,1144990055279,1144990055310,1144990055356,504,1
505,1144990180095,1144990180126,1144990180229,505,1
506,1144990304922,1144990304954,1144990305004,506,1
507,1144990429961,1144990429993,1144990430042,507,1
508,1144990554675,1144990554708,1144990554754,508,1
509,1144990679702,1144990679736,1144990679784,509,1
510,1144990804738,1144990804770,1144990804820,510,1
511,1144990929950,1144990929982,1144990930032,511,1
512,1144991054750,1144991054782,1144991054825,512,1
513,1144991180385,1144991180418,1144991180466,513,1
514,1144991304911,1144991304941,1144991304986,514,1
515,1144991429815,1144991429847,1144991429895,515,1
516,1144991554704,1144991554735,1144991554779,516,1
517,1144991679640,1144991679673,1144991679721,517,1
518,1144991804791,1144991804823,1144991804867,518,1
519,1144991922290,1144991922321,1144991922382,519,1
520,1144992055787,1144992055897,1144992056001,520,1
521,1144992192612,1144992192645,1144992192750,521,1
522,1144992303781,1144992303814,1144992303861,522,1
523,1144992428383,1144992428416,1144992428598,523,1
524,1144992553437,1144992553469,1144992553515,524,1
525,1144992678377,1144992678410,1144992678477,525,1
526,1144992803300,1144992803334,1144992803384,526,1
527,1144992928271,1144992928304,1144992928370,527,1
528,1144993053680,1144993053713,1144993053763,528,1
529,1144993178469,1144993178501,1144993178573,529,1
530,1144993330925,1144993330957,1144993331005,530,1
531,1144993430346,1144993430378,1144993430449,531,1
532,1144993555026,1144993555059,1144993555105,532,1
533,1144993680048,1144993680079,1144993680142,533,1
534,1144993804962,1144993804994,1144993805039,534,1
535,1144993930029,1144993930062,1144993930232,535,1
536,1144994055167,1144994055200,1144994055245,536,1
537,1144994180108,1144994180141,1144994180187,537,1
538,1144994305216,1144994305248,1144994305294,538,1
539,1144994430481,1144994430514,1144994430560,539,1
540,1144994555114,1144994555148,1144994555194,540,1
541,1144994679919,1144994679953,1144994680075,541,1
542,1144994805113,1144994805147,1144994805196,542,1
543,1144994929881,1144994929913,1144994930031,543,1
544,1144995054894,1144995054927,1144995054975,544,1
545,1144995180021,1144995180053,1144995180103,545,1
546,1144995304907,1144995304940,1144995304983,546,1
547,1144995430219,1144995430252,1144995430298,547,1
548,1144995555013,1144995555046,1144995555092,548,1
549,1144995680034,1144995680067,1144995680113,549,1
550,1144995805077,1144995805110,1144995805153,550,1
551,1144995922271,1144995922303,1144995922351,551,1
552,1144996060428,1144996060460,1144996060503,552,1
553,1144996178576,1144996178608,1144996178651,553,1
554,1144996303876,1144996303908,1144996304017,554,1
555,1144996428721,1144996428753,1144996428806,555,1
556,1144996553691,1144996553725,1144996553776,556,1
557,1144996678639,1144996678672,1144996678720,557,1
558,1144996803425,1144996803457,1144996803505,558,1
559,1144996928571,1144996928604,1144996928653,559,1
560,1144997053425,1144997053458,1144997053509,560,1
561,1144997178533,1144997178566,1144997178616,561,1
562,1144997321488,1144997321521,1144997321564,562,1
563,1144997428920,1144997428952,1144997428999,563,1
564,1144997553725,1144997553757,1144997553801,564,1
565,1144997678540,1144997678573,1144997678619,565,1
566,1144997803484,1144997803516,1144997803562,566,1
567,1144997927761,1144997927793,1144997927839,567,1
568,1144998122785,1144998122818,1144998123024,568,1
569,1144998179200,1144998179232,1144998179350,569,1
570,1144998303473,1144998303506,1144998303551,570,1
571,1144998429073,1144998429106,1144998429151,571,1
572,1144998554074,1144998554106,1144998554151,572,1
573,1144998678861,1144998678893,1144998678944,573,1
574,1144998802540,1144998802572,1144998802622,574,1
575,1144998955090,1144998955125,1144998955267,575,1
576,1144999053599,1144999053632,1144999053675,576,1
577,1144999178778,1144999178811,1144999178915,577,1
578,1144999303634,1144999303667,1144999303714,578,1
579,1144999428447,1144999428480,1144999428588,579,1
580,1144999553431,1144999553464,1144999553514,580,1
581,1144999677799,1144999677832,1144999677945,581,1
582,1144999812224,1144999812256,1144999812347,582,1
583,1144999922168,1144999922201,1144999922319,583,1
584,1145000122031,1145000122136,1145000122228,584,1
585,1145000178672,1145000178705,1145000178813,585,1
586,1145000303481,1145000303514,1145000303564,586,1
587,1145000428510,1145000428544,1145000428665,587,1
588,1145000553389,1145000553422,1145000553467,588,1
589,1145000678730,1145000678764,1145000678868,589,1
590,1145000803696,1145000803730,1145000803779,590,1
591,1145000928677,1145000928710,1145000928818,591,1
592,1145001053479,1145001053512,1145001053559,592,1
593,1145001178353,1145001178388,1145001178493,593,1
594,1145001335328,1145001335363,1145001335412,594,1
595,1145001428913,1145001428949,1145001429056,595,1
596,1145001553825,1145001553860,1145001553916,596,1
597,1145001678662,1145001678698,1145001678818,597,1
598,1145001802836,1145001802872,1145001802923,598,1
599,1145001973439,1145001973472,1145001973631,599,1
600,1145002053747,1145002053781,1145002053831,600,1
601,1145002178516,1145002178550,1145002178672,601,1
602,1145002303798,1145002303831,1145002304007,602,1
603,1145002428644,1145002428676,1145002428797,603,1
604,1145002554066,1145002554098,1145002554143,604,1
605,1145002678316,1145002678348,1145002678454,605,1
606,1145002803441,1145002803474,1145002803519,606,1
607,1145002928134,1145002928167,1145002928272,607,1
608,1145003053080,1145003053112,1145003053154,608,1
609,1145003178069,1145003178101,1145003178203,609,1
610,1145003371561,1145003371593,1145003371683,610,1
611,1145003428306,1145003428339,1145003428447,611,1
612,1145003553150,1145003553183,1145003553232,612,1
613,1145003678208,1145003678240,1145003678350,613,1
614,1145003802730,1145003802763,1145003802814,614,1
615,1145003929459,1145003929489,1145003929658,615,1
616,1145004059890,1145004059934,1145004059996,616,1
617,1145004178257,1145004178361,1145004178477,617,1
618,1145004303077,1145004303109,1145004303157,618,1
619,1145004427993,1145004428025,1145004428144,619,1
620,1145004553789,1145004553821,1145004553870,620,1
621,1145004678231,1145004678263,1145004678420,621,1
622,1145004803515,1145004803547,1145004803590,622,1
623,1145004928345,1145004928376,1145004928481,623,1
624,1145005053339,1145005053370,1145005053422,624,1
625,1145005178144,1145005178176,1145005178290,625,1
626,1145005327729,1145005327761,1145005327807,626,1
627,1145005428326,1145005428358,1145005428466,627,1
628,1145005553378,1145005553409,1145005553459,628,1
629,1145005678103,1145005678136,1145005678337,629,1
630,1145005803097,1145005803129,1145005803173,630,1
631,1145005928150,1145005928182,1145005928226,631,1
632,1145006053325,1145006053358,1145006053407,632,1
633,1145006226138,1145006226173,1145006226294,633,1
634,1145006305247,1145006305279,1145006305327,634,1
635,1145006429634,1145006429666,1145006429825,635,1
636,1145006554672,1145006554702,1145006554752,636,1
637,1145006685340,1145006685372,1145006685484,637,1
638,1145006804913,1145006804946,1145006804991,638,1
639,1145006930043,1145006930074,1145006930119,639,1
640,1145007054853,1145007054883,1145007054929,640,1
641,1145007179709,1145007179742,1145007179786,641,1
642,1145007304873,1145007304904,1145007304948,642,1
643,1145007429816,1145007429846,1145007429889,643,1
644,1145007554684,1145007554715,1145007554760,644,1
645,1145007679632,1145007679664,1145007679712,645,1
646,1145007804678,1145007804709,1145007804752,646,1
647,1145007922285,1145007922317,1145007922365,647,1
648,1145008060014,1145008060047,1145008060101,648,1
649,1145008177768,1145008177870,1145008177935,649,1
650,1145008338378,1145008338410,1145008338505,650,1
651,1145008428880,1145008428911,1145008429094,651,1
652,1145008553395,1145008553427,1145008553479,652,1
653,1145008678383,1145008678415,1145008678481,653,1
654,1145008803550,1145008803582,1145008803687,654,1
655,1145008928591,1145008928623,1145008928669,655,1
656,1145009053638,1145009053670,1145009053716,656,1
657,1145009178470,1145009178502,1145009178550,657,1
658,1145009327573,1145009327606,1145009327655,658,1
659,1145009428581,1145009428614,1145009428660,659,1
660,1145009553418,1145009553451,1145009553501,660,1
661,1145009677581,1145009677613,1145009677664,661,1
662,1145009845412,1145009845445,1145009845543,662,1
663,1145009972630,1145009972662,1145009972778,663,1
664,1145010085842,1145010085875,1145010085971,664,1
665,1145010178959,1145010178992,1145010179053,665,1
666,1145010303837,1145010303870,1145010303921,666,1
667,1145010428653,1145010428687,1145010428749,667,1
668,1145010571018,1145010571050,1145010571205,668,1
669,1145010678726,1145010678760,1145010678879,669,1
670,1145010802616,1145010802650,1145010802691,670,1
671,1145010959268,1145010959301,1145010959488,671,1
672,1145011055636,1145011055669,1145011055715,672,1
673,1145011180618,1145011180652,1145011180764,673,1
674,1145011305275,1145011305307,1145011305355,674,1
675,1145011430125,1145011430156,1145011430280,675,1
676,1145011555204,1145011555236,1145011555282,676,1
677,1145011680281,1145011680313,1145011680425,677,1
678,1145011805221,1145011805255,1145011805297,678,1
679,1145011922527,1145011922560,1145011922674,679,1
680,1145012060464,1145012060496,1145012060541,680,1
681,1145012179089,1145012179191,1145012179237,681,1
682,1145012303588,1145012303622,1145012303668,682,1
683,1145012428246,1145012428278,1145012428325,683,1
684,1145012553783,1145012553819,1145012553868,684,1
685,1145012678496,1145012678531,1145012678582,685,1
686,1145013091366,1145013091403,1145013091548,686,1
687,1145013110770,1145013110801,1145013110849,687,1
688,1145013111592,1145013111625,1145013111667,688,1
689,1145013177954,1145013177988,1145013178038,689,1
690,1145013323370,1145013323402,1145013323516,690,1
691,1145013428810,1145013428844,1145013428894,691,1
692,1145013553456,1145013553488,1145013553538,692,1
693,1145013678493,1145013678526,1145013678576,693,1
694,1145013802687,1145013802719,1145013802769,694,1
695,1145013929219,1145013929252,1145013929361,695,1
696,1145014053565,1145014053597,1145014053647,696,1
697,1145014212933,1145014212971,1145014213098,697,1
698,1145014357670,1145014357703,1145014357799,698,1
699,1145014428660,1145014428694,1145014428772,699,1
700,1145014553815,1145014553848,1145014553898,700,1
701,1145014678426,1145014678459,1145014678638,701,1
702,1145014804096,1145014804128,1145014804286,702,1
703,1145014973439,1145014973471,1145014973622,703,1
704,1145015053988,1145015054021,1145015054070,704,1
705,1145015178849,1145015178882,1145015178989,705,1
706,1145015303850,1145015303883,1145015303933,706,1
707,1145015428716,1145015428750,1145015428855,707,1
708,1145015553526,1145015553558,1145015553608,708,1
709,1145015678434,1145015678467,1145015678582,709,1
710,1145015873774,1145015873807,1145015873903,710,1
711,1145015966268,1145015966301,1145015966468,711,1
712,1145016068865,1145016068904,1145016068959,712,1
713,1145016179021,1145016179054,1145016179169,713,1
714,1145016303468,1145016303500,1145016303546,714,1
715,1145016428708,1145016428741,1145016428860,715,1
716,1145016553744,1145016553777,1145016553824,716,1
717,1145016678719,1145016678753,1145016678854,717,1
718,1145016803583,1145016803617,1145016803663,718,1
719,1145016928414,1145016928446,1145016928554,719,1
720,1145017053690,1145017053723,1145017053768,720,1
721,1145017178622,1145017178653,1145017178814,721,1
722,1145017330195,1145017330228,1145017330325,722,1
723,1145017428180,1145017428213,1145017428317,723,1
724,1145017563258,1145017563292,1145017563387,724,1
725,1145017678615,1145017678648,1145017678762,725,1
726,1145017803680,1145017803712,1145017803756,726,1
727,1145017928527,1145017928558,1145017928670,727,1
728,1145018053397,1145018053429,1145018053474,728,1
729,1145018178750,1145018178782,1145018178899,729,1
730,1145018302503,1145018302535,1145018302585,730,1
731,1145018519023,1145018519054,1145018519228,731,1
732,1145018554749,1145018554782,1145018554828,732,1
733,1145018679308,1145018679340,1145018679407,733,1
734,1145018803006,1145018803039,1145018803087,734,1
735,1145018927951,1145018927982,1145018928143,735,1
736,1145019053285,1145019053316,1145019053363,736,1
737,1145019178433,1145019178465,1145019178579,737,1
738,1145019303245,1145019303277,1145019303328,738,1
739,1145019428051,1145019428084,1145019428136,739,1
740,1145019553415,1145019553448,1145019553495,740,1
741,1145019678228,1145019678261,1145019678305,741,1
742,1145019802111,1145019802143,1145019802193,742,1
743,1145019928949,1145019928980,1145019929084,743,1
744,1145020067441,1145020067545,1145020067598,744,1
745,1145020179219,1145020179251,1145020179304,745,1
746,1145020303081,1145020303112,1145020303163,746,1
747,1145020427897,1145020427928,1145020427977,747,1
748,1145020553413,1145020553444,1145020553493,748,1
749,1145020681456,1145020681490,1145020681542,749,1
750,1145020848545,1145020848577,1145020848661,750,1
751,1145020928476,1145020928510,1145020928555,751,1
752,1145021053110,1145021053144,1145021053190,752,1
753,1145021224965,1145021225000,1145021225148,753,1
754,1145021340070,1145021340102,1145021340149,754,1
755,1145021430089,1145021430125,1145021430202,755,1
756,1145021561661,1145021561692,1145021561742,756,1
757,1145021680394,1145021680424,1145021680691,757,1
758,1145021804732,1145021804764,1145021804808,758,1
759,1145021929765,1145021929797,1145021929975,759,1
760,1145022054882,1145022054913,1145022054962,760,1
761,1145022180001,1145022180034,1145022180101,761,1
762,1145022304954,1145022304985,1145022305035,762,1
763,1145022430266,1145022430296,1145022430364,763,1
764,1145022554786,1145022554818,1145022554869,764,1
765,1145022680068,1145022680099,1145022680167,765,1
766,1145022804904,1145022804935,1145022804984,766,1
767,1145022929711,1145022929743,1145022929793,767,1
768,1145023054584,1145023054616,1145023054771,768,1
769,1145023180356,1145023180387,1145023180436,769,1
770,1145023304808,1145023304840,1145023304884,770,1
771,1145023430022,1145023430054,1145023430102,771,1
772,1145023554940,1145023554971,1145023555016,772,1
773,1145023679906,1145023679937,1145023679986,773,1
774,1145023805093,1145023805125,1145023805169,774,1
775,1145023922316,1145023922348,1145023922394,775,1
776,1145024064972,1145024065003,1145024065055,776,1
777,1145024178366,1145024178471,1145024178514,777,1
778,1145024305167,1145024305207,1145024305273,778,1
779,1145024473081,1145024473113,1145024473195,779,1
780,1145024553787,1145024553819,1145024553872,780,1
781,1145024678833,1145024678866,1145024678945,781,1
782,1145024874038,1145024874072,1145024874152,782,1
783,1145024928651,1145024928683,1145024928733,783,1
784,1145025053547,1145025053579,1145025053624,784,1
785,1145025178174,1145025178206,1145025178255,785,1
786,1145025330440,1145025330473,1145025330523,786,1
787,1145025427906,1145025427939,1145025428064,787,1
788,1145025565215,1145025565251,1145025565345,788,1
789,1145025679965,1145025679998,1145025680071,789,1
790,1145025805435,1145025805467,1145025805516,790,1
791,1145025970376,1145025970409,1145025970492,791,1
792,1145026055298,1145026055331,1145026055374,792,1
793,1145026180061,1145026180093,1145026180169,793,1
794,1145026305354,1145026305387,1145026305433,794,1
795,1145026430346,1145026430377,1145026430454,795,1
796,1145026555197,1145026555228,1145026555274,796,1
797,1145026680334,1145026680366,1145026680440,797,1
798,1145026805204,1145026805237,1145026805284,798,1
799,1145026930404,1145026930437,1145026930508,799,1
800,1145027172592,1145027172624,1145027172672,800,1
801,1145027182650,1145027182685,1145027182843,801,1
802,1145027305903,1145027305937,1145027305988,802,1
803,1145027430383,1145027430416,1145027430522,803,1
804,1145027561695,1145027561730,1145027561780,804,1
805,1145027680259,1145027680291,1145027680356,805,1
806,1145027865469,1145027865501,1145027865554,806,1
807,1145027923271,1145027923304,1145027923373,807,1
808,1145028060587,1145028060619,1145028060672,808,1
809,1145028178800,1145028178903,1145028178969,809,1
810,1145028303879,1145028303912,1145028303961,810,1
811,1145028490415,1145028490452,1145028490617,811,1
812,1145028554019,1145028554052,1145028554102,812,1
813,1145028678672,1145028678704,1145028678808,813,1
814,1145028803675,1145028803708,1145028803762,814,1
815,1145028928438,1145028928471,1145028928575,815,1
816,1145029053745,1145029053777,1145029053824,816,1
817,1145029178688,1145029178721,1145029178785,817,1
818,1145029329816,1145029329849,1145029329896,818,1
819,1145029428889,1145029428922,1145029428985,819,1
820,1145029553678,1145029553711,1145029553811,820,1
821,1145029678616,1145029678648,1145029678708,821,1
822,1145029803386,1145029803419,1145029803472,822,1
823,1145029927983,1145029928015,1145029928130,823,1
824,1145030087502,1145030087535,1145030087626,824,1
825,1145030180547,1145030180579,1145030180644,825,1
826,1145030305260,1145030305291,1145030305344,826,1
827,1145030430360,1145030430393,1145030430459,827,1
828,1145030555229,1145030555262,1145030555312,828,1
829,1145030750959,1145030750995,1145030751064,829,1
830,1145030805336,1145030805370,1145030805419,830,1
831,1145030929869,1145030929900,1145030929966,831,1
832,1145031055223,1145031055255,1145031055299,832,1
833,1145031179841,1145031179873,1145031179942,833,1
834,1145031304894,1145031304925,1145031304969,834,1
835,1145031429696,1145031429728,1145031429901,835,1
836,1145031555202,1145031555234,1145031555284,836,1
837,1145031679707,1145031679739,1145031679788,837,1
838,1145031804839,1145031804871,1145031804919,838,1
839,1145031922159,1145031922190,1145031922235,839,1
840,1145032059394,1145032059426,1145032059477,840,1
841,1145032178307,1145032178408,1145032178459,841,1
842,1145032303167,1145032303198,1145032303248,842,1
843,1145032427957,1145032427988,1145032428042,843,1
844,1145032553013,1145032553044,1145032553095,844,1
845,1145032678087,1145032678119,1145032678239,845,1
846,1145032803080,1145032803111,1145032803160,846,1
847,1145032927931,1145032927963,1145032928092,847,1
848,1145033053075,1145033053106,1145033053150,848,1
849,1145033178285,1145033178317,1145033178438,849,1
850,1145033335648,1145033335679,1145033335728,850,1
851,1145033429934,1145033429965,1145033430011,851,1
852,1145033554872,1145033554905,1145033554948,852,1
853,1145033679764,1145033679796,1145033679840,853,1
854,1145033805238,1145033805269,1145033805371,854,1
855,1145033968306,1145033968337,1145033968388,855,1
856,1145034054834,1145034054867,1145034054914,856,1
857,1145034180152,1145034180183,1145034180232,857,1
858,1145034304888,1145034304920,1145034304969,858,1
859,1145034429683,1145034429716,1145034429764,859,1
860,1145034554639,1145034554670,1145034554714,860,1
861,1145034679547,1145034679579,1145034679629,861,1
862,1145034804598,1145034804629,1145034804675,862,1
863,1145034929732,1145034929763,1145034929870,863,1
864,1145035054678,1145035054710,1145035054755,864,1
865,1145035179736,1145035179767,1145035179878,865,1
866,1145035304892,1145035304924,1145035304968,866,1
867,1145035429801,1145035429833,1145035429950,867,1
868,1145035590994,1145035591026,1145035591244,868,1
869,1145035680159,1145035680191,1145035680295,869,1
870,1145035804728,1145035804760,1145035804805,870,1
871,1145035922222,1145035922254,1145035922358,871,1
872,1145036059454,1145036059486,1145036059532,872,1
873,1145036178015,1145036178121,1145036178226,873,1
874,1145036303417,1145036303450,1145036303493,874,1
875,1145036428443,1145036428475,1145036428582,875,1
876,1145036552971,1145036553002,1145036553046,876,1
877,1145036678159,1145036678190,1145036678300,877,1
878,1145036803165,1145036803198,1145036803242,878,1
879,1145036928195,1145036928225,1145036928339,879,1
880,1145037053112,1145037053144,1145037053188,880,1
881,1145037178027,1145037178058,1145037178175,881,1
882,1145037327529,1145037327561,1145037327613,882,1
883,1145037428312,1145037428343,1145037428462,883,1
884,1145037553342,1145037553375,1145037553419,884,1
885,1145037678187,1145037678218,1145037678475,885,1
886,1145037803149,1145037803181,1145037803226,886,1
887,1145037928147,1145037928180,1145037928306,887,1
888,1145038052930,1145038052962,1145038053007,888,1
889,1145038177996,1145038178028,1145038178087,889,1
890,1145038303252,1145038303284,1145038303330,890,1
891,1145038428314,1145038428346,1145038428411,891,1
892,1145038553155,1145038553187,1145038553230,892,1
893,1145038677873,1145038677906,1145038677971,893,1
894,1145038802835,1145038802867,1145038802911,894,1
895,1145038927986,1145038928018,1145038928063,895,1
896,1145039052928,1145039052960,1145039053004,896,1
897,1145039177826,1145039177859,1145039177905,897,1
898,1145039302962,1145039302993,1145039303037,898,1
899,1145039427217,1145039427248,1145039427293,899,1
900,1145039564067,1145039564102,1145039564193,900,1
901,1145039680050,1145039680081,1145039680127,901,1
902,1145039804916,1145039804948,1145039805110,902,1
903,1145039922226,1145039922257,1145039922367,903,1
904,1145040104419,1145040104456,1145040104504,904,1
905,1145040179217,1145040179321,1145040179430,905,1
906,1145040303648,1145040303681,1145040303731,906,1
907,1145040428939,1145040428971,1145040429070,907,1
908,1145040553775,1145040553808,1145040553857,908,1
909,1145040678540,1145040678573,1145040678697,909,1
910,1145040803375,1145040803408,1145040803459,910,1
911,1145040928455,1145040928487,1145040928605,911,1
912,1145041053569,1145041053601,1145041053653,912,1
913,1145041178327,1145041178361,1145041178410,913,1
914,1145041332181,1145041332215,1145041332262,914,1
915,1145041428610,1145041428643,1145041428688,915,1
916,1145041553725,1145041553757,1145041553802,916,1
917,1145041678611,1145041678643,1145041678690,917,1
918,1145041803571,1145041803603,1145041803653,918,1
919,1145041928547,1145041928578,1145041928651,919,1
920,1145042053844,1145042053877,1145042053987,920,1
921,1145042178643,1145042178676,1145042178747,921,1
922,1145042303620,1145042303653,1145042303703,922,1
923,1145042428712,1145042428743,1145042428789,923,1
924,1145042553661,1145042553694,1145042553741,924,1
925,1145042678528,1145042678559,1145042678609,925,1
926,1145042803737,1145042803769,1145042803823,926,1
927,1145042928476,1145042928509,1145042928555,927,1
928,1145043053399,1145043053432,1145043053481,928,1
929,1145043178476,1145043178508,1145043178559,929,1
930,1145043303396,1145043303427,1145043303480,930,1
931,1145043428352,1145043428385,1145043428430,931,1
932,1145043553487,1145043553519,1145043553570,932,1
933,1145043678559,1145043678593,1145043678642,933,1
934,1145043803528,1145043803561,1145043803608,934,1
935,1145043921441,1145043921473,1145043921638,935,1
936,1145044059693,1145044059800,1145044059895,936,1
937,1145044178776,1145044178807,1145044178908,937,1
938,1145044303622,1145044303654,1145044303704,938,1
939,1145044428449,1145044428481,1145044428586,939,1
940,1145044553475,1145044553508,1145044553560,940,1
941,1145044678930,1145044678962,1145044679068,941,1
942,1145044803737,1145044803770,1145044803823,942,1
943,1145044928823,1145044928855,1145044928964,943,1
944,1145045053560,1145045053593,1145045053643,944,1
945,1145045178456,1145045178489,1145045178608,945,1
946,1145045318648,1145045318680,1145045318730,946,1
947,1145045430099,1145045430131,1145045430179,947,1
948,1145045555356,1145045555389,1145045555436,948,1
949,1145045687110,1145045687143,1145045687191,949,1
950,1145045805273,1145045805305,1145045805359,950,1
951,1145045930210,1145045930243,1145045930357,951,1
952,1145046055004,1145046055037,1145046055082,952,1
953,1145046180056,1145046180087,1145046180197,953,1
954,1145046305535,1145046305568,1145046305675,954,1
955,1145046430274,1145046430306,1145046430425,955,1
956,1145046555354,1145046555387,1145046555441,956,1
957,1145046680191,1145046680224,1145046680333,957,1
958,1145046894214,1145046894247,1145046894329,958,1
959,1145046931181,1145046931213,1145046931317,959,1
960,1145047055271,1145047055304,1145047055351,960,1
961,1145047180264,1145047180297,1145047180402,961,1
962,1145047305407,1145047305440,1145047305489,962,1
963,1145047430554,1145047430586,1145047430632,963,1
964,1145047555281,1145047555314,1145047555360,964,1
965,1145047680126,1145047680159,1145047680210,965,1
966,1145047805361,1145047805393,1145047805446,966,1
967,1145047922825,1145047922858,1145047922979,967,1
968,1145048074760,1145048074861,1145048075040,968,1
969,1145048178794,1145048178826,1145048178939,969,1
970,1145048303580,1145048303613,1145048303662,970,1
971,1145048428523,1145048428555,1145048428674,971,1
972,1145048553405,1145048553438,1145048553488,972,1
973,1145048678647,1145048678680,1145048678783,973,1
974,1145048803680,1145048803712,1145048803762,974,1
975,1145048928714,1145048928746,1145048928850,975,1
976,1145049053630,1145049053662,1145049053707,976,1
977,1145049178629,1145049178661,1145049178776,977,1
978,1145049332629,1145049332662,1145049332711,978,1
979,1145049428986,1145049429018,1145049429123,979,1
980,1145049553631,1145049553663,1145049553708,980,1
981,1145049678785,1145049678818,1145049678945,981,1
982,1145049803527,1145049803559,1145049803602,982,1
983,1145049928650,1145049928682,1145049928798,983,1
984,1145050053488,1145050053520,1145050053565,984,1
985,1145050178374,1145050178406,1145050178531,985,1
986,1145050302480,1145050302513,1145050302560,986,1
987,1145050482342,1145050482375,1145050482610,987,1
988,1145050555777,1145050555809,1145050555859,988,1
989,1145050680444,1145050680476,1145050680578,989,1
990,1145050805526,1145050805559,1145050805610,990,1
991,1145050930567,1145050930600,1145050930699,991,1
992,1145051055931,1145051055963,1145051056012,992,1
993,1145051179784,1145051179815,1145051179914,993,1
994,1145051304777,1145051304807,1145051304852,994,1
995,1145051429799,1145051429830,1145051429905,995,1
996,1145051560557,1145051560588,1145051560641,996,1
997,1145051679616,1145051679646,1145051679712,997,1
998,1145051804809,1145051804840,1145051804890,998,1
999,1145051922304,1145051922336,1145051922402,999,1
1000,1145052059883,1145052059984,1145052060035,1000,1
1001,1145052178320,1145052178351,1145052178516,1001,1
1002,1145052322550,1145052322584,1145052322636,1002,1
1003,1145052427988,1145052428020,1145052428140,1003,1
1004,1145052624163,1145052624200,1145052624298,1004,1
1005,1145052685194,1145052685237,1145052685400,1005,1
1006,1145052804445,1145052804478,1145052804526,1006,1
1007,1145052928032,1145052928065,1145052928169,1007,1
1008,1145053053311,1145053053343,1145053053395,1008,1
1009,1145053178116,1145053178148,1145053178257,1009,1
1010,1145053325673,1145053325708,1145053325754,1010,1
1011,1145053427386,1145053427418,1145053427520,1011,1
1012,1145053561164,1145053561195,1145053561287,1012,1
1013,1145053678209,1145053678241,1145053678419,1013,1
1014,1145053803083,1145053803115,1145053803169,1014,1
1015,1145053988831,1145053988863,1145053988942,1015,1
1016,1145054130021,1145054130052,1145054130150,1016,1
1017,1145054300683,1145054300726,1145054300820,1017,1
1018,1145054311888,1145054311927,1145054311973,1018,1
1019,1145054434342,1145054434375,1145054434450,1019,1
1020,1145054560135,1145054560168,1145054560340,1020,1
1021,1145054716671,1145054716705,1145054716784,1021,1
1022,1145054803442,1145054803474,1145054803524,1022,1
1023,1145054928189,1145054928221,1145054928294,1023,1
1024,1145055053122,1145055053154,1145055053204,1024,1
1025,1145055178661,1145055178693,1145055178869,1025,1
1026,1145055303220,1145055303251,1145055303301,1026,1
1027,1145055427205,1145055427237,1145055427404,1027,1
1028,1145055562019,1145055562054,1145055562233,1028,1
1029,1145055679755,1145055679787,1145055679850,1029,1
1030,1145055847800,1145055847835,1145055847931,1030,1
1031,1145055922473,1145055922506,1145055922571,1031,1
1032,1145056060337,1145056060441,1145056060489,1032,1
1033,1145056178325,1145056178358,1145056178428,1033,1
1034,1145056303483,1145056303513,1145056303558,1034,1
1035,1145056428767,1145056428799,1145056428976,1035,1
1036,1145056554428,1145056554461,1145056554505,1036,1
1037,1145056678769,1145056678802,1145056678916,1037,1
1038,1145056803837,1145056803871,1145056803921,1038,1
1039,1145056928648,1145056928680,1145056928781,1039,1
1040,1145057053581,1145057053613,1145057053661,1040,1
1041,1145057178568,1145057178600,1145057178708,1041,1
1042,1145057332307,1145057332342,1145057332393,1042,1
1043,1145057428920,1145057428952,1145057429062,1043,1
1044,1145057553782,1145057553815,1145057553864,1044,1
1045,1145057678648,1145057678681,1145057678801,1045,1
1046,1145057927230,1145057927261,1145057927361,1046,1
1047,1145057947097,1145057947128,1145057947247,1047,1
1048,1145058053960,1145058053993,1145058054044,1048,1
1049,1145058178447,1145058178480,1145058178551,1049,1
1050,1145058303632,1145058303665,1145058303715,1050,1
1051,1145058428688,1145058428721,1145058428789,1051,1
1052,1145058553624,1145058553655,1145058553705,1052,1
1053,1145058678750,1145058678783,1145058678847,1053,1
1054,1145058803828,1145058803861,1145058803970,1054,1
1055,1145058928511,1145058928544,1145058928613,1055,1
1056,1145059053602,1145059053635,1145059053690,1056,1
1057,1145059178511,1145059178544,1145059178595,1057,1
1058,1145059303624,1145059303656,1145059303708,1058,1
1059,1145059435277,1145059435313,1145059435400,1059,1
1060,1145059564535,1145059564568,1145059564665,1060,1
1061,1145059680425,1145059680458,1145059680508,1061,1
1062,1145059805268,1145059805300,1145059805352,1062,1
1063,1145059922817,1145059922851,1145059922933,1063,1
1064,1145060060477,1145060060582,1145060060631,1064,1
1065,1145060179053,1145060179086,1145060179139,1065,1
1066,1145060303656,1145060303689,1145060303737,1066,1
1067,1145060485197,1145060485229,1145060485379,1067,1
1068,1145060553858,1145060553890,1145060554061,1068,1
1069,1145060678700,1145060678733,1145060678841,1069,1
1070,1145060803708,1145060803741,1145060803787,1070,1
1071,1145060929070,1145060929103,1145060929212,1071,1
1072,1145061067609,1145061067642,1145061067695,1072,1
1073,1145061177860,1145061177905,1145061178012,1073,1
1074,1145061352595,1145061352628,1145061352723,1074,1
1075,1145061429499,1145061429532,1145061429639,1075,1
1076,1145061553490,1145061553523,1145061553567,1076,1
1077,1145061678477,1145061678510,1145061678610,1077,1
1078,1145061862273,1145061862307,1145061862356,1078,1
1079,1145061963660,1145061963693,1145061963768,1079,1
1080,1145062053754,1145062053787,1145062053840,1080,1
1081,1145062178543,1145062178575,1145062178682,1081,1
1082,1145062303752,1145062303785,1145062303831,1082,1
1083,1145062434218,1145062434250,1145062434355,1083,1
1084,1145062553806,1145062553838,1145062553888,1084,1
1085,1145062678583,1145062678616,1145062678733,1085,1
1086,1145062803446,1145062803480,1145062803526,1086,1
1087,1145062928572,1145062928605,1145062928781,1087,1
1088,1145063053712,1145063053744,1145063053795,1088,1
1089,1145063177688,1145063177720,1145063177826,1089,1
1090,1145063345702,1145063345736,1145063345834,1090,1
1091,1145063430681,1145063430715,1145063430835,1091,1
1092,1145063562016,1145063562049,1145063562097,1092,1
1093,1145063680392,1145063680423,1145063680535,1093,1
1094,1145063805145,1145063805176,1145063805224,1094,1
1095,1145063922519,1145063922552,1145063922650,1095,1
1096,1145064307815,1145064307936,1145064308043,1096,1
1097,1145064319315,1145064319347,1145064319406,1097,1
1098,1145064320097,1145064320132,1145064320172,1098,1
1099,1145064429213,1145064429246,1145064429309,1099,1
1100,1145064553678,1145064553711,1145064553758,1100,1
1101,1145064679001,1145064679033,1145064679206,1101,1
1102,1145064803740,1145064803772,1145064803817,1102,1
1103,1145064928695,1145064928728,1145064928843,1103,1
1104,1145065053374,1145065053407,1145065053460,1104,1
1105,1145065178885,1145065178924,1145065179049,1105,1
1106,1145065336769,1145065336802,1145065336850,1106,1
1107,1145065428174,1145065428207,1145065428278,1107,1
1108,1145065627135,1145065627168,1145065627265,1108,1
1109,1145065678542,1145065678575,1145065678680,1109,1
1110,1145065802777,1145065802810,1145065802860,1110,1
1111,1145065971914,1145065971950,1145065972111,1111,1
1112,1145066085618,1145066085651,1145066085750,1112,1
1113,1145066178779,1145066178810,1145066178920,1113,1
1114,1145066312042,1145066312074,1145066312124,1114,1
1115,1145066458489,1145066458522,1145066458589,1115,1
1116,1145066553573,1145066553606,1145066553656,1116,1
1117,1145066678666,1145066678699,1145066678769,1117,1
1118,1145066803226,1145066803258,1145066803303,1118,1
1119,1145066928399,1145066928432,1145066928500,1119,1
1120,1145067053623,1145067053655,1145067053772,1120,1
1121,1145067178229,1145067178260,1145067178446,1121,1
1122,1145067303268,1145067303299,1145067303345,1122,1
1123,1145067428247,1145067428279,1145067428347,1123,1
1124,1145067624426,1145067624459,1145067624559,1124,1
1125,1145067679049,1145067679081,1145067679155,1125,1
1126,1145067802798,1145067802830,1145067802880,1126,1
1127,1145067929557,1145067929603,1145067929737,1127,1
1128,1145068069546,1145068069657,1145068069728,1128,1
1129,1145068188273,1145068188305,1145068188379,1129,1
1130,1145068302558,1145068302591,1145068302643,1130,1
1131,1145068429391,1145068429424,1145068429564,1131,1
1132,1145068553636,1145068553670,1145068553717,1132,1
1133,1145068678449,1145068678483,1145068678563,1133,1
1134,1145068802795,1145068802828,1145068802873,1134,1
1135,1145069066674,1145069066706,1145069066925,1135,1
1136,1145069077929,1145069077964,1145069078005,1136,1
1137,1145069178864,1145069178901,1145069179024,1137,1
1138,1145069342242,1145069342274,1145069342327,1138,1
1139,1145069546755,1145069546791,1145069546972,1139,1
1140,1145069557820,1145069557856,1145069557898,1140,1
1141,1145069678806,1145069678838,1145069679027,1141,1
1142,1145069802714,1145069802747,1145069802797,1142,1
1143,1145069961784,1145069961820,1145069961938,1143,1
1144,1145070053592,1145070053624,1145070053666,1144,1
1145,1145070178426,1145070178458,1145070178526,1145,1
1146,1145070303467,1145070303500,1145070303542,1146,1
1147,1145070428449,1145070428481,1145070428545,1147,1
1148,1145070553398,1145070553431,1145070553474,1148,1
1149,1145070678413,1145070678447,1145070678509,1149,1
1150,1145070803331,1145070803365,1145070803407,1150,1
1151,1145070928801,1145070928834,1145070928901,1151,1
1152,1145071053574,1145071053606,1145071053649,1152,1
1153,1145071178490,1145071178522,1145071178567,1153,1
1154,1145071304013,1145071304045,1145071304152,1154,1
1155,1145071428567,1145071428599,1145071428649,1155,1
1156,1145071595617,1145071595653,1145071595752,1156,1
1157,1145071681686,1145071681720,1145071681767,1157,1
1158,1145071805536,1145071805569,1145071805618,1158,1
1159,1145071922871,1145071922903,1145071922951,1159,1
1160,1145072060733,1145072060835,1145072060884,1160,1
1161,1145072178456,1145072178489,1145072178564,1161,1
1162,1145072303658,1145072303691,1145072303741,1162,1
1163,1145072435029,1145072435062,1145072435240,1163,1
1164,1145072553024,1145072553057,1145072553108,1164,1
1165,1145072757100,1145072757146,1145072757282,1165,1
1166,1145072804036,1145072804069,1145072804115,1166,1
1167,1145072928782,1145072928814,1145072929009,1167,1
1168,1145073053421,1145073053454,1145073053618,1168,1
1169,1145073178643,1145073178676,1145073178774,1169,1
1170,1145073342102,1145073342134,1145073342183,1170,1
1171,1145073428816,1145073428848,1145073428900,1171,1
1172,1145073553586,1145073553619,1145073553664,1172,1
1173,1145073678550,1145073678583,1145073678632,1173,1
1174,1145073802698,1145073802731,1145073802782,1174,1
1175,1145073959431,1145073959464,1145073959630,1175,1
1176,1145074053875,1145074053907,1145074053954,1176,1
1177,1145074177779,1145074177812,1145074177929,1177,1
1178,1145074331883,1145074331916,1145074332015,1178,1
1179,1145074430584,1145074430618,1145074430728,1179,1
1180,1145074555279,1145074555312,1145074555355,1180,1
1181,1145074680213,1145074680246,1145074680355,1181,1
1182,1145074805221,1145074805254,1145074805298,1182,1
1183,1145074930377,1145074930410,1145074930518,1183,1
1184,1145075055576,1145075055608,1145075055660,1184,1
1185,1145075180621,1145075180653,1145075180755,1185,1
1186,1145075305420,1145075305453,1145075305497,1186,1
1187,1145075430521,1145075430555,1145075430728,1187,1
1188,1145075555552,1145075555586,1145075555631,1188,1
1189,1145075680333,1145075680365,1145075680415,1189,1
1190,1145075805353,1145075805386,1145075805435,1190,1
1191,1145075922504,1145075922537,1145075922583,1191,1
1192,1145076073275,1145076073379,1145076073480,1192,1
1193,1145076186439,1145076186471,1145076186519,1193,1
1194,1145076303800,1145076303833,1145076303878,1194,1
1195,1145076428490,1145076428523,1145076428572,1195,1
1196,1145076553719,1145076553752,1145076553801,1196,1
1197,1145076677686,1145076677718,1145076677777,1197,1
1198,1145076806817,1145076806849,1145076806957,1198,1
1199,1145076928644,1145076928678,1145076928736,1199,1
1200,1145077052762,1145077052794,1145077052845,1200,1
1201,1145077186610,1145077186643,1145077186856,1201,1
1202,1145077335466,1145077335499,1145077335548,1202,1
1203,1145077428840,1145077428874,1145077428975,1203,1
1204,1145077553532,1145077553564,1145077553614,1204,1
1205,1145077678547,1145077678579,1145077678682,1205,1
1206,1145077802509,1145077802542,1145077802592,1206,1
1207,1145077943849,1145077943881,1145077944042,1207,1
1208,1145078053769,1145078053802,1145078053847,1208,1
1209,1145078178861,1145078178894,1145078179004,1209,1
1210,1145078303879,1145078303913,1145078303958,1210,1
1211,1145078428574,1145078428608,1145078428654,1211,1
1212,1145078553658,1145078553691,1145078553738,1212,1
1213,1145078678447,1145078678479,1145078678523,1213,1
1214,1145078803456,1145078803488,1145078803535,1214,1
1215,1145078928557,1145078928589,1145078928712,1215,1
1216,1145079053505,1145079053537,1145079053584,1216,1
1217,1145079178453,1145079178486,1145079178613,1217,1
1218,1145079303718,1145079303751,1145079303797,1218,1
1219,1145079428623,1145079428656,1145079428701,1219,1
1220,1145079553725,1145079553758,1145079553865,1220,1
1221,1145079678601,1145079678634,1145079678680,1221,1
1222,1145079874043,1145079874074,1145079874174,1222,1
1223,1145079922862,1145079922895,1145079922942,1223,1
1224,1145080060561,1145080060666,1145080060714,1224,1
1225,1145080178972,1145080179004,1145080179054,1225,1
1226,1145080303581,1145080303614,1145080303665,1226,1
1227,1145080429170,1145080429203,1145080429253,1227,1
1228,1145080553569,1145080553602,1145080553649,1228,1
1229,1145080678679,1145080678712,1145080678763,1229,1
1230,1145080803462,1145080803495,1145080803547,1230,1
1231,1145080928457,1145080928490,1145080928540,1231,1
1232,1145081053568,1145081053601,1145081053651,1232,1
1233,1145081178418,1145081178450,1145081178499,1233,1
1234,1145081327737,1145081327774,1145081327822,1234,1
1235,1145081430746,1145081430778,1145081430957,1235,1
1236,1145081555447,1145081555480,1145081555522,1236,1
1237,1145081680298,1145081680332,1145081680429,1237,1
1238,1145081805371,1145081805403,1145081805447,1238,1
1239,1145081930623,1145081930656,1145081930758,1239,1
1240,1145082055530,1145082055562,1145082055606,1240,1
1241,1145082180297,1145082180329,1145082180439,1241,1
1242,1145082305427,1145082305460,1145082305503,1242,1
1243,1145082430670,1145082430703,1145082430807,1243,1
1244,1145082560773,1145082560805,1145082560858,1244,1
1245,1145082680542,1145082680574,1145082680691,1245,1
1246,1145082805067,1145082805100,1145082805146,1246,1
1247,1145082930256,1145082930289,1145082930410,1247,1
1248,1145083055099,1145083055132,1145083055182,1248,1
1249,1145083180033,1145083180066,1145083180189,1249,1
1250,1145083305102,1145083305136,1145083305186,1250,1
1251,1145083430432,1145083430463,1145083430583,1251,1
1252,1145083555471,1145083555502,1145083555552,1252,1
1253,1145083680269,1145083680300,1145083680408,1253,1
1254,1145083805492,1145083805526,1145083805626,1254,1
1255,1145083922471,1145083922503,1145083922551,1255,1
1256,1145084059564,1145084059668,1145084059713,1256,1
1257,1145084223691,1145084223726,1145084223821,1257,1
1258,1145084303864,1145084303894,1145084303942,1258,1
1259,1145084428205,1145084428238,1145084428287,1259,1
1260,1145084553412,1145084553445,1145084553491,1260,1
1261,1145084678225,1145084678257,1145084678303,1261,1
1262,1145084803148,1145084803181,1145084803227,1262,1
1263,1145084928086,1145084928118,1145084928162,1263,1
1264,1145085053270,1145085053301,1145085053345,1264,1
1265,1145085176962,1145085176994,1145085177040,1265,1
1266,1145085342583,1145085342614,1145085342711,1266,1
1267,1145085428301,1145085428333,1145085428395,1267,1
1268,1145085553161,1145085553193,1145085553359,1268,1
1269,1145085678105,1145085678136,1145085678327,1269,1
1270,1145085803122,1145085803154,1145085803197,1270,1
1271,1145085928196,1145085928227,1145085928305,1271,1
1272,1145086052978,1145086053011,1145086053056,1272,1
1273,1145086177998,1145086178029,1145086178112,1273,1
1274,1145086311661,1145086311695,1145086311747,1274,1
1275,1145086427994,1145086428025,1145086428102,1275,1
1276,1145086553066,1145086553097,1145086553146,1276,1
1277,1145086678422,1145086678453,1145086678529,1277,1
1278,1145086803196,1145086803229,1145086803274,1278,1
1279,1145086928102,1145086928133,1145086928178,1279,1
1280,1145087053162,1145087053193,1145087053242,1280,1
1281,1145087178050,1145087178081,1145087178133,1281,1
1282,1145087303181,1145087303212,1145087303261,1282,1
1283,1145087428112,1145087428145,1145087428191,1283,1
1284,1145087552989,1145087553022,1145087553072,1284,1
1285,1145087678669,1145087678702,1145087678752,1285,1
1286,1145087884913,1145087884946,1145087885098,1286,1
1287,1145087922766,1145087922798,1145087922845,1287,1
1288,1145088059930,1145088060039,1145088060088,1288,1
1289,1145088178676,1145088178708,1145088178761,1289,1
1290,1145088303561,1145088303593,1145088303638,1290,1
1291,1145088428598,1145088428631,1145088428677,1291,1
1292,1145088553481,1145088553514,1145088553560,1292,1
1293,1145088678511,1145088678544,1145088678593,1293,1
1294,1145088803592,1145088803624,1145088803674,1294,1
1295,1145088928520,1145088928553,1145088928604,1295,1
1296,1145089053512,1145089053545,1145089053594,1296,1
1297,1145089178452,1145089178484,1145089178537,1297,1
1298,1145089336269,1145089336302,1145089336352,1298,1
1299,1145089430555,1145089430587,1145089430637,1299,1
1300,1145089555455,1145089555487,1145089555538,1300,1
1301,1145089680535,1145089680568,1145089680735,1301,1
1302,1145089806007,1145089806040,1145089806087,1302,1
1303,1145089930500,1145089930533,1145089930652,1303,1
1304,1145090055471,1145090055504,1145090055553,1304,1
1305,1145090180517,1145090180549,1145090180595,1305,1
1306,1145090305289,1145090305321,1145090305372,1306,1
1307,1145090430392,1145090430425,1145090430470,1307,1
1308,1145090555335,1145090555366,1145090555417,1308,1
1309,1145090680132,1145090680164,1145090680217,1309,1
1310,1145090805688,1145090805720,1145090805771,1310,1
1311,1145090930555,1145090930588,1145090930635,1311,1
1312,1145091055402,1145091055434,1145091055480,1312,1
1313,1145091212170,1145091212204,1145091212252,1313,1
1314,1145091305258,1145091305291,1145091305338,1314,1
1315,1145091430262,1145091430295,1145091430342,1315,1
1316,1145091555318,1145091555351,1145091555398,1316,1
1317,1145091680255,1145091680288,1145091680334,1317,1
1318,1145091805627,1145091805660,1145091805704,1318,1
1319,1145091922862,1145091922895,1145091922944,1319,1
1320,1145092060229,1145092060330,1145092060435,1320,1
1321,1145092178690,1145092178723,1145092178772,1321,1
1322,1145092303554,1145092303587,1145092303632,1322,1
1323,1145092431041,1145092431080,1145092431139,1323,1
1324,1145092576203,1145092576236,1145092576283,1324,1
1325,1145092678619,1145092678650,1145092678697,1325,1
1326,1145092803393,1145092803426,1145092803473,1326,1
1327,1145092928562,1145092928594,1145092928640,1327,1
1328,1145093053429,1145093053462,1145093053507,1328,1
1329,1145093178494,1145093178527,1145093178574,1329,1
1330,1145093331620,1145093331657,1145093331705,1330,1
1331,1145093430512,1145093430545,1145093430590,1331,1
1332,1145093555174,1145093555206,1145093555249,1332,1
1333,1145093680249,1145093680282,1145093680327,1333,1
1334,1145093805211,1145093805244,1145093805291,1334,1
1335,1145093930294,1145093930328,1145093930484,1335,1
1336,1145094055423,1145094055456,1145094055500,1336,1
1337,1145094180245,1145094180279,1145094180387,1337,1
1338,1145094305148,1145094305181,1145094305223,1338,1
1339,1145094430192,1145094430225,1145094430268,1339,1
1340,1145094555156,1145094555188,1145094555231,1340,1
1341,1145094680239,1145094680271,1145094680314,1341,1
1342,1145094805168,1145094805201,1145094805243,1342,1
1343,1145094939666,1145094939701,1145094939752,1343,1
1344,1145095080283,1145095080319,1145095080366,1344,1
1345,1145095180804,1145095180838,1145095180888,1345,1
1346,1145095305311,1145095305343,1145095305393,1346,1
1347,1145095430437,1145095430469,1145095430517,1347,1
1348,1145095560944,1145095560980,1145095561033,1348,1
1349,1145095680264,1145095680296,1145095680341,1349,1
1350,1145095805270,1145095805303,1145095805354,1350,1
1351,1145095922541,1145095922574,1145095922620,1351,1
1352,1145096110125,1145096110234,1145096110374,1352,1
1353,1145096185690,1145096185723,1145096185788,1353,1
1354,1145096305205,1145096305238,1145096305402,1354,1
1355,1145096457000,1145096457033,1145096457194,1355,1
1356,1145096553620,1145096553652,1145096553700,1356,1
1357,1145096680510,1145096680543,1145096680589,1357,1
1358,1145096803507,1145096803539,1145096803586,1358,1
1359,1145096928433,1145096928465,1145096928511,1359,1
1360,1145097053566,1145097053599,1145097053641,1360,1
1361,1145097178638,1145097178671,1145097178717,1361,1
1362,1145097330388,1145097330421,1145097330470,1362,1
1363,1145097428973,1145097429006,1145097429075,1363,1
1364,1145097553520,1145097553553,1145097553599,1364,1
1365,1145097678381,1145097678413,1145097678479,1365,1
1366,1145097803514,1145097803546,1145097803592,1366,1
1367,1145097928565,1145097928598,1145097928659,1367,1
1368,1145098055855,1145098055888,1145098056045,1368,1
1369,1145098178762,1145098178795,1145098178901,1369,1
1370,1145098303819,1145098303852,1145098303900,1370,1
1371,1145098428685,1145098428717,1145098428765,1371,1
1372,1145098553525,1145098553558,1145098553604,1372,1
1373,1145098678395,1145098678427,1145098678477,1373,1
1374,1145098803351,1145098803385,1145098803431,1374,1
1375,1145098928459,1145098928491,1145098928541,1375,1
1376,1145099053470,1145099053501,1145099053548,1376,1
1377,1145099178421,1145099178454,1145099178504,1377,1
1378,1145099303505,1145099303538,1145099303587,1378,1
1379,1145099427574,1145099427606,1145099427655,1379,1
1380,1145099581614,1145099581650,1145099581748,1380,1
1381,1145099680291,1145099680324,1145099680398,1381,1
1382,1145099805304,1145099805336,1145099805382,1382,1
1383,1145099922623,1145099922656,1145099922729,1383,1
1384,1145100060501,1145100060537,1145100060586,1384,1
1385,1145100178795,1145100178897,1145100178947,1385,1
1386,1145100304062,1145100304095,1145100304143,1386,1
1387,1145100428879,1145100428912,1145100429016,1387,1
1388,1145100553412,1145100553445,1145100553496,1388,1
1389,1145100678634,1145100678667,1145100678748,1389,1
1390,1145100803722,1145100803754,1145100803807,1390,1
1391,1145100928367,1145100928399,1145100928450,1391,1
1392,1145101053283,1145101053316,1145101053367,1392,1
1393,1145101178762,1145101178795,1145101178876,1393,1
1394,1145101328475,1145101328507,1145101328560,1394,1
1395,1145101430604,1145101430637,1145101430719,1395,1
1396,1145101555469,1145101555502,1145101555549,1396,1
1397,1145101680661,1145101680695,1145101680934,1397,1
1398,1145101805521,1145101805554,1145101805600,1398,1
1399,1145101986130,1145101986164,1145101986234,1399,1
1400,1145102055320,1145102055352,1145102055405,1400,1
1401,1145102180133,1145102180166,1145102180339,1401,1
1402,1145102305518,1145102305551,1145102305652,1402,1
1403,1145102430500,1145102430533,1145102430650,1403,1
1404,1145102555556,1145102555589,1145102555635,1404,1
1405,1145102680192,1145102680225,1145102680292,1405,1
1406,1145102805409,1145102805443,1145102805489,1406,1
1407,1145102930237,1145102930270,1145102930330,1407,1
1408,1145103055135,1145103055167,1145103055215,1408,1
1409,1145103180342,1145103180376,1145103180426,1409,1
1410,1145103305228,1145103305261,1145103305312,1410,1
1411,1145103430572,1145103430605,1145103430655,1411,1
1412,1145103561363,1145103561395,1145103561446,1412,1
1413,1145103680299,1145103680331,1145103680382,1413,1
1414,1145103805126,1145103805159,1145103805210,1414,1
1415,1145103922621,1145103922654,1145103922701,1415,1
1416,1145104060350,1145104060381,1145104060432,1416,1
1417,1145104178861,1145104178965,1145104179015,1417,1
1418,1145104303588,1145104303622,1145104303674,1418,1
1419,1145104428642,1145104428674,1145104428723,1419,1
1420,1145104553642,1145104553675,1145104553780,1420,1
1421,1145104678467,1145104678500,1145104678553,1421,1
1422,1145104803404,1145104803436,1145104803486,1422,1
1423,1145104928366,1145104928398,1145104928446,1423,1
1424,1145105053372,1145105053406,1145105053452,1424,1
1425,1145105183672,1145105183706,1145105183781,1425,1
1426,1145105337688,1145105337721,1145105337769,1426,1
1427,1145105430496,1145105430528,1145105430715,1427,1
1428,1145105555457,1145105555491,1145105555542,1428,1
1429,1145105680213,1145105680246,1145105680425,1429,1
1430,1145105805091,1145105805123,1145105805169,1430,1
1431,1145105967262,1145105967294,1145105967479,1431,1
1432,1145106054794,1145106054826,1145106054874,1432,1
1433,1145106179981,1145106180015,1145106180246,1433,1
1434,1145106304950,1145106304983,1145106305029,1434,1
1435,1145106429980,1145106430012,1145106430175,1435,1
1436,1145106555097,1145106555129,1145106555176,1436,1
1437,1145106680095,1145106680127,1145106680238,1437,1
1438,1145106805580,1145106805612,1145106805662,1438,1
1439,1145106930403,1145106930436,1145106930541,1439,1
1440,1145107055361,1145107055394,1145107055439,1440,1
1441,1145107180126,1145107180159,1145107180263,1441,1
1442,1145107305197,1145107305229,1145107305279,1442,1
1443,1145107430238,1145107430270,1145107430320,1443,1
1444,1145107559981,1145107560014,1145107560064,1444,1
1445,1145107680308,1145107680339,1145107680392,1445,1
1446,1145107805243,1145107805276,1145107805326,1446,1
1447,1145107922481,1145107922513,1145107922561,1447,1
1448,1145108059810,1145108059843,1145108059891,1448,1
1449,1145108178485,1145108178586,1145108178640,1449,1
1450,1145108303434,1145108303466,1145108303516,1450,1
1451,1145108428361,1145108428394,1145108428445,1451,1
1452,1145108553384,1145108553416,1145108553462,1452,1
1453,1145108678738,1145108678771,1145108678817,1453,1
1454,1145108803598,1145108803631,1145108803734,1454,1
1455,1145108928647,1145108928680,1145108928786,1455,1
1456,1145109053427,1145109053460,1145109053507,1456,1
1457,1145109178609,1145109178642,1145109178751,1457,1
1458,1145109330309,1145109330342,1145109330393,1458,1
1459,1145109428596,1145109428628,1145109428674,1459,1
1460,1145109553552,1145109553585,1145109553635,1460,1
1461,1145109678613,1145109678646,1145109678692,1461,1
1462,1145109803565,1145109803598,1145109803642,1462,1
1463,1145109928424,1145109928457,1145109928560,1463,1
1464,1145110053441,1145110053474,1145110053516,1464,1
1465,1145110178510,1145110178544,1145110178657,1465,1
1466,1145110303560,1145110303592,1145110303635,1466,1
1467,1145110428395,1145110428427,1145110428487,1467,1
1468,1145110553345,1145110553378,1145110553533,1468,1
1469,1145110678596,1145110678629,1145110678672,1469,1
1470,1145110803906,1145110803937,1145110803984,1470,1
1471,1145110927829,1145110927861,1145110927908,1471,1
1472,1145111182003,1145111182056,1145111182151,1472,1
1473,1145111202028,1145111202061,1145111202126,1473,1
1474,1145111310903,1145111310937,1145111310987,1474,1
1475,1145111435915,1145111435948,1145111435996,1475,1
1476,1145111560903,1145111560936,1145111560984,1476,1
1477,1145111684759,1145111684792,1145111684836,1477,1
1478,1145111810271,1145111810303,1145111810354,1478,1
1479,1145111925833,1145111925867,1145111925915,1479,1
1480,1145112062325,1145112062358,1145112062411,1480,1
1481,1145112180588,1145112180621,1145112180703,1481,1
1482,1145112305280,1145112305312,1145112305362,1482,1
1483,1145112430161,1145112430193,1145112430271,1483,1
1484,1145112555024,1145112555056,1145112555110,1484,1
1485,1145112679657,1145112679689,1145112679737,1485,1
1486,1145112804433,1145112804465,1145112804516,1486,1
1487,1145112929674,1145112929708,1145112929809,1487,1
1488,1145113054004,1145113054037,1145113054088,1488,1
1489,1145113178990,1145113179022,1145113179073,1489,1
1490,1145113317928,1145113317961,1145113318012,1490,1
1491,1145113429381,1145113429414,1145113429463,1491,1
1492,1145113554065,1145113554099,1145113554148,1492,1
1493,1145113678848,1145113678881,1145113678932,1493,1
1494,1145113803660,1145113803693,1145113803741,1494,1
1495,1145113929086,1145113929119,1145113929166,1495,1
1496,1145114053757,1145114053790,1145114053832,1496,1
1497,1145114213780,1145114213815,1145114213911,1497,1
1498,1145114303569,1145114303601,1145114303654,1498,1
1499,1145114436643,1145114436677,1145114436797,1499,1
1500,1145114553589,1145114553622,1145114553667,1500,1
1501,1145114678823,1145114678856,1145114679032,1501,1
1502,1145114810775,1145114810807,1145114810913,1502,1
1503,1145114929103,1145114929135,1145114929247,1503,1
1504,1145115053962,1145115053994,1145115054042,1504,1
1505,1145115178674,1145115178706,1145115178810,1505,1
1506,1145115303683,1145115303716,1145115303766,1506,1
1507,1145115483436,1145115483469,1145115483629,1507,1
1508,1145115562322,1145115562356,1145115562408,1508,1
1509,1145115684231,1145115684263,1145115684376,1509,1
1510,1145115888600,1145115888633,1145115888729,1510,1
1511,1145115922823,1145115922858,1145115922961,1511,1
1512,1145116060648,1145116060681,1145116060732,1512,1
1513,1145116178988,1145116179104,1145116179208,1513,1
1514,1145116303786,1145116303818,1145116303866,1514,1
1515,1145116428729,1145116428761,1145116428877,1515,1
1516,1145116553566,1145116553600,1145116553649,1516,1
1517,1145116678517,1145116678550,1145116678669,1517,1
1518,1145116803403,1145116803435,1145116803487,1518,1
1519,1145116928411,1145116928444,1145116928560,1519,1
1520,1145117053742,1145117053774,1145117053822,1520,1
1521,1145117178574,1145117178606,1145117178773,1521,1
1522,1145117327936,1145117327969,1145117328022,1522,1
1523,1145117429262,1145117429295,1145117429402,1523,1
1524,1145117553560,1145117553593,1145117553640,1524,1
1525,1145117678418,1145117678451,1145117678612,1525,1
1526,1145117803406,1145117803438,1145117803483,1526,1
1527,1145117928319,1145117928352,1145117928428,1527,1
1528,1145118053419,1145118053452,1145118053501,1528,1
1529,1145118178480,1145118178512,1145118178589,1529,1
1530,1145118303402,1145118303435,1145118303486,1530,1
1531,1145118428317,1145118428350,1145118428426,1531,1
1532,1145118552509,1145118552542,1145118552592,1532,1
1533,1145118769511,1145118769544,1145118769668,1533,1
1534,1145118804805,1145118804838,1145118804885,1534,1
1535,1145118928398,1145118928430,1145118928600,1535,1
1536,1145119053642,1145119053674,1145119053721,1536,1
1537,1145119178874,1145119178906,1145119179012,1537,1
1538,1145119303929,1145119303961,1145119304013,1538,1
1539,1145119428721,1145119428755,1145119428869,1539,1
1540,1145119553402,1145119553436,1145119553485,1540,1
1541,1145119678404,1145119678439,1145119678558,1541,1
1542,1145119802476,1145119802509,1145119802560,1542,1
1543,1145119929100,1145119929133,1145119929313,1543,1
1544,1145120059926,1145120059958,1145120060007,1544,1
1545,1145120178928,1145120179033,1145120179145,1545,1
1546,1145120303754,1145120303786,1145120303833,1546,1
1547,1145120514761,1145120514793,1145120514957,1547,1
1548,1145120554071,1145120554104,1145120554152,1548,1
1549,1145120678442,1145120678474,1145120678580,1549,1
1550,1145120803696,1145120803729,1145120803775,1550,1
1551,1145120934251,1145120934285,1145120934399,1551,1
1552,1145121053452,1145121053485,1145121053537,1552,1
1553,1145121178406,1145121178439,1145121178543,1553,1
1554,1145121335800,1145121335832,1145121335939,1554,1
1555,1145121428823,1145121428857,1145121428907,1555,1
1556,1145121553548,1145121553582,1145121553631,1556,1
1557,1145121678467,1145121678500,1145121678551,1557,1
1558,1145121803463,1145121803496,1145121803542,1558,1
1559,1145121928377,1145121928409,1145121928529,1559,1
1560,1145122053342,1145122053375,1145122053420,1560,1
1561,1145122178751,1145122178784,1145122178905,1561,1
1562,1145122303834,1145122303867,1145122303912,1562,1
1563,1145122428765,1145122428797,1145122428843,1563,1
1564,1145122553381,1145122553413,1145122553457,1564,1
1565,1145122678428,1145122678461,1145122678506,1565,1
1566,1145122803449,1145122803482,1145122803532,1566,1
1567,1145122928518,1145122928551,1145122928597,1567,1
1568,1145123053400,1145123053433,1145123053589,1568,1
1569,1145123178558,1145123178591,1145123178698,1569,1
1570,1145123303814,1145123303847,1145123303897,1570,1
1571,1145123427736,1145123427769,1145123427878,1571,1
1572,1145123563664,1145123563697,1145123563817,1572,1
1573,1145123680691,1145123680724,1145123680842,1573,1
1574,1145123805274,1145123805307,1145123805357,1574,1
1575,1145123922517,1145123922551,1145123922666,1575,1
1576,1145124060110,1145124060143,1145124060196,1576,1
1577,1145124178626,1145124178730,1145124178781,1577,1
1578,1145124303494,1145124303527,1145124303573,1578,1
1579,1145124428861,1145124428893,1145124428939,1579,1
1580,1145124654569,1145124654604,1145124654684,1580,1
1581,1145124689182,1145124689215,1145124689266,1581,1
1582,1145124872969,1145124873002,1145124873097,1582,1
1583,1145124931596,1145124931638,1145124931693,1583,1
1584,1145125100754,1145125100787,1145125100885,1584,1
1585,1145125179376,1145125179409,1145125179486,1585,1
1586,1145125337640,1145125337676,1145125337726,1586,1
1587,1145125430877,1145125430909,1145125431133,1587,1
1588,1145125555252,1145125555284,1145125555334,1588,1
1589,1145125680081,1145125680114,1145125680164,1589,1
1590,1145125805028,1145125805062,1145125805113,1590,1
1591,1145125971445,1145125971478,1145125971620,1591,1
1592,1145126055083,1145126055117,1145126055163,1592,1
1593,1145126180004,1145126180036,1145126180108,1593,1
1594,1145126304978,1145126305011,1145126305057,1594,1
1595,1145126430050,1145126430083,1145126430151,1595,1
1596,1145126555568,1145126555599,1145126555645,1596,1
1597,1145126680074,1145126680107,1145126680186,1597,1
1598,1145126805028,1145126805061,1145126805108,1598,1
1599,1145126929985,1145126930018,1145126930091,1599,1
1600,1145127054971,1145127055004,1145127055049,1600,1
1601,1145127179806,1145127179839,1145127179885,1601,1
1602,1145127355626,1145127355662,1145127355859,1602,1
1603,1145127430423,1145127430456,1145127430574,1603,1
1604,1145127562172,1145127562207,1145127562261,1604,1
1605,1145127680546,1145127680579,1145127680685,1605,1
1606,1145127888136,1145127888168,1145127888285,1606,1
1607,1145127923166,1145127923199,1145127923261,1607,1
1608,1145128060787,1145128060820,1145128060870,1608,1
1609,1145128178606,1145128178707,1145128178769,1609,1
1610,1145128303456,1145128303490,1145128303539,1610,1
1611,1145128428346,1145128428379,1145128428454,1611,1
1612,1145128553666,1145128553699,1145128553745,1612,1
1613,1145128678580,1145128678613,1145128678659,1613,1
1614,1145128803326,1145128803359,1145128803409,1614,1
1615,1145128928300,1145128928333,1145128928381,1615,1
1616,1145129053515,1145129053548,1145129053591,1616,1
1617,1145129178632,1145129178665,1145129178731,1617,1
1618,1145129330537,1145129330568,1145129330617,1618,1
1619,1145129430096,1145129430129,1145129430198,1619,1
1620,1145129554932,1145129554964,1145129555014,1620,1
1621,1145129926767,1145129926801,1145129926918,1621,1
1622,1145129936526,1145129936557,1145129936597,1622,1
1623,1145129950004,1145129950035,1145129950097,1623,1
1624,1145130059876,1145130059908,1145130059959,1624,1
1625,1145130184079,1145130184110,1145130184176,1625,1
1626,1145130309064,1145130309094,1145130309141,1626,1
1627,1145130437268,1145130437301,1145130437362,1627,1
1628,1145130563603,1145130563635,1145130563686,1628,1
1629,1145130683540,1145130683571,1145130683640,1629,1
1630,1145130807526,1145130807558,1145130807601,1630,1
1631,1145130970314,1145130970349,1145130970425,1631,1
1632,1145131057014,1145131057046,1145131057090,1632,1
1633,1145131181249,1145131181280,1145131181350,1633,1
1634,1145131306275,1145131306307,1145131306352,1634,1
1635,1145131445540,1145131445572,1145131445743,1635,1
1636,1145131556732,1145131556765,1145131556811,1636,1
1637,1145131681683,1145131681715,1145131681833,1637,1
1638,1145131806079,1145131806112,1145131806157,1638,1
1639,1145131923129,1145131923163,1145131923271,1639,1
1640,1145132061186,1145132061218,1145132061264,1640,1
1641,1145132184802,1145132184907,1145132185054,1641,1
1642,1145132304090,1145132304122,1145132304167,1642,1
1643,1145132428956,1145132428988,1145132429156,1643,1
1644,1145132553981,1145132554014,1145132554060,1644,1
1645,1145132679145,1145132679178,1145132679255,1645,1
1646,1145132804787,1145132804819,1145132804871,1646,1
1647,1145132928168,1145132928201,1145132928282,1647,1
1648,1145133052965,1145133052996,1145133053041,1648,1
1649,1145133177948,1145133177980,1145133178051,1649,1
1650,1145133326143,1145133326177,1145133326225,1650,1
1651,1145133428430,1145133428462,1145133428540,1651,1
1652,1145133552924,1145133552956,1145133553000,1652,1
1653,1145133677946,1145133677977,1145133678144,1653,1
1654,1145133803540,1145133803571,1145133803672,1654,1
1655,1145133928230,1145133928261,1145133928336,1655,1
1656,1145134053195,1145134053226,1145134053271,1656,1
1657,1145134177964,1145134177995,1145134178074,1657,1
1658,1145134302940,1145134302971,1145134303017,1658,1
1659,1145134486969,1145134487004,1145134487053,1659,1
1660,1145135054631,1145135054668,1145135054869,1660,1
1661,1145135137735,1145135137771,1145135137861,1661,1
1662,1145135139060,1145135139091,1145135139132,1662,1
1663,1145135140153,1145135140186,1145135140230,1663,1
1664,1145135149947,1145135149982,1145135150024,1664,1
1665,1145135189701,1145135189731,1145135189776,1665,1
1666,1145135310047,1145135310079,1145135310131,1666,1
1667,1145135434050,1145135434081,1145135434152,1667,1
1668,1145135572796,1145135572828,1145135572983,1668,1
1669,1145135683058,1145135683090,1145135683211,1669,1
1670,1145135807174,1145135807207,1145135807254,1670,1
1671,1145135938009,1145135938041,1145135938153,1671,1
1672,1145136063685,1145136063791,1145136063884,1672,1
1673,1145136178332,1145136178364,1145136178484,1673,1
1674,1145136303765,1145136303797,1145136303842,1674,1
1675,1145136428622,1145136428655,1145136428769,1675,1
1676,1145136553521,1145136553555,1145136553604,1676,1
1677,1145136678473,1145136678506,1145136678565,1677,1
1678,1145136803556,1145136803588,1145136803635,1678,1
1679,1145136928401,1145136928433,1145136928496,1679,1
1680,1145137053541,1145137053574,1145137053623,1680,1
1681,1145137178471,1145137178505,1145137178570,1681,1
1682,1145137336955,1145137336988,1145137337036,1682,1
1683,1145137428651,1145137428683,1145137428744,1683,1
1684,1145137553653,1145137553686,1145137553732,1684,1
1685,1145137684164,1145137684195,1145137684336,1685,1
1686,1145137805047,1145137805080,1145137805133,1686,1
1687,1145137927979,1145137928012,1145137928137,1687,1
1688,1145138061737,1145138061772,1145138061867,1688,1
1689,1145138193895,1145138193927,1145138194000,1689,1
1690,1145138303873,1145138303906,1145138303956,1690,1
1691,1145138428383,1145138428416,1145138428478,1691,1
1692,1145138553542,1145138553575,1145138553626,1692,1
1693,1145138678608,1145138678640,1145138678706,1693,1
1694,1145138803621,1145138803654,1145138803699,1694,1
1695,1145138928403,1145138928435,1145138928495,1695,1
1696,1145139053399,1145139053432,1145139053482,1696,1
1697,1145139178374,1145139178406,1145139178468,1697,1
1698,1145139303427,1145139303459,1145139303509,1698,1
1699,1145139428552,1145139428585,1145139428632,1699,1
1700,1145139558833,1145139558866,1145139558913,1700,1
1701,1145139678639,1145139678673,1145139678722,1701,1
1702,1145139803269,1145139803302,1145139803475,1702,1
1703,1145140179016,1145140179053,1145140179243,1703,1
1704,1145140190930,1145140190966,1145140191010,1704,1
1705,1145140192133,1145140192165,1145140192283,1705,1
1706,1145140309283,1145140309385,1145140309433,1706,1
1707,1145140432551,1145140432584,1145140432698,1707,1
1708,1145140559189,1145140559223,1145140559276,1708,1
1709,1145140681519,1145140681551,1145140681658,1709,1
1710,1145140810132,1145140810162,1145140810219,1710,1
1711,1145140931159,1145140931190,1145140931300,1711,1
1712,1145141055867,1145141055898,1145141055947,1712,1
1713,1145141222259,1145141222293,1145141222448,1713,1
1714,1145141334465,1145141334496,1145141334544,1714,1
1715,1145141429964,1145141429996,1145141430102,1715,1
1716,1145141554590,1145141554623,1145141554670,1716,1
1717,1145141679700,1145141679732,1145141679840,1717,1
1718,1145141804545,1145141804576,1145141804627,1718,1
1719,1145141929353,1145141929386,1145141929491,1719,1
1720,1145142054640,1145142054672,1145142054776,1720,1
1721,1145142179333,1145142179366,1145142179466,1721,1
1722,1145142304472,1145142304505,1145142304556,1722,1
1723,1145142429219,1145142429252,1145142429355,1723,1
1724,1145142618838,1145142618870,1145142618964,1724,1
1725,1145142679270,1145142679302,1145142679419,1725,1
1726,1145142804053,1145142804085,1145142804135,1726,1
1727,1145142928639,1145142928671,1145142928782,1727,1
1728,1145143053736,1145143053769,1145143053822,1728,1
1729,1145143178547,1145143178580,1145143178686,1729,1
1730,1145143304104,1145143304135,1145143304181,1730,1
1731,1145143428656,1145143428688,1145143428803,1731,1
1732,1145143553923,1145143553955,1145143554001,1732,1
1733,1145143678679,1145143678712,1145143678818,1733,1
1734,1145143913945,1145143913978,1145143914189,1734,1
1735,1145143925193,1145143925230,1145143925330,1735,1
1736,1145144061936,1145144061972,1145144062066,1736,1
1737,1145144178924,1145144179025,1145144179132,1737,1
1738,1145144303901,1145144303934,1145144303987,1738,1
1739,1145144428619,1145144428652,1145144428756,1739,1
1740,1145144553598,1145144553629,1145144553683,1740,1
1741,1145144678605,1145144678639,1145144678760,1741,1
1742,1145144803552,1145144803584,1145144803632,1742,1
1743,1145144928593,1145144928626,1145144928677,1743,1
1744,1145145053386,1145145053417,1145145053460,1744,1
1745,1145145178338,1145145178372,1145145178420,1745,1
1746,1145145343339,1145145343372,1145145343419,1746,1
1747,1145145428216,1145145428249,1145145428298,1747,1
1748,1145145563437,1145145563470,1145145563566,1748,1
1749,1145145680332,1145145680365,1145145680410,1749,1
1750,1145145805452,1145145805484,1145145805535,1750,1
1751,1145146141688,1145146141722,1145146141819,1751,1
1752,1145146153531,1145146153573,1145146153631,1752,1
1753,1145146396115,1145146396149,1145146396273,1753,1
1754,1145146406170,1145146406204,1145146406247,1754,1
1755,1145146439406,1145146439439,1145146439498,1755,1
1756,1145146561679,1145146561711,1145146561762,1756,1
1757,1145146685934,1145146685967,1145146686039,1757,1
1758,1145146810815,1145146810847,1145146810895,1758,1
1759,1145146935239,1145146935273,1145146935344,1759,1
1760,1145147061372,1145147061406,1145147061460,1760,1
1761,1145147180256,1145147180289,1145147180406,1761,1
1762,1145147305479,1145147305511,1145147305571,1762,1
1763,1145147430228,1145147430262,1145147430307,1763,1
1764,1145147555359,1145147555392,1145147555444,1764,1
1765,1145147680430,1145147680463,1145147680513,1765,1
1766,1145147884443,1145147884476,1145147884524,1766,1
1767,1145147923439,1145147923472,1145147923523,1767,1
1768,1145148082105,1145148082208,1145148082369,1768,1
1769,1145148178783,1145148178815,1145148178923,1769,1
1770,1145148310188,1145148310219,1145148310275,1770,1
1771,1145148428724,1145148428756,1145148428866,1771,1
1772,1145148553671,1145148553704,1145148553757,1772,1
1773,1145148922277,1145148922334,1145148922499,1773,1
1774,1145148932735,1145148932771,1145148932814,1774,1
1775,1145148933480,1145148933514,1145148933631,1775,1
1776,1145149052731,1145149052764,1145149052816,1776,1
1777,1145149185082,1145149185117,1145149185300,1777,1
1778,1145149336075,1145149336107,1145149336158,1778,1
1779,1145149429087,1145149429119,1145149429243,1779,1
1780,1145149552751,1145149552783,1145149552829,1780,1
1781,1145149742765,1145149742799,1145149742971,1781,1
1782,1145149805401,1145149805435,1145149805482,1782,1
1783,1145149930214,1145149930247,1145149930331,1783,1
1784,1145150055307,1145150055341,1145150055387,1784,1
1785,1145150180428,1145150180461,1145150180534,1785,1
1786,1145150305476,1145150305509,1145150305554,1786,1
1787,1145150488816,1145150488849,1145150488991,1787,1
1788,1145150556422,1145150556454,1145150556503,1788,1
1789,1145150685754,1145150685786,1145150685855,1789,1
1790,1145150805410,1145150805443,1145150805493,1790,1
1791,1145150930255,1145150930287,1145150930462,1791,1
1792,1145151055314,1145151055346,1145151055395,1792,1
1793,1145151180253,1145151180287,1145151180363,1793,1
1794,1145151305557,1145151305590,1145151305644,1794,1
1795,1145151430575,1145151430608,1145151430683,1795,1
1796,1145151555364,1145151555397,1145151555446,1796,1
1797,1145151680560,1145151680594,1145151680664,1797,1
1798,1145151805380,1145151805413,1145151805460,1798,1
1799,1145152206541,1145152206575,1145152206692,1799,1
1800,1145152214532,1145152214564,1145152214606,1800,1
1801,1145152215304,1145152215336,1145152215404,1801,1
1802,1145152338672,1145152338774,1145152339015,1802,1
1803,1145152433917,1145152433950,1145152434062,1803,1
1804,1145152557839,1145152557873,1145152557925,1804,1
1805,1145152690415,1145152690455,1145152690572,1805,1
1806,1145152821338,1145152821370,1145152821472,1806,1
1807,1145152949621,1145152949654,1145152949759,1807,1
1808,1145153053724,1145153053756,1145153053805,1808,1
1809,1145153178576,1145153178608,1145153178709,1809,1
1810,1145153362302,1145153362335,1145153362434,1810,1
1811,1145153427688,1145153427721,1145153427826,1811,1
1812,1145153560549,1145153560593,1145153560703,1812,1
1813,1145153678677,1145153678711,1145153678834,1813,1
1814,1145153803698,1145153803731,1145153803777,1814,1
1815,1145153928690,1145153928724,1145153928839,1815,1
1816,1145154085049,1145154085081,1145154085160,1816,1
1817,1145154180904,1145154180947,1145154181027,1817,1
1818,1145154303639,1145154303673,1145154303787,1818,1
1819,1145154433730,1145154433764,1145154433839,1819,1
1820,1145154553606,1145154553638,1145154553746,1820,1
1821,1145154678326,1145154678359,1145154678422,1821,1
1822,1145154803447,1145154803479,1145154803524,1822,1
1823,1145154928063,1145154928096,1145154928162,1823,1
1824,1145155053065,1145155053097,1145155053144,1824,1
1825,1145155178865,1145155178898,1145155178964,1825,1
1826,1145155571289,1145155571322,1145155571420,1826,1
1827,1145155581926,1145155581961,1145155582022,1827,1
1828,1145155582782,1145155582815,1145155582856,1828,1
1829,1145155686121,1145155686153,1145155686237,1829,1
1830,1145155866608,1145155866639,1145155866692,1830,1
1831,1145155926387,1145155926420,1145155926500,1831,1
1832,1145156057563,1145156057595,1145156057645,1832,1
1833,1145156185363,1145156185396,1145156185482,1833,1
1834,1145156311779,1145156311881,1145156311995,1834,1
1835,1145156477442,1145156477475,1145156477650,1835,1
1836,1145156555800,1145156555834,1145156555881,1836,1
1837,1145156679221,1145156679253,1145156679361,1837,1
1838,1145156830606,1145156830639,1145156830730,1838,1
1839,1145156930609,1145156930645,1145156930755,1839,1
1840,1145157054680,1145157054713,1145157054762,1840,1
1841,1145157181075,1145157181113,1145157181311,1841,1
1842,1145157339109,1145157339142,1145157339191,1842,1
1843,1145157429551,1145157429583,1145157429628,1843,1
1844,1145157554280,1145157554313,1145157554361,1844,1
1845,1145157679093,1145157679126,1145157679177,1845,1
1846,1145157803809,1145157803841,1145157803889,1846,1
1847,1145157969690,1145157969723,1145157969798,1847,1
1848,1145158157169,1145158157203,1145158157301,1848,1
1849,1145158240336,1145158240371,1145158240507,1849,1
1850,1145158304223,1145158304258,1145158304307,1850,1
1851,1145158587487,1145158587519,1145158587597,1851,1
1852,1145158598417,1145158598452,1145158598493,1852,1
1853,1145158678715,1145158678749,1145158678823,1853,1
1854,1145158803676,1145158803709,1145158803813,1854,1
1855,1145158928790,1145158928823,1145158928900,1855,1
1856,1145159053902,1145159053934,1145159053980,1856,1
1857,1145159178720,1145159178752,1145159178831,1857,1
1858,1145159303946,1145159303978,1145159304023,1858,1
1859,1145159427694,1145159427725,1145159427772,1859,1
1860,1145159563276,1145159563312,1145159563409,1860,1
1861,1145159856787,1145159856819,1145159856868,1861,1
1862,1145159866615,1145159866647,1145159866694,1862,1
1863,1145159923079,1145159923112,1145159923159,1863,1
1864,1145160060606,1145160060710,1145160060758,1864,1
1865,1145160261354,1145160261390,1145160261489,1865,1
1866,1145160303625,1145160303657,1145160303705,1866,1
1867,1145160428529,1145160428561,1145160428623,1867,1
1868,1145160554327,1145160554359,1145160554518,1868,1
1869,1145160677165,1145160677197,1145160677314,1869,1
1870,1145160810297,1145160810332,1145160810427,1870,1
1871,1145160927803,1145160927835,1145160927945,1871,1
1872,1145161053165,1145161053197,1145161053242,1872,1
1873,1145161564207,1145161564251,1145161564427,1873,1
1874,1145161584347,1145161584380,1145161584428,1874,1
1875,1145161585159,1145161585190,1145161585310,1875,1
1876,1145161586006,1145161586043,1145161586084,1876,1
1877,1145161680326,1145161680358,1145161680472,1877,1
1878,1145161804866,1145161804897,1145161804945,1878,1
1879,1145161965654,1145161965687,1145161965793,1879,1
1880,1145162054972,1145162055004,1145162055045,1880,1
1881,1145162180297,1145162180329,1145162180433,1881,1
1882,1145162304953,1145162304984,1145162305028,1882,1
1883,1145162435408,1145162435441,1145162435550,1883,1
1884,1145162554914,1145162554946,1145162554989,1884,1
1885,1145162724572,1145162724604,1145162724720,1885,1
1886,1145162804851,1145162804883,1145162804927,1886,1
1887,1145162930215,1145162930246,1145162930418,1887,1
1888,1145163054789,1145163054820,1145163054865,1888,1
1889,1145163180219,1145163180252,1145163180369,1889,1
1890,1145163352320,1145163352352,1145163352448,1890,1
1891,1145163429705,1145163429738,1145163429850,1891,1
1892,1145163560884,1145163560916,1145163560971,1892,1
1893,1145163679581,1145163679612,1145163679725,1893,1
1894,1145163854070,1145163854101,1145163854147,1894,1
1895,1145163922366,1145163922397,1145163922478,1895,1
1896,1145164080346,1145164080453,1145164080556,1896,1
1897,1145164178269,1145164178302,1145164178404,1897,1
1898,1145164303327,1145164303359,1145164303407,1898,1
1899,1145164427992,1145164428025,1145164428093,1899,1
1900,1145164552935,1145164552967,1145164553015,1900,1
1901,1145164678171,1145164678202,1145164678376,1901,1
1902,1145164803028,1145164803061,1145164803169,1902,1
1903,1145164927961,1145164927992,1145164928118,1903,1
1904,1145165053035,1145165053067,1145165053117,1904,1
1905,1145165177987,1145165178019,1145165178131,1905,1
1906,1145165470527,1145165470559,1145165470609,1906,1
1907,1145165478360,1145165478393,1145165478521,1907,1
1908,1145165554271,1145165554303,1145165554349,1908,1
1909,1145165678450,1145165678483,1145165678742,1909,1
1910,1145166217517,1145166217576,1145166217751,1910,1
1911,1145166229903,1145166229938,1145166230097,1911,1
1912,1145166230785,1145166230818,1145166230860,1912,1
1913,1145166231657,1145166231689,1145166231967,1913,1
1914,1145166425128,1145166425182,1145166425235,1914,1
1915,1145166435544,1145166435578,1145166435760,1915,1
1916,1145166560107,1145166560142,1145166560204,1916,1
1917,1145166879022,1145166879104,1145166879294,1917,1
1918,1145166900859,1145166900902,1145166900960,1918,1
1919,1145166981377,1145166981413,1145166981581,1919,1
1920,1145167433724,1145167433756,1145167433860,1920,1
1921,1145167444591,1145167444624,1145167444808,1921,1
1922,1145167445389,1145167445422,1145167445464,1922,1
1923,1145167446233,1145167446265,1145167446335,1923,1
1924,1145167561049,1145167561082,1145167561133,1924,1
1925,1145167683223,1145167683255,1145167683332,1925,1
1926,1145168057486,1145168057593,1145168057803,1926,1
1927,1145168060084,1145168060118,1145168060196,1927,1
1928,1145168068689,1145168068722,1145168068764,1928,1
1929,1145168183920,1145168183954,1145168184031,1929,1
1930,1145168308611,1145168308644,1145168308697,1930,1
1931,1145168435385,1145168435418,1145168435492,1931,1
1932,1145168591767,1145168591804,1145168591898,1932,1
1933,1145168682646,1145168682679,1145168682763,1933,1
1934,1145168811528,1145168811561,1145168811614,1934,1
1935,1145169058606,1145169058638,1145169058856,1935,1
1936,1145169076781,1145169076816,1145169076867,1936,1
1937,1145169184157,1145169184199,1145169184332,1937,1
1938,1145169334063,1145169334098,1145169334152,1938,1
1939,1145169430750,1145169430783,1145169430860,1939,1
1940,1145169555206,1145169555239,1145169555285,1940,1
1941,1145169680115,1145169680148,1145169680255,1941,1
1942,1145169803939,1145169803972,1145169804023,1942,1
1943,1145169953684,1145169953717,1145169953843,1943,1
1944,1145170068890,1145170068923,1145170069017,1944,1
1945,1145170179216,1145170179248,1145170179319,1945,1
1946,1145170399524,1145170399560,1145170399654,1946,1
1947,1145170439831,1145170439864,1145170439968,1947,1
1948,1145170555115,1145170555148,1145170555191,1948,1
1949,1145170679295,1145170679329,1145170679452,1949,1
1950,1145170804233,1145170804265,1145170804309,1950,1
1951,1145170929085,1145170929118,1145170929238,1951,1
1952,1145171053276,1145171053309,1145171053355,1952,1
1953,1145171188975,1145171189008,1145171189180,1953,1
1954,1145171341652,1145171341685,1145171341788,1954,1
1955,1145171436767,1145171436799,1145171436929,1955,1
1956,1145171574845,1145171574876,1145171574925,1956,1
1957,1145171685423,1145171685456,1145171685562,1957,1
1958,1145171826853,1145171826887,1145171826937,1958,1
1959,1145171929231,1145171929264,1145171929312,1959,1
1960,1145172078113,1145172078217,1145172078265,1960,1
1961,1145172184592,1145172184624,1145172184679,1961,1
1962,1145172309693,1145172309725,1145172309773,1962,1
1963,1145172437259,1145172437294,1145172437345,1963,1
1964,1145172561811,1145172561845,1145172561899,1964,1
1965,1145172741661,1145172741960,1145172742057,1965,1
1966,1145172818227,1145172818262,1145172818312,1966,1
1967,1145172958392,1145172958427,1145172958474,1967,1
1968,1145173058059,1145173058092,1145173058257,1968,1
1969,1145173211636,1145173211668,1145173211789,1969,1
1970,1145173366415,1145173366448,1145173366501,1970,1
1971,1145173479111,1145173479153,1145173479206,1971,1
1972,1145173640335,1145173640376,1145173640433,1972,1
1973,1145173704760,1145173704793,1145173704839,1973,1
1974,1145174302828,1145174302885,1145174303101,1974,1
1975,1145174314734,1145174314770,1145174314839,1975,1
1976,1145174315514,1145174315546,1145174315587,1976,1
1977,1145174316186,1145174316219,1145174316288,1977,1
1978,1145174325251,1145174325284,1145174325335,1978,1
1979,1145174439471,1145174439503,1145174439575,1979,1
1980,1145174561337,1145174561369,1145174561424,1980,1
1981,1145174686612,1145174686645,1145174686712,1981,1
1982,1145174811404,1145174811437,1145174811493,1982,1
1983,1145174935692,1145174935725,1145174935792,1983,1
1984,1145175057091,1145175057123,1145175057176,1984,1
1985,1145175181360,1145175181393,1145175181443,1985,1
1986,1145175305701,1145175305734,1145175305779,1986,1
1987,1145175430039,1145175430072,1145175430178,1987,1
1988,1145175582113,1145175582147,1145175582241,1988,1
1989,1145175680670,1145175680704,1145175680752,1989,1
1990,1145175835860,1145175835892,1145175835987,1990,1
1991,1145175923289,1145175923321,1145175923366,1991,1
1992,1145176071666,1145176071779,1145176071885,1992,1
1993,1145176198040,1145176198073,1145176198148,1993,1
1994,1145176303769,1145176303800,1145176303850,1994,1
1995,1145176457755,1145176457786,1145176457835,1995,1
1996,1145176553205,1145176553236,1145176553288,1996,1
1997,1145176686620,1145176686653,1145176686773,1997,1
1998,1145176804236,1145176804268,1145176804316,1998,1
1999,1145176928820,1145176928851,1145176928900,1999,1
2000,1145177053495,1145177053525,1145177053576,2000,1
2001,1145177178348,1145177178379,1145177178454,2001,1
2002,1145177337191,1145177337223,1145177337386,2002,1
2003,1145177428763,1145177428795,1145177428910,2003,1
2004,1145177553297,1145177553329,1145177553375,2004,1
2005,1145177678226,1145177678259,1145177678373,2005,1
2006,1145177802964,1145177802996,1145177803042,2006,1
2007,1145177928502,1145177928533,1145177928645,2007,1
2008,1145178053386,1145178053417,1145178053466,2008,1
2009,1145178178270,1145178178302,1145178178406,2009,1
2010,1145178303220,1145178303252,1145178303301,2010,1
2011,1145178427981,1145178428014,1145178428129,2011,1
2012,1145178552213,1145178552244,1145178552296,2012,1
2013,1145178697384,1145178697416,1145178697508,2013,1
2014,1145178803366,1145178803397,1145178803446,2014,1
2015,1145178928397,1145178928430,1145178928476,2015,1
2016,1145179053126,1145179053157,1145179053203,2016,1
2017,1145179178072,1145179178104,1145179178211,2017,1
2018,1145179302971,1145179303004,1145179303052,2018,1
2019,1145179428045,1145179428077,1145179428186,2019,1
2020,1145179553145,1145179553177,1145179553336,2020,1
2021,1145179678013,1145179678046,1145179678163,2021,1
2022,1145179883516,1145179883547,1145179883643,2022,1
2023,1145179922585,1145179922617,1145179922748,2023,1
2024,1145180059302,1145180059334,1145180059385,2024,1
2025,1145180178466,1145180178569,1145180178692,2025,1
2026,1145180305233,1145180305265,1145180305309,2026,1
2027,1145180428006,1145180428037,1145180428146,2027,1
2028,1145180553028,1145180553060,1145180553106,2028,1
2029,1145180678282,1145180678314,1145180678420,2029,1
2030,1145180802986,1145180803017,1145180803064,2030,1
2031,1145180928140,1145180928171,1145180928233,2031,1
2032,1145181053252,1145181053285,1145181053328,2032,1
2033,1145181178210,1145181178242,1145181178345,2033,1
2034,1145181326035,1145181326067,1145181326117,2034,1
2035,1145181428274,1145181428306,1145181428468,2035,1
2036,1145181553312,1145181553345,1145181553388,2036,1
2037,1145181678359,1145181678391,1145181678675,2037,1
2038,1145181802409,1145181802441,1145181802487,2038,1
2039,1145181946855,1145181946888,1145181947121,2039,1
2040,1145182055021,1145182055052,1145182055095,2040,1
2041,1145182179864,1145182179896,1145182179940,2041,1
2042,1145182304799,1145182304830,1145182304872,2042,1
2043,1145182429723,1145182429754,1145182429796,2043,1
2044,1145182554703,1145182554735,1145182554778,2044,1
2045,1145182679906,1145182679938,1145182679979,2045,1
2046,1145182804758,1145182804790,1145182804836,2046,1
2047,1145182929756,1145182929787,1145182929832,2047,1
2048,1145183054803,1145183054835,1145183054879,2048,1
2049,1145183179998,1145183180029,1145183180103,2049,1
2050,1145183304903,1145183304935,1145183304983,2050,1
2051,1145183429754,1145183429786,1145183429831,2051,1
2052,1145183554929,1145183554961,1145183555009,2052,1
2053,1145183679930,1145183679962,1145183680034,2053,1
2054,1145183805109,1145183805141,1145183805242,2054,1
2055,1145183922380,1145183922412,1145183922457,2055,1
2056,1145184059512,1145184059619,1145184059666,2056,1
2057,1145184178412,1145184178442,1145184178491,2057,1
2058,1145184303316,1145184303348,1145184303396,2058,1
2059,1145184428138,1145184428170,1145184428218,2059,1
2060,1145184553316,1145184553349,1145184553393,2060,1
2061,1145184677965,1145184677998,1145184678046,2061,1
2062,1145184803023,1145184803055,1145184803103,2062,1
2063,1145184928110,1145184928142,1145184928191,2063,1
2064,1145185053022,1145185053054,1145185053100,2064,1
2065,1145185178174,1145185178206,1145185178255,2065,1
2066,1145185316970,1145185317002,1145185317049,2066,1
2067,1145185428156,1145185428187,1145185428237,2067,1
2068,1145185553677,1145185553710,1145185553825,2068,1
2069,1145185678455,1145185678488,1145185678616,2069,1
2070,1145185803526,1145185803558,1145185803609,2070,1
2071,1145185928451,1145185928484,1145185928590,2071,1
2072,1145186053493,1145186053525,1145186053576,2072,1
2073,1145186178648,1145186178681,1145186178788,2073,1
2074,1145186310748,1145186310781,1145186310880,2074,1
2075,1145186428753,1145186428785,1145186428885,2075,1
2076,1145186553616,1145186553648,1145186553694,2076,1
2077,1145186678447,1145186678481,1145186678609,2077,1
2078,1145186803513,1145186803544,1145186803592,2078,1
2079,1145186928634,1145186928667,1145186928717,2079,1
2080,1145187053566,1145187053599,1145187053646,2080,1
2081,1145187178419,1145187178452,1145187178499,2081,1
2082,1145187303566,1145187303598,1145187303644,2082,1
2083,1145187428409,1145187428443,1145187428488,2083,1
2084,1145187552637,1145187552670,1145187552717,2084,1
2085,1145187886142,1145187886175,1145187886273,2085,1
2086,1145187887630,1145187887663,1145187887704,2086,1
2087,1145187925967,1145187926000,1145187926046,2087,1
2088,1145188061041,1145188061073,1145188061171,2088,1
2089,1145188183830,1145188183934,1145188184107,2089,1
2090,1145188311338,1145188311371,1145188311419,2090,1
2091,1145188438089,1145188438129,1145188438187,2091,1
2092,1145188575584,1145188575617,1145188575664,2092,1
2093,1145188688816,1145188688857,1145188688915,2093,1
2094,1145188822826,1145188822859,1145188822909,2094,1
2095,1145188931984,1145188932019,1145188932073,2095,1
2096,1145189056174,1145189056207,1145189056262,2096,1
2097,1145189180870,1145189180902,1145189180945,2097,1
2098,1145189336529,1145189336562,1145189336610,2098,1
2099,1145189432317,1145189432350,1145189432423,2099,1
2100,1145189556507,1145189556539,1145189556589,2100,1
2101,1145189681504,1145189681535,1145189681602,2101,1
2102,1145189805924,1145189805957,1145189806010,2102,1
2103,1145189931093,1145189931126,1145189931199,2103,1
2104,1145190055909,1145190055941,1145190056116,2104,1
2105,1145190181045,1145190181078,1145190181190,2105,1
2106,1145190305855,1145190305887,1145190305936,2106,1
2107,1145190430899,1145190430932,1145190431052,2107,1
2108,1145190556541,1145190556574,1145190556637,2108,1
2109,1145190682520,1145190682553,1145190682738,2109,1
2110,1145190805749,1145190805783,1145190805828,2110,1
2111,1145190930378,1145190930412,1145190930476,2111,1
2112,1145191055515,1145191055548,1145191055593,2112,1
2113,1145191180619,1145191180652,1145191180759,2113,1
2114,1145191319054,1145191319090,1145191319144,2114,1
2115,1145191431165,1145191431197,1145191431299,2115,1
2116,1145191556259,1145191556292,1145191556340,2116,1
2117,1145191680395,1145191680428,1145191680511,2117,1
2118,1145191805190,1145191805222,1145191805273,2118,1
2119,1145191922586,1145191922618,1145191922664,2119,1
2120,1145192060601,1145192060642,1145192060745,2120,1
2121,1145192178699,1145192178732,1145192178779,2121,1
2122,1145192303631,1145192303666,1145192303714,2122,1
2123,1145192428547,1145192428581,1145192428667,2123,1
2124,1145192553939,1145192553972,1145192554019,2124,1
2125,1145192678563,1145192678596,1145192678703,2125,1
2126,1145192803482,1145192803514,1145192803562,2126,1
2127,1145192928436,1145192928469,1145192928515,2127,1
2128,1145193053455,1145193053487,1145193053536,2128,1
2129,1145193178422,1145193178455,1145193178500,2129,1
2130,1145193334412,1145193334447,1145193334494,2130,1
2131,1145193428252,1145193428284,1145193428334,2131,1
2132,1145193553332,1145193553363,1145193553412,2132,1
2133,1145193678291,1145193678322,1145193678371,2133,1
2134,1145193803093,1145193803125,1145193803173,2134,1
2135,1145193927986,1145193928018,1145193928193,2135,1
2136,1145194053210,1145194053242,1145194053284,2136,1
2137,1145194178184,1145194178216,1145194178326,2137,1
2138,1145194303080,1145194303112,1145194303156,2138,1
2139,1145194428048,1145194428080,1145194428124,2139,1
2140,1145194552995,1145194553027,1145194553072,2140,1
2141,1145194678466,1145194678498,1145194678541,2141,1
2142,1145194803356,1145194803388,1145194803435,2142,1
2143,1145194928299,1145194928332,1145194928377,2143,1
2144,1145195053062,1145195053094,1145195053142,2144,1
2145,1145195178052,1145195178085,1145195178130,2145,1
2146,1145195302975,1145195303007,1145195303052,2146,1
2147,1145195428137,1145195428168,1145195428213,2147,1
2148,1145195552935,1145195552967,1145195553015,2148,1
2149,1145195678165,1145195678197,1145195678246,2149,1
2150,1145195802249,1145195802281,1145195802331,2150,1
2151,1145195972917,1145195972954,1145195973121,2151,1
2152,1145196129193,1145196129294,1145196129391,2152,1
2153,1145196178603,1145196178635,1145196178683,2153,1
2154,1145196303298,1145196303331,1145196303439,2154,1
2155,1145196428407,1145196428439,1145196428486,2155,1
2156,1145196553416,1145196553449,1145196553502,2156,1
2157,1145196678214,1145196678246,1145196678288,2157,1
2158,1145196803408,1145196803440,1145196803491,2158,1
2159,1145196928233,1145196928265,1145196928324,2159,1
2160,1145197053126,1145197053158,1145197053207,2160,1
2161,1145197178516,1145197178548,1145197178612,2161,1
2162,1145197339747,1145197339782,1145197339829,2162,1
2163,1145197428256,1145197428289,1145197428350,2163,1
2164,1145197553049,1145197553080,1145197553129,2164,1
2165,1145197678691,1145197678724,1145197678899,2165,1
2166,1145197803581,1145197803612,1145197803662,2166,1
2167,1145197928376,1145197928410,1145197928584,2167,1
2168,1145198053314,1145198053347,1145198053456,2168,1
2169,1145198178653,1145198178686,1145198178798,2169,1
2170,1145198303528,1145198303560,1145198303605,2170,1
2171,1145198428553,1145198428586,1145198428704,2171,1
2172,1145198553693,1145198553726,1145198553771,2172,1
2173,1145198678450,1145198678483,1145198678559,2173,1
2174,1145198803519,1145198803551,1145198803604,2174,1
2175,1145198928601,1145198928634,1145198928687,2175,1
2176,1145199053482,1145199053514,1145199053568,2176,1
2177,1145199178520,1145199178553,1145199178605,2177,1
2178,1145199303445,1145199303477,1145199303532,2178,1
2179,1145199427518,1145199427550,1145199427605,2179,1
2180,1145199561289,1145199561325,1145199561424,2180,1
2181,1145199678786,1145199678821,1145199678872,2181,1
2182,1145199802668,1145199802699,1145199802750,2182,1
2183,1145199930166,1145199930199,1145199930308,2183,1
2184,1145200060118,1145200060152,1145200060198,2184,1
2185,1145200178785,1145200178889,1145200178941,2185,1
2186,1145200303423,1145200303456,1145200303502,2186,1
2187,1145200428927,1145200428959,1145200429061,2187,1
2188,1145200553718,1145200553751,1145200553798,2188,1
2189,1145200678642,1145200678674,1145200678726,2189,1
2190,1145200803699,1145200803732,1145200803782,2190,1
2191,1145200928594,1145200928626,1145200928679,2191,1
2192,1145201053629,1145201053662,1145201053713,2192,1
2193,1145201178663,1145201178695,1145201178748,2193,1
2194,1145201334913,1145201334946,1145201335003,2194,1
2195,1145201428619,1145201428652,1145201428704,2195,1
2196,1145201553851,1145201553885,1145201553933,2196,1
2197,1145201678462,1145201678494,1145201678540,2197,1
2198,1145201803568,1145201803601,1145201803648,2198,1
2199,1145201928465,1145201928498,1145201928565,2199,1
2200,1145202053647,1145202053679,1145202053727,2200,1
2201,1145202237880,1145202237916,1145202238135,2201,1
2202,1145202306300,1145202306334,1145202306384,2202,1
2203,1145202430309,1145202430343,1145202430465,2203,1
2204,1145202555243,1145202555277,1145202555320,2204,1
2205,1145202680259,1145202680292,1145202680394,2205,1
2206,1145202805433,1145202805465,1145202805515,2206,1
2207,1145202930500,1145202930533,1145202930644,2207,1
2208,1145203055706,1145203055739,1145203055786,2208,1
2209,1145203180429,1145203180462,1145203180569,2209,1
2210,1145203305247,1145203305279,1145203305331,2210,1
2211,1145203430317,1145203430349,1145203430449,2211,1
2212,1145203555139,1145203555171,1145203555216,2212,1
2213,1145203680274,1145203680307,1145203680356,2213,1
2214,1145203805056,1145203805087,1145203805136,2214,1
2215,1145203922453,1145203922485,1145203922530,2215,1
2216,1145204060097,1145204060129,1145204060177,2216,1
2217,1145204178288,1145204178389,1145204178509,2217,1
2218,1145204303670,1145204303702,1145204303748,2218,1
2219,1145204428708,1145204428740,1145204428856,2219,1
2220,1145204553895,1145204553927,1145204554032,2220,1
2221,1145204678559,1145204678591,1145204678636,2221,1
2222,1145204803458,1145204803491,1145204803542,2222,1
2223,1145204928548,1145204928580,1145204928624,2223,1
2224,1145205053352,1145205053385,1145205053436,2224,1
2225,1145205177755,1145205177788,1145205177840,2225,1
2226,1145205315044,1145205315076,1145205315185,2226,1
2227,1145205428508,1145205428541,1145205428588,2227,1
2228,1145205553565,1145205553598,1145205553644,2228,1
2229,1145205677621,1145205677654,1145205677708,2229,1
2230,1145205872229,1145205872262,1145205872360,2230,1
2231,1145205942028,1145205942060,1145205942184,2231,1
2232,1145206070972,1145206071005,1145206071053,2232,1
2233,1145206180850,1145206180883,1145206180952,2233,1
2234,1145206305235,1145206305269,1145206305315,2234,1
2235,1145206430537,1145206430573,1145206430734,2235,1
2236,1145206555402,1145206555435,1145206555480,2236,1
2237,1145206680373,1145206680406,1145206680526,2237,1
2238,1145206805402,1145206805434,1145206805480,2238,1
2239,1145206930333,1145206930366,1145206930483,2239,1
2240,1145207055069,1145207055102,1145207055147,2240,1
2241,1145207180159,1145207180193,1145207180318,2241,1
2242,1145207305292,1145207305325,1145207305371,2242,1
2243,1145207430270,1145207430302,1145207430418,2243,1
2244,1145207561267,1145207561300,1145207561350,2244,1
2245,1145207680273,1145207680305,1145207680351,2245,1
2246,1145207805195,1145207805228,1145207805278,2246,1
2247,1145207922506,1145207922538,1145207922584,2247,1
2248,1145208059819,1145208059852,1145208059900,2248,1
2249,1145208178595,1145208178697,1145208178804,2249,1
2250,1145208303735,1145208303768,1145208303814,2250,1
2251,1145208428410,1145208428442,1145208428547,2251,1
2252,1145208553607,1145208553639,1145208553684,2252,1
2253,1145208678471,1145208678504,1145208678551,2253,1
2254,1145208803921,1145208803954,1145208804061,2254,1
2255,1145208928140,1145208928172,1145208928224,2255,1
2256,1145209053022,1145209053054,1145209053106,2256,1
2257,1145209184258,1145209184289,1145209184339,2257,1
2258,1145209339040,1145209339072,1145209339121,2258,1
2259,1145209427530,1145209427561,1145209427606,2259,1
2260,1145209561646,1145209561681,1145209561788,2260,1
2261,1145209678659,1145209678691,1145209678737,2261,1
2262,1145209808946,1145209808979,1145209809032,2262,1
2263,1145209928382,1145209928416,1145209928478,2263,1
2264,1145210053454,1145210053487,1145210053537,2264,1
2265,1145210178512,1145210178544,1145210178605,2265,1
2266,1145210303605,1145210303638,1145210303688,2266,1
2267,1145210428569,1145210428601,1145210428650,2267,1
2268,1145210553108,1145210553140,1145210553311,2268,1
2269,1145210678540,1145210678572,1145210678686,2269,1
2270,1145210803571,1145210803603,1145210803646,2270,1
2271,1145210928777,1145210928810,1145210928925,2271,1
2272,1145211053600,1145211053632,1145211053679,2272,1
2273,1145211176973,1145211177004,1145211177121,2273,1
2274,1145211392614,1145211392648,1145211392754,2274,1
2275,1145211430268,1145211430300,1145211430370,2275,1
2276,1145211554966,1145211554998,1145211555050,2276,1
2277,1145211679740,1145211679772,1145211679818,2277,1
2278,1145211804814,1145211804846,1145211804898,2278,1
2279,1145211922182,1145211922214,1145211922289,2279,1
2280,1145212088469,1145212088573,1145212088692,2280,1
2281,1145212178800,1145212178832,1145212178907,2281,1
2282,1145212305205,1145212305244,1145212305306,2282,1
2283,1145212447519,1145212447554,1145212447608,2283,1
2284,1145212553512,1145212553544,1145212553591,2284,1
2285,1145212678464,1145212678497,1145212678571,2285,1
2286,1145212803378,1145212803411,1145212803458,2286,1
2287,1145213011058,1145213011092,1145213011232,2287,1
2288,1145213054018,1145213054051,1145213054099,2288,1
2289,1145213184710,1145213184743,1145213184824,2289,1
2290,1145213325591,1145213325622,1145213325677,2290,1
2291,1145213428981,1145213429015,1145213429268,2291,1
2292,1145213575651,1145213575686,1145213575735,2292,1
2293,1145213689336,1145213689369,1145213689648,2293,1
2294,1145213803769,1145213803801,1145213803855,2294,1
2295,1145213928332,1145213928364,1145213928436,2295,1
2296,1145214053360,1145214053393,1145214053444,2296,1
2297,1145214234816,1145214234860,1145214235134,2297,1
2298,1145214304865,1145214304896,1145214304947,2298,1
2299,1145214428814,1145214428847,1145214428923,2299,1
2300,1145214553930,1145214553962,1145214554012,2300,1
2301,1145214677698,1145214677730,1145214677813,2301,1
2302,1145214890798,1145214890835,1145214891148,2302,1
2303,1145214930598,1145214930631,1145214930749,2303,1
2304,1145215081953,1145215081987,1145215082118,2304,1
2305,1145215178354,1145215178385,1145215178511,2305,1
2306,1145215303383,1145215303415,1145215303461,2306,1
2307,1145215428055,1145215428086,1145215428266,2307,1
2308,1145215553031,1145215553063,1145215553109,2308,1
2309,1145215678277,1145215678308,1145215678464,2309,1
2310,1145215915136,1145215915169,1145215915261,2310,1
2311,1145215925510,1145215925545,1145215925602,2311,1
2312,1145216140989,1145216141024,1145216141072,2312,1
2313,1145216178722,1145216178825,1145216179090,2313,1
2314,1145216303217,1145216303248,1145216303298,2314,1
2315,1145217199854,1145217199909,1145217200370,2315,1
2316,1145217213465,1145217213500,1145217213541,2316,1
2317,1145217214478,1145217214510,1145217214677,2317,1
2318,1145217215367,1145217215397,1145217215438,2318,1
2319,1145217216079,1145217216110,1145217216276,2319,1
2320,1145217216793,1145217216823,1145217216864,2320,1
2321,1145217217491,1145217217523,1145217217593,2321,1
2322,1145217330551,1145217330583,1145217330635,2322,1
2323,1145217428205,1145217428237,1145217428307,2323,1
2324,1145217553103,1145217553135,1145217553179,2324,1
2325,1145217677962,1145217677993,1145217678151,2325,1
2326,1145217803104,1145217803136,1145217803179,2326,1
2327,1145217928178,1145217928210,1145217928255,2327,1
2328,1145218059676,1145218059707,1145218059759,2328,1
2329,1145218178220,1145218178251,1145218178303,2329,1
2330,1145218303022,1145218303054,1145218303100,2330,1
2331,1145218428378,1145218428410,1145218428593,2331,1
2332,1145218553374,1145218553407,1145218553458,2332,1
2333,1145218678589,1145218678621,1145218678803,2333,1
2334,1145218810676,1145218810708,1145218810764,2334,1
2335,1145219021524,1145219021560,1145219021772,2335,1
2336,1145219055882,1145219055914,1145219055962,2336,1
2337,1145219178401,1145219178434,1145219178545,2337,1
2338,1145219303650,1145219303682,1145219303727,2338,1
2339,1145219428734,1145219428767,1145219428881,2339,1
2340,1145219553740,1145219553772,1145219553818,2340,1
2341,1145219678427,1145219678460,1145219678505,2341,1
2342,1145220129448,1145220129557,1145220129661,2342,1
2343,1145220141254,1145220141286,1145220141360,2343,1
2344,1145220142352,1145220142384,1145220142426,2344,1
2345,1145220185006,1145220185044,1145220185130,2345,1
2346,1145220308318,1145220308350,1145220308403,2346,1
2347,1145220450229,1145220450265,1145220450346,2347,1
2348,1145220561744,1145220561777,1145220561830,2348,1
2349,1145220686243,1145220686275,1145220686390,2349,1
2350,1145220806544,1145220806577,1145220806627,2350,1
2351,1145222008021,1145222008076,1145222008533,2351,1
2352,1145222022262,1145222022294,1145222022336,2352,1
2353,1145222023005,1145222023037,1145222023153,2353,1
2354,1145222024162,1145222024194,1145222024235,2354,1
2355,1145222024919,1145222024951,1145222025063,2355,1
2356,1145222025629,1145222025661,1145222025703,2356,1
2357,1145222026263,1145222026295,1145222026373,2357,1
2358,1145222026921,1145222026953,1145222026996,2358,1
2359,1145222027554,1145222027586,1145222027671,2359,1
2360,1145222128548,1145222128583,1145222128677,2360,1
2361,1145222183981,1145222184013,1145222184084,2361,1
2362,1145222307746,1145222307778,1145222307828,2362,1
2363,1145222432729,1145222432762,1145222432842,2363,1
2364,1145222556957,1145222556989,1145222557040,2364,1
2365,1145222681641,1145222681674,1145222681754,2365,1
2366,1145222813026,1145222813059,1145222813109,2366,1
2367,1145222932177,1145222932209,1145222932285,2367,1
2368,1145223076381,1145223076414,1145223076568,2368,1
2369,1145223182156,1145223182189,1145223182297,2369,1
2370,1145223306108,1145223306142,1145223306186,2370,1
2371,1145223450900,1145223450933,1145223450986,2371,1
2372,1145223556193,1145223556226,1145223556276,2372,1
2373,1145223680938,1145223680970,1145223681020,2373,1
2374,1145223805740,1145223805773,1145223805819,2374,1
2375,1145223923009,1145223923042,1145223923165,2375,1
2376,1145224127856,1145224127888,1145224127942,2376,1
2377,1145224179023,1145224179124,1145224179244,2377,1
2378,1145224303533,1145224303566,1145224303616,2378,1
2379,1145224428850,1145224428882,1145224429002,2379,1
2380,1145224553759,1145224553792,1145224553837,2380,1
2381,1145224678609,1145224678642,1145224678746,2381,1
2382,1145224893485,1145224893542,1145224893631,2382,1
2383,1145224973273,1145224973305,1145224973465,2383,1
2384,1145225053312,1145225053344,1145225053386,2384,1
2385,1145225361240,1145225361275,1145225361505,2385,1
2386,1145225380363,1145225380395,1145225380446,2386,1
2387,1145225440810,1145225440842,1145225440966,2387,1
2388,1145225562182,1145225562215,1145225562266,2388,1
2389,1145226019692,1145226019728,1145226019876,2389,1
2390,1145226104863,1145226104898,1145226104939,2390,1
2391,1145226122453,1145226122487,1145226122554,2391,1
2392,1145226132283,1145226132318,1145226132369,2392,1
2393,1145226186444,1145226186476,1145226186665,2393,1
2394,1145226310162,1145226310193,1145226310241,2394,1
2395,1145226434677,1145226434709,1145226434895,2395,1
2396,1145226559870,1145226559902,1145226559954,2396,1
2397,1145226684204,1145226684235,1145226684405,2397,1
2398,1145226805152,1145226805184,1145226805228,2398,1
2399,1145226929799,1145226929830,1145226929876,2399,1
2400,1145227054707,1145227054738,1145227054787,2400,1
2401,1145227179848,1145227179880,1145227179929,2401,1
2402,1145227304712,1145227304743,1145227304898,2402,1
2403,1145227526927,1145227526965,1145227527157,2403,1
2404,1145227581880,1145227581911,1145227581956,2404,1
2405,1145227680285,1145227680315,1145227680435,2405,1
2406,1145227934364,1145227934397,1145227934450,2406,1
2407,1145227945419,1145227945453,1145227945562,2407,1
2408,1145228060460,1145228060492,1145228060541,2408,1
2409,1145228178649,1145228178755,1145228178834,2409,1
2410,1145228303295,1145228303325,1145228303374,2410,1
2411,1145228428028,1145228428060,1145228428167,2411,1
2412,1145228553195,1145228553226,1145228553271,2412,1
2413,1145228678184,1145228678215,1145228678391,2413,1
2414,1145228803059,1145228803091,1145228803137,2414,1
2415,1145228928028,1145228928060,1145228928165,2415,1
2416,1145229053297,1145229053328,1145229053380,2416,1
2417,1145229178407,1145229178441,1145229178609,2417,1
2418,1145229335169,1145229335205,1145229335253,2418,1
2419,1145229429986,1145229430018,1145229430180,2419,1
2420,1145229554922,1145229554954,1145229555057,2420,1
2421,1145229680403,1145229680436,1145229680735,2421,1
2422,1145229805358,1145229805391,1145229805438,2422,1
2423,1145229930272,1145229930305,1145229930487,2423,1
2424,1145230055108,1145230055140,1145230055186,2424,1
2425,1145230180000,1145230180032,1145230180193,2425,1
2426,1145230310914,1145230310946,1145230310995,2426,1
2427,1145230430127,1145230430160,1145230430317,2427,1
2428,1145230555057,1145230555090,1145230555135,2428,1
2429,1145230679906,1145230679939,1145230680130,2429,1
2430,1145230804936,1145230804970,1145230805016,2430,1
2431,1145230929971,1145230930002,1145230930053,2431,1
2432,1145231055012,1145231055045,1145231055096,2432,1
2433,1145231180397,1145231180430,1145231180479,2433,1
2434,1145231305427,1145231305460,1145231305505,2434,1
2435,1145231430618,1145231430650,1145231430828,2435,1
2436,1145231560968,1145231561000,1145231561053,2436,1
2437,1145231680393,1145231680425,1145231680521,2437,1
2438,1145231805206,1145231805238,1145231805287,2438,1
2439,1145231922489,1145231922521,1145231922624,2439,1
2440,1145232083702,1145232083806,1145232083859,2440,1
2441,1145232178974,1145232179007,1145232179117,2441,1
2442,1145232303614,1145232303646,1145232303696,2442,1
2443,1145232428725,1145232428757,1145232428856,2443,1
2444,1145232553960,1145232553992,1145232554039,2444,1
2445,1145232678457,1145232678490,1145232678535,2445,1
2446,1145232809256,1145232809289,1145232809337,2446,1
2447,1145232928570,1145232928604,1145232928655,2447,1
2448,1145233053427,1145233053461,1145233053511,2448,1
2449,1145233178474,1145233178507,1145233178557,2449,1
2450,1145233324643,1145233324679,1145233324727,2450,1
2451,1145233430715,1145233430747,1145233430941,2451,1
2452,1145233555435,1145233555468,1145233555515,2452,1
2453,1145233680423,1145233680455,1145233680530,2453,1
2454,1145233806056,1145233806089,1145233806191,2454,1
2455,1145233930513,1145233930545,1145233930619,2455,1
2456,1145234055714,1145234055746,1145234055789,2456,1
2457,1145234180416,1145234180448,1145234180755,2457,1
2458,1145234305518,1145234305551,1145234305598,2458,1
2459,1145234430355,1145234430387,1145234430459,2459,1
2460,1145234555502,1145234555535,1145234555580,2460,1
2461,1145234680295,1145234680328,1145234680504,2461,1
2462,1145234805245,1145234805278,1145234805324,2462,1
2463,1145234930384,1145234930416,1145234930464,2463,1
2464,1145235055218,1145235055251,1145235055298,2464,1
2465,1145235180156,1145235180189,1145235180234,2465,1
2466,1145235305200,1145235305233,1145235305276,2466,1
2467,1145235430292,1145235430323,1145235430371,2467,1
2468,1145235925088,1145235925144,1145235925479,2468,1
2469,1145235938211,1145235938243,1145235938352,2469,1
2470,1145235939063,1145235939095,1145235939137,2470,1
2471,1145235943262,1145235943295,1145235943395,2471,1
2472,1145236061383,1145236061418,1145236061466,2472,1
2473,1145236183147,1145236183252,1145236183364,2473,1
2474,1145236310499,1145236310532,1145236310581,2474,1
2475,1145236462235,1145236462268,1145236462428,2475,1
2476,1145236557432,1145236557467,1145236557514,2476,1
2477,1145236681587,1145236681619,1145236681733,2477,1
2478,1145236805971,1145236806004,1145236806056,2478,1
2479,1145236930517,1145236930551,1145236930670,2479,1
2480,1145237055307,1145237055339,1145237055388,2480,1
2481,1145237180194,1145237180227,1145237180345,2481,1
2482,1145237330774,1145237330807,1145237330856,2482,1
2483,1145237430063,1145237430095,1145237430143,2483,1
2484,1145237554468,1145237554500,1145237554549,2484,1
2485,1145237679381,1145237679415,1145237679463,2485,1
2486,1145237804249,1145237804282,1145237804332,2486,1
2487,1145237929520,1145237929553,1145237929721,2487,1
2488,1145238054279,1145238054311,1145238054368,2488,1
2489,1145238179179,1145238179211,1145238179380,2489,1
2490,1145238303851,1145238303884,1145238303932,2490,1
2491,1145238428563,1145238428596,1145238428663,2491,1
2492,1145238553907,1145238553940,1145238553993,2492,1
2493,1145238679123,1145238679155,1145238679218,2493,1
2494,1145238803808,1145238803843,1145238803890,2494,1
2495,1145238928598,1145238928630,1145238928693,2495,1
2496,1145239053694,1145239053727,1145239053772,2496,1
2497,1145239178559,1145239178591,1145239178639,2497,1
2498,1145239303478,1145239303511,1145239303558,2498,1
2499,1145239428642,1145239428674,1145239428719,2499,1
2500,1145239553454,1145239553487,1145239553532,2500,1
2501,1145239678430,1145239678462,1145239678514,2501,1
2502,1145239803556,1145239803588,1145239803764,2502,1
2503,1145239921841,1145239921874,1145239921985,2503,1
2504,1145240086968,1145240087073,1145240087172,2504,1
2505,1145240178976,1145240179010,1145240179125,2505,1
2506,1145240303840,1145240303873,1145240303922,2506,1
2507,1145240428526,1145240428558,1145240428672,2507,1
2508,1145240553530,1145240553562,1145240553616,2508,1
2509,1145240678543,1145240678576,1145240678627,2509,1
2510,1145240803808,1145240803841,1145240803892,2510,1
2511,1145240928629,1145240928662,1145240928707,2511,1
2512,1145241053388,1145241053421,1145241053472,2512,1
2513,1145241178529,1145241178563,1145241178612,2513,1
2514,1145241322986,1145241323021,1145241323071,2514,1
2515,1145241428842,1145241428875,1145241428920,2515,1
2516,1145241553385,1145241553417,1145241553464,2516,1
2517,1145241678296,1145241678329,1145241678375,2517,1
2518,1145241802686,1145241802719,1145241802765,2518,1
2519,1145241943259,1145241943296,1145241943394,2519,1
2520,1145242055751,1145242055784,1145242055888,2520,1
2521,1145242180224,1145242180257,1145242180304,2521,1
2522,1145242305292,1145242305324,1145242305371,2522,1
2523,1145242430318,1145242430351,1145242430404,2523,1
2524,1145242582887,1145242582921,1145242582973,2524,1
2525,1145242680620,1145242680653,1145242680700,2525,1
2526,1145242805285,1145242805318,1145242805362,2526,1
2527,1145242930645,1145242930678,1145242930723,2527,1
2528,1145243055754,1145243055787,1145243055833,2528,1
2529,1145243180356,1145243180388,1145243180434,2529,1
2530,1145243305034,1145243305066,1145243305113,2530,1
2531,1145243430598,1145243430631,1145243430677,2531,1
2532,1145243555260,1145243555291,1145243555342,2532,1
2533,1145243680136,1145243680168,1145243680286,2533,1
2534,1145243805400,1145243805432,1145243805484,2534,1
2535,1145243922814,1145243922847,1145243923027,2535,1
2536,1145244060261,1145244060294,1145244060340,2536,1
2537,1145244177986,1145244178088,1145244178213,2537,1
2538,1145244311583,1145244311618,1145244311717,2538,1
2539,1145244428738,1145244428772,1145244428901,2539,1
2540,1145244553500,1145244553532,1145244553588,2540,1
2541,1145244678505,1145244678537,1145244678639,2541,1
2542,1145244803333,1145244803366,1145244803412,2542,1
2543,1145244928457,1145244928489,1145244928597,2543,1
2544,1145245053510,1145245053543,1145245053594,2544,1
2545,1145245178305,1145245178338,1145245178454,2545,1
2546,1145245328629,1145245328661,1145245328710,2546,1
2547,1145245428629,1145245428661,1145245428767,2547,1
2548,1145245553470,1145245553502,1145245553549,2548,1
2549,1145245678564,1145245678597,1145245678974,2549,1
2550,1145245803519,1145245803552,1145245803603,2550,1
2551,1145245927702,1145245927734,1145245927785,2551,1
2552,1145246088575,1145246088607,1145246088708,2552,1
2553,1145246178659,1145246178692,1145246178744,2553,1
2554,1145246303848,1145246303881,1145246303990,2554,1
2555,1145246477860,1145246477896,1145246477971,2555,1
2556,1145246554307,1145246554340,1145246554386,2556,1
2557,1145246678734,1145246678766,1145246678817,2557,1
2558,1145246803398,1145246803431,1145246803480,2558,1
2559,1145246928327,1145246928359,1145246928410,2559,1
2560,1145247053502,1145247053534,1145247053584,2560,1
2561,1145247177999,1145247178032,1145247178083,2561,1
2562,1145247311541,1145247311575,1145247311673,2562,1
2563,1145247430530,1145247430564,1145247430755,2563,1
2564,1145247563829,1145247563862,1145247563981,2564,1
2565,1145247680330,1145247680363,1145247680537,2565,1
2566,1145247805270,1145247805302,1145247805348,2566,1
2567,1145247922494,1145247922526,1145247922578,2567,1
2568,1145248072387,1145248072490,1145248072657,2568,1
2569,1145248178916,1145248178950,1145248179053,2569,1
2570,1145248309127,1145248309159,1145248309208,2570,1
2571,1145248428496,1145248428529,1145248428635,2571,1
2572,1145248553412,1145248553445,1145248553496,2572,1
2573,1145248678369,1145248678402,1145248678528,2573,1
2574,1145248803454,1145248803487,1145248803535,2574,1
2575,1145248928766,1145248928800,1145248928915,2575,1
2576,1145249052657,1145249052689,1145249052736,2576,1
2577,1145249219485,1145249219521,1145249219692,2577,1
2578,1145249327877,1145249327911,1145249327959,2578,1
2579,1145249428768,1145249428801,1145249428924,2579,1
2580,1145249553577,1145249553611,1145249553656,2580,1
2581,1145249678547,1145249678581,1145249678759,2581,1
2582,1145249802608,1145249802640,1145249802685,2582,1
2583,1145250025181,1145250025214,1145250025328,2583,1
2584,1145250060856,1145250060888,1145250060934,2584,1
2585,1145250180294,1145250180326,1145250180484,2585,1
2586,1145250305244,1145250305278,1145250305330,2586,1
2587,1145250430244,1145250430276,1145250430395,2587,1
2588,1145250555085,1145250555118,1145250555164,2588,1
2589,1145251126191,1145251126249,1145251126491,2589,1
2590,1145251138716,1145251138753,1145251138812,2590,1
2591,1145251141540,1145251141581,1145251141660,2591,1
2592,1145251142419,1145251142454,1145251142498,2592,1
2593,1145251202818,1145251202851,1145251203159,2593,1
2594,1145251363712,1145251363746,1145251363794,2594,1
2595,1145251431339,1145251431373,1145251431544,2595,1
2596,1145251924789,1145251924822,1145251924952,2596,1
2597,1145251936292,1145251936328,1145251936399,2597,1
2598,1145251937108,1145251937140,1145251937182,2598,1
2599,1145251937842,1145251937873,1145251937949,2599,1
2600,1145252319451,1145252319553,1145252319758,2600,1
2601,1145252331843,1145252331875,1145252331981,2601,1
2602,1145252332945,1145252332977,1145252333019,2602,1
2603,1145252435814,1145252435847,1145252435950,2603,1
2604,1145252570139,1145252570171,1145252570222,2604,1
2605,1145252690369,1145252690413,1145252690534,2605,1
2606,1145252804327,1145252804361,1145252804406,2606,1
2607,1145252960274,1145252960307,1145252960420,2607,1
2608,1145253053784,1145253053817,1145253053867,2608,1
2609,1145253178537,1145253178571,1145253178685,2609,1
2610,1145253333206,1145253333240,1145253333297,2610,1
2611,1145253428064,1145253428097,1145253428220,2611,1
2612,1145253561378,1145253561416,1145253561512,2612,1
2613,1145253678579,1145253678612,1145253678720,2613,1
2614,1145253803517,1145253803549,1145253803599,2614,1
2615,1145253928550,1145253928581,1145253928702,2615,1
2616,1145254053421,1145254053454,1145254053501,2616,1
2617,1145254178710,1145254178744,1145254178791,2617,1
2618,1145254363651,1145254363683,1145254363733,2618,1
2619,1145254448939,1145254448972,1145254449026,2619,1
2620,1145254559895,1145254559927,1145254560036,2620,1
2621,1145255652383,1145255653136,1145255653573,2621,1
2622,1145255679913,1145255679948,1145255679998,2622,1
2623,1145255680835,1145255680867,1145255681087,2623,1
2624,1145255682220,1145255682254,1145255682295,2624,1
2625,1145255682909,1145255682941,1145255683137,2625,1
2626,1145255683886,1145255683920,1145255683961,2626,1
2627,1145255684510,1145255684543,1145255684750,2627,1
2628,1145255685299,1145255685332,1145255685374,2628,1
2629,1145255686498,1145255686530,1145255686649,2629,1
2630,1145255807166,1145255807197,1145255807243,2630,1
2631,1145255922841,1145255922872,1145255922981,2631,1
2632,1145256060709,1145256060813,1145256060862,2632,1
2633,1145256178961,1145256178994,1145256179113,2633,1
2634,1145256303580,1145256303611,1145256303658,2634,1
2635,1145256432661,1145256432699,1145256432886,2635,1
2636,1145256552918,1145256552951,1145256553004,2636,1
2637,1145256767397,1145256767430,1145256767593,2637,1
2638,1145256804189,1145256804224,1145256804270,2638,1
2639,1145256928366,1145256928399,1145256928501,2639,1
2640,1145257087508,1145257087540,1145257087590,2640,1
2641,1145257178760,1145257178792,1145257178906,2641,1
2642,1145257340140,1145257340175,1145257340224,2642,1
2643,1145257428868,1145257428900,1145257429016,2643,1
2644,1145257553749,1145257553781,1145257553828,2644,1
2645,1145257683879,1145257683911,1145257684029,2645,1
2646,1145257802800,1145257802832,1145257802885,2646,1
2647,1145257961640,1145257961673,1145257961847,2647,1
2648,1145258053489,1145258053523,1145258053570,2648,1
2649,1145258177715,1145258177749,1145258177859,2649,1
2650,1145258382517,1145258382550,1145258382649,2650,1
2651,1145258428576,1145258428608,1145258428726,2651,1
2652,1145258553459,1145258553491,1145258553538,2652,1
2653,1145258678094,1145258678126,1145258678225,2653,1
2654,1145258803401,1145258803433,1145258803541,2654,1
2655,1145258928319,1145258928351,1145258928458,2655,1
2656,1145259119669,1145259119704,1145259119799,2656,1
2657,1145259179055,1145259179086,1145259179133,2657,1
2658,1145259303022,1145259303053,1145259303100,2658,1
2659,1145259458957,1145259458990,1145259459041,2659,1
2660,1145259553656,1145259553688,1145259553796,2660,1
2661,1145259678385,1145259678418,1145259678531,2661,1
2662,1145259802284,1145259802315,1145259802366,2662,1
2663,1145259931114,1145259931145,1145259931292,2663,1
2664,1145260101064,1145260101166,1145260101213,2664,1
2665,1145260211456,1145260211487,1145260211570,2665,1
2666,1145260308334,1145260308366,1145260308418,2666,1
2667,1145260431397,1145260431429,1145260431503,2667,1
2668,1145260556253,1145260556286,1145260556453,2668,1
2669,1145260681032,1145260681064,1145260681167,2669,1
2670,1145260811535,1145260811567,1145260811615,2670,1
2671,1145260938396,1145260938436,1145260938540,2671,1
2672,1145261120608,1145261120643,1145261120690,2672,1
2673,1145261276014,1145261276049,1145261276204,2673,1
2674,1145261327376,1145261327411,1145261327457,2674,1
2675,1145261430605,1145261430637,1145261430742,2675,1
2676,1145261554548,1145261554579,1145261554624,2676,1
2677,1145261679202,1145261679232,1145261679522,2677,1
2678,1145261810700,1145261810732,1145261810783,2678,1
2679,1145261959180,1145261959211,1145261959378,2679,1
2680,1145262054403,1145262054435,1145262054478,2680,1
2681,1145262184043,1145262184075,1145262184261,2681,1
2682,1145262311885,1145262311917,1145262311971,2682,1
2683,1145262486494,1145262486528,1145262486717,2683,1
2684,1145262554559,1145262554591,1145262554637,2684,1
2685,1145262678806,1145262678837,1145262678900,2685,1
2686,1145262803249,1145262803281,1145262803331,2686,1
2687,1145262928076,1145262928108,1145262928176,2687,1
2688,1145263052901,1145263052934,1145263053043,2688,1
2689,1145263701099,1145263701156,1145263701382,2689,1
2690,1145263712458,1145263712494,1145263712539,2690,1
2691,1145263713438,1145263713471,1145263713542,2691,1
2692,1145263714191,1145263714223,1145263714264,2692,1
2693,1145263714768,1145263714800,1145263714874,2693,1
2694,1145263812793,1145263812826,1145263812874,2694,1
2695,1145263975467,1145263975500,1145263975734,2695,1
2696,1145264062014,1145264062118,1145264062167,2696,1
2697,1145264183878,1145264183911,1145264184083,2697,1
2698,1145264311515,1145264311548,1145264311650,2698,1
2699,1145264432062,1145264432095,1145264432170,2699,1
2700,1145265001270,1145265001325,1145265001561,2700,1
2701,1145265013983,1145265014020,1145265014136,2701,1
2702,1145265014762,1145265014795,1145265014835,2702,1
2703,1145265015653,1145265015685,1145265015797,2703,1
2704,1145265077033,1145265077067,1145265077114,2704,1
2705,1145265377127,1145265377177,1145265377415,2705,1
2706,1145265448812,1145265448847,1145265448892,2706,1
2707,1145265458055,1145265458088,1145265458167,2707,1
2708,1145265560351,1145265560384,1145265560437,2708,1
2709,1145266149031,1145266149091,1145266149373,2709,1
2710,1145266202407,1145266202443,1145266202494,2710,1
2711,1145266212356,1145266212388,1145266212457,2711,1
2712,1145266213222,1145266213254,1145266213296,2712,1
2713,1145266223188,1145266223221,1145266223297,2713,1
2714,1145266312449,1145266312482,1145266312530,2714,1
2715,1145266440307,1145266440348,1145266440558,2715,1
2716,1145266579729,1145266579763,1145266579807,2716,1
2717,1145266687806,1145266687838,1145266688035,2717,1
2718,1145266810598,1145266810630,1145266810680,2718,1
2719,1145266935306,1145266935339,1145266935425,2719,1
2720,1145267056095,1145267056127,1145267056230,2720,1
2721,1145267188964,1145267188997,1145267189170,2721,1
2722,1145267305609,1145267305641,1145267305686,2722,1
2723,1145267430588,1145267430620,1145267430700,2723,1
2724,1145267586845,1145267586879,1145267586928,2724,1
2725,1145267680580,1145267680615,1145267680777,2725,1
2726,1145267805235,1145267805268,1145267805318,2726,1
2727,1145267922652,1145267922684,1145267922747,2727,1
2728,1145268079939,1145268080046,1145268080099,2728,1
2729,1145268184843,1145268184876,1145268184924,2729,1
2730,1145268356118,1145268356154,1145268356275,2730,1
2731,1145268435784,1145268435819,1145268435868,2731,1
2732,1145268553731,1145268553763,1145268553814,2732,1
2733,1145268678545,1145268678578,1145268678645,2733,1
2734,1145268803515,1145268803547,1145268803597,2734,1
2735,1145268928329,1145268928361,1145268928527,2735,1
2736,1145269053688,1145269053721,1145269053778,2736,1
2737,1145269178598,1145269178630,1145269178748,2737,1
2738,1145269333536,1145269333575,1145269333629,2738,1
2739,1145269464963,1145269464997,1145269465161,2739,1
2740,1145269554005,1145269554037,1145269554088,2740,1
2741,1145269678419,1145269678451,1145269678564,2741,1
2742,1145269802447,1145269802479,1145269802529,2742,1
2743,1145269994764,1145269994796,1145269994970,2743,1
2744,1145270053913,1145270053945,1145270053994,2744,1
2745,1145270181704,1145270181743,1145270181870,2745,1
2746,1145270305026,1145270305058,1145270305108,2746,1
2747,1145270427813,1145270427846,1145270427965,2747,1
2748,1145270599001,1145270599033,1145270599180,2748,1
2749,1145270699184,1145270699217,1145270699330,2749,1
2750,1145270808907,1145270808939,1145270808986,2750,1
2751,1145270928475,1145270928507,1145270928616,2751,1
2752,1145271054970,1145271055002,1145271055056,2752,1
2753,1145271205406,1145271205439,1145271205547,2753,1
2754,1145271304568,1145271304601,1145271304712,2754,1
2755,1145271447191,1145271447232,1145271447349,2755,1
2756,1145272233652,1145272233758,1145272234045,2756,1
2757,1145272246873,1145272246905,1145272247024,2757,1
2758,1145272248215,1145272248246,1145272248290,2758,1
2759,1145272249013,1145272249044,1145272249175,2759,1
2760,1145272249759,1145272249791,1145272249833,2760,1
2761,1145272250413,1145272250446,1145272250566,2761,1
2762,1145272328648,1145272328680,1145272328728,2762,1
2763,1145272515230,1145272515263,1145272515346,2763,1
2764,1145272555584,1145272555617,1145272555663,2764,1
2765,1145272747484,1145272747519,1145272747683,2765,1
2766,1145272813307,1145272813340,1145272813394,2766,1
2767,1145272989086,1145272989119,1145272989198,2767,1
2768,1145273097689,1145273097725,1145273097891,2768,1
2769,1145273255978,1145273256014,1145273256119,2769,1
2770,1145273369090,1145273369123,1145273369175,2770,1
2771,1145273433065,1145273433098,1145273433211,2771,1
2772,1145273565042,1145273565074,1145273565128,2772,1
2773,1145273682211,1145273682243,1145273682355,2773,1
2774,1145273820579,1145273820611,1145273820660,2774,1
2775,1145273967479,1145273967510,1145273967654,2775,1
2776,1145274055219,1145274055251,1145274055301,2776,1
2777,1145274180196,1145274180227,1145274180306,2777,1
2778,1145274368241,1145274368276,1145274368371,2778,1
2779,1145274464036,1145274464072,1145274464186,2779,1
2780,1145275055975,1145275056034,1145275056263,2780,1
2781,1145275501501,1145275501559,1145275501745,2781,1
2782,1145275512417,1145275512452,1145275512493,2782,1
2783,1145275513090,1145275513122,1145275513228,2783,1
2784,1145275513840,1145275513871,1145275513911,2784,1
2785,1145275524223,1145275524254,1145275524365,2785,1
2786,1145275525205,1145275525236,1145275525277,2786,1
2787,1145275526078,1145275526109,1145275526220,2787,1
2788,1145275561062,1145275561094,1145275561146,2788,1
2789,1145275687850,1145275687881,1145275687997,2789,1
2790,1145275808665,1145275808697,1145275808748,2790,1
2791,1145275924922,1145275924953,1145275925120,2791,1
2792,1145276091354,1145276091459,1145276091507,2792,1
2793,1145276189821,1145276189854,1145276189978,2793,1
2794,1145276307738,1145276307770,1145276307822,2794,1
2795,1145276463838,1145276463895,1145276464016,2795,1
2796,1145276554608,1145276554640,1145276554684,2796,1
2797,1145276699339,1145276699371,1145276699433,2797,1
2798,1145276808308,1145276808339,1145276808392,2798,1
2799,1145277023036,1145277023071,1145277023224,2799,1
2800,1145277056092,1145277056125,1145277056169,2800,1
2801,1145277178650,1145277178682,1145277178841,2801,1
2802,1145277338810,1145277338841,1145277338888,2802,1
2803,1145277428775,1145277428806,1145277428909,2803,1
2804,1145277553499,1145277553530,1145277553579,2804,1
2805,1145277678324,1145277678355,1145277678596,2805,1
2806,1145277802233,1145277802265,1145277802313,2806,1
2807,1145279137892,1145279137962,1145279138358,2807,1
2808,1145279156474,1145279156514,1145279156565,2808,1
2809,1145279157489,1145279157527,1145279157595,2809,1
2810,1145279201118,1145279201154,1145279201200,2810,1
2811,1145279201950,1145279201982,1145279202161,2811,1
2812,1145279202621,1145279202653,1145279202695,2812,1
2813,1145279203530,1145279203563,1145279203741,2813,1
2814,1145279204521,1145279204554,1145279204596,2814,1
2815,1145279205332,1145279205365,1145279205434,2815,1
2816,1145279206014,1145279206047,1145279206088,2816,1
2817,1145279220528,1145279220561,1145279220753,2817,1
2818,1145279348436,1145279348469,1145279348519,2818,1
2819,1145279495774,1145279495810,1145279495883,2819,1
2820,1145279714790,1145279714823,1145279715004,2820,1
2821,1145279727891,1145279727930,1145279728122,2821,1
2822,1145280111965,1145280112070,1145280112237,2822,1
2823,1145280194848,1145280194883,1145280195089,2823,1
2824,1145280207558,1145280207594,1145280207638,2824,1
2825,1145280216445,1145280216477,1145280216647,2825,1
2826,1145280343513,1145280343550,1145280343597,2826,1
2827,1145280462209,1145280462245,1145280462422,2827,1
2828,1145280612557,1145280612595,1145280612643,2828,1
2829,1145280806439,1145280806472,1145280806727,2829,1
2830,1145280817255,1145280817291,1145280817334,2830,1
2831,1145280957522,1145280957554,1145280957749,2831,1
2832,1145281053926,1145281053959,1145281054010,2832,1
2833,1145281178532,1145281178564,1145281178739,2833,1
2834,1145281370366,1145281370399,1145281370580,2834,1
2835,1145281429192,1145281429228,1145281429354,2835,1
2836,1145281553592,1145281553624,1145281553675,2836,1
2837,1145281678790,1145281678822,1145281678919,2837,1
2838,1145281803535,1145281803568,1145281803618,2838,1
2839,1145281928426,1145281928459,1145281928561,2839,1
2840,1145282053724,1145282053756,1145282053807,2840,1
2841,1145282178676,1145282178709,1145282178816,2841,1
2842,1145282303515,1145282303549,1145282303595,2842,1
2843,1145282445226,1145282445259,1145282445365,2843,1
2844,1145282553402,1145282553435,1145282553480,2844,1
2845,1145282678565,1145282678598,1145282678717,2845,1
2846,1145282811317,1145282811349,1145282811397,2846,1
2847,1145282935262,1145282935295,1145282935417,2847,1
2848,1145283053511,1145283053543,1145283053594,2848,1
2849,1145283210016,1145283210048,1145283210167,2849,1
2850,1145283309362,1145283309395,1145283309449,2850,1
2851,1145283440155,1145283440187,1145283440311,2851,1
2852,1145283563529,1145283563561,1145283563653,2852,1
2853,1145283680707,1145283680740,1145283680848,2853,1
2854,1145283805803,1145283805836,1145283805942,2854,1
2855,1145283922643,1145283922675,1145283922779,2855,1
2856,1145284060579,1145284060612,1145284060662,2856,1
2857,1145284178646,1145284178679,1145284178725,2857,1
2858,1145284303665,1145284303697,1145284303745,2858,1
2859,1145284428609,1145284428641,1145284428687,2859,1
2860,1145284553754,1145284553786,1145284553832,2860,1
2861,1145284678556,1145284678589,1145284678707,2861,1
2862,1145284803731,1145284803763,1145284803808,2862,1
2863,1145284928709,1145284928743,1145284928856,2863,1
2864,1145285109576,1145285109612,1145285109706,2864,1
2865,1145285178795,1145285178827,1145285178875,2865,1
2866,1145285323342,1145285323373,1145285323422,2866,1
2867,1145285428947,1145285428979,1145285429024,2867,1
2868,1145285554116,1145285554148,1145285554310,2868,1
2869,1145285678418,1145285678451,1145285678568,2869,1
2870,1145285803370,1145285803402,1145285803449,2870,1
2871,1145285928663,1145285928696,1145285928818,2871,1
2872,1145286052546,1145286052578,1145286052624,2872,1
2873,1145286207057,1145286207097,1145286207274,2873,1
2874,1145286304170,1145286304202,1145286304255,2874,1
2875,1145286428445,1145286428478,1145286428594,2875,1
2876,1145286553524,1145286553557,1145286553608,2876,1
2877,1145286678535,1145286678568,1145286678636,2877,1
2878,1145286803411,1145286803443,1145286803494,2878,1
2879,1145286930181,1145286930224,1145286930335,2879,1
2880,1145287060177,1145287060210,1145287060263,2880,1
2881,1145287184218,1145287184252,1145287184354,2881,1
2882,1145287303428,1145287303460,1145287303510,2882,1
2883,1145287428501,1145287428533,1145287428644,2883,1
2884,1145287553422,1145287553454,1145287553503,2884,1
2885,1145287678468,1145287678500,1145287678621,2885,1
2886,1145287869436,1145287869469,1145287869563,2886,1
2887,1145287922934,1145287922967,1145287923142,2887,1
2888,1145288079187,1145288079292,1145288079341,2888,1
2889,1145288178387,1145288178419,1145288178541,2889,1
2890,1145288303727,1145288303760,1145288303809,2890,1
2891,1145288428631,1145288428664,1145288428786,2891,1
2892,1145288561385,1145288561416,1145288561465,2892,1
2893,1145288683464,1145288683497,1145288683611,2893,1
2894,1145288872776,1145288872814,1145288872908,2894,1
2895,1145288929597,1145288929630,1145288929749,2895,1
2896,1145289054062,1145289054095,1145289054143,2896,1
2897,1145289178465,1145289178497,1145289178602,2897,1
2898,1145289326434,1145289326478,1145289326537,2898,1
2899,1145289454516,1145289454550,1145289454660,2899,1
2900,1145289850991,1145289851028,1145289851192,2900,1
2901,1145289862225,1145289862261,1145289862369,2901,1
2902,1145289863033,1145289863067,1145289863107,2902,1
2903,1145289929870,1145289929903,1145289930021,2903,1
2904,1145290053821,1145290053854,1145290053900,2904,1
2905,1145290178553,1145290178586,1145290178706,2905,1
2906,1145290303433,1145290303466,1145290303511,2906,1
2907,1145290428612,1145290428644,1145290428758,2907,1
2908,1145290553527,1145290553560,1145290553607,2908,1
2909,1145290678643,1145290678677,1145290678788,2909,1
2910,1145290804793,1145290804837,1145290804895,2910,1
2911,1145290928756,1145290928789,1145290928835,2911,1
2912,1145291053511,1145291053542,1145291053588,2912,1
2913,1145291178610,1145291178643,1145291178689,2913,1
2914,1145291303478,1145291303511,1145291303562,2914,1
2915,1145291428514,1145291428547,1145291428652,2915,1
2916,1145291558917,1145291558951,1145291558999,2916,1
2917,1145291678544,1145291678577,1145291678687,2917,1
2918,1145291854921,1145291854953,1145291855046,2918,1
2919,1145291922719,1145291922752,1145291922860,2919,1
2920,1145292081108,1145292081220,1145292081342,2920,1
2921,1145292196076,1145292196108,1145292196231,2921,1
2922,1145292310095,1145292310127,1145292310182,2922,1
2923,1145292459943,1145292459987,1145292460109,2923,1
2924,1145292753554,1145292753623,1145292753717,2924,1
2925,1145292764465,1145292764499,1145292764604,2925,1
2926,1145292804015,1145292804051,1145292804097,2926,1
2927,1145293006364,1145293006402,1145293006570,2927,1
2928,1145293064385,1145293064418,1145293064465,2928,1
2929,1145293394137,1145293394174,1145293394353,2929,1
2930,1145293405196,1145293405230,1145293405278,2930,1
2931,1145293441417,1145293441450,1145293441631,2931,1
2932,1145293576779,1145293576816,1145293576869,2932,1
2933,1145293799379,1145293799425,1145293799751,2933,1
2934,1145293856159,1145293856192,1145293856245,2934,1
2935,1145293976735,1145293976768,1145293976936,2935,1
2936,1145294070825,1145294108784,1145294108836,2936,1
2937,1145294226371,1145294226403,1145294226525,2937,1
2938,1145294344390,1145294344426,1145294344478,2938,1
2939,1145294472905,1145294472938,1145294473054,2939,1
2940,1145294580147,1145294580180,1145294580233,2940,1
2941,1145294706296,1145294706329,1145294706433,2941,1
2942,1145294969882,1145294969919,1145294969973,2942,1
2943,1145294991861,1145294991899,1145294992007,2943,1
2944,1145295250222,1145295250255,1145295250301,2944,1
2945,1145295260991,1145295261026,1145295261130,2945,1
2946,1145295327167,1145295327201,1145295327254,2946,1
2947,1145295474643,1145295474676,1145295474783,2947,1
2948,1145295587596,1145295587628,1145295587678,2948,1
2949,1145295689348,1145295689381,1145295689498,2949,1
2950,1145295874820,1145295874855,1145295874907,2950,1
2951,1145295926181,1145295926214,1145295926324,2951,1
2952,1145296126163,1145296126271,1145296126327,2952,1
2953,1145296180455,1145296180488,1145296180615,2953,1
2954,1145296305224,1145296305256,1145296305428,2954,1
2955,1145296429864,1145296429897,1145296430018,2955,1
2956,1145296554546,1145296554578,1145296554631,2956,1
2957,1145296679392,1145296679424,1145296679531,2957,1
2958,1145296804709,1145296804741,1145296804794,2958,1
2959,1145297028829,1145297028865,1145297029014,2959,1
2960,1145297063121,1145297063154,1145297063204,2960,1
2961,1145297178966,1145297178998,1145297179062,2961,1
2962,1145297328018,1145297328053,1145297328103,2962,1
2963,1145297429416,1145297429448,1145297429510,2963,1
2964,1145297553913,1145297553947,1145297553993,2964,1
2965,1145297678566,1145297678598,1145297678663,2965,1
2966,1145297803521,1145297803554,1145297803601,2966,1
2967,1145297928500,1145297928532,1145297928602,2967,1
2968,1145298053901,1145298053938,1145298054108,2968,1
2969,1145298178792,1145298178826,1145298178870,2969,1
2970,1145298303752,1145298303784,1145298303829,2970,1
2971,1145298428939,1145298428971,1145298429016,2971,1
2972,1145298553799,1145298553832,1145298553877,2972,1
2973,1145298678496,1145298678529,1145298678641,2973,1
2974,1145298803450,1145298803482,1145298803529,2974,1
2975,1145298928410,1145298928442,1145298928559,2975,1
2976,1145299053411,1145299053444,1145299053489,2976,1
2977,1145299178395,1145299178428,1145299178475,2977,1
2978,1145299303645,1145299303677,1145299303720,2978,1
2979,1145299427913,1145299427945,1145299427991,2979,1
2980,1145299584537,1145299584573,1145299584668,2980,1
2981,1145299680681,1145299680714,1145299680760,2981,1
2982,1145299805350,1145299805382,1145299805426,2982,1
2983,1145299922939,1145299922971,1145299923022,2983,1
2984,1145300060352,1145300060385,1145300060438,2984,1
2985,1145300178627,1145300178728,1145300178778,2985,1
2986,1145300303521,1145300303552,1145300303599,2986,1
2987,1145300428953,1145300428986,1145300429154,2987,1
2988,1145300553839,1145300553872,1145300553918,2988,1
2989,1145300678494,1145300678527,1145300678574,2989,1
2990,1145300803582,1145300803615,1145300803660,2990,1
2991,1145300928407,1145300928439,1145300928486,2991,1
2992,1145301053684,1145301053717,1145301053763,2992,1
2993,1145301178601,1145301178634,1145301178737,2993,1
2994,1145301327231,1145301327267,1145301327316,2994,1
2995,1145301430510,1145301430543,1145301430650,2995,1
2996,1145301555313,1145301555346,1145301555391,2996,1
2997,1145301680202,1145301680235,1145301680334,2997,1
2998,1145301804940,1145301804973,1145301805020,2998,1
2999,1145301929812,1145301929843,1145301929947,2999,1
3000,1145302054873,1145302054907,1145302054952,3000,1
3001,1145302179944,1145302179978,1145302180136,3001,1
3002,1145302305110,1145302305141,1145302305246,3002,1
3003,1145302430519,1145302430550,1145302430653,3003,1
3004,1145302555502,1145302555535,1145302555581,3004,1
3005,1145302680788,1145302680820,1145302680926,3005,1
3006,1145302805434,1145302805465,1145302805513,3006,1
3007,1145302930446,1145302930478,1145302930527,3007,1
3008,1145303055351,1145303055384,1145303055429,3008,1
3009,1145303180266,1145303180299,1145303180345,3009,1
3010,1145303305185,1145303305217,1145303305264,3010,1
3011,1145303430554,1145303430586,1145303430633,3011,1
3012,1145303561281,1145303561315,1145303561367,3012,1
3013,1145303680497,1145303680529,1145303680579,3013,1
3014,1145303805282,1145303805314,1145303805359,3014,1
3015,1145303922583,1145303922616,1145303922667,3015,1
3016,1145304060301,1145304060334,1145304060387,3016,1
3017,1145304178726,1145304178830,1145304178881,3017,1
3018,1145304303443,1145304303476,1145304303521,3018,1
3019,1145304428432,1145304428464,1145304428513,3019,1
3020,1145304553646,1145304553677,1145304553783,3020,1
3021,1145304678532,1145304678565,1145304678615,3021,1
3022,1145304803720,1145304803751,1145304803796,3022,1
3023,1145304928639,1145304928671,1145304928721,3023,1
3024,1145305053589,1145305053621,1145305053671,3024,1
3025,1145305178372,1145305178405,1145305178455,3025,1
3026,1145305324369,1145305324405,1145305324454,3026,1
3027,1145305450911,1145305450946,1145305451001,3027,1
3028,1145305567949,1145305567982,1145305568031,3028,1
3029,1145305681728,1145305681761,1145305681810,3029,1
3030,1145305820116,1145305820149,1145305820202,3030,1
3031,1145305950261,1145305950293,1145305950341,3031,1
3032,1145306064684,1145306064716,1145306064771,3032,1
3033,1145306206697,1145306206733,1145306206781,3033,1
3034,1145306307110,1145306307141,1145306307189,3034,1
3035,1145306444318,1145306444349,1145306444512,3035,1
3036,1145306555706,1145306555738,1145306555786,3036,1
3037,1145306680312,1145306680344,1145306680462,3037,1
3038,1145306805533,1145306805566,1145306805616,3038,1
3039,1145306930417,1145306930450,1145306930496,3039,1
3040,1145307055121,1145307055153,1145307055205,3040,1
3041,1145307180267,1145307180299,1145307180349,3041,1
3042,1145307305259,1145307305293,1145307305344,3042,1
3043,1145307430132,1145307430164,1145307430212,3043,1
3044,1145307560326,1145307560359,1145307560409,3044,1
3045,1145307680189,1145307680222,1145307680273,3045,1
3046,1145307805214,1145307805247,1145307805292,3046,1
3047,1145307922918,1145307922951,1145307922998,3047,1
3048,1145308060516,1145308060548,1145308060597,3048,1
3049,1145308178649,1145308178754,1145308178800,3049,1
3050,1145308303602,1145308303634,1145308303689,3050,1
3051,1145308428538,1145308428569,1145308428616,3051,1
3052,1145308553412,1145308553443,1145308553490,3052,1
3053,1145308678324,1145308678357,1145308678402,3053,1
3054,1145308803833,1145308803865,1145308803973,3054,1
3055,1145308928591,1145308928622,1145308928668,3055,1
3056,1145309101768,1145309101801,1145309101850,3056,1
3057,1145309178768,1145309178801,1145309178851,3057,1
3058,1145309334907,1145309334940,1145309334989,3058,1
3059,1145309428837,1145309428868,1145309428916,3059,1
3060,1145309553900,1145309553932,1145309553979,3060,1
3061,1145309678708,1145309678741,1145309679066,3061,1
3062,1145309803608,1145309803640,1145309803686,3062,1
3063,1145309965416,1145309965449,1145309965497,3063,1
3064,1145310053768,1145310053800,1145310053850,3064,1
3065,1145310178469,1145310178501,1145310178547,3065,1
3066,1145310303450,1145310303484,1145310303530,3066,1
3067,1145310428579,1145310428612,1145310428658,3067,1
3068,1145310567116,1145310567148,1145310567328,3068,1
3069,1145310678477,1145310678510,1145310678627,3069,1
3070,1145310803527,1145310803558,1145310803602,3070,1
3071,1145310928457,1145310928491,1145310928611,3071,1
3072,1145311072374,1145311072407,1145311072461,3072,1
3073,1145311178719,1145311178752,1145311178797,3073,1
3074,1145311303426,1145311303458,1145311303509,3074,1
3075,1145311427751,1145311427784,1145311427833,3075,1
3076,1145311702896,1145311702940,1145311703070,3076,1
3077,1145311714900,1145311714945,1145311715126,3077,1
3078,1145311811287,1145311811320,1145311811375,3078,1
3079,1145311928004,1145311928037,1145311928235,3079,1
3080,1145312063797,1145312063829,1145312063882,3080,1
3081,1145312186040,1145312186142,1145312186310,3081,1
3082,1145312310108,1145312310141,1145312310194,3082,1
3083,1145312431698,1145312431731,1145312431908,3083,1
3084,1145312556107,1145312556139,1145312556190,3084,1
3085,1145312680437,1145312680471,1145312680648,3085,1
3086,1145312805139,1145312805171,1145312805221,3086,1
3087,1145312930578,1145312930611,1145312930718,3087,1
3088,1145313054614,1145313054646,1145313054697,3088,1
3089,1145313179957,1145313179990,1145313180041,3089,1
3090,1145313339480,1145313339512,1145313339562,3090,1
3091,1145313429820,1145313429853,1145313429899,3091,1
3092,1145313554233,1145313554265,1145313554312,3092,1
3093,1145313679027,1145313679059,1145313679107,3093,1
3094,1145313804380,1145313804412,1145313804459,3094,1
3095,1145313928919,1145313928951,1145313928997,3095,1
3096,1145314053959,1145314053991,1145314054037,3096,1
3097,1145314276918,1145314276954,1145314277044,3097,1
3098,1145314312538,1145314312570,1145314312614,3098,1
3099,1145314429393,1145314429426,1145314429469,3099,1
3100,1145314553903,1145314553936,1145314553979,3100,1
3101,1145314678716,1145314678749,1145314678792,3101,1
3102,1145314810277,1145314810309,1145314810477,3102,1
3103,1145314928861,1145314928894,1145314929016,3103,1
3104,1145315054012,1145315054044,1145315054098,3104,1
3105,1145315178755,1145315178787,1145315178896,3105,1
3106,1145315302609,1145315302642,1145315302693,3106,1
3107,1145315429742,1145315429774,1145315429944,3107,1
3108,1145315553666,1145315553699,1145315553749,3108,1
3109,1145315678459,1145315678491,1145315678600,3109,1
3110,1145315882808,1145315882841,1145315882931,3110,1
3111,1145315922908,1145315922940,1145315923052,3111,1
3112,1145316060689,1145316060721,1145316060773,3112,1
3113,1145316178689,1145316178794,1145316178894,3113,1
3114,1145316304062,1145316304095,1145316304145,3114,1
3115,1145316428739,1145316428771,1145316428876,3115,1
3116,1145316553953,1145316553986,1145316554037,3116,1
3117,1145316678547,1145316678579,1145316678700,3117,1
3118,1145316803399,1145316803431,1145316803481,3118,1
3119,1145316928598,1145316928630,1145316928755,3119,1
3120,1145317053656,1145317053690,1145317053799,3120,1
3121,1145317178459,1145317178490,1145317178609,3121,1
3122,1145317334150,1145317334181,1145317334229,3122,1
3123,1145317428699,1145317428731,1145317428784,3123,1
3124,1145317553631,1145317553664,1145317553714,3124,1
3125,1145317678904,1145317678936,1145317678986,3125,1
3126,1145317803650,1145317803684,1145317803735,3126,1
3127,1145317928461,1145317928494,1145317928615,3127,1
3128,1145318052994,1145318053026,1145318053075,3128,1
3129,1145318269592,1145318269648,1145318269822,3129,1
3130,1145318305729,1145318305761,1145318305809,3130,1
3131,1145318428613,1145318428646,1145318428881,3131,1
3132,1145318553482,1145318553515,1145318553563,3132,1
3133,1145318678479,1145318678512,1145318678669,3133,1
3134,1145318803531,1145318803563,1145318803610,3134,1
3135,1145318928538,1145318928571,1145318928734,3135,1
3136,1145319053745,1145319053776,1145319053827,3136,1
3137,1145319178702,1145319178735,1145319178785,3137,1
3138,1145319303645,1145319303677,1145319303725,3138,1
3139,1145319428771,1145319428802,1145319428849,3139,1
3140,1145319553850,1145319553883,1145319553930,3140,1
3141,1145319678562,1145319678594,1145319678639,3141,1
3142,1145319802866,1145319802897,1145319802948,3142,1
3143,1145319929744,1145319929777,1145319929879,3143,1
3144,1145320060049,1145320060081,1145320060132,3144,1
3145,1145320178104,1145320178208,1145320178257,3145,1
3146,1145320303101,1145320303134,1145320303187,3146,1
3147,1145320428258,1145320428290,1145320428333,3147,1
3148,1145320553001,1145320553032,1145320553081,3148,1
3149,1145320677974,1145320678006,1145320678051,3149,1
3150,1145320802962,1145320802995,1145320803040,3150,1
3151,1145320927981,1145320928012,1145320928061,3151,1
3152,1145321053061,1145321053093,1145321053145,3152,1
3153,1145321177942,1145321177974,1145321178023,3153,1
3154,1145321323933,1145321323968,1145321324071,3154,1
3155,1145321429932,1145321429964,1145321430009,3155,1
3156,1145321554836,1145321554868,1145321554913,3156,1
3157,1145321679610,1145321679642,1145321679688,3157,1
3158,1145321804695,1145321804726,1145321804771,3158,1
3159,1145321929496,1145321929529,1145321929574,3159,1
3160,1145322054475,1145322054506,1145322054550,3160,1
3161,1145322179304,1145322179335,1145322179384,3161,1
3162,1145322304812,1145322304845,1145322304893,3162,1
3163,1145322429643,1145322429675,1145322429720,3163,1
3164,1145322555014,1145322555045,1145322555096,3164,1
3165,1145322679960,1145322679992,1145322680168,3165,1
3166,1145322804868,1145322804900,1145322804950,3166,1
3167,1145322929732,1145322929763,1145322929958,3167,1
3168,1145323054729,1145323054761,1145323054919,3168,1
3169,1145323179905,1145323179937,1145323180033,3169,1
3170,1145323304887,1145323304918,1145323304960,3170,1
3171,1145323430453,1145323430485,1145323430581,3171,1
3172,1145323559226,1145323559259,1145323559300,3172,1
3173,1145323702412,1145323702446,1145323702555,3173,1
3174,1145323825686,1145323825717,1145323825767,3174,1
3175,1145323943016,1145323943049,1145323943169,3175,1
3176,1145324060783,1145324060823,1145324060879,3176,1
3177,1145324231628,1145324231736,1145324231858,3177,1
3178,1145324310248,1145324310291,1145324310343,3178,1
3179,1145324458919,1145324458952,1145324459071,3179,1
3180,1145324574478,1145324574511,1145324574557,3180,1
3181,1145324713317,1145324713348,1145324713455,3181,1
3182,1145325044628,1145325044696,1145325044911,3182,1
3183,1145325064334,1145325064366,1145325064473,3183,1
3184,1145325065429,1145325065480,1145325065523,3184,1
3185,1145325178579,1145325178612,1145325178810,3185,1
3186,1145325325135,1145325325171,1145325325225,3186,1
3187,1145325487878,1145325487910,1145325488198,3187,1
3188,1145325554663,1145325554695,1145325554742,3188,1
3189,1145325680382,1145325680415,1145325680553,3189,1
3190,1145325805418,1145325805451,1145325805495,3190,1
3191,1145325967748,1145325967781,1145325967974,3191,1
3192,1145326055562,1145326055595,1145326055642,3192,1
3193,1145326180204,1145326180238,1145326180414,3193,1
3194,1145326305298,1145326305330,1145326305375,3194,1
3195,1145326430180,1145326430212,1145326430385,3195,1
3196,1145326555275,1145326555308,1145326555354,3196,1
3197,1145326680431,1145326680464,1145326680654,3197,1
3198,1145326805862,1145326805895,1145326805940,3198,1
3199,1145326930364,1145326930397,1145326930590,3199,1
3200,1145327055337,1145327055371,1145327055420,3200,1
3201,1145327180215,1145327180247,1145327180426,3201,1
3202,1145327305193,1145327305224,1145327305394,3202,1
3203,1145327430365,1145327430397,1145327430510,3203,1
3204,1145327555278,1145327555312,1145327555360,3204,1
3205,1145327680615,1145327680646,1145327680692,3205,1
3206,1145327851130,1145327851162,1145327851210,3206,1
3207,1145327923105,1145327923137,1145327923182,3207,1
3208,1145328141194,1145328141229,1145328141306,3208,1
3209,1145328179333,1145328179439,1145328179489,3209,1
3210,1145328303757,1145328303790,1145328303841,3210,1
3211,1145328428569,1145328428603,1145328428649,3211,1
3212,1145328553586,1145328553619,1145328553671,3212,1
3213,1145328678484,1145328678516,1145328678585,3213,1
3214,1145328803721,1145328803753,1145328803805,3214,1
3215,1145328928584,1145328928617,1145328928726,3215,1
3216,1145329054010,1145329055358,1145329055419,3216,1
3217,1145329216182,1145329216216,1145329216334,3217,1
3218,1145329325162,1145329325197,1145329325256,3218,1
3219,1145329487750,1145329487788,1145329487950,3219,1
3220,1145329556567,1145329556599,1145329556712,3220,1
3221,1145329680588,1145329680619,1145329680732,3221,1
3222,1145329805381,1145329805412,1145329805458,3222,1
3223,1145329930831,1145329930863,1145329931028,3223,1
3224,1145330055312,1145330055344,1145330055390,3224,1
3225,1145330180379,1145330180412,1145330180598,3225,1
3226,1145330305564,1145330305597,1145330305643,3226,1
3227,1145330430363,1145330430396,1145330430454,3227,1
3228,1145330555182,1145330555213,1145330555257,3228,1
3229,1145330680518,1145330680550,1145330680594,3229,1
3230,1145330805521,1145330805553,1145330805596,3230,1
3231,1145330930717,1145330930750,1145330930797,3231,1
3232,1145331117635,1145331117668,1145331117716,3232,1
3233,1145331185662,1145331185695,1145331185749,3233,1
3234,1145331435007,1145331435039,1145331435214,3234,1
3235,1145331445474,1145331445519,1145331445631,3235,1
3236,1145331561306,1145331561338,1145331561392,3236,1
3237,1145331680295,1145331680328,1145331680452,3237,1
3238,1145331805149,1145331805183,1145331805235,3238,1
3239,1145331929277,1145331929308,1145331929422,3239,1
3240,1145332060972,1145332061005,1145332061059,3240,1
3241,1145332209529,1145332209586,1145332209694,3241,1
3242,1145332304368,1145332304471,1145332304513,3242,1
3243,1145332428862,1145332428895,1145332428972,3243,1
3244,1145332553703,1145332553736,1145332553789,3244,1
3245,1145332678517,1145332678549,1145332678752,3245,1
3246,1145332803622,1145332803655,1145332803700,3246,1
3247,1145332928731,1145332928761,1145332928955,3247,1
3248,1145333053905,1145333053937,1145333053985,3248,1
3249,1145333177678,1145333177710,1145333177888,3249,1
3250,1145333325848,1145333325885,1145333325994,3250,1
3251,1145333428948,1145333428980,1145333429156,3251,1
3252,1145333553605,1145333553638,1145333553683,3252,1
3253,1145333678526,1145333678559,1145333678638,3253,1
3254,1145333942324,1145333942362,1145333942493,3254,1
3255,1145333953011,1145333953056,1145333953242,3255,1
3256,1145334147536,1145334147571,1145334147662,3256,1
3257,1145334191126,1145334191159,1145334191241,3257,1
3258,1145334305992,1145334306024,1145334306073,3258,1
3259,1145334430590,1145334430623,1145334430799,3259,1
3260,1145334555209,1145334555242,1145334555294,3260,1
3261,1145334680491,1145334680523,1145334680590,3261,1
3262,1145334805281,1145334805313,1145334805359,3262,1
3263,1145334965366,1145334965399,1145334965451,3263,1
3264,1145335078437,1145335078470,1145335078576,3264,1
3265,1145335186170,1145335186203,1145335186256,3265,1
3266,1145335345563,1145335345595,1145335345675,3266,1
3267,1145335458463,1145335458495,1145335458567,3267,1
3268,1145335613079,1145335613114,1145335613305,3268,1
3269,1145335687767,1145335687799,1145335687921,3269,1
3270,1145335825651,1145335825683,1145335825730,3270,1
3271,1145335926783,1145335926815,1145335926929,3271,1
3272,1145336063530,1145336063638,1145336063684,3272,1
3273,1145336185547,1145336185579,1145336185698,3273,1
3274,1145336307232,1145336307263,1145336307316,3274,1
3275,1145336441173,1145336441206,1145336441317,3275,1
3276,1145336560795,1145336560828,1145336560880,3276,1
3277,1145336684605,1145336684638,1145336684743,3277,1
3278,1145336822544,1145336822576,1145336822624,3278,1
3279,1145336962491,1145336962523,1145336962632,3279,1
3280,1145337105977,1145337106012,1145337106105,3280,1
3281,1145337180337,1145337180368,1145337180470,3281,1
3282,1145337358465,1145337358497,1145337358551,3282,1
3283,1145337429236,1145337429268,1145337429371,3283,1
3284,1145337564991,1145337565022,1145337565109,3284,1
3285,1145337686420,1145337686452,1145337686563,3285,1
3286,1145337810704,1145337810735,1145337810787,3286,1
3287,1145337973280,1145337973328,1145337973508,3287,1
3288,1145338079511,1145338079541,1145338079632,3288,1
3289,1145338181180,1145338181210,1145338181334,3289,1
3290,1145338345142,1145338345173,1145338345222,3290,1
3291,1145338431313,1145338431345,1145338431463,3291,1
3292,1145338555946,1145338555979,1145338556023,3292,1
3293,1145338680375,1145338680407,1145338680509,3293,1
3294,1145338805570,1145338805602,1145338805647,3294,1
3295,1145338958985,1145338959017,1145338959194,3295,1
3296,1145339055485,1145339055517,1145339055564,3296,1
3297,1145339180539,1145339180571,1145339180681,3297,1
3298,1145339305038,1145339305069,1145339305128,3298,1
3299,1145339430174,1145339430205,1145339430254,3299,1
3300,1145339554830,1145339554862,1145339554911,3300,1
3301,1145339679767,1145339679798,1145339679844,3301,1
3302,1145339805183,1145339805214,1145339805384,3302,1
3303,1145339922549,1145339922580,1145339922685,3303,1
3304,1145340060775,1145340060879,1145340060926,3304,1
3305,1145340178674,1145340178707,1145340178822,3305,1
3306,1145340309688,1145340309720,1145340309766,3306,1
3307,1145340429024,1145340429055,1145340429167,3307,1
3308,1145340558416,1145340558449,1145340558495,3308,1
3309,1145340678460,1145340678492,1145340678593,3309,1
3310,1145340808697,1145340808728,1145340808777,3310,1
3311,1145340928008,1145340928040,1145340928174,3311,1
3312,1145341052885,1145341052917,1145341052963,3312,1
3313,1145341178002,1145341178035,1145341178140,3313,1
3314,1145341325109,1145341325143,1145341325189,3314,1
3315,1145341430223,1145341430255,1145341430369,3315,1
3316,1145341554696,1145341554729,1145341554772,3316,1
3317,1145341679616,1145341679647,1145341679955,3317,1
3318,1145341804942,1145341804975,1145341805020,3318,1
3319,1145341930089,1145341930121,1145341930287,3319,1
3320,1145342055497,1145342055530,1145342055643,3320,1
3321,1145342180434,1145342180466,1145342180663,3321,1
3322,1145342305106,1145342305138,1145342305183,3322,1
3323,1145342429802,1145342429835,1145342430060,3323,1
3324,1145342555368,1145342555401,1145342555447,3324,1
3325,1145342680119,1145342680151,1145342680329,3325,1
3326,1145342835229,1145342835264,1145342835315,3326,1
3327,1145342930766,1145342930798,1145342930850,3327,1
3328,1145343055183,1145343055214,1145343055267,3328,1
3329,1145343180202,1145343180233,1145343180279,3329,1
3330,1145343305280,1145343305312,1145343305364,3330,1
3331,1145343430023,1145343430055,1145343430244,3331,1
3332,1145343555469,1145343555501,1145343555552,3332,1
3333,1145343680258,1145343680291,1145343680470,3333,1
3334,1145343805154,1145343805187,1145343805233,3334,1
3335,1145343951572,1145343951604,1145343951761,3335,1
3336,1145344060508,1145344060542,1145344060588,3336,1
3337,1145344178626,1145344178730,1145344178828,3337,1
3338,1145344303597,1145344303630,1145344303680,3338,1
3339,1145344428697,1145344428730,1145344428830,3339,1
3340,1145344553594,1145344553627,1145344553673,3340,1
3341,1145344678591,1145344678624,1145344678742,3341,1
3342,1145344803434,1145344803467,1145344803513,3342,1
3343,1145344928507,1145344928541,1145344928662,3343,1
3344,1145345053328,1145345053361,1145345053406,3344,1
3345,1145345178462,1145345178495,1145345178545,3345,1
3346,1145345325938,1145345325971,1145345326019,3346,1
3347,1145345430601,1145345430632,1145345430702,3347,1
3348,1145345555577,1145345555609,1145345555656,3348,1
3349,1145345680868,1145345680901,1145345680947,3349,1
3350,1145345805373,1145345805406,1145345805452,3350,1
3351,1145345930217,1145345930250,1145345930295,3351,1
3352,1145346055170,1145346055202,1145346055250,3352,1
3353,1145346180373,1145346180407,1145346180590,3353,1
3354,1145346305431,1145346305464,1145346305571,3354,1
3355,1145346430328,1145346430361,1145346430525,3355,1
3356,1145346555212,1145346555244,1145346555293,3356,1
3357,1145346680618,1145346680650,1145346680702,3357,1
3358,1145346805300,1145346805331,1145346805382,3358,1
3359,1145346930272,1145346930304,1145346930354,3359,1
3360,1145347055283,1145347055317,1145347055368,3360,1
3361,1145347180500,1145347180533,1145347180586,3361,1
3362,1145347305236,1145347305269,1145347305321,3362,1
3363,1145347437317,1145347437351,1145347437404,3363,1
3364,1145347555392,1145347555425,1145347555476,3364,1
3365,1145347680140,1145347680173,1145347680221,3365,1
3366,1145347805238,1145347805269,1145347805313,3366,1
3367,1145347922549,1145347922582,1145347922628,3367,1
3368,1145348074492,1145348074594,1145348074753,3368,1
3369,1145348178680,1145348178713,1145348178819,3369,1
3370,1145348308510,1145348308542,1145348308592,3370,1
3371,1145348490121,1145348490157,1145348490315,3371,1
3372,1145348578000,1145348578032,1145348578082,3372,1
3373,1145348678547,1145348678580,1145348678691,3373,1
3374,1145348803813,1145348803845,1145348803889,3374,1
3375,1145348928507,1145348928540,1145348928655,3375,1
3376,1145349052735,1145349052768,1145349052814,3376,1
3377,1145349187621,1145349187654,1145349187817,3377,1
3378,1145349322178,1145349322210,1145349322261,3378,1
3379,1145349428606,1145349428639,1145349428763,3379,1
3380,1145349553478,1145349553510,1145349553557,3380,1
3381,1145349678577,1145349678610,1145349678729,3381,1
3382,1145349803901,1145349803934,1145349803984,3382,1
3383,1145349927855,1145349927888,1145349928007,3383,1
3384,1145350088569,1145350088605,1145350088700,3384,1
3385,1145350177651,1145350177685,1145350177800,3385,1
3386,1145350306159,1145350306194,1145350306307,3386,1
3387,1145350430457,1145350430489,1145350430665,3387,1
3388,1145350555380,1145350555413,1145350555458,3388,1
3389,1145350680359,1145350680391,1145350680500,3389,1
3390,1145350805377,1145350805410,1145350805455,3390,1
3391,1145350930416,1145350930448,1145350930549,3391,1
3392,1145351140822,1145351140856,1145351140906,3392,1
3393,1145351180973,1145351181005,1145351181104,3393,1
3394,1145351305307,1145351305339,1145351305385,3394,1
3395,1145351430309,1145351430342,1145351430442,3395,1
3396,1145351555289,1145351555320,1145351555371,3396,1
3397,1145351687840,1145351687873,1145351687973,3397,1
3398,1145351829151,1145351829184,1145351829235,3398,1
3399,1145351922574,1145351922606,1145351922651,3399,1
3400,1145352060021,1145352060130,1145352060178,3400,1
3401,1145352178181,1145352178213,1145352178385,3401,1
3402,1145352304306,1145352304339,1145352304452,3402,1
3403,1145352428722,1145352428755,1145352428869,3403,1
3404,1145352553482,1145352553514,1145352553564,3404,1
3405,1145352683863,1145352683900,1145352683959,3405,1
3406,1145352838725,1145352838758,1145352838852,3406,1
3407,1145352929367,1145352929400,1145352929445,3407,1
3408,1145353053746,1145353053779,1145353053825,3408,1
3409,1145353178489,1145353178521,1145353178572,3409,1
3410,1145353326970,1145353327003,1145353327051,3410,1
3411,1145353427948,1145353427981,1145353428026,3411,1
3412,1145353561665,1145353561702,1145353561795,3412,1
3413,1145353678650,1145353678683,1145353678805,3413,1
3414,1145353803536,1145353803569,1145353803611,3414,1
3415,1145353928586,1145353928618,1145353928734,3415,1
3416,1145354053927,1145354053960,1145354054011,3416,1
3417,1145354213314,1145354213347,1145354213453,3417,1
3418,1145354303618,1145354303650,1145354303697,3418,1
3419,1145354428440,1145354428473,1145354428593,3419,1
3420,1145354553835,1145354553867,1145354553969,3420,1
3421,1145354678554,1145354678587,1145354678633,3421,1
3422,1145354806382,1145354857484,1145354857534,3422,1
3423,1145354929130,1145354929161,1145354929208,3423,1
3424,1145355053803,1145355053835,1145355053882,3424,1
3425,1145355178646,1145355178679,1145355178728,3425,1
3426,1145355321749,1145355321783,1145355321830,3426,1
3427,1145355427586,1145355427619,1145355427664,3427,1
3428,1145355563526,1145355563559,1145355563656,3428,1
3429,1145355680416,1145355680447,1145355680498,3429,1
3430,1145355805310,1145355805343,1145355805390,3430,1
3431,1145355934436,1145355934469,1145355934523,3431,1
3432,1145356060899,1145356061005,1145356061053,3432,1
3433,1145356179017,1145356179049,1145356179166,3433,1
3434,1145356303692,1145356303724,1145356303775,3434,1
3435,1145356428560,1145356428593,1145356428755,3435,1
3436,1145356553505,1145356553539,1145356553581,3436,1
3437,1145356678416,1145356678450,1145356678557,3437,1
3438,1145356803487,1145356803519,1145356803566,3438,1
3439,1145356928348,1145356928382,1145356928496,3439,1
3440,1145357053503,1145357053536,1145357053583,3440,1
3441,1145357178790,1145357178823,1145357178929,3441,1
3442,1145357333607,1145357333644,1145357333693,3442,1
3443,1145357427803,1145357427835,1145357427942,3443,1
3444,1145357699361,1145357699416,1145357699514,3444,1
3445,1145357710664,1145357710708,1145357710868,3445,1
3446,1145357810096,1145357810129,1145357810182,3446,1
3447,1145357932889,1145357932921,1145357933101,3447,1
3448,1145358060024,1145358060058,1145358060111,3448,1
3449,1145358183270,1145358183302,1145358183351,3449,1
3450,1145358310895,1145358310927,1145358310980,3450,1
3451,1145358431913,1145358431946,1145358431996,3451,1
3452,1145358556097,1145358556130,1145358556176,3452,1
3453,1145358685720,1145358685754,1145358685807,3453,1
3454,1145358806175,1145358806207,1145358806305,3454,1
3455,1145358930627,1145358930658,1145358930711,3455,1
3456,1145359054956,1145359054987,1145359055038,3456,1
3457,1145359180204,1145359180237,1145359180287,3457,1
3458,1145359304784,1145359304816,1145359304862,3458,1
3459,1145359429295,1145359429329,1145359429380,3459,1
3460,1145359564440,1145359564475,1145359564570,3460,1
3461,1145359681302,1145359681334,1145359681385,3461,1
3462,1145359805987,1145359806019,1145359806070,3462,1
3463,1145359923115,1145359923148,1145359923193,3463,1
3464,1145360060934,1145360061041,1145360061094,3464,1
3465,1145360178850,1145360178882,1145360179068,3465,1
3466,1145360304408,1145360304440,1145360304497,3466,1
3467,1145360429207,1145360429240,1145360429537,3467,1
3468,1145360553761,1145360553793,1145360553957,3468,1
3469,1145360678699,1145360678731,1145360678776,3469,1
3470,1145360804199,1145360804231,1145360804273,3470,1
3471,1145360928808,1145360928840,1145360928882,3471,1
3472,1145361053907,1145361053938,1145361053984,3472,1
3473,1145361177503,1145361177536,1145361177578,3473,1
3474,1145361327016,1145361327053,1145361327168,3474,1
3475,1145361429004,1145361429035,1145361429081,3475,1
3476,1145361553710,1145361553743,1145361553790,3476,1
3477,1145361678633,1145361678666,1145361678713,3477,1
3478,1145361803544,1145361803576,1145361803622,3478,1
3479,1145361935103,1145361935136,1145361935211,3479,1
3480,1145362053647,1145362053680,1145362053731,3480,1
3481,1145362178494,1145362178528,1145362178573,3481,1
3482,1145362303314,1145362303347,1145362303394,3482,1
3483,1145362430913,1145362430946,1145362430992,3483,1
3484,1145362553404,1145362553436,1145362553482,3484,1
3485,1145362678385,1145362678417,1145362678466,3485,1
3486,1145362803549,1145362803582,1145362803628,3486,1
3487,1145362928592,1145362928625,1145362928729,3487,1
3488,1145363053547,1145363053580,1145363053628,3488,1
3489,1145363177688,1145363177719,1145363177770,3489,1
3490,1145363351811,1145363351844,1145363351936,3490,1
3491,1145363431403,1145363431436,1145363431481,3491,1
3492,1145363563097,1145363563130,1145363563178,3492,1
3493,1145363680135,1145363680168,1145363680340,3493,1
3494,1145363805263,1145363805295,1145363805346,3494,1
3495,1145363922685,1145363922718,1145363922892,3495,1
3496,1145364061513,1145364061619,1145364061668,3496,1
3497,1145364178637,1145364178671,1145364178884,3497,1
3498,1145364303563,1145364303595,1145364303643,3498,1
3499,1145364428484,1145364428517,1145364428567,3499,1
3500,1145364553723,1145364553755,1145364553802,3500,1
3501,1145364678592,1145364678624,1145364678790,3501,1
3502,1145364803524,1145364803555,1145364803657,3502,1
3503,1145364928497,1145364928529,1145364928631,3503,1
3504,1145365053420,1145365053453,1145365053495,3504,1
3505,1145365178547,1145365178578,1145365178621,3505,1
3506,1145365325799,1145365325832,1145365325880,3506,1
3507,1145365428037,1145365428070,1145365428116,3507,1
3508,1145365700569,1145365700605,1145365700723,3508,1
3509,1145365711545,1145365711589,1145365711631,3509,1
3510,1145365810004,1145365810037,1145365810084,3510,1
3511,1145365933273,1145365933305,1145365933359,3511,1
3512,1145366087652,1145366087684,1145366087777,3512,1
3513,1145366186778,1145366186811,1145366186860,3513,1
3514,1145366309109,1145366309142,1145366309192,3514,1
3515,1145366436677,1145366436710,1145366436758,3515,1
3516,1145366555406,1145366555438,1145366555489,3516,1
3517,1145366707219,1145366707265,1145366707481,3517,1
3518,1145366805372,1145366805404,1145366805457,3518,1
3519,1145366930435,1145366930467,1145366930642,3519,1
3520,1145367055472,1145367055504,1145367055611,3520,1
3521,1145367180546,1145367180580,1145367180782,3521,1
3522,1145367305351,1145367305384,1145367305434,3522,1
3523,1145367469172,1145367469209,1145367469259,3523,1
3524,1145367556509,1145367556542,1145367556590,3524,1
3525,1145367680581,1145367680613,1145367680660,3525,1
3526,1145367805346,1145367805378,1145367805423,3526,1
3527,1145367922573,1145367922605,1145367922653,3527,1
3528,1145368062017,1145368062119,1145368062173,3528,1
3529,1145368183817,1145368183849,1145368183902,3529,1
3530,1145368303031,1145368303062,1145368303107,3530,1
3531,1145368427327,1145368427359,1145368427460,3531,1
3532,1145368633305,1145368633337,1145368633430,3532,1
3533,1145368678311,1145368678343,1145368678413,3533,1
3534,1145368808765,1145368808797,1145368808846,3534,1
3535,1145368927895,1145368927926,1145368928092,3535,1
3536,1145369053082,1145369053115,1145369053156,3536,1
3537,1145369178146,1145369178177,1145369178300,3537,1
3538,1145369325636,1145369325672,1145369325726,3538,1
3539,1145369428197,1145369428228,1145369428348,3539,1
3540,1145369552163,1145369552195,1145369552244,3540,1
3541,1145369716340,1145369716372,1145369716535,3541,1
3542,1145369808973,1145369809008,1145369809099,3542,1
3543,1145369944313,1145369944348,1145369944500,3543,1
3544,1145370053035,1145370053067,1145370053115,3544,1
3545,1145370178071,1145370178102,1145370178205,3545,1
3546,1145370302711,1145370302744,1145370302795,3546,1
3547,1145370458288,1145370458321,1145370458483,3547,1
3548,1145370553881,1145370553914,1145370553964,3548,1
3549,1145370802948,1145370802984,1145370803149,3549,1
3550,1145370813898,1145370813934,1145370813978,3550,1
3551,1145370930978,1145370931012,1145370931133,3551,1
3552,1145371055511,1145371055544,1145371055589,3552,1
3553,1145371180449,1145371180483,1145371180605,3553,1
3554,1145371305503,1145371305536,1145371305639,3554,1
3555,1145371430486,1145371430518,1145371430635,3555,1
3556,1145371555532,1145371555565,1145371555611,3556,1
3557,1145371680475,1145371680507,1145371680616,3557,1
3558,1145371805531,1145371805564,1145371805614,3558,1
3559,1145371936831,1145371936864,1145371936959,3559,1
3560,1145372060523,1145372060628,1145372060680,3560,1
3561,1145372178651,1145372178683,1145372178868,3561,1
3562,1145372303335,1145372303368,1145372303413,3562,1
3563,1145372428589,1145372428621,1145372428822,3563,1
3564,1145372553559,1145372553591,1145372553641,3564,1
3565,1145372677571,1145372677604,1145372677780,3565,1
3566,1145372820502,1145372820534,1145372820628,3566,1
3567,1145372928720,1145372928752,1145372928930,3567,1
3568,1145373053625,1145373053658,1145373053835,3568,1
3569,1145373178492,1145373178525,1145373178644,3569,1
3570,1145373327153,1145373327185,1145373327234,3570,1
3571,1145373428823,1145373428855,1145373428982,3571,1
3572,1145373561642,1145373561676,1145373561726,3572,1
3573,1145373678560,1145373678591,1145373678904,3573,1
3574,1145373803350,1145373803382,1145373803432,3574,1
3575,1145373929032,1145373929065,1145373929251,3575,1
3576,1145374053631,1145374053663,1145374053713,3576,1
3577,1145374178813,1145374178845,1145374179015,3577,1
3578,1145374303601,1145374303635,1145374303684,3578,1
3579,1145374428314,1145374428347,1145374428553,3579,1
3580,1145374553417,1145374553450,1145374553501,3580,1
3581,1145374678391,1145374678425,1145374678599,3581,1
3582,1145374803430,1145374803463,1145374803513,3582,1
3583,1145374928362,1145374928394,1145374928445,3583,1
3584,1145375053201,1145375053234,1145375053286,3584,1
3585,1145375178844,1145375178877,1145375178923,3585,1
3586,1145375302677,1145375302711,1145375302762,3586,1
3587,1145375547678,1145375547712,1145375547856,3587,1
3588,1145375559308,1145375559344,1145375559389,3588,1
3589,1145375679437,1145375679470,1145375679522,3589,1
3590,1145375857205,1145375857238,1145375857333,3590,1
3591,1145375923070,1145375923102,1145375923149,3591,1
3592,1145376060692,1145376060799,1145376060853,3592,1
3593,1145376189062,1145376189096,1145376189144,3593,1
3594,1145376303641,1145376303673,1145376303718,3594,1
3595,1145376427773,1145376427806,1145376427995,3595,1
3596,1145376583590,1145376583623,1145376583715,3596,1
3597,1145376678711,1145376678743,1145376678920,3597,1
3598,1145376802766,1145376802799,1145376802851,3598,1
3599,1145376961845,1145376961878,1145376962098,3599,1
3600,1145377053782,1145377053815,1145377053864,3600,1
3601,1145377178784,1145377178816,1145377178975,3601,1
3602,1145377337894,1145377337926,1145377337975,3602,1
3603,1145377428858,1145377428890,1145377429002,3603,1
3604,1145377553570,1145377553603,1145377553654,3604,1
3605,1145377678388,1145377678421,1145377678541,3605,1
3606,1145377803599,1145377803632,1145377803679,3606,1
3607,1145377928718,1145377928751,1145377928866,3607,1
3608,1145378053632,1145378053665,1145378053711,3608,1
3609,1145378178895,1145378178928,1145378179054,3609,1
3610,1145378303777,1145378303810,1145378303856,3610,1
3611,1145378428623,1145378428655,1145378428775,3611,1
3612,1145378552182,1145378552213,1145378552263,3612,1
3613,1145378722645,1145378722677,1145378722768,3613,1
3614,1145378803124,1145378803156,1145378803197,3614,1
3615,1145378928093,1145378928126,1145378928166,3615,1
3616,1145379053019,1145379053051,1145379053093,3616,1
3617,1145379178374,1145379178405,1145379178519,3617,1
3618,1145379303238,1145379303270,1145379303315,3618,1
3619,1145379428342,1145379428373,1145379428482,3619,1
3620,1145379553509,1145379553542,1145379553640,3620,1
3621,1145379678177,1145379678208,1145379678325,3621,1
3622,1145379888531,1145379888562,1145379888652,3622,1
3623,1145379922698,1145379922729,1145379922914,3623,1
3624,1145380059610,1145380059714,1145380059760,3624,1
3625,1145380178393,1145380178425,1145380178591,3625,1
3626,1145380302465,1145380302497,1145380302545,3626,1
3627,1145380469351,1145380469405,1145380469615,3627,1
3628,1145380553133,1145380553165,1145380553214,3628,1
3629,1145380678271,1145380678302,1145380678527,3629,1
3630,1145380809166,1145380809199,1145380809245,3630,1
3631,1145380927951,1145380927984,1145380928162,3631,1
3632,1145381052998,1145381053029,1145381053079,3632,1
3633,1145381178064,1145381178096,1145381178262,3633,1
3634,1145381322932,1145381322966,1145381323017,3634,1
3635,1145381428538,1145381428570,1145381428738,3635,1
3636,1145381553234,1145381553267,1145381553308,3636,1
3637,1145381678187,1145381678217,1145381678318,3637,1
3638,1145381802331,1145381802362,1145381802407,3638,1
3639,1145381941199,1145381941232,1145381941379,3639,1
3640,1145382052940,1145382052972,1145382053021,3640,1
3641,1145382179211,1145382179242,1145382179346,3641,1
3642,1145382303438,1145382303469,1145382303520,3642,1
3643,1145382428127,1145382428158,1145382428261,3643,1
3644,1145382553348,1145382553379,1145382553431,3644,1
3645,1145382678088,1145382678120,1145382678226,3645,1
3646,1145382803108,1145382803141,1145382803190,3646,1
3647,1145382928062,1145382928095,1145382928215,3647,1
3648,1145383052825,1145383052857,1145383052901,3648,1
3649,1145383178095,1145383178127,1145383178171,3649,1
3650,1145383302984,1145383303015,1145383303064,3650,1
3651,1145383428203,1145383428235,1145383428279,3651,1
3652,1145383573319,1145383573351,1145383573404,3652,1
3653,1145383684659,1145383684694,1145383684784,3653,1
3654,1145383891344,1145383891378,1145383891521,3654,1
3655,1145383922818,1145383922849,1145383922893,3655,1
3656,1145384060295,1145384060399,1145384060446,3656,1
3657,1145384178121,1145384178154,1145384178199,3657,1
3658,1145384303272,1145384303305,1145384303349,3658,1
3659,1145384428363,1145384428396,1145384428447,3659,1
3660,1145384553337,1145384553368,1145384553412,3660,1
3661,1145384677043,1145384677075,1145384677120,3661,1
3662,1145384804139,1145384804170,1145384804282,3662,1
3663,1145384928107,1145384928140,1145384928187,3663,1
3664,1145385052921,1145385052952,1145385052999,3664,1
3665,1145385177995,1145385178026,1145385178136,3665,1
3666,1145385322033,1145385322068,1145385322116,3666,1
3667,1145385428390,1145385428421,1145385428499,3667,1
3668,1145385553717,1145385553749,1145385553928,3668,1
3669,1145385678081,1145385678113,1145385678229,3669,1
3670,1145385803002,1145385803034,1145385803078,3670,1
3671,1145385928197,1145385928229,1145385928332,3671,1
3672,1145386053134,1145386053165,1145386053214,3672,1
3673,1145386177923,1145386177954,1145386178059,3673,1
3674,1145386309252,1145386309283,1145386309330,3674,1
3675,1145386427922,1145386427955,1145386428005,3675,1
3676,1145386553296,1145386553328,1145386553380,3676,1
3677,1145386677998,1145386678029,1145386678076,3677,1
3678,1145386802882,1145386802914,1145386802966,3678,1
3679,1145386927875,1145386927908,1145386928033,3679,1
3680,1145387052903,1145387052936,1145387052988,3680,1
3681,1145387177882,1145387177913,1145387178020,3681,1
3682,1145387301934,1145387301966,1145387302015,3682,1
3683,1145387438478,1145387438514,1145387438603,3683,1
3684,1145387553557,1145387553588,1145387553634,3684,1
3685,1145387678009,1145387678041,1145387678084,3685,1
3686,1145387931345,1145387931380,1145387931522,3686,1
3687,1145387942481,1145387942514,1145387942557,3687,1
3688,1145388060189,1145388060296,1145388060344,3688,1
3689,1145388178262,1145388178293,1145388178342,3689,1
3690,1145388302886,1145388302917,1145388302967,3690,1
3691,1145388428033,1145388428065,1145388428167,3691,1
3692,1145388552969,1145388553001,1145388553050,3692,1
3693,1145388678383,1145388678416,1145388678524,3693,1
3694,1145388803534,1145388803566,1145388803612,3694,1
3695,1145388928623,1145388928656,1145388928776,3695,1
3696,1145389053416,1145389053448,1145389053500,3696,1
3697,1145389178509,1145389178544,1145389178712,3697,1
3698,1145389325032,1145389325065,1145389325118,3698,1
3699,1145389428823,1145389428856,1145389429031,3699,1
3700,1145389553376,1145389553409,1145389553456,3700,1
3701,1145389678586,1145389678618,1145389678852,3701,1
3702,1145389803531,1145389803564,1145389803610,3702,1
3703,1145389927506,1145389927538,1145389927586,3703,1
3704,1145390112994,1145390113027,1145390113134,3704,1
3705,1145390178811,1145390178844,1145390178894,3705,1
3706,1145390303290,1145390303323,1145390303370,3706,1
3707,1145390428429,1145390428462,1145390428512,3707,1
3708,1145390553494,1145390553526,1145390553578,3708,1
3709,1145390678736,1145390678770,1145390678821,3709,1
3710,1145390803487,1145390803521,1145390803566,3710,1
3711,1145390928360,1145390928392,1145390928481,3711,1
3712,1145391053370,1145391053402,1145391053453,3712,1
3713,1145391178288,1145391178321,1145391178371,3713,1
3714,1145391303365,1145391303399,1145391303445,3714,1
3715,1145391427439,1145391427472,1145391427522,3715,1
3716,1145391561781,1145391561818,1145391561911,3716,1
3717,1145391680123,1145391680156,1145391680209,3717,1
3718,1145391805159,1145391805191,1145391805242,3718,1
3719,1145391922440,1145391922474,1145391922520,3719,1
3720,1145392060332,1145392060369,1145392060479,3720,1
3721,1145392178476,1145392178508,1145392178559,3721,1
3722,1145392303473,1145392303506,1145392303552,3722,1
3723,1145392428466,1145392428499,1145392428660,3723,1
3724,1145392553498,1145392553531,1145392553582,3724,1
3725,1145392678461,1145392678494,1145392678677,3725,1
3726,1145392803521,1145392803554,1145392803603,3726,1
3727,1145392928612,1145392928645,1145392928696,3727,1
3728,1145393053406,1145393053439,1145393053485,3728,1
3729,1145393178404,1145393178437,1145393178487,3729,1
3730,1145393319184,1145393319216,1145393319266,3730,1
3731,1145393430358,1145393430390,1145393430438,3731,1
3732,1145393555193,1145393555227,1145393555271,3732,1
3733,1145393680379,1145393680411,1145393680459,3733,1
3734,1145393805221,1145393805254,1145393805300,3734,1
3735,1145393930216,1145393930249,1145393930416,3735,1
3736,1145394055452,1145394055484,1145394055529,3736,1
3737,1145394180489,1145394180521,1145394180624,3737,1
3738,1145394305306,1145394305338,1145394305384,3738,1
3739,1145394430228,1145394430261,1145394430306,3739,1
3740,1145394555131,1145394555164,1145394555209,3740,1
3741,1145394680208,1145394680240,1145394680286,3741,1
3742,1145394805019,1145394805051,1145394805098,3742,1
3743,1145394930446,1145394930479,1145394930525,3743,1
3744,1145395055441,1145395055474,1145395055520,3744,1
3745,1145395180423,1145395180456,1145395180506,3745,1
3746,1145395305145,1145395305178,1145395305227,3746,1
3747,1145395430261,1145395430294,1145395430343,3747,1
3748,1145395555315,1145395555348,1145395555399,3748,1
3749,1145395680267,1145395680300,1145395680349,3749,1
3750,1145395805217,1145395805249,1145395805296,3750,1
3751,1145395922657,1145395922689,1145395922738,3751,1
3752,1145396060168,1145396060201,1145396060243,3752,1
3753,1145396178559,1145396178592,1145396178639,3753,1
3754,1145396303816,1145396303849,1145396303959,3754,1
3755,1145396616603,1145396851535,1145396851591,3755,1
3756,1145396864745,1145396864781,1145396864828,3756,1
3757,1145396873561,1145396873596,1145396873639,3757,1
3758,1145396874210,1145396874242,1145396874285,3758,1
3759,1145396934748,1145396934781,1145396934836,3759,1
3760,1145397060252,1145397060285,1145397060338,3760,1
3761,1145397184210,1145397184243,1145397184297,3761,1
3762,1145397327476,1145397327509,1145397327556,3762,1
3763,1145397428579,1145397428610,1145397428808,3763,1
3764,1145397557799,1145397557832,1145397557884,3764,1
3765,1145397681573,1145397681606,1145397681659,3765,1
3766,1145397806233,1145397806265,1145397806311,3766,1
3767,1145397931063,1145397931096,1145397931151,3767,1
3768,1145398055534,1145398055567,1145398055685,3768,1
3769,1145398180646,1145398180679,1145398180796,3769,1
3770,1145398372211,1145398372248,1145398372343,3770,1
3771,1145398432572,1145398432606,1145398432659,3771,1
3772,1145398556541,1145398556573,1145398556629,3772,1
3773,1145398681349,1145398681382,1145398681436,3773,1
3774,1145398806266,1145398806300,1145398806349,3774,1
3775,1145398931456,1145398931489,1145398931603,3775,1
3776,1145399081147,1145399081180,1145399081228,3776,1
3777,1145399432784,1145399432818,1145399432921,3777,1
3778,1145399443237,1145399443270,1145399443314,3778,1
3779,1145399452884,1145399452916,1145399453011,3779,1
3780,1145399561409,1145399561446,1145399561500,3780,1
3781,1145399686304,1145399686338,1145399686451,3781,1
3782,1145399930019,1145399930052,1145399930102,3782,1
3783,1145399941028,1145399941061,1145399941178,3783,1
3784,1145400061663,1145400061695,1145400061744,3784,1
3785,1145400184890,1145400184992,1145400185110,3785,1
3786,1145400304374,1145400304407,1145400304454,3786,1
3787,1145400429596,1145400429628,1145400429799,3787,1
3788,1145400553750,1145400553783,1145400553835,3788,1
3789,1145400678903,1145400678936,1145400679046,3789,1
3790,1145400803586,1145400803619,1145400803668,3790,1
3791,1145400928671,1145400928705,1145400928809,3791,1
3792,1145401053822,1145401053855,1145401053903,3792,1
3793,1145401178895,1145401178926,1145401179032,3793,1
3794,1145401327588,1145401327620,1145401327668,3794,1
3795,1145401427801,1145401427833,1145401427941,3795,1
3796,1145401563074,1145401563111,1145401563204,3796,1
3797,1145401680345,1145401680377,1145401680496,3797,1
3798,1145401805260,1145401805293,1145401805346,3798,1
3799,1145401930203,1145401930236,1145401930362,3799,1
3800,1145402056569,1145402056602,1145402056654,3800,1
3801,1145402180727,1145402180759,1145402180875,3801,1
3802,1145402305414,1145402305447,1145402305613,3802,1
3803,1145402677647,1145402677679,1145402677729,3803,1
3804,1145402692584,1145402692616,1145402692660,3804,1
3805,1145402693380,1145402693412,1145402693458,3805,1
3806,1145402811317,1145402811350,1145402811403,3806,1
3807,1145402935040,1145402935073,1145402935188,3807,1
3808,1145403061002,1145403061035,1145403061083,3808,1
3809,1145403186692,1145403186725,1145403186838,3809,1
3810,1145403310159,1145403310192,1145403310243,3810,1
3811,1145403430451,1145403430485,1145403430536,3811,1
3812,1145403555164,1145403555198,1145403555243,3812,1
3813,1145403680102,1145403680135,1145403680185,3813,1
3814,1145403805199,1145403805233,1145403805283,3814,1
3815,1145403922433,1145403922466,1145403922513,3815,1
3816,1145404060211,1145404060243,1145404060291,3816,1
3817,1145404178623,1145404178721,1145404178774,3817,1
3818,1145404303650,1145404303682,1145404303731,3818,1
3819,1145404428629,1145404428662,1145404428785,3819,1
3820,1145404553523,1145404553556,1145404553654,3820,1
3821,1145404678402,1145404678435,1145404678550,3821,1
3822,1145404809640,1145404809673,1145404809726,3822,1
3823,1145404928401,1145404928433,1145404928546,3823,1
3824,1145405053642,1145405053675,1145405053728,3824,1
3825,1145405178471,1145405178504,1145405178609,3825,1
3826,1145405327274,1145405327311,1145405327361,3826,1
3827,1145405452778,1145405452811,1145405453012,3827,1
3828,1145405553524,1145405553558,1145405553602,3828,1
3829,1145405677704,1145405677736,1145405677992,3829,1
3830,1145406049489,1145406049521,1145406049615,3830,1
3831,1145406059923,1145406059959,1145406060157,3831,1
3832,1145406068834,1145406068865,1145406068909,3832,1
3833,1145406178928,1145406178960,1145406179145,3833,1
3834,1145406303778,1145406303811,1145406303860,3834,1
3835,1145406428662,1145406428694,1145406428858,3835,1
3836,1145406553626,1145406553660,1145406553712,3836,1
3837,1145406678114,1145406678146,1145406678270,3837,1
3838,1145406803539,1145406803572,1145406803621,3838,1
3839,1145406928586,1145406928618,1145406928727,3839,1
3840,1145407053535,1145407053568,1145407053620,3840,1
3841,1145407178551,1145407178584,1145407178698,3841,1
3842,1145407303664,1145407303696,1145407303747,3842,1
3843,1145407427669,1145407427702,1145407427816,3843,1
3844,1145407563461,1145407563495,1145407563588,3844,1
3845,1145407747738,1145407747771,1145407747882,3845,1
3846,1145407802536,1145407802570,1145407802619,3846,1
3847,1145407931870,1145407931904,1145407932056,3847,1
3848,1145408054254,1145408054287,1145408054336,3848,1
3849,1145408178467,1145408178575,1145408178684,3849,1
3850,1145408303431,1145408303464,1145408303518,3850,1
3851,1145408428399,1145408428431,1145408428536,3851,1
3852,1145408553541,1145408553573,1145408553621,3852,1
3853,1145408678483,1145408678515,1145408678640,3853,1
3854,1145409050424,1145409050459,1145409050608,3854,1
3855,1145409060564,1145409060596,1145409060760,3855,1
3856,1145409061498,1145409061530,1145409061572,3856,1
3857,1145409263013,1145409263050,1145409263235,3857,1
3858,1145409318430,1145409318464,1145409318517,3858,1
3859,1145409435833,1145409435865,1145409436094,3859,1
3860,1145409559398,1145409559431,1145409559486,3860,1
3861,1145409683469,1145409683502,1145409683668,3861,1
3862,1145409803115,1145409803148,1145409803247,3862,1
3863,1145410115964,1145410115997,1145410116214,3863,1
3864,1145410126108,1145410126143,1145410126194,3864,1
3865,1145410179184,1145410179217,1145410179404,3865,1
3866,1145410303841,1145410303874,1145410303924,3866,1
3867,1145410428671,1145410428705,1145410428887,3867,1
3868,1145410553512,1145410553545,1145410553701,3868,1
3869,1145410679172,1145410679205,1145410679327,3869,1
3870,1145410803917,1145410803950,1145410804001,3870,1
3871,1145410928616,1145410928648,1145410928695,3871,1
3872,1145411053587,1145411053620,1145411053670,3872,1
3873,1145411178478,1145411178510,1145411178558,3873,1
3874,1145411303514,1145411303546,1145411303589,3874,1
3875,1145411428377,1145411428411,1145411428462,3875,1
3876,1145411553727,1145411553760,1145411553810,3876,1
3877,1145411677734,1145411677767,1145411677817,3877,1
3878,1145412183141,1145412183264,1145412183407,3878,1
3879,1145412208959,1145412208995,1145412209230,3879,1
3880,1145412209926,1145412209958,1145412210001,3880,1
3881,1145412210567,1145412210599,1145412210675,3881,1
3882,1145412309443,1145412309475,1145412309529,3882,1
3883,1145412484543,1145412484582,1145412484818,3883,1
3884,1145412561451,1145412561483,1145412561534,3884,1
3885,1145412683550,1145412683583,1145412683666,3885,1
3886,1145412809662,1145412809696,1145412809788,3886,1
3887,1145412933530,1145412933562,1145412933813,3887,1
3888,1145413053698,1145413053730,1145413053777,3888,1
3889,1145413178492,1145413178526,1145413178704,3889,1
3890,1145413326588,1145413326621,1145413326669,3890,1
3891,1145413428658,1145413428690,1145413428741,3891,1
3892,1145413553534,1145413553565,1145413553618,3892,1
3893,1145413677629,1145413677662,1145413677713,3893,1
3894,1145413872282,1145413872314,1145413872406,3894,1
3895,1145413982122,1145413982155,1145413982329,3895,1
3896,1145414087916,1145414087949,1145414088042,3896,1
3897,1145414215181,1145414215217,1145414215376,3897,1
3898,1145414303881,1145414303913,1145414303962,3898,1
3899,1145414428231,1145414428264,1145414428439,3899,1
3900,1145414553127,1145414553160,1145414553209,3900,1
3901,1145414678267,1145414678300,1145414678492,3901,1
3902,1145414807851,1145414807883,1145414807935,3902,1
3903,1145414957378,1145414957412,1145414957656,3903,1
3904,1145415052597,1145415052630,1145415052684,3904,1
3905,1145415178089,1145415178121,1145415178439,3905,1
3906,1145415303797,1145415303830,1145415303983,3906,1
3907,1145415428517,1145415428549,1145415428652,3907,1
3908,1145415553471,1145415553504,1145415553555,3908,1
3909,1145415678746,1145415678779,1145415678894,3909,1
3910,1145415892851,1145415892883,1145415892977,3910,1
3911,1145415923448,1145415923481,1145415923593,3911,1
3912,1145416061003,1145416061035,1145416061084,3912,1
3913,1145416178566,1145416178670,1145416178738,3913,1
3914,1145416303459,1145416303491,1145416303543,3914,1
3915,1145416428555,1145416428590,1145416428652,3915,1
3916,1145416553515,1145416553548,1145416553597,3916,1
3917,1145416678592,1145416678624,1145416678727,3917,1
3918,1145416803739,1145416803773,1145416803826,3918,1
3919,1145416928698,1145416928731,1145416928905,3919,1
3920,1145417070396,1145417070435,1145417070547,3920,1
3921,1145417178755,1145417178788,1145417178895,3921,1
3922,1145417335567,1145417335603,1145417335655,3922,1
3923,1145417428550,1145417428583,1145417428686,3923,1
3924,1145417553417,1145417553450,1145417553495,3924,1
3925,1145417678696,1145417678730,1145417678854,3925,1
3926,1145417803421,1145417803454,1145417803497,3926,1
3927,1145417928647,1145417928678,1145417928847,3927,1
3928,1145418053636,1145418053669,1145418053719,3928,1
3929,1145418179130,1145418179163,1145418179345,3929,1
3930,1145418303487,1145418303520,1145418303566,3930,1
3931,1145418725728,1145418725786,1145418725974,3931,1
3932,1145418736560,1145418736595,1145418736640,3932,1
3933,1145418737289,1145418737322,1145418737490,3933,1
3934,1145418804440,1145418804473,1145418804522,3934,1
3935,1145418928620,1145418928653,1145418928816,3935,1
3936,1145419053994,1145419054026,1145419054073,3936,1
3937,1145419178803,1145419178836,1145419178938,3937,1
3938,1145419303676,1145419303708,1145419303758,3938,1
3939,1145419428866,1145419428899,1145419428945,3939,1
3940,1145419558875,1145419558907,1145419558960,3940,1
3941,1145419678537,1145419678570,1145419678619,3941,1
3942,1145419802512,1145419802546,1145419802599,3942,1
3943,1145419929958,1145419929990,1145419930084,3943,1
3944,1145420060145,1145420060177,1145420060230,3944,1
3945,1145420178555,1145420178658,1145420178710,3945,1
3946,1145420303539,1145420303572,1145420303622,3946,1
3947,1145420428554,1145420428585,1145420428641,3947,1
3948,1145420553397,1145420553430,1145420553476,3948,1
3949,1145420678337,1145420678369,1145420678419,3949,1
3950,1145420803448,1145420803480,1145420803525,3950,1
3951,1145420928493,1145420928526,1145420928638,3951,1
3952,1145421053403,1145421053436,1145421053485,3952,1
3953,1145421178552,1145421178584,1145421178701,3953,1
3954,1145421327749,1145421327782,1145421327886,3954,1
3955,1145421428834,1145421428867,1145421428976,3955,1
3956,1145421553437,1145421553469,1145421553516,3956,1
3957,1145421678482,1145421678515,1145421679075,3957,1
3958,1145421803422,1145421803454,1145421803500,3958,1
3959,1145421928368,1145421928402,1145421928685,3959,1
3960,1145422053295,1145422053327,1145422053373,3960,1
3961,1145422197083,1145422197116,1145422197361,3961,1
3962,1145422305171,1145422305203,1145422305248,3962,1
3963,1145422480534,1145422480569,1145422480824,3963,1
3964,1145422554158,1145422554190,1145422554234,3964,1
3965,1145422678490,1145422678523,1145422678793,3965,1
3966,1145422803457,1145422803490,1145422803542,3966,1
3967,1145422928426,1145422928458,1145422928716,3967,1
3968,1145423055420,1145423055453,1145423055621,3968,1
3969,1145423178760,1145423178792,1145423178905,3969,1
3970,1145423303671,1145423303703,1145423303750,3970,1
3971,1145423428739,1145423428772,1145423428820,3971,1
3972,1145423553408,1145423553439,1145423553489,3972,1
3973,1145423678394,1145423678426,1145423678472,3973,1
3974,1145423952645,1145423952678,1145423952775,3974,1
3975,1145423963872,1145423963908,1145423963952,3975,1
3976,1145424060600,1145424060633,1145424060682,3976,1
3977,1145424178668,1145424178772,1145424178820,3977,1
3978,1145424303697,1145424303730,1145424303783,3978,1
3979,1145424428837,1145424428870,1145424428924,3979,1
3980,1145424553445,1145424553479,1145424553527,3980,1
3981,1145424678557,1145424678591,1145424678638,3981,1
3982,1145424841592,1145424841627,1145424841677,3982,1
3983,1145424928917,1145424928950,1145424929170,3983,1
3984,1145425053900,1145425053933,1145425053979,3984,1
3985,1145425331050,1145425331105,1145425331413,3985,1
3986,1145425350283,1145425350316,1145425350365,3986,1
3987,1145425429372,1145425429408,1145425429716,3987,1
3988,1145425730700,1145425730733,1145425730789,3988,1
3989,1145425741175,1145425741210,1145425741437,3989,1
3990,1145425803833,1145425803866,1145425803913,3990,1
3991,1145425960877,1145425960909,1145425961174,3991,1
3992,1145426053488,1145426053520,1145426053563,3992,1
3993,1145426178432,1145426178466,1145426178720,3993,1
3994,1145426303299,1145426303332,1145426303379,3994,1
3995,1145426428848,1145426428880,1145426429141,3995,1
3996,1145426553426,1145426553459,1145426553509,3996,1
3997,1145426678649,1145426678682,1145426678922,3997,1
3998,1145426803597,1145426803628,1145426803678,3998,1
3999,1145426928605,1145426928638,1145426928855,3999,1
4000,1145427053451,1145427053484,1145427053533,4000,1
4001,1145427178434,1145427178467,1145427178516,4001,1
4002,1145427303463,1145427303495,1145427303651,4002,1
4003,1145427428689,1145427428722,1145427428819,4003,1
4004,1145427560599,1145427560633,1145427560685,4004,1
4005,1145427678549,1145427678581,1145427678700,4005,1
4006,1145427884651,1145427884687,1145427884785,4006,1
4007,1145427922822,1145427922855,1145427922967,4007,1
4008,1145428060667,1145428060769,1145428060822,4008,1
4009,1145428178662,1145428178694,1145428178800,4009,1
4010,1145428317177,1145428317210,1145428317259,4010,1
4011,1145428428693,1145428428725,1145428428835,4011,1
4012,1145428553715,1145428553747,1145428553800,4012,1
4013,1145428678624,1145428678656,1145428678707,4013,1
4014,1145428803359,1145428803391,1145428803439,4014,1
4015,1145428928474,1145428928506,1145428928560,4015,1
4016,1145429053621,1145429053654,1145429053704,4016,1
4017,1145429178629,1145429178661,1145429178708,4017,1
4018,1145429324645,1145429324677,1145429324727,4018,1
4019,1145429430172,1145429430204,1145429430249,4019,1
4020,1145429555469,1145429555502,1145429555603,4020,1
4021,1145429679881,1145429679914,1145429679991,4021,1
4022,1145429805050,1145429805082,1145429805133,4022,1
4023,1145429929894,1145429929926,1145429930221,4023,1
4024,1145430055293,1145430055325,1145430055375,4024,1
4025,1145430180161,1145430180194,1145430180271,4025,1
4026,1145430304637,1145430304669,1145430304719,4026,1
4027,1145430429916,1145430429949,1145430429999,4027,1
4028,1145430555085,1145430555118,1145430555168,4028,1
4029,1145430680109,1145430680141,1145430680187,4029,1
4030,1145430805112,1145430805144,1145430805195,4030,1
4031,1145430930184,1145430930217,1145430930271,4031,1
4032,1145431055045,1145431055077,1145431055128,4032,1
4033,1145431179984,1145431180017,1145431180069,4033,1
4034,1145431304802,1145431304834,1145431304884,4034,1
4035,1145431430194,1145431430226,1145431430403,4035,1
4036,1145431562438,1145431562471,1145431562520,4036,1
4037,1145431680457,1145431680489,1145431680601,4037,1
4038,1145431805564,1145431805596,1145431805647,4038,1
4039,1145431922482,1145431922514,1145431922621,4039,1
4040,1145432060464,1145432060498,1145432060551,4040,1
4041,1145432178414,1145432178447,1145432178552,4041,1
4042,1145432303432,1145432303539,1145432303584,4042,1
4043,1145432428437,1145432428470,1145432428579,4043,1
4044,1145432553529,1145432553561,1145432553613,4044,1
4045,1145432678756,1145432678789,1145432678838,4045,1
4046,1145432803665,1145432803698,1145432803748,4046,1
4047,1145432928316,1145432928349,1145432928395,4047,1
4048,1145433053516,1145433053550,1145433053599,4048,1
4049,1145433178417,1145433178450,1145433178501,4049,1
4050,1145433334548,1145433334587,1145433334637,4050,1
4051,1145433428689,1145433428721,1145433428768,4051,1
4052,1145433553677,1145433553710,1145433553757,4052,1
4053,1145433678831,1145433678864,1145433678909,4053,1
4054,1145433803528,1145433803560,1145433803722,4054,1
4055,1145433928557,1145433928590,1145433928636,4055,1
4056,1145434053625,1145434053658,1145434053707,4056,1
4057,1145434177861,1145434177892,1145434177937,4057,1
4058,1145434303023,1145434303054,1145434303099,4058,1
4059,1145434427215,1145434427247,1145434427296,4059,1
4060,1145434692942,1145434692973,1145434693292,4060,1
4061,1145434703465,1145434703499,1145434703544,4061,1
4062,1145434809557,1145434809589,1145434809637,4062,1
4063,1145434933499,1145434933532,1145434933584,4063,1
4064,1145435060017,1145435060049,1145435060102,4064,1
4065,1145435184556,1145435184588,1145435184644,4065,1
4066,1145435307682,1145435307714,1145435307762,4066,1
4067,1145435427208,1145435427241,1145435427292,4067,1
4068,1145435575325,1145435575361,1145435575572,4068,1
4069,1145435679966,1145435679998,1145435680100,4069,1
4070,1145435805069,1145435805102,1145435805148,4070,1
4071,1145435922459,1145435922491,1145435922589,4071,1
4072,1145436059701,1145436059734,1145436059782,4072,1
4073,1145436178668,1145436178766,1145436178862,4073,1
4074,1145436303175,1145436303207,1145436303253,4074,1
4075,1145436428348,1145436428381,1145436428490,4075,1
4076,1145436553209,1145436553242,1145436553289,4076,1
4077,1145436678166,1145436678197,1145436678273,4077,1
4078,1145436803089,1145436803125,1145436803172,4078,1
4079,1145436928167,1145436928202,1145436928279,4079,1
4080,1145437053086,1145437053122,1145437053169,4080,1
4081,1145437177748,1145437177783,1145437178028,4081,1
4082,1145437309846,1145437309881,1145437309930,4082,1
4083,1145437427802,1145437427834,1145437427914,4083,1
4084,1145437552651,1145437552682,1145437552725,4084,1
4085,1145437678271,1145437678302,1145437678558,4085,1
4086,1145437803037,1145437803068,1145437803113,4086,1
4087,1145437928362,1145437928393,1145437928491,4087,1
4088,1145438305168,1145438305204,1145438305303,4088,1
4089,1145438315696,1145438315731,1145438315776,4089,1
4090,1145438316540,1145438316572,1145438316613,4090,1
4091,1145438428274,1145438428307,1145438428358,4091,1
4092,1145438624285,1145438624318,1145438624416,4092,1
4093,1145438679004,1145438679037,1145438679079,4093,1
4094,1145438803720,1145438803752,1145438803794,4094,1
4095,1145438929024,1145438929057,1145438929106,4095,1
4096,1145439053117,1145439053149,1145439053194,4096,1
4097,1145439178789,1145439178822,1145439178869,4097,1
4098,1145439303545,1145439303577,1145439303622,4098,1
4099,1145439427455,1145439427487,1145439427532,4099,1
4100,1145439561214,1145439561247,1145439561345,4100,1
4101,1145439678696,1145439678729,1145439678779,4101,1
4102,1145439803673,1145439803706,1145439803865,4102,1
4103,1145439922359,1145439922392,1145439922585,4103,1
4104,1145440095357,1145440095393,1145440095491,4104,1
4105,1145440179437,1145440179538,1145440179706,4105,1
4106,1145440302660,1145440302692,1145440302739,4106,1
4107,1145440452060,1145440452093,1145440452320,4107,1
4108,1145440553454,1145440553487,1145440553538,4108,1
4109,1145440678414,1145440678447,1145440678641,4109,1
4110,1145440803439,1145440803472,1145440803525,4110,1
4111,1145440928473,1145440928506,1145440928698,4111,1
4112,1145441557262,1145441557319,1145441557528,4112,1
4113,1145441570195,1145441570230,1145441570402,4113,1
4114,1145441571063,1145441571095,1145441571137,4114,1
4115,1145441571668,1145441571701,1145441571878,4115,1
4116,1145441581190,1145441581222,1145441581266,4116,1
4117,1145441686233,1145441686266,1145441686456,4117,1
4118,1145441809674,1145441809707,1145441809760,4118,1
4119,1145441933917,1145441933950,1145441934153,4119,1
4120,1145442065378,1145442065410,1145442065519,4120,1
4121,1145442187280,1145442187313,1145442187478,4121,1
4122,1145442308270,1145442308303,1145442308348,4122,1
4123,1145442432767,1145442432799,1145442432981,4123,1
4124,1145442586176,1145442586209,1145442586297,4124,1
4125,1145442683529,1145442683561,1145442683606,4125,1
4126,1145442807592,1145442807625,1145442807674,4126,1
4127,1145442932141,1145442932174,1145442932222,4127,1
4128,1145443056973,1145443057005,1145443057051,4128,1
4129,1145443182209,1145443182241,1145443182418,4129,1
4130,1145443306606,1145443306639,1145443306689,4130,1
4131,1145443431407,1145443431439,1145443431612,4131,1
4132,1145443555816,1145443555850,1145443555899,4132,1
4133,1145443681008,1145443681041,1145443681208,4133,1
4134,1145443805848,1145443805881,1145443805924,4134,1
4135,1145443923149,1145443923182,1145443923343,4135,1
4136,1145444060376,1145444060409,1145444060455,4136,1
4137,1145444498067,1145444498171,1145444498460,4137,1
4138,1145444509125,1145444509159,1145444509201,4138,1
4139,1145444509859,1145444509891,1145444510076,4139,1
4140,1145444616111,1145444616145,1145444616233,4140,1
4141,1145444686178,1145444686210,1145444686328,4141,1
4142,1145444808969,1145444809002,1145444809052,4142,1
4143,1145444932883,1145444932916,1145444933083,4143,1
4144,1145445058192,1145445058225,1145445058273,4144,1
4145,1145445229216,1145445229263,1145445229513,4145,1
4146,1145445338780,1145445338814,1145445338864,4146,1
4147,1145445429966,1145445430002,1145445430187,4147,1
4148,1145445585618,1145445585654,1145445585752,4148,1
4149,1145445680038,1145445680070,1145445680246,4149,1
4150,1145445805148,1145445805181,1145445805226,4150,1
4151,1145445929995,1145445930028,1145445930213,4151,1
4152,1145446054960,1145446054993,1145446055040,4152,1
4153,1145446179926,1145446179959,1145446180140,4153,1
4154,1145446305171,1145446305204,1145446305251,4154,1
4155,1145446430015,1145446430048,1145446430098,4155,1
4156,1145446554917,1145446554949,1145446554995,4156,1
4157,1145446679836,1145446679868,1145446679919,4157,1
4158,1145446804872,1145446804905,1145446804951,4158,1
4159,1145446930011,1145446930043,1145446930090,4159,1
4160,1145447055111,1145447055144,1145447055190,4160,1
4161,1145447180421,1145447180454,1145447180560,4161,1
4162,1145447305366,1145447305400,1145447305445,4162,1
4163,1145447430274,1145447430307,1145447430357,4163,1
4164,1145447555169,1145447555203,1145447555253,4164,1
4165,1145447680199,1145447680230,1145447680284,4165,1
4166,1145447805077,1145447805110,1145447805160,4166,1
4167,1145447922628,1145447922660,1145447922708,4167,1
4168,1145448060989,1145448061095,1145448061149,4168,1
4169,1145448178599,1145448178631,1145448178675,4169,1
4170,1145448309258,1145448309292,1145448309339,4170,1
4171,1145448428692,1145448428724,1145448428776,4171,1
4172,1145448553536,1145448553569,1145448553615,4172,1
4173,1145448678539,1145448678571,1145448678624,4173,1
4174,1145448803495,1145448803528,1145448803578,4174,1
4175,1145448944775,1145448944808,1145448944965,4175,1
4176,1145449053349,1145449053381,1145449053424,4176,1
4177,1145449255669,1145449255704,1145449255863,4177,1
4178,1145449329463,1145449329496,1145449329546,4178,1
4179,1145449428811,1145449428843,1145449428949,4179,1
4180,1145449553599,1145449553632,1145449553685,4180,1
4181,1145449678581,1145449678614,1145449678729,4181,1
4182,1145449809460,1145449809492,1145449809545,4182,1
4183,1145449928591,1145449928624,1145449928731,4183,1
4184,1145450053899,1145450053933,1145450053983,4184,1
4185,1145450178629,1145450178662,1145450178782,4185,1
4186,1145450303397,1145450303429,1145450303474,4186,1
4187,1145450510510,1145450510542,1145450510764,4187,1
4188,1145450555644,1145450555677,1145450555727,4188,1
4189,1145450680471,1145450680504,1145450680610,4189,1
4190,1145450805296,1145450805329,1145450805381,4190,1
4191,1145450930354,1145450930386,1145450930490,4191,1
4192,1145451055292,1145451055324,1145451055374,4192,1
4193,1145451180274,1145451180307,1145451180414,4193,1
4194,1145451305144,1145451305177,1145451305237,4194,1
4195,1145451430210,1145451430242,1145451430358,4195,1
4196,1145451555460,1145451555493,1145451555538,4196,1
4197,1145451680344,1145451680377,1145451680423,4197,1
4198,1145451817676,1145451817709,1145451817823,4198,1
4199,1145451923465,1145451923498,1145451923545,4199,1
4200,1145452074058,1145452074165,1145452074222,4200,1
4201,1145452178766,1145452178798,1145452178847,4201,1
4202,1145452324696,1145452324729,1145452324906,4202,1
4203,1145452428502,1145452428533,1145452428651,4203,1
4204,1145452553617,1145452553649,1145452553700,4204,1
4205,1145452687883,1145452687926,1145452688055,4205,1
4206,1145452804269,1145452804302,1145452804352,4206,1
4207,1145452946256,1145452946292,1145452946455,4207,1
4208,1145453053687,1145453053720,1145453053770,4208,1
4209,1145453245229,1145453245265,1145453245438,4209,1
4210,1145453327709,1145453327742,1145453327791,4210,1
4211,1145453427792,1145453427825,1145453427929,4211,1
4212,1145453560669,1145453560702,1145453560800,4212,1
4213,1145453678582,1145453678615,1145453678931,4213,1
4214,1145453803569,1145453803602,1145453803647,4214,1
4215,1145453928545,1145453928579,1145453928783,4215,1
4216,1145454053541,1145454053574,1145454053619,4216,1
4217,1145454178478,1145454178510,1145454178683,4217,1
4218,1145454303548,1145454303580,1145454303627,4218,1
4219,1145454428384,1145454428417,1145454428593,4219,1
4220,1145454553813,1145454553845,1145454553954,4220,1
4221,1145454678627,1145454678660,1145454678867,4221,1
4222,1145454803448,1145454803481,1145454803533,4222,1
4223,1145454930243,1145454930283,1145454930344,4223,1
4224,1145455054274,1145455054307,1145455054357,4224,1
4225,1145455178770,1145455178803,1145455178854,4225,1
4226,1145455303274,1145455303307,1145455303357,4226,1
4227,1145455427577,1145455427610,1145455427659,4227,1
4228,1145455562064,1145455562096,1145455562193,4228,1
4229,1145455680766,1145455680798,1145455680844,4229,1
4230,1145455805412,1145455805445,1145455805491,4230,1
4231,1145455922511,1145455922543,1145455922727,4231,1
4232,1145456072882,1145456072993,1145456073053,4232,1
4233,1145456178661,1145456178695,1145456178873,4233,1
4234,1145456303496,1145456303527,1145456303573,4234,1
4235,1145456428312,1145456428344,1145456428518,4235,1
4236,1145456553570,1145456553602,1145456553646,4236,1
4237,1145456678693,1145456678725,1145456678829,4237,1
4238,1145456804032,1145456804065,1145456804109,4238,1
4239,1145456928673,1145456928705,1145456928806,4239,1
4240,1145457053534,1145457053566,1145457053609,4240,1
4241,1145457322162,1145457322198,1145457322357,4241,1
4242,1145457339892,1145457339926,1145457339976,4242,1
4243,1145457428988,1145457429021,1145457429126,4243,1
4244,1145457553591,1145457553624,1145457553674,4244,1
4245,1145457677596,1145457677629,1145457677746,4245,1
4246,1145457824757,1145457824811,1145457824910,4246,1
4247,1145457928548,1145457928581,1145457928704,4247,1
4248,1145458135850,1145458135885,1145458135936,4248,1
4249,1145458179109,1145458179141,1145458179263,4249,1
4250,1145458303569,1145458303602,1145458303647,4250,1
4251,1145458428555,1145458428587,1145458428754,4251,1
4252,1145458553407,1145458553439,1145458553488,4252,1
4253,1145458678498,1145458678530,1145458678696,4253,1
4254,1145458803693,1145458803726,1145458803828,4254,1
4255,1145458929008,1145458929040,1145458929197,4255,1
4256,1145459053540,1145459053572,1145459053620,4256,1
4257,1145459178460,1145459178492,1145459178662,4257,1
4258,1145459303518,1145459303550,1145459303596,4258,1
4259,1145459427744,1145459427776,1145459427959,4259,1
4260,1145459564410,1145459564443,1145459564542,4260,1
4261,1145459680437,1145459680470,1145459680515,4261,1
4262,1145459844084,1145459844116,1145459844167,4262,1
4263,1145459923217,1145459923249,1145459923296,4263,1
4264,1145460060800,1145460060901,1145460060949,4264,1
4265,1145460178579,1145460178612,1145460178800,4265,1
4266,1145460303587,1145460303618,1145460303669,4266,1
4267,1145460428648,1145460428680,1145460428869,4267,1
4268,1145460553470,1145460553504,1145460553670,4268,1
4269,1145460678531,1145460678564,1145460678670,4269,1
4270,1145460803774,1145460803806,1145460803850,4270,1
4271,1145460928711,1145460928744,1145460928848,4271,1
4272,1145461053716,1145461053749,1145461053795,4272,1
4273,1145461275778,1145461275814,1145461275983,4273,1
4274,1145461340571,1145461340605,1145461340651,4274,1
4275,1145461429137,1145461429169,1145461429279,4275,1
4276,1145461553601,1145461553634,1145461553687,4276,1
4277,1145461678599,1145461678631,1145461678735,4277,1
4278,1145461802761,1145461802793,1145461802842,4278,1
4279,1145461970634,1145461970665,1145461970829,4279,1
4280,1145462053906,1145462053939,1145462053988,4280,1
4281,1145462178623,1145462178655,1145462178753,4281,1
4282,1145462303140,1145462303171,1145462303214,4282,1
4283,1145462434348,1145462434381,1145462434484,4283,1
4284,1145462552844,1145462552875,1145462552925,4284,1
4285,1145462678063,1145462678093,1145462678213,4285,1
4286,1145462803073,1145462803105,1145462803150,4286,1
4287,1145462928274,1145462928305,1145462928414,4287,1
4288,1145463053253,1145463053285,1145463053333,4288,1
4289,1145463177368,1145463177400,1145463177449,4289,1
4290,1145463339630,1145463339661,1145463339757,4290,1
4291,1145463428762,1145463428795,1145463428842,4291,1
4292,1145463559836,1145463559868,1145463559970,4292,1
4293,1145463677384,1145463677416,1145463677464,4293,1
4294,1145463838933,1145463838965,1145463839060,4294,1
4295,1145463922556,1145463922587,1145463922631,4295,1
4296,1145464060349,1145464060455,1145464060503,4296,1
4297,1145464178350,1145464178382,1145464178432,4297,1
4298,1145464334254,1145464334290,1145464334385,4298,1
4299,1145464428441,1145464428474,1145464428523,4299,1
4300,1145464553255,1145464553286,1145464553331,4300,1
4301,1145464677995,1145464678027,1145464678188,4301,1
4302,1145464802341,1145464802373,1145464802478,4302,1
4303,1145464976398,1145464976429,1145464976599,4303,1
4304,1145465053402,1145465053433,1145465053484,4304,1
4305,1145465245929,1145465245963,1145465246127,4305,1
4306,1145465327726,1145465327757,1145465327809,4306,1
4307,1145465428308,1145465428340,1145465428459,4307,1
4308,1145465553719,1145465553750,1145465553796,4308,1
4309,1145465678321,1145465678354,1145465678457,4309,1
4310,1145465802087,1145465802119,1145465802167,4310,1
4311,1145465968613,1145465968646,1145465968813,4311,1
4312,1145466087118,1145466087153,1145466087248,4312,1
4313,1145466180122,1145466180154,1145466180261,4313,1
4314,1145466304750,1145466304782,1145466304831,4314,1
4315,1145466429774,1145466429806,1145466429911,4315,1
4316,1145466554585,1145466554617,1145466554665,4316,1
4317,1145466679870,1145466679902,1145466680022,4317,1
4318,1145466815770,1145466815803,1145466815915,4318,1
4319,1145466930144,1145466930176,1145466930348,4319,1
4320,1145467054785,1145467054816,1145467054861,4320,1
4321,1145467179977,1145467180008,1145467180125,4321,1
4322,1145467304988,1145467305020,1145467305065,4322,1
4323,1145467429691,1145467429723,1145467429847,4323,1
4324,1145467554668,1145467554700,1145467554745,4324,1
4325,1145467679812,1145467679845,1145467679890,4325,1
4326,1145467805369,1145467805401,1145467805453,4326,1
4327,1145467941246,1145467941279,1145467941327,4327,1
4328,1145468064368,1145468064473,1145468064571,4328,1
4329,1145468184979,1145468185013,1145468185061,4329,1
4330,1145468303689,1145468303721,1145468303771,4330,1
4331,1145468428833,1145468428865,1145468428915,4331,1
4332,1145468553440,1145468553471,1145468553521,4332,1
4333,1145468678668,1145468678700,1145468678752,4333,1
4334,1145468803466,1145468803498,1145468803543,4334,1
4335,1145468928597,1145468928629,1145468928677,4335,1
4336,1145469052529,1145469052561,1145469052743,4336,1
4337,1145469255542,1145469255577,1145469255743,4337,1
4338,1145469329038,1145469329071,1145469329119,4338,1
4339,1145469429067,1145469429100,1145469429219,4339,1
4340,1145469553666,1145469553700,1145469553748,4340,1
4341,1145469678535,1145469678568,1145469678953,4341,1
4342,1145469802281,1145469802314,1145469802363,4342,1
4343,1145469940939,1145469940972,1145469941196,4343,1
4344,1145470053550,1145470053584,1145470053629,4344,1
4345,1145470178559,1145470178590,1145470178637,4345,1
4346,1145470302866,1145470302900,1145470302950,4346,1
4347,1145470444466,1145470444498,1145470444592,4347,1
4348,1145470553725,1145470553759,1145470553809,4348,1
4349,1145470678668,1145470678701,1145470678751,4349,1
4350,1145470802771,1145470802804,1145470802853,4350,1
4351,1145471069417,1145471069451,1145471069565,4351,1
4352,1145471080367,1145471080402,1145471080447,4352,1
4353,1145471185807,1145471185840,1145471185889,4353,1
4354,1145471311268,1145471311301,1145471311407,4354,1
4355,1145471439043,1145471439075,1145471439291,4355,1
4356,1145471560346,1145471560379,1145471560432,4356,1
4357,1145471686068,1145471686101,1145471686292,4357,1
4358,1145471805517,1145471805549,1145471805595,4358,1
4359,1145471922684,1145471922717,1145471922897,4359,1
4360,1145472060228,1145472060261,1145472060303,4360,1
4361,1145472178515,1145472178547,1145472178707,4361,1
4362,1145472303660,1145472303693,1145472303736,4362,1
4363,1145472428480,1145472428513,1145472428555,4363,1
4364,1145472553783,1145472553815,1145472553857,4364,1
4365,1145472677507,1145472677539,1145472677582,4365,1
4366,1145472805742,1145472805774,1145472805867,4366,1
4367,1145472928811,1145472928844,1145472928895,4367,1
4368,1145473057365,1145473057396,1145473057555,4368,1
4369,1145473248331,1145473248368,1145473248516,4369,1
4370,1145473326351,1145473326384,1145473326434,4370,1
4371,1145473428735,1145473428767,1145473428878,4371,1
4372,1145473553874,1145473553906,1145473553958,4372,1
4373,1145473678618,1145473678650,1145473678766,4373,1
4374,1145473803606,1145473803639,1145473803694,4374,1
4375,1145473928480,1145473928514,1145473928625,4375,1
4376,1145474053531,1145474053563,1145474053618,4376,1
4377,1145474178485,1145474178518,1145474178645,4377,1
4378,1145474302598,1145474302630,1145474302683,4378,1
4379,1145474435824,1145474435859,1145474435953,4379,1
4380,1145474553636,1145474553670,1145474553720,4380,1
4381,1145474678559,1145474678591,1145474678637,4381,1
4382,1145474803458,1145474803492,1145474803542,4382,1
4383,1145474928344,1145474928377,1145474928485,4383,1
4384,1145475053316,1145475053349,1145475053399,4384,1
4385,1145475178384,1145475178416,1145475178581,4385,1
4386,1145475303359,1145475303392,1145475303437,4386,1
4387,1145475428576,1145475428610,1145475428764,4387,1
4388,1145475554260,1145475554292,1145475554342,4388,1
4389,1145475679263,1145475679295,1145475679413,4389,1
4390,1145475803500,1145475803532,1145475803580,4390,1
4391,1145475921594,1145475921626,1145475921673,4391,1
4392,1145476067457,1145476067563,1145476067657,4392,1
4393,1145476192836,1145476192867,1145476192918,4393,1
4394,1145476303795,1145476303828,1145476303874,4394,1
4395,1145476428767,1145476428799,1145476428912,4395,1
4396,1145476553433,1145476553466,1145476553518,4396,1
4397,1145476679009,1145476679042,1145476679210,4397,1
4398,1145476803668,1145476803700,1145476803749,4398,1
4399,1145476928757,1145476928790,1145476928962,4399,1
4400,1145477052683,1145477052717,1145477052767,4400,1
4401,1145477267152,1145477267188,1145477267389,4401,1
4402,1145477331695,1145477331728,1145477331777,4402,1
4403,1145477428444,1145477428477,1145477428585,4403,1
4404,1145477553594,1145477553627,1145477553674,4404,1
4405,1145477678590,1145477678624,1145477678733,4405,1
4406,1145477802661,1145477802694,1145477802744,4406,1
4407,1145477949407,1145477949440,1145477949595,4407,1
4408,1145478058406,1145478058438,1145478058494,4408,1
4409,1145478178553,1145478178585,1145478178695,4409,1
4410,1145478303398,1145478303432,1145478303476,4410,1
4411,1145478428170,1145478428201,1145478428319,4411,1
4412,1145478552962,1145478552995,1145478553036,4412,1
4413,1145478677930,1145478677962,1145478678040,4413,1
4414,1145478803075,1145478803106,1145478803154,4414,1
4415,1145478928103,1145478928134,1145478928254,4415,1
4416,1145479052879,1145479052910,1145479052954,4416,1
4417,1145479178063,1145479178095,1145479178214,4417,1
4418,1145479303194,1145479303226,1145479303269,4418,1
4419,1145479428234,1145479428265,1145479428315,4419,1
4420,1145479553210,1145479553243,1145479553350,4420,1
4421,1145479677929,1145479677961,1145479678006,4421,1
4422,1145479870003,1145479870037,1145479870129,4422,1
4423,1145479922466,1145479922498,1145479922542,4423,1
4424,1145480059514,1145480059620,1145480059667,4424,1
4425,1145480178321,1145480178352,1145480178395,4425,1
4426,1145480303192,1145480303224,1145480303269,4426,1
4427,1145480428274,1145480428304,1145480428349,4427,1
4428,1145480553099,1145480553132,1145480553179,4428,1
4429,1145480677987,1145480678018,1145480678065,4429,1
4430,1145480808837,1145480808870,1145480808923,4430,1
4431,1145480928141,1145480928171,1145480928215,4431,1
4432,1145481053071,1145481053104,1145481053149,4432,1
4433,1145481221156,1145481221195,1145481221290,4433,1
4434,1145481326870,1145481326902,1145481326951,4434,1
4435,1145481430554,1145481430585,1145481430763,4435,1
4436,1145481554710,1145481554742,1145481554789,4436,1
4437,1145481679544,1145481679576,1145481679682,4437,1
4438,1145481804481,1145481804513,1145481804556,4438,1
4439,1145481929689,1145481929721,1145481929825,4439,1
4440,1145482054731,1145482054763,1145482054809,4440,1
4441,1145482179697,1145482179728,1145482179773,4441,1
4442,1145482304703,1145482304736,1145482304779,4442,1
4443,1145482429590,1145482429621,1145482429671,4443,1
4444,1145482554584,1145482554616,1145482554666,4444,1
4445,1145482679462,1145482679493,1145482679538,4445,1
4446,1145482804379,1145482804410,1145482804459,4446,1
4447,1145482930094,1145482930126,1145482930174,4447,1
4448,1145483054882,1145483054914,1145483054965,4448,1
4449,1145483179941,1145483179972,1145483180019,4449,1
4450,1145483304863,1145483304895,1145483304943,4450,1
4451,1145483430080,1145483430112,1145483430156,4451,1
4452,1145483555660,1145483555693,1145483555744,4452,1
4453,1145483680525,1145483680558,1145483680604,4453,1
4454,1145483806142,1145483806174,1145483806283,4454,1
4455,1145483922912,1145483922944,1145483922987,4455,1
4456,1145484059981,1145484060014,1145484060062,4456,1
4457,1145484178645,1145484178678,1145484178729,4457,1
4458,1145484303827,1145484303861,1145484303915,4458,1
4459,1145484428740,1145484428772,1145484428840,4459,1
4460,1145484553639,1145484553671,1145484553721,4460,1
4461,1145484678478,1145484678511,1145484678563,4461,1
4462,1145484803600,1145484803633,1145484803683,4462,1
4463,1145484928503,1145484928536,1145484928585,4463,1
4464,1145485053606,1145485053637,1145485053692,4464,1
4465,1145485240943,1145485240979,1145485241072,4465,1
4466,1145485336296,1145485336330,1145485336381,4466,1
4467,1145485429238,1145485429270,1145485429317,4467,1
4468,1145485553501,1145485553535,1145485553697,4468,1
4469,1145485678623,1145485678655,1145485678865,4469,1
4470,1145485803513,1145485803546,1145485803589,4470,1
4471,1145485928479,1145485928511,1145485928623,4471,1
4472,1145486053388,1145486053421,1145486053468,4472,1
4473,1145486306062,1145486306095,1145486306404,4473,1
4474,1145486325278,1145486325312,1145486325361,4474,1
4475,1145486428716,1145486428747,1145486429009,4475,1
4476,1145486553652,1145486553684,1145486553734,4476,1
4477,1145486678395,1145486678427,1145486678477,4477,1
4478,1145486803273,1145486803306,1145486803356,4478,1
4479,1145486928479,1145486928511,1145486928562,4479,1
4480,1145487053639,1145487053672,1145487053721,4480,1
4481,1145487178846,1145487178878,1145487178925,4481,1
4482,1145487303538,1145487303572,1145487303617,4482,1
4483,1145487428519,1145487428551,1145487428596,4483,1
4484,1145487553346,1145487553378,1145487553431,4484,1
4485,1145487678448,1145487678481,1145487678533,4485,1
4486,1145487872387,1145487872420,1145487872569,4486,1
4487,1145487922960,1145487922993,1145487923037,4487,1
4488,1145488060151,1145488060257,1145488060304,4488,1
4489,1145488178540,1145488178572,1145488178616,4489,1
4490,1145488303587,1145488303619,1145488303664,4490,1
4491,1145488428725,1145488428759,1145488428803,4491,1
4492,1145488553659,1145488553692,1145488553736,4492,1
4493,1145488678582,1145488678614,1145488678658,4493,1
4494,1145488803747,1145488803779,1145488803821,4494,1
4495,1145488928384,1145488928417,1145488928460,4495,1
4496,1145489053415,1145489053448,1145489053492,4496,1
4497,1145489224258,1145489224300,1145489224406,4497,1
4498,1145489326234,1145489326267,1145489326315,4498,1
4499,1145489430283,1145489430315,1145489430363,4499,1
4500,1145489555466,1145489555499,1145489555544,4500,1
4501,1145489680307,1145489680339,1145489680509,4501,1
4502,1145489805505,1145489805538,1145489805582,4502,1
4503,1145489930476,1145489930509,1145489930628,4503,1
4504,1145490055379,1145490055412,1145490055456,4504,1
4505,1145490180437,1145490180470,1145490180587,4505,1
4506,1145490305401,1145490305435,1145490305477,4506,1
4507,1145490430346,1145490430378,1145490430497,4507,1
4508,1145490555364,1145490555396,1145490555440,4508,1
4509,1145490680452,1145490680486,1145490680592,4509,1
4510,1145490805436,1145490805469,1145490805512,4510,1
4511,1145490930170,1145490930204,1145490930318,4511,1
4512,1145491055112,1145491055145,1145491055188,4512,1
4513,1145491180124,1145491180156,1145491180199,4513,1
4514,1145491305457,1145491305489,1145491305532,4514,1
4515,1145491430241,1145491430273,1145491430317,4515,1
4516,1145491555252,1145491555284,1145491555327,4516,1
4517,1145491680139,1145491680171,1145491680215,4517,1
4518,1145491805136,1145491805169,1145491805213,4518,1
4519,1145491922523,1145491922557,1145491922599,4519,1
4520,1145492060485,1145492060521,1145492060626,4520,1
4521,1145492178572,1145492178604,1145492178650,4521,1
4522,1145492303650,1145492303683,1145492303727,4522,1
4523,1145492428835,1145492428868,1145492428913,4523,1
4524,1145492553322,1145492553354,1145492553397,4524,1
4525,1145492677921,1145492677952,1145492678003,4525,1
4526,1145492803097,1145492803129,1145492803179,4526,1
4527,1145492928005,1145492928037,1145492928088,4527,1
4528,1145493052985,1145493053016,1145493053066,4528,1
4529,1145493220038,1145493220078,1145493220175,4529,1
4530,1145493320508,1145493320543,1145493320591,4530,1
4531,1145493428341,1145493428372,1145493428418,4531,1
4532,1145493553041,1145493553073,1145493553116,4532,1
4533,1145493678204,1145493678236,1145493678281,4533,1
4534,1145493802946,1145493802978,1145493803029,4534,1
4535,1145493928072,1145493928103,1145493928268,4535,1
4536,1145494053060,1145494053092,1145494053145,4536,1
4537,1145494177982,1145494178013,1145494178110,4537,1
4538,1145494302939,1145494302971,1145494303019,4538,1
4539,1145494427913,1145494427945,1145494427988,4539,1
4540,1145494553199,1145494553232,1145494553275,4540,1
4541,1145494678091,1145494678123,1145494678168,4541,1
4542,1145494803301,1145494803331,1145494803378,4542,1
4543,1145494928132,1145494928165,1145494928213,4543,1
4544,1145495053027,1145495053060,1145495053110,4544,1
4545,1145495177950,1145495177981,1145495178031,4545,1
4546,1145495302933,1145495302965,1145495303010,4546,1
4547,1145495428162,1145495428194,1145495428240,4547,1
4548,1145495553377,1145495553409,1145495553457,4548,1
4549,1145495677953,1145495677985,1145495678031,4549,1
4550,1145495803113,1145495803144,1145495803190,4550,1
4551,1145495921345,1145495921376,1145495921421,4551,1
4552,1145496089616,1145496089720,1145496089813,4552,1
4553,1145496178492,1145496178523,1145496178573,4553,1
4554,1145496303656,1145496303696,1145496303814,4554,1
4555,1145496429132,1145496429164,1145496429234,4555,1
4556,1145496553141,1145496553172,1145496553218,4556,1
4557,1145496678266,1145496678299,1145496678343,4557,1
4558,1145496803109,1145496803142,1145496803185,4558,1
4559,1145496927948,1145496927980,1145496928255,4559,1
4560,1145497074359,1145497074394,1145497074442,4560,1
4561,1145497264995,1145497265030,1145497265126,4561,1
4562,1145497337957,1145497337989,1145497338035,4562,1
4563,1145497445342,1145497445379,1145497445434,4563,1
4564,1145497555669,1145497555701,1145497555742,4564,1
4565,1145497680116,1145497680148,1145497680525,4565,1
4566,1145497804688,1145497804720,1145497804761,4566,1
4567,1145497929797,1145497929828,1145497929870,4567,1
4568,1145498076094,1145498076124,1145498076287,4568,1
4569,1145498179939,1145498179972,1145498180073,4569,1
4570,1145498304879,1145498304909,1145498304953,4570,1
4571,1145498430020,1145498430051,1145498430093,4571,1
4572,1145498554631,1145498554662,1145498554705,4572,1
4573,1145498679874,1145498679906,1145498679948,4573,1
4574,1145498804774,1145498804806,1145498804850,4574,1
4575,1145498929737,1145498929768,1145498929809,4575,1
4576,1145499054614,1145499054646,1145499054687,4576,1
4577,1145499179960,1145499179992,1145499180033,4577,1
4578,1145499304647,1145499304679,1145499304720,4578,1
4579,1145499429673,1145499429704,1145499429746,4579,1
4580,1145499554757,1145499554789,1145499554833,4580,1
4581,1145499679714,1145499679746,1145499679788,4581,1
4582,1145499805031,1145499805063,1145499805105,4582,1
4583,1145499922384,1145499922415,1145499922460,4583,1
4584,1145500060973,1145500061015,1145500061069,4584,1
4585,1145500232420,1145500232530,1145500232637,4585,1
4586,1145500304033,1145500304065,1145500304111,4586,1
4587,1145500428907,1145500428938,1145500429040,4587,1
4588,1145500553131,1145500553162,1145500553204,4588,1
4589,1145500677968,1145500678001,1145500678046,4589,1
4590,1145500803360,1145500803392,1145500803440,4590,1
4591,1145500928533,1145500928566,1145500928615,4591,1
4592,1145501053402,1145501053434,1145501053485,4592,1
4593,1145501324611,1145501324646,1145501324747,4593,1
4594,1145501343984,1145501344017,1145501344063,4594,1
4595,1145501428880,1145501428912,1145501428980,4595,1
4596,1145501553486,1145501553519,1145501553566,4596,1
4597,1145501678481,1145501678515,1145501678794,4597,1
4598,1145501803766,1145501803798,1145501803851,4598,1
4599,1145501928859,1145501928892,1145501929081,4599,1
4600,1145502053728,1145502053762,1145502053808,4600,1
4601,1145502178327,1145502178360,1145502178525,4601,1
4602,1145502303738,1145502303771,1145502303947,4602,1
4603,1145502428641,1145502428674,1145502428793,4603,1
4604,1145502553495,1145502553527,1145502553577,4604,1
4605,1145502678833,1145502678866,1145502678917,4605,1
4606,1145502803443,1145502803476,1145502803525,4606,1
4607,1145502928524,1145502928557,1145502928602,4607,1
4608,1145503053485,1145503053517,1145503053563,4608,1
4609,1145503178590,1145503178626,1145503178671,4609,1
4610,1145503303380,1145503303416,1145503303462,4610,1
4611,1145503427604,1145503427640,1145503427691,4611,1
4612,1145503563090,1145503563123,1145503563221,4612,1
4613,1145503680447,1145503680481,1145503680527,4613,1
4614,1145503805319,1145503805352,1145503805399,4614,1
4615,1145503922713,1145503922746,1145503922792,4615,1
4616,1145504075989,1145504076023,1145504076071,4616,1
4617,1145504186889,1145504186991,1145504187044,4617,1
4618,1145504303607,1145504303640,1145504303689,4618,1
4619,1145504428411,1145504428444,1145504428491,4619,1
4620,1145504553537,1145504553570,1145504553670,4620,1
4621,1145504678561,1145504678593,1145504678644,4621,1
4622,1145504803607,1145504803640,1145504803691,4622,1
4623,1145504928591,1145504928625,1145504928671,4623,1
4624,1145505053729,1145505053761,1145505053807,4624,1
4625,1145505229528,1145505229565,1145505229669,4625,1
4626,1145505340950,1145505340983,1145505341036,4626,1
4627,1145505427640,1145505427672,1145505427723,4627,1
4628,1145505563461,1145505563493,1145505563591,4628,1
4629,1145505678591,1145505678624,1145505678796,4629,1
4630,1145505803447,1145505803480,1145505803525,4630,1
4631,1145505928369,1145505928401,1145505928575,4631,1
4632,1145506053587,1145506053618,1145506053669,4632,1
4633,1145506178528,1145506178561,1145506178744,4633,1
4634,1145506303505,1145506303537,1145506303587,4634,1
4635,1145506428345,1145506428378,1145506428547,4635,1
4636,1145506553393,1145506553427,1145506553477,4636,1
4637,1145506678526,1145506678558,1145506678610,4637,1
4638,1145506803575,1145506803607,1145506803658,4638,1
4639,1145506928330,1145506928363,1145506928414,4639,1
4640,1145507053513,1145507053545,1145507053594,4640,1
4641,1145507183987,1145507184020,1145507184069,4641,1
4642,1145507303406,1145507303439,1145507303491,4642,1
4643,1145507428056,1145507428088,1145507428133,4643,1
4644,1145507566614,1145507566647,1145507566745,4644,1
4645,1145507680395,1145507680427,1145507680475,4645,1
4646,1145507805463,1145507805495,1145507805540,4646,1
4647,1145507922720,1145507922752,1145507922799,4647,1
4648,1145508060168,1145508060200,1145508060249,4648,1
4649,1145508178937,1145508179043,1145508179092,4649,1
4650,1145508302697,1145508302728,1145508302778,4650,1
4651,1145508477610,1145508477644,1145508477741,4651,1
4652,1145508553641,1145508553673,1145508553719,4652,1
4653,1145508678520,1145508678552,1145508678602,4653,1
4654,1145508802723,1145508802755,1145508802871,4654,1
4655,1145508929226,1145508929259,1145508929367,4655,1
4656,1145509053624,1145509053658,1145509053704,4656,1
4657,1145509242293,1145509242328,1145509242545,4657,1
4658,1145509325094,1145509325126,1145509325179,4658,1
4659,1145509435522,1145509435553,1145509435763,4659,1
4660,1145509553569,1145509553601,1145509553652,4660,1
4661,1145509678766,1145509678799,1145509678979,4661,1
4662,1145509803446,1145509803478,1145509803529,4662,1
4663,1145509927472,1145509927504,1145509927693,4663,1
4664,1145510176358,1145510176390,1145510176488,4664,1
4665,1145510195695,1145510195727,1145510195892,4665,1
4666,1145510305664,1145510305695,1145510305746,4666,1
4667,1145510430441,1145510430473,1145510430632,4667,1
4668,1145510556635,1145510556668,1145510556830,4668,1
4669,1145510680520,1145510680553,1145510680605,4669,1
4670,1145510805435,1145510805467,1145510805518,4670,1
4671,1145510930669,1145510930702,1145510930752,4671,1
4672,1145511055524,1145511055556,1145511055602,4672,1
4673,1145511180092,1145511180125,1145511180249,4673,1
4674,1145511305475,1145511305508,1145511305554,4674,1
4675,1145511430725,1145511430758,1145511430877,4675,1
4676,1145511555175,1145511555209,1145511555254,4676,1
4677,1145511680164,1145511680198,1145511680250,4677,1
4678,1145511805304,1145511805335,1145511805386,4678,1
4679,1145511922484,1145511922517,1145511922563,4679,1
4680,1145512140063,1145512140167,1145512140265,4680,1
4681,1145512178875,1145512178907,1145512178958,4681,1
4682,1145512303512,1145512303545,1145512303590,4682,1
4683,1145512433910,1145512433942,1145512433995,4683,1
4684,1145512553438,1145512553470,1145512553522,4684,1
4685,1145512678498,1145512678530,1145512678707,4685,1
4686,1145512803571,1145512803604,1145512803651,4686,1
4687,1145512928742,1145512928775,1145512928884,4687,1
4688,1145513053491,1145513053523,1145513053573,4688,1
4689,1145513250232,1145513250269,1145513250367,4689,1
4690,1145513326530,1145513326563,1145513326611,4690,1
4691,1145513428910,1145513428943,1145513428999,4691,1
4692,1145513553385,1145513553418,1145513553470,4692,1
4693,1145513678530,1145513678562,1145513678615,4693,1
4694,1145513802927,1145513802958,1145513803010,4694,1
4695,1145514339390,1145514339422,1145514339644,4695,1
4696,1145514349984,1145514350016,1145514350058,4696,1
4697,1145514350895,1145514350927,1145514351031,4697,1
4698,1145514351573,1145514351605,1145514351645,4698,1
4699,1145514433543,1145514433575,1145514433621,4699,1
4700,1145514557370,1145514557401,1145514557450,4700,1
4701,1145514681490,1145514681523,1145514681570,4701,1
4702,1145514812779,1145514812810,1145514812982,4702,1
4703,1145514937289,1145514937321,1145514937442,4703,1
4704,1145515056514,1145515056545,1145515056590,4704,1
4705,1145515180510,1145515180542,1145515180646,4705,1
4706,1145515304369,1145515304401,1145515304447,4706,1
4707,1145515436948,1145515436981,1145515437152,4707,1
4708,1145515554736,1145515554767,1145515554816,4708,1
4709,1145515686308,1145515686340,1145515686500,4709,1
4710,1145515894395,1145515894427,1145515894523,4710,1
4711,1145515968629,1145515968663,1145515968825,4711,1
4712,1145516061544,1145516061576,1145516061623,4712,1
4713,1145516270984,1145516271088,1145516271194,4713,1
4714,1145516305754,1145516305786,1145516305832,4714,1
4715,1145516428229,1145516428261,1145516428365,4715,1
4716,1145516553889,1145516553922,1145516553967,4716,1
4717,1145516678329,1145516678363,1145516678485,4717,1
4718,1145516803419,1145516803450,1145516803493,4718,1
4719,1145516928179,1145516928211,1145516928327,4719,1
4720,1145517053162,1145517053194,1145517053295,4720,1
4721,1145517256052,1145517256087,1145517256262,4721,1
4722,1145517326671,1145517326703,1145517326750,4722,1
4723,1145517428577,1145517428608,1145517428715,4723,1
4724,1145517553532,1145517553564,1145517553609,4724,1
4725,1145517678184,1145517678216,1145517678488,4725,1
4726,1145517803211,1145517803243,1145517803287,4726,1
4727,1145517959466,1145517959500,1145517959679,4727,1
4728,1145518053872,1145518053905,1145518053951,4728,1
4729,1145518391460,1145518391497,1145518391718,4729,1
4730,1145518426615,1145518426648,1145518426695,4730,1
4731,1145518435341,1145518435373,1145518435574,4731,1
4732,1145518554025,1145518554057,1145518554107,4732,1
4733,1145518767013,1145518767050,1145518767283,4733,1
4734,1145518804500,1145518804532,1145518804579,4734,1
4735,1145518928470,1145518928504,1145518928686,4735,1
4736,1145519053537,1145519053569,1145519053614,4736,1
4737,1145519178620,1145519178653,1145519178766,4737,1
4738,1145519303620,1145519303652,1145519303695,4738,1
4739,1145519428487,1145519428520,1145519428788,4739,1
4740,1145519553556,1145519553590,1145519553634,4740,1
4741,1145519678677,1145519678710,1145519678877,4741,1
4742,1145519802678,1145519802711,1145519802756,4742,1
4743,1145519979585,1145519979618,1145519979851,4743,1
4744,1145520068539,1145520068651,1145520068714,4744,1
4745,1145520178898,1145520178930,1145520179131,4745,1
4746,1145520303476,1145520303509,1145520303557,4746,1
4747,1145520428401,1145520428432,1145520428607,4747,1
4748,1145520553356,1145520553389,1145520553432,4748,1
4749,1145520678392,1145520678423,1145520678603,4749,1
4750,1145520803711,1145520803744,1145520803789,4750,1
4751,1145520928626,1145520928658,1145520928832,4751,1
4752,1145521053398,1145521053432,1145521053478,4752,1
4753,1145521181762,1145521181806,1145521182009,4753,1
4754,1145521327921,1145521327953,1145521328054,4754,1
4755,1145521428633,1145521428665,1145521428877,4755,1
4756,1145521553460,1145521553494,1145521553538,4756,1
4757,1145521678482,1145521678514,1145521678694,4757,1
4758,1145521803113,1145521803145,1145521803192,4758,1
4759,1145521936554,1145521936586,1145521936813,4759,1
4760,1145522055127,1145522055159,1145522055202,4760,1
4761,1145522183090,1145522183126,1145522183335,4761,1
4762,1145522305718,1145522305750,1145522305798,4762,1
4763,1145522430129,1145522430160,1145522430348,4763,1
4764,1145522554953,1145522554986,1145522555031,4764,1
4765,1145522680031,1145522680063,1145522680236,4765,1
4766,1145522805310,1145522805342,1145522805393,4766,1
4767,1145522930451,1145522930484,1145522930661,4767,1
4768,1145523055301,1145523055333,1145523055506,4768,1
4769,1145523180579,1145523180611,1145523180722,4769,1
4770,1145523305390,1145523305422,1145523305468,4770,1
4771,1145523430541,1145523430574,1145523430693,4771,1
4772,1145523555525,1145523555558,1145523555602,4772,1
4773,1145523680131,1145523680163,1145523680269,4773,1
4774,1145523805205,1145523805237,1145523805281,4774,1
4775,1145523922802,1145523922834,1145523922945,4775,1
4776,1145524059968,1145524060000,1145524060050,4776,1
4777,1145524178567,1145524178669,1145524178716,4777,1
4778,1145524310436,1145524310469,1145524310518,4778,1
4779,1145524428626,1145524428658,1145524428704,4779,1
4780,1145524553462,1145524553494,1145524553539,4780,1
4781,1145524678508,1145524678541,1145524678588,4781,1
4782,1145524859711,1145524859744,1145524859793,4782,1
4783,1145524929244,1145524929277,1145524929325,4783,1
4784,1145525053653,1145525053685,1145525053731,4784,1
4785,1145525450672,1145525450710,1145525450941,4785,1
4786,1145525470166,1145525470199,1145525470244,4786,1
4787,1145525470927,1145525470959,1145525471081,4787,1
4788,1145525554782,1145525554815,1145525554863,4788,1
4789,1145525678808,1145525678841,1145525679047,4789,1
4790,1145525853705,1145525853736,1145525853840,4790,1
4791,1145525977536,1145525977568,1145525977779,4791,1
4792,1145526053666,1145526053699,1145526053743,4792,1
4793,1145526180208,1145526180243,1145526180313,4793,1
4794,1145526304074,1145526304105,1145526304151,4794,1
4795,1145526428091,1145526428123,1145526428293,4795,1
4796,1145526615429,1145526615465,1145526615562,4796,1
4797,1145526681036,1145526681068,1145526681251,4797,1
4798,1145526805234,1145526805267,1145526805315,4798,1
4799,1145526930798,1145526930832,1145526931012,4799,1
4800,1145527055787,1145527055821,1145527055868,4800,1
4801,1145527181159,1145527181193,1145527181360,4801,1
4802,1145527306094,1145527306127,1145527306234,4802,1
4803,1145527430495,1145527430528,1145527430574,4803,1
4804,1145527555475,1145527555508,1145527555554,4804,1
4805,1145527680331,1145527680363,1145527680413,4805,1
4806,1145527853704,1145527853738,1145527853788,4806,1
4807,1145527922783,1145527922816,1145527922862,4807,1
4808,1145528060794,1145528060826,1145528060873,4808,1
4809,1145528178801,1145528178904,1145528178947,4809,1
4810,1145528303958,1145528303990,1145528304034,4810,1
4811,1145528454660,1145528454699,1145528454751,4811,1
4812,1145528554040,1145528554073,1145528554118,4812,1
4813,1145528678500,1145528678533,1145528678579,4813,1
4814,1145528803406,1145528803438,1145528803483,4814,1
4815,1145528928460,1145528928492,1145528928571,4815,1
4816,1145529053492,1145529053524,1145529053569,4816,1
4817,1145529181897,1145529181939,1145529182016,4817,1
4818,1145529351026,1145529351059,1145529351177,4818,1
4819,1145529427684,1145529427717,1145529427790,4819,1
4820,1145529585754,1145529585789,1145529585942,4820,1
4821,1145529680670,1145529680703,1145529680783,4821,1
4822,1145529805286,1145529805319,1145529805362,4822,1
4823,1145529930500,1145529930534,1145529930616,4823,1
4824,1145530055426,1145530055460,1145530055506,4824,1
4825,1145530184427,1145530184468,1145530184559,4825,1
4826,1145530306670,1145530306703,1145530306811,4826,1
4827,1145530430407,1145530430439,1145530430522,4827,1
4828,1145530555421,1145530555453,1145530555500,4828,1
4829,1145530680228,1145530680262,1145530680333,4829,1
4830,1145530805162,1145530805196,1145530805240,4830,1
4831,1145530952072,1145530952106,1145530952181,4831,1
4832,1145531060063,1145531060096,1145531060211,4832,1
4833,1145531192748,1145531192781,1145531192982,4833,1
4834,1145531309203,1145531309240,1145531309293,4834,1
4835,1145531451693,1145531451726,1145531451900,4835,1
4836,1145531564120,1145531564153,1145531564202,4836,1
4837,1145531683411,1145531683444,1145531683489,4837,1
4838,1145531807790,1145531807823,1145531807868,4838,1
4839,1145531924984,1145531925016,1145531925064,4839,1
4840,1145532082916,1145532083028,1145532083080,4840,1
4841,1145532212677,1145532212713,1145532212786,4841,1
4842,1145532314552,1145532314586,1145532314633,4842,1
4843,1145532455476,1145532455512,1145532455581,4843,1
4844,1145532560654,1145532560686,1145532560735,4844,1
4845,1145532912897,1145532912932,1145532913063,4845,1
4846,1145532932019,1145532932057,1145532932101,4846,1
4847,1145532932925,1145532932958,1145532933139,4847,1
4848,1145534011010,1145534011081,1145534011473,4848,1
4849,1145534024702,1145534024738,1145534024909,4849,1
4850,1145534025787,1145534025819,1145534025861,4850,1
4851,1145534026368,1145534026399,1145534026470,4851,1
4852,1145534026988,1145534027021,1145534027063,4852,1
4853,1145534027809,1145534027843,1145534028068,4853,1
4854,1145534029494,1145534029526,1145534029568,4854,1
4855,1145534030144,1145534030177,1145534030349,4855,1
4856,1145534061237,1145534061269,1145534061317,4856,1
4857,1145534186823,1145534186861,1145534187055,4857,1
4858,1145534308017,1145534308050,1145534308099,4858,1
4859,1145534432038,1145534432071,1145534432271,4859,1
4860,1145534556443,1145534556475,1145534556526,4860,1
4861,1145534681325,1145534681358,1145534681533,4861,1
4862,1145534806185,1145534806218,1145534806273,4862,1
4863,1145534931068,1145534931100,1145534931154,4863,1
4864,1145535056031,1145535056063,1145535056111,4864,1
4865,1145535180776,1145535180808,1145535180859,4865,1
4866,1145535305672,1145535305704,1145535305754,4866,1
4867,1145535431004,1145535431036,1145535431086,4867,1
4868,1145535559132,1145535559164,1145535559337,4868,1
4869,1145535680806,1145535680839,1145535680955,4869,1
4870,1145535805480,1145535805513,1145535805562,4870,1
4871,1145535922656,1145535922690,1145535922745,4871,1
4872,1145536066010,1145536066043,1145536066093,4872,1
4873,1145536178656,1145536178757,1145536178803,4873,1
4874,1145536303603,1145536303635,1145536303681,4874,1
4875,1145536428557,1145536428589,1145536428634,4875,1
4876,1145536553447,1145536553479,1145536553524,4876,1
4877,1145536678514,1145536678545,1145536678590,4877,1
4878,1145536803653,1145536803686,1145536803731,4878,1
4879,1145536928629,1145536928661,1145536928859,4879,1
4880,1145537053436,1145537053469,1145537053517,4880,1
4881,1145537178355,1145537178387,1145537178556,4881,1
4882,1145537321137,1145537321173,1145537321220,4882,1
4883,1145537428176,1145537428209,1145537428393,4883,1
4884,1145537564542,1145537564575,1145537564668,4884,1
4885,1145537678628,1145537678661,1145537678845,4885,1
4886,1145537803491,1145537803523,1145537803568,4886,1
4887,1145537928557,1145537928589,1145537928846,4887,1
4888,1145538053379,1145538053412,1145538053454,4888,1
4889,1145538178486,1145538178519,1145538178695,4889,1
4890,1145538303556,1145538303589,1145538303634,4890,1
4891,1145538428598,1145538428631,1145538428803,4891,1
4892,1145538553563,1145538553596,1145538553648,4892,1
4893,1145538678527,1145538678559,1145538678759,4893,1
4894,1145538803473,1145538803505,1145538803548,4894,1
4895,1145538928411,1145538928443,1145538928628,4895,1
4896,1145539053330,1145539053362,1145539053410,4896,1
4897,1145539178457,1145539178491,1145539178686,4897,1
4898,1145539303472,1145539303504,1145539303552,4898,1
4899,1145539428414,1145539428447,1145539428494,4899,1
4900,1145539553004,1145539553035,1145539553078,4900,1
4901,1145539678068,1145539678100,1145539678145,4901,1
4902,1145539802962,1145539802993,1145539803169,4902,1
4903,1145539921604,1145539921636,1145539921738,4903,1
4904,1145540129387,1145540129493,1145540129584,4904,1
4905,1145540178413,1145540178444,1145540178563,4905,1
4906,1145540303103,1145540303135,1145540303179,4906,1
4907,1145540428072,1145540428104,1145540428221,4907,1
4908,1145540553197,1145540553229,1145540553270,4908,1
4909,1145540678149,1145540678180,1145540678281,4909,1
4910,1145540803109,1145540803140,1145540803184,4910,1
4911,1145540927989,1145540928020,1145540928117,4911,1
4912,1145541052998,1145541053030,1145541053076,4912,1
4913,1145541177915,1145541177946,1145541178059,4913,1
4914,1145541330499,1145541330533,1145541330581,4914,1
4915,1145541428072,1145541428103,1145541428149,4915,1
4916,1145541552939,1145541552971,1145541553015,4916,1
4917,1145541678319,1145541678351,1145541678401,4917,1
4918,1145541803287,1145541803319,1145541803368,4918,1
4919,1145541927525,1145541927557,1145541927610,4919,1
4920,1145542085393,1145542085424,1145542085570,4920,1
4921,1145542178204,1145542178237,1145542178283,4921,1
4922,1145542303465,1145542303497,1145542303541,4922,1
4923,1145542428228,1145542428259,1145542428365,4923,1
4924,1145542553099,1145542553130,1145542553175,4924,1
4925,1145542677961,1145542677993,1145542678116,4925,1
4926,1145542803229,1145542803261,1145542803305,4926,1
4927,1145542928134,1145542928165,1145542928283,4927,1
4928,1145543052907,1145543052938,1145543052984,4928,1
4929,1145543178065,1145543178097,1145543178220,4929,1
4930,1145543303029,1145543303060,1145543303107,4930,1
4931,1145543428210,1145543428241,1145543428365,4931,1
4932,1145543553120,1145543553151,1145543553196,4932,1
4933,1145543677061,1145543677093,1145543677138,4933,1
4934,1145544114035,1145544114081,1145544114388,4934,1
4935,1145544127345,1145544127385,1145544127489,4935,1
4936,1145544128340,1145544128379,1145544128430,4936,1
4937,1145544188045,1145544188146,1145544188253,4937,1
4938,1145544303177,1145544303210,1145544303254,4938,1
4939,1145544428089,1145544428122,1145544428234,4939,1
4940,1145544553502,1145544553535,1145544553582,4940,1
4941,1145544678396,1145544678429,1145544678549,4941,1
4942,1145544803539,1145544803572,1145544803616,4942,1
4943,1145544928516,1145544928549,1145544928656,4943,1
4944,1145545325317,1145545325375,1145545325447,4944,1
4945,1145545336917,1145545336953,1145545337033,4945,1
4946,1145545337700,1145545337732,1145545337773,4946,1
4947,1145545731710,1145545731747,1145545731937,4947,1
4948,1145545744649,1145545744685,1145545744728,4948,1
4949,1145545745468,1145545745501,1145545745601,4949,1
4950,1145545833033,1145545833068,1145545833119,4950,1
4951,1145545957001,1145545957038,1145545957144,4951,1
4952,1145546080325,1145546080362,1145546080411,4952,1
4953,1145546305733,1145546305770,1145546305931,4953,1
4954,1145546316415,1145546316448,1145546316492,4954,1
4955,1145546495408,1145546495441,1145546495612,4955,1
4956,1145546554554,1145546554585,1145546554633,4956,1
4957,1145546678932,1145546678964,1145546679157,4957,1
4958,1145546803649,1145546803681,1145546803730,4958,1
4959,1145546929415,1145546929447,1145546929577,4959,1
4960,1145547053528,1145547053560,1145547053616,4960,1
4961,1145547178778,1145547178810,1145547178929,4961,1
4962,1145547303633,1145547303666,1145547303711,4962,1
4963,1145547427940,1145547427973,1145547428019,4963,1
4964,1145547681226,1145547681263,1145547681378,4964,1
4965,1145547692108,1145547692140,1145547692187,4965,1
4966,1145547806463,1145547806496,1145547806541,4966,1
4967,1145547922871,1145547922902,1145547922965,4967,1
4968,1145548245055,1145548245162,1145548245346,4968,1
4969,1145548271318,1145548271353,1145548271454,4969,1
4970,1145548304675,1145548304708,1145548304753,4970,1
4971,1145548428718,1145548428751,1145548428857,4971,1
4972,1145548553660,1145548553693,1145548553739,4972,1
4973,1145548678659,1145548678691,1145548678811,4973,1
4974,1145548811364,1145548811396,1145548811444,4974,1
4975,1145548928572,1145548928605,1145548928717,4975,1
4976,1145549053641,1145549053674,1145549053720,4976,1
4977,1145549178490,1145549178523,1145549178640,4977,1
4978,1145549330296,1145549330332,1145549330385,4978,1
4979,1145549428775,1145549428808,1145549428919,4979,1
4980,1145549552500,1145549552533,1145549552578,4980,1
4981,1145549750546,1145549750579,1145549750967,4981,1
4982,1145549803754,1145549803786,1145549803834,4982,1
4983,1145549928538,1145549928572,1145549928755,4983,1
4984,1145550053936,1145550053967,1145550054012,4984,1
4985,1145550183888,1145550183921,1145550184183,4985,1
4986,1145550303464,1145550303498,1145550303544,4986,1
4987,1145550428721,1145550428754,1145550428915,4987,1
4988,1145550553770,1145550553804,1145550553913,4988,1
4989,1145550678659,1145550678691,1145550678739,4989,1
4990,1145550803438,1145550803470,1145550803518,4990,1
4991,1145550928535,1145550928567,1145550928620,4991,1
4992,1145551053522,1145551053555,1145551053606,4992,1
4993,1145551178528,1145551178561,1145551178606,4993,1
4994,1145551462089,1145551462125,1145551462218,4994,1
4995,1145551545791,1145551545825,1145551545916,4995,1
4996,1145551556083,1145551556115,1145551556161,4996,1
4997,1145551681213,1145551681245,1145551681415,4997,1
4998,1145551860136,1145551860168,1145551860219,4998,1
4999,1145551922656,1145551922689,1145551922862,4999,1
5000,1145552079725,1145552079827,1145552079876,5000,1
5001,1145552179007,1145552179040,1145552179224,5001,1
5002,1145552317702,1145552317736,1145552317784,5002,1
5003,1145552505008,1145552505044,1145552505246,5003,1
5004,1145552553947,1145552553980,1145552554026,5004,1
5005,1145552684444,1145552684489,1145552684615,5005,1
5006,1145552809250,1145552809282,1145552809331,5006,1
5007,1145552928542,1145552928575,1145552928697,5007,1
5008,1145553053487,1145553053520,1145553053568,5008,1
5009,1145553178660,1145553178692,1145553178806,5009,1
5010,1145553322941,1145553322974,1145553323024,5010,1
5011,1145553427634,1145553427667,1145553427791,5011,1
5012,1145553565389,1145553565422,1145553565515,5012,1
5013,1145553678626,1145553678659,1145553678772,5013,1
5014,1145553803361,1145553803393,1145553803439,5014,1
5015,1145553928407,1145553928438,1145553928607,5015,1
5016,1145554053633,1145554053667,1145554053711,5016,1
5017,1145554178304,1145554178336,1145554178532,5017,1
5018,1145554303869,1145554303901,1145554303948,5018,1
5019,1145554428478,1145554428510,1145554428555,5019,1
5020,1145554553216,1145554553247,1145554553348,5020,1
5021,1145554677994,1145554678024,1145554678070,5021,1
5022,1145554814528,1145554814567,1145554814618,5022,1
5023,1145554928930,1145554928961,1145554929008,5023,1
5024,1145555053245,1145555053276,1145555053319,5024,1
5025,1145555317230,1145555317264,1145555317354,5025,1
5026,1145555335570,1145555335602,1145555335644,5026,1
5027,1145555427758,1145555427791,1145555427835,5027,1
5028,1145555578425,1145555578456,1145555578547,5028,1
5029,1145555679917,1145555679948,1145555679994,5029,1
5030,1145555804991,1145555805024,1145555805069,5030,1
5031,1145555922631,1145555922662,1145555922707,5031,1
5032,1145556059973,1145556060073,1145556060122,5032,1
5033,1145556178108,1145556178140,1145556178185,5033,1
5034,1145556303122,1145556303152,1145556303194,5034,1
5035,1145556427912,1145556427943,1145556428119,5035,1
5036,1145556553295,1145556553326,1145556553373,5036,1
5037,1145556678168,1145556678200,1145556678318,5037,1
5038,1145556811483,1145556811515,1145556811561,5038,1
5039,1145556927973,1145556928006,1145556928127,5039,1
5040,1145557052922,1145557052953,1145557052996,5040,1
5041,1145557177914,1145557177945,1145557178065,5041,1
5042,1145557331559,1145557331590,1145557331637,5042,1
5043,1145557428593,1145557428625,1145557428738,5043,1
5044,1145557553217,1145557553249,1145557553294,5044,1
5045,1145557678043,1145557678075,1145557678184,5045,1
5046,1145557802975,1145557803007,1145557803050,5046,1
5047,1145557927141,1145557927172,1145557927289,5047,1
5048,1145558063510,1145558063542,1145558063632,5048,1
5049,1145558179897,1145558179929,1145558180039,5049,1
5050,1145558304674,1145558304707,1145558304751,5050,1
5051,1145558429751,1145558429783,1145558429902,5051,1
5052,1145558554870,1145558554901,1145558554948,5052,1
5053,1145558679564,1145558679595,1145558679702,5053,1
5054,1145558805856,1145558805888,1145558805992,5054,1
5055,1145558930069,1145558930101,1145558930204,5055,1
5056,1145559055099,1145559055132,1145559055179,5056,1
5057,1145559180390,1145559180422,1145559180529,5057,1
5058,1145559305191,1145559305222,1145559305273,5058,1
5059,1145559429742,1145559429774,1145559429824,5059,1
5060,1145559554802,1145559554834,1145559554890,5060,1
5061,1145559679707,1145559679737,1145559679787,5061,1
5062,1145559804650,1145559804681,1145559804733,5062,1
5063,1145559922536,1145559922568,1145559922612,5063,1
5064,1145560059692,1145560059798,1145560059845,5064,1
5065,1145560210918,1145560210951,1145560210998,5065,1
5066,1145560303053,1145560303084,1145560303129,5066,1
5067,1145560427995,1145560428027,1145560428347,5067,1
5068,1145560553346,1145560553378,1145560553555,5068,1
5069,1145560679365,1145560679397,1145560679501,5069,1
5070,1145560825987,1145560826020,1145560826070,5070,1
5071,1145560928669,1145560928701,1145560928748,5071,1
5072,1145561053566,1145561053599,1145561053645,5072,1
5073,1145561177575,1145561177606,1145561177659,5073,1
5074,1145561329984,1145561330017,1145561330117,5074,1
5075,1145561430394,1145561430427,1145561430524,5075,1
5076,1145561561237,1145561561269,1145561561320,5076,1
5077,1145561680290,1145561680323,1145561680435,5077,1
5078,1145561805390,1145561805423,1145561805468,5078,1
5079,1145561929910,1145561929942,1145561930067,5079,1
5080,1145562054917,1145562054950,1145562054993,5080,1
5081,1145562179966,1145562179999,1145562180107,5081,1
5082,1145562304616,1145562304649,1145562304695,5082,1
5083,1145562436991,1145562437025,1145562437146,5083,1
5084,1145562554922,1145562554956,1145562555008,5084,1
5085,1145562680061,1145562680095,1145562680213,5085,1
5086,1145562805114,1145562805146,1145562805194,5086,1
5087,1145562930280,1145562930312,1145562930472,5087,1
5088,1145563054936,1145563054969,1145563055016,5088,1
5089,1145563182280,1145563182312,1145563182360,5089,1
5090,1145563305573,1145563305606,1145563305656,5090,1
5091,1145563430728,1145563430760,1145563430806,5091,1
5092,1145563562620,1145563562652,1145563562700,5092,1
5093,1145563680607,1145563680639,1145563680832,5093,1
5094,1145563805318,1145563805350,1145563805401,5094,1
5095,1145563922520,1145563922552,1145563922743,5095,1
5096,1145564061589,1145564061702,1145564061749,5096,1
5097,1145564178717,1145564178750,1145564178921,5097,1
5098,1145564303569,1145564303602,1145564303649,5098,1
5099,1145564431193,1145564431226,1145564431303,5099,1
5100,1145564553373,1145564553406,1145564553455,5100,1
5101,1145564678539,1145564678573,1145564678754,5101,1
5102,1145564803945,1145564803978,1145564804025,5102,1
5103,1145564928419,1145564928453,1145564928568,5103,1
5104,1145565052786,1145565052818,1145565052866,5104,1
5105,1145565187486,1145565187519,1145565187688,5105,1
5106,1145565334944,1145565334977,1145565335025,5106,1
5107,1145565428887,1145565428920,1145565429021,5107,1
5108,1145565553476,1145565553508,1145565553553,5108,1
5109,1145565678425,1145565678458,1145565678783,5109,1
5110,1145565803747,1145565803779,1145565803826,5110,1
5111,1145565927901,1145565927934,1145565928125,5111,1
5112,1145566088617,1145566088650,1145566088744,5112,1
5113,1145566180866,1145566180898,1145566181284,5113,1
5114,1145566305493,1145566305526,1145566305573,5114,1
5115,1145566430657,1145566430690,1145566430864,5115,1
5116,1145566555361,1145566555394,1145566555442,5116,1
5117,1145566680342,1145566680375,1145566680586,5117,1
5118,1145566805380,1145566805413,1145566805457,5118,1
5119,1145566932772,1145566932804,1145566933032,5119,1
5120,1145567055513,1145567055547,1145567055653,5120,1
5121,1145567180486,1145567180518,1145567180698,5121,1
5122,1145567305525,1145567305559,1145567305604,5122,1
5123,1145567430128,1145567430161,1145567430337,5123,1
5124,1145567555160,1145567555193,1145567555239,5124,1
5125,1145567680436,1145567680468,1145567680706,5125,1
5126,1145567805244,1145567805276,1145567805324,5126,1
5127,1145567923004,1145567923037,1145567923205,5127,1
5128,1145568060965,1145568060997,1145568061046,5128,1
5129,1145568183845,1145568183878,1145568184063,5129,1
5130,1145568313909,1145568313942,1145568314035,5130,1
5131,1145568428161,1145568428195,1145568428382,5131,1
5132,1145568619257,1145568619292,1145568619387,5132,1
5133,1145568678982,1145568679015,1145568679183,5133,1
5134,1145568803609,1145568803640,1145568803691,5134,1
5135,1145568928521,1145568928555,1145568928729,5135,1
5136,1145569053822,1145569053854,1145569053901,5136,1
5137,1145569178734,1145569178767,1145569178885,5137,1
5138,1145569379839,1145569379875,1145569379967,5138,1
5139,1145569429210,1145569429243,1145569429359,5139,1
5140,1145569553478,1145569553511,1145569553556,5140,1
5141,1145569678423,1145569678457,1145569678562,5141,1
5142,1145569802628,1145569802659,1145569802710,5142,1
5143,1145569968593,1145569968630,1145569968789,5143,1
5144,1145570053763,1145570053796,1145570053841,5144,1
5145,1145570178574,1145570178608,1145570178718,5145,1
5146,1145570303507,1145570303539,1145570303584,5146,1
5147,1145570428633,1145570428666,1145570428781,5147,1
5148,1145570553559,1145570553592,1145570553640,5148,1
5149,1145570679719,1145570679752,1145570679827,5149,1
5150,1145570803458,1145570803491,1145570803539,5150,1
5151,1145570934394,1145570934427,1145570934596,5151,1
5152,1145571053134,1145571053167,1145571053213,5152,1
5153,1145571299352,1145571299388,1145571299550,5153,1
5154,1145571318223,1145571318257,1145571318306,5154,1
5155,1145571438504,1145571438538,1145571438719,5155,1
5156,1145571563733,1145571563766,1145571563863,5156,1
5157,1145571715226,1145571715259,1145571715444,5157,1
5158,1145571809269,1145571809302,1145571809353,5158,1
5159,1145571930332,1145571930365,1145571930567,5159,1
5160,1145572063243,1145572063276,1145572063325,5160,1
5161,1145572181070,1145572181103,1145572181274,5161,1
5162,1145572305808,1145572305841,1145572305889,5162,1
5163,1145572430306,1145572430338,1145572430511,5163,1
5164,1145572555390,1145572555422,1145572555470,5164,1
5165,1145572678818,1145572678850,1145572679077,5165,1
5166,1145572807257,1145572807293,1145572807386,5166,1
5167,1145572929554,1145572929587,1145572929773,5167,1
5168,1145573054581,1145573054614,1145573054784,5168,1
5169,1145573179833,1145573179865,1145573179982,5169,1
5170,1145573327889,1145573327921,1145573327972,5170,1
5171,1145573429270,1145573429303,1145573429421,5171,1
5172,1145573553790,1145573553823,1145573553869,5172,1
5173,1145573678739,1145573678771,1145573678893,5173,1
5174,1145573831287,1145573831324,1145573831394,5174,1
5175,1145573978037,1145573978069,1145573978399,5175,1
5176,1145574054438,1145574054471,1145574054517,5176,1
5177,1145574179038,1145574179070,1145574179247,5177,1
5178,1145574303296,1145574303328,1145574303374,5178,1
5179,1145574429311,1145574429343,1145574429422,5179,1
5180,1145574553606,1145574553639,1145574553684,5180,1
5181,1145574678535,1145574678567,1145574678824,5181,1
5182,1145574803921,1145574803954,1145574804001,5182,1
5183,1145574928975,1145574929009,1145574929082,5183,1
5184,1145575053734,1145575053767,1145575053812,5184,1
5185,1145575178849,1145575178882,1145575179055,5185,1
5186,1145575303964,1145575303997,1145575304043,5186,1
5187,1145575482611,1145575482649,1145575482820,5187,1
5188,1145575554347,1145575554381,1145575554431,5188,1
5189,1145575678637,1145575678668,1145575678737,5189,1
5190,1145575847366,1145575847399,1145575847493,5190,1
5191,1145575922743,1145575922776,1145575922850,5191,1
5192,1145576059728,1145576059832,1145576059880,5192,1
5193,1145576184374,1145576184405,1145576184477,5193,1
5194,1145576303415,1145576303446,1145576303494,5194,1
5195,1145576427352,1145576427384,1145576427451,5195,1
5196,1145576598623,1145576598656,1145576598746,5196,1
5197,1145576798101,1145576798134,1145576798294,5197,1
5198,1145576808058,1145576808093,1145576808133,5198,1
5199,1145576928447,1145576928479,1145576928641,5199,1
5200,1145577053137,1145577053168,1145577053210,5200,1
5201,1145577178337,1145577178373,1145577178564,5201,1
5202,1145577324690,1145577324722,1145577324886,5202,1
5203,1145577428356,1145577428386,1145577428494,5203,1
5204,1145577553004,1145577553036,1145577553081,5204,1
5205,1145577678266,1145577678298,1145577678406,5205,1
5206,1145577803152,1145577803183,1145577803226,5206,1
5207,1145577928198,1145577928230,1145577928348,5207,1
5208,1145578053323,1145578053354,1145578053396,5208,1
5209,1145578185610,1145578185641,1145578185755,5209,1
5210,1145578303142,1145578303175,1145578303219,5210,1
5211,1145578428257,1145578428289,1145578428405,5211,1
5212,1145578552213,1145578552245,1145578552288,5212,1
5213,1145578707468,1145578707502,1145578707658,5213,1
5214,1145578803227,1145578803258,1145578803302,5214,1
5215,1145578928614,1145578928646,1145578928752,5215,1
5216,1145579054041,1145579054074,1145579054117,5216,1
5217,1145579178828,1145579178860,1145579178963,5217,1
5218,1145579303695,1145579303727,1145579303772,5218,1
5219,1145579429500,1145579429531,1145579429637,5219,1
5220,1145579553654,1145579553688,1145579553790,5220,1
5221,1145579679089,1145579679122,1145579679244,5221,1
5222,1145579940601,1145579940634,1145579940727,5222,1
5223,1145579951472,1145579951509,1145579951625,5223,1
5224,1145580063580,1145580063681,1145580063735,5224,1
5225,1145580179237,1145580179270,1145580179383,5225,1
5226,1145580304870,1145580304902,1145580304953,5226,1
5227,1145580429480,1145580429513,1145580429639,5227,1
5228,1145580554776,1145580554808,1145580554860,5228,1
5229,1145580678766,1145580678798,1145580678905,5229,1
5230,1145580803606,1145580803640,1145580803694,5230,1
5231,1145580928945,1145580928979,1145580929103,5231,1
5232,1145581054056,1145581054088,1145581054139,5232,1
5233,1145581179634,1145581179672,1145581179786,5233,1
5234,1145581326604,1145581326636,1145581326685,5234,1
5235,1145581510729,1145581510761,1145581510919,5235,1
5236,1145581554000,1145581554033,1145581554084,5236,1
5237,1145581678898,1145581678929,1145581679096,5237,1
5238,1145581802866,1145581802898,1145581802947,5238,1
5239,1145581943394,1145581943428,1145581943520,5239,1
5240,1145582053681,1145582053714,1145582053761,5240,1
5241,1145582178602,1145582178635,1145582178685,5241,1
5242,1145582303462,1145582303494,1145582303541,5242,1
5243,1145582428572,1145582428606,1145582428655,5243,1
5244,1145582553633,1145582553665,1145582553712,5244,1
5245,1145582678705,1145582678738,1145582678785,5245,1
5246,1145582803680,1145582803713,1145582803764,5246,1
5247,1145582928659,1145582928690,1145582928737,5247,1
5248,1145583053763,1145583053794,1145583053839,5248,1
5249,1145583178528,1145583178561,1145583178607,5249,1
5250,1145583303393,1145583303425,1145583303476,5250,1
5251,1145583428701,1145583428732,1145583428780,5251,1
5252,1145583553720,1145583553753,1145583553800,5252,1
5253,1145583678549,1145583678581,1145583678628,5253,1
5254,1145583802657,1145583802691,1145583802797,5254,1
5255,1145583929791,1145583929823,1145583930058,5255,1
5256,1145584060325,1145584060430,1145584060480,5256,1
5257,1145584178820,1145584178853,1145584179021,5257,1
5258,1145584303481,1145584303514,1145584303564,5258,1
5259,1145584428487,1145584428520,1145584428688,5259,1
5260,1145584552743,1145584552775,1145584552826,5260,1
5261,1145584685123,1145584685156,1145584685390,5261,1
5262,1145584803684,1145584803716,1145584803763,5262,1
5263,1145584928715,1145584928747,1145584928924,5263,1
5264,1145585053625,1145585053657,1145585053707,5264,1
5265,1145585178445,1145585178478,1145585178636,5265,1
5266,1145585325529,1145585325563,1145585325613,5266,1
5267,1145585428670,1145585428704,1145585428864,5267,1
5268,1145585553483,1145585553515,1145585553624,5268,1
5269,1145585677473,1145585677506,1145585677624,5269,1
5270,1145586921731,1145586921813,1145586922083,5270,1
5271,1145586938286,1145586938322,1145586938430,5271,1
5272,1145586939137,1145586939169,1145586939210,5272,1
5273,1145586939724,1145586939758,1145586939878,5273,1
5274,1145586940595,1145586940628,1145586940669,5274,1
5275,1145586941226,1145586941258,1145586941376,5275,1
5276,1145586942209,1145586942243,1145586942284,5276,1
5277,1145586942905,1145586942937,1145586943043,5277,1
5278,1145586943578,1145586943610,1145586943652,5278,1
5279,1145586944310,1145586944342,1145586944455,5279,1
5280,1145587065213,1145587065245,1145587065295,5280,1
5281,1145587184600,1145587184631,1145587184741,5281,1
5282,1145587307902,1145587307934,1145587307983,5282,1
5283,1145587438974,1145587439007,1145587439118,5283,1
5284,1145587561724,1145587561756,1145587561809,5284,1
5285,1145587682676,1145587682708,1145587682837,5285,1
5286,1145587932096,1145587932128,1145587932281,5286,1
5287,1145587943414,1145587943447,1145587943490,5287,1
5288,1145588083465,1145588083572,1145588083625,5288,1
5289,1145588180639,1145588180672,1145588180722,5289,1
5290,1145588305387,1145588305419,1145588305471,5290,1
5291,1145588429557,1145588429590,1145588429709,5291,1
5292,1145588554641,1145588554674,1145588554721,5292,1
5293,1145588678701,1145588678733,1145588678840,5293,1
5294,1145588807531,1145588807566,1145588807661,5294,1
5295,1145588929415,1145588929447,1145588929550,5295,1
5296,1145589054127,1145589054159,1145589054203,5296,1
5297,1145589179117,1145589179151,1145589179247,5297,1
5298,1145589338697,1145589338730,1145589338784,5298,1
5299,1145589429084,1145589429116,1145589429309,5299,1
5300,1145589553714,1145589553747,1145589553800,5300,1
5301,1145589677645,1145589677678,1145589677837,5301,1
5302,1145589862231,1145589862264,1145589862359,5302,1
5303,1145589929282,1145589929314,1145589929423,5303,1
5304,1145590053749,1145590053781,1145590053831,5304,1
5305,1145590179117,1145590179150,1145590179260,5305,1
5306,1145590303333,1145590303366,1145590303416,5306,1
5307,1145590428656,1145590428688,1145590428800,5307,1
5308,1145590553573,1145590553606,1145590553655,5308,1
5309,1145590686909,1145590686942,1145590687064,5309,1
5310,1145590892035,1145590892070,1145590892168,5310,1
5311,1145590929170,1145590929203,1145590929323,5311,1
5312,1145591053324,1145591053356,1145591053399,5312,1
5313,1145591178807,1145591178840,1145591178923,5313,1
5314,1145591303390,1145591303423,1145591303472,5314,1
5315,1145591428296,1145591428329,1145591428452,5315,1
5316,1145591553327,1145591553360,1145591553405,5316,1
5317,1145591678417,1145591678451,1145591678635,5317,1
5318,1145591869314,1145591869347,1145591869441,5318,1
5319,1145591922742,1145591922774,1145591922950,5319,1
5320,1145592061098,1145592061202,1145592061302,5320,1
5321,1145592178686,1145592178718,1145592178885,5321,1
5322,1145592303448,1145592303480,1145592303527,5322,1
5323,1145592428368,1145592428403,1145592428569,5323,1
5324,1145592553385,1145592553418,1145592553464,5324,1
5325,1145592678382,1145592678414,1145592678603,5325,1
5326,1145592803475,1145592803509,1145592803555,5326,1
5327,1145592928341,1145592928373,1145592928558,5327,1
5328,1145593053432,1145593053464,1145593053511,5328,1
5329,1145593178497,1145593178529,1145593178642,5329,1
5330,1145593327113,1145593327149,1145593327198,5330,1
5331,1145593428472,1145593428505,1145593428670,5331,1
5332,1145593561404,1145593561437,1145593561531,5332,1
5333,1145593740092,1145593740127,1145593740449,5333,1
5334,1145593804070,1145593804103,1145593804147,5334,1
5335,1145593928415,1145593928447,1145593928607,5335,1
5336,1145594053983,1145594054015,1145594054058,5336,1
5337,1145594178948,1145594178982,1145594179089,5337,1
5338,1145594303808,1145594303842,1145594303887,5338,1
5339,1145594428507,1145594428539,1145594428641,5339,1
5340,1145594553534,1145594553568,1145594553612,5340,1
5341,1145594678437,1145594678470,1145594678601,5341,1
5342,1145594803367,1145594803399,1145594803445,5342,1
5343,1145594928682,1145594928715,1145594928759,5343,1
5344,1145595053352,1145595053383,1145595053434,5344,1
5345,1145595178546,1145595178578,1145595178624,5345,1
5346,1145595303450,1145595303482,1145595303529,5346,1
5347,1145595428469,1145595428501,1145595428547,5347,1
5348,1145595553428,1145595553461,1145595553512,5348,1
5349,1145595678409,1145595678441,1145595678493,5349,1
5350,1145595906172,1145595906205,1145595906301,5350,1
5351,1145595934642,1145595934675,1145595934725,5351,1
5352,1145596061458,1145596061563,1145596061616,5352,1
5353,1145596178753,1145596178785,1145596178836,5353,1
5354,1145596303857,1145596303889,1145596304000,5354,1
5355,1145596428957,1145596428990,1145596429038,5355,1
5356,1145596553630,1145596553663,1145596553710,5356,1
5357,1145596678742,1145596678774,1145596678819,5357,1
5358,1145596803349,1145596803383,1145596803435,5358,1
5359,1145596928460,1145596928493,1145596928543,5359,1
5360,1145597053542,1145597053574,1145597053627,5360,1
5361,1145597178428,1145597178460,1145597178511,5361,1
5362,1145597324227,1145597324259,1145597324315,5362,1
5363,1145597428739,1145597428770,1145597428985,5363,1
5364,1145597553434,1145597553466,1145597553513,5364,1
5365,1145597679182,1145597679215,1145597679568,5365,1
5366,1145597803337,1145597803370,1145597803415,5366,1
5367,1145597928612,1145597928644,1145597928690,5367,1
5368,1145598054215,1145598054246,1145598054400,5368,1
5369,1145598178675,1145598178707,1145598178757,5369,1
5370,1145598303972,1145598304004,1145598304054,5370,1
5371,1145598428696,1145598428729,1145598428831,5371,1
5372,1145598553798,1145598553830,1145598553877,5372,1
5373,1145598678470,1145598678502,1145598678549,5373,1
5374,1145598803479,1145598803512,1145598803558,5374,1
5375,1145598928423,1145598928456,1145598928501,5375,1
5376,1145599053491,1145599053525,1145599053571,5376,1
5377,1145599178544,1145599178577,1145599178629,5377,1
5378,1145599303530,1145599303563,1145599303617,5378,1
5379,1145599428722,1145599428754,1145599428808,5379,1
5380,1145599553716,1145599553747,1145599553800,5380,1
5381,1145599678601,1145599678633,1145599678677,5381,1
5382,1145599874742,1145599874775,1145599874869,5382,1
5383,1145599922956,1145599922989,1145599923034,5383,1
5384,1145600060042,1145600060075,1145600060120,5384,1
5385,1145600178489,1145600178590,1145600178635,5385,1
5386,1145600303552,1145600303584,1145600303631,5386,1
5387,1145600429079,1145600429111,1145600429214,5387,1
5388,1145600553753,1145600553786,1145600553830,5388,1
5389,1145600684501,1145600684539,1145600684603,5389,1
5390,1145600808670,1145600808708,1145600808763,5390,1
5391,1145600929816,1145600929849,1145600929897,5391,1
5392,1145601053439,1145601053472,1145601053518,5392,1
5393,1145601178636,1145601178668,1145601178719,5393,1
5394,1145601335197,1145601335232,1145601335279,5394,1
5395,1145601430122,1145601430155,1145601430200,5395,1
5396,1145601555122,1145601555154,1145601555199,5396,1
5397,1145601680010,1145601680041,1145601680206,5397,1
5398,1145601805128,1145601805161,1145601805208,5398,1
5399,1145601930048,1145601930080,1145601930242,5399,1
5400,1145602055035,1145602055067,1145602055116,5400,1
5401,1145602180331,1145602180363,1145602180530,5401,1
5402,1145602305174,1145602305209,1145602305310,5402,1
5403,1145602430162,1145602430197,1145602430243,5403,1
5404,1145602555302,1145602555334,1145602555378,5404,1
5405,1145602680332,1145602680365,1145602680412,5405,1
5406,1145602805124,1145602805157,1145602805202,5406,1
5407,1145602929999,1145602930032,1145602930079,5407,1
5408,1145603055086,1145603055119,1145603055163,5408,1
5409,1145603179999,1145603180032,1145603180080,5409,1
5410,1145603305042,1145603305074,1145603305120,5410,1
5411,1145603430055,1145603430087,1145603430132,5411,1
5412,1145603557136,1145603557169,1145603557214,5412,1
5413,1145603680438,1145603680470,1145603680516,5413,1
5414,1145603805283,1145603805315,1145603805361,5414,1
5415,1145603922467,1145603922499,1145603922542,5415,1
5416,1145604068939,1145604068972,1145604069019,5416,1
5417,1145604177757,1145604177790,1145604177842,5417,1
5418,1145604311006,1145604311043,1145604311137,5418,1
5419,1145604428328,1145604428362,1145604428411,5419,1
5420,1145604553561,1145604553593,1145604553699,5420,1
5421,1145604678713,1145604678745,1145604678801,5421,1
5422,1145604803567,1145604803600,1145604803646,5422,1
5423,1145604928520,1145604928552,1145604928602,5423,1
5424,1145605053414,1145605053447,1145605053498,5424,1
5425,1145605178370,1145605178402,1145605178449,5425,1
5426,1145605333949,1145605333981,1145605334033,5426,1
5427,1145605428477,1145605428509,1145605428561,5427,1
5428,1145605553539,1145605553572,1145605553617,5428,1
5429,1145605678688,1145605678721,1145605678801,5429,1
5430,1145605803597,1145605803630,1145605803677,5430,1
5431,1145605927816,1145605927849,1145605927900,5431,1
5432,1145606087766,1145606087799,1145606087894,5432,1
5433,1145606180346,1145606180378,1145606180421,5433,1
5434,1145606305437,1145606305470,1145606305513,5434,1
5435,1145606430374,1145606430410,1145606430578,5435,1
5436,1145606555258,1145606555291,1145606555335,5436,1
5437,1145606680574,1145606680607,1145606680702,5437,1
5438,1145606805633,1145606805664,1145606805708,5438,1
5439,1145606930534,1145606930567,1145606930674,5439,1
5440,1145607055498,1145607055530,1145607055574,5440,1
5441,1145607180312,1145607180345,1145607180450,5441,1
5442,1145607305261,1145607305294,1145607305337,5442,1
5443,1145607430419,1145607430452,1145607430559,5443,1
5444,1145607555322,1145607555354,1145607555397,5444,1
5445,1145607680261,1145607680292,1145607680335,5445,1
5446,1145607805700,1145607805731,1145607805774,5446,1
5447,1145607922613,1145607922645,1145607922692,5447,1
5448,1145608060354,1145608060387,1145608060434,5448,1
5449,1145608178867,1145608178971,1145608179013,5449,1
5450,1145608303618,1145608303650,1145608303695,5450,1
5451,1145608428699,1145608428731,1145608428773,5451,1
5452,1145608553621,1145608553652,1145608553696,5452,1
5453,1145608678417,1145608678448,1145608678492,5453,1
5454,1145608804188,1145608804220,1145608804321,5454,1
5455,1145608928365,1145608928398,1145608928443,5455,1
5456,1145609053449,1145609053484,1145609053527,5456,1
5457,1145609178305,1145609178339,1145609178384,5457,1
5458,1145609313728,1145609313761,1145609313810,5458,1
5459,1145609428729,1145609428760,1145609428807,5459,1
5460,1145609553598,1145609553630,1145609553675,5460,1
5461,1145609678857,1145609678890,1145609678936,5461,1
5462,1145609803691,1145609803724,1145609803769,5462,1
5463,1145609928838,1145609928875,1145609928924,5463,1
5464,1145610053543,1145610053579,1145610053624,5464,1
5465,1145610178477,1145610178513,1145610178558,5465,1
5466,1145610303474,1145610303510,1145610303554,5466,1
5467,1145610428412,1145610428447,1145610428493,5467,1
5468,1145610554470,1145610554501,1145610554672,5468,1
5469,1145610678475,1145610678507,1145610678606,5469,1
5470,1145610803756,1145610803788,1145610803835,5470,1
5471,1145610928770,1145610928803,1145610928848,5471,1
5472,1145611053702,1145611053734,1145611053779,5472,1
5473,1145611178503,1145611178534,1145611178580,5473,1
5474,1145611303591,1145611303624,1145611303671,5474,1
5475,1145611427575,1145611427607,1145611427657,5475,1
5476,1145611576738,1145611576783,1145611576877,5476,1
5477,1145611680435,1145611680468,1145611680516,5477,1
5478,1145611805178,1145611805211,1145611805260,5478,1
5479,1145611922782,1145611922815,1145611922894,5479,1
5480,1145612059961,1145612059993,1145612060042,5480,1
5481,1145612177631,1145612177733,1145612177783,5481,1
5482,1145612396278,1145612396311,1145612396404,5482,1
5483,1145612439200,1145612439231,1145612439317,5483,1
5484,1145612553645,1145612553678,1145612553719,5484,1
5485,1145612678606,1145612678638,1145612678711,5485,1
5486,1145612803588,1145612803620,1145612803664,5486,1
5487,1145612929074,1145612929108,1145612929238,5487,1
5488,1145613053696,1145613053729,1145613053776,5488,1
5489,1145613178523,1145613178556,1145613178633,5489,1
5490,1145613334720,1145613334755,1145613334804,5490,1
5491,1145613432539,1145613432571,1145613432647,5491,1
5492,1145613553890,1145613553923,1145613553967,5492,1
5493,1145613678438,1145613678470,1145613678809,5493,1
5494,1145613805436,1145613805472,1145613805528,5494,1
5495,1145614028247,1145614028279,1145614028499,5495,1
5496,1145614065361,1145614065402,1145614065450,5496,1
5497,1145614260804,1145614260839,1145614261080,5497,1
5498,1145614303837,1145614303870,1145614303918,5498,1
5499,1145614450895,1145614450934,1145614452401,5499,1
5500,1145614583453,1145614583485,1145614583533,5500,1
5501,1145614683427,1145614683459,1145614683636,5501,1
5502,1145614808359,1145614808392,1145614808439,5502,1
5503,1145614931004,1145614931037,1145614931156,5503,1
5504,1145615087411,1145615087443,1145615087540,5504,1
5505,1145615181472,1145615181505,1145615181693,5505,1
5506,1145615335943,1145615335977,1145615336026,5506,1
5507,1145615435278,1145615435311,1145615435500,5507,1
5508,1145615580814,1145615580847,1145615580897,5508,1
5509,1145615685592,1145615685625,1145615685823,5509,1
5510,1145615892185,1145615892221,1145615892315,5510,1
5511,1145615925412,1145615925445,1145615925646,5511,1
5512,1145616082798,1145616082902,1145616082951,5512,1
5513,1145616187748,1145616187808,1145616188023,5513,1
5514,1145616321818,1145616321850,1145616321905,5514,1
5515,1145616430707,1145616430739,1145616430910,5515,1
5516,1145616555340,1145616555373,1145616555426,5516,1
5517,1145616680099,1145616680132,1145616680402,5517,1
5518,1145616805035,1145616805068,1145616805115,5518,1
5519,1145616929604,1145616929637,1145616929830,5519,1
5520,1145617054487,1145617054519,1145617054624,5520,1
5521,1145617179207,1145617179239,1145617179566,5521,1
5522,1145617326583,1145617326619,1145617326670,5522,1
5523,1145617429483,1145617429517,1145617429561,5523,1
5524,1145617554149,1145617554182,1145617554227,5524,1
5525,1145617678930,1145617678964,1145617679009,5525,1
5526,1145617803861,1145617803893,1145617803940,5526,1
5527,1145617928910,1145617928943,1145617929150,5527,1
5528,1145618053632,1145618053665,1145618053713,5528,1
5529,1145618178780,1145618178813,1145618179008,5529,1
5530,1145618303662,1145618303694,1145618303743,5530,1
5531,1145618428343,1145618428376,1145618428547,5531,1
5532,1145618553349,1145618553381,1145618553429,5532,1
5533,1145618678595,1145618678629,1145618678955,5533,1
5534,1145618803561,1145618803594,1145618803641,5534,1
5535,1145618927790,1145618927822,1145618927991,5535,1
5536,1145619060855,1145619060911,1145619061014,5536,1
5537,1145619178842,1145619178874,1145619178988,5537,1
5538,1145619303700,1145619303733,1145619303778,5538,1
5539,1145619428968,1145619429001,1145619429122,5539,1
5540,1145619553720,1145619553751,1145619553798,5540,1
5541,1145619678645,1145619678679,1145619678782,5541,1
5542,1145619802576,1145619802609,1145619802658,5542,1
5543,1145619929427,1145619929461,1145619929617,5543,1
5544,1145620060341,1145620060374,1145620060428,5544,1
5545,1145620178716,1145620178821,1145620178926,5545,1
5546,1145620303623,1145620303656,1145620303706,5546,1
5547,1145620428424,1145620428457,1145620428565,5547,1
5548,1145620557269,1145620557302,1145620557352,5548,1
5549,1145620678324,1145620678357,1145620678465,5549,1
5550,1145620803500,1145620803532,1145620803586,5550,1
5551,1145620928586,1145620928617,1145620928729,5551,1
5552,1145621053602,1145621053636,1145621053685,5552,1
5553,1145621178470,1145621178502,1145621178619,5553,1
5554,1145621317738,1145621317771,1145621317877,5554,1
5555,1145621430491,1145621430525,1145621430646,5555,1
5556,1145621555095,1145621555127,1145621555174,5556,1
5557,1145621680089,1145621680122,1145621680242,5557,1
5558,1145621805081,1145621805114,1145621805160,5558,1
5559,1145621930057,1145621930090,1145621930205,5559,1
5560,1145622055018,1145622055052,1145622055095,5560,1
5561,1145622180052,1145622180084,1145622180204,5561,1
5562,1145622305242,1145622305274,1145622305320,5562,1
5563,1145622430274,1145622430306,1145622430354,5563,1
5564,1145622555132,1145622555164,1145622555211,5564,1
5565,1145622680031,1145622680063,1145622680110,5565,1
5566,1145622805125,1145622805158,1145622805209,5566,1
5567,1145622929858,1145622929890,1145622929941,5567,1
5568,1145623064352,1145623064386,1145623064544,5568,1
5569,1145623180014,1145623180046,1145623180150,5569,1
5570,1145623304975,1145623305007,1145623305050,5570,1
5571,1145623430111,1145623430144,1145623430251,5571,1
5572,1145623555230,1145623555262,1145623555304,5572,1
5573,1145623680083,1145623680115,1145623680223,5573,1
5574,1145623804923,1145623804956,1145623805003,5574,1
5575,1145623922356,1145623922389,1145623922436,5575,1
5576,1145624060157,1145624060190,1145624060235,5576,1
5577,1145624178520,1145624178625,1145624178671,5577,1
5578,1145624303738,1145624303771,1145624303816,5578,1
5579,1145624428533,1145624428566,1145624428612,5579,1
5580,1145624553551,1145624553583,1145624553633,5580,1
5581,1145624678498,1145624678531,1145624678575,5581,1
5582,1145624853555,1145624853590,1145624853638,5582,1
5583,1145624928599,1145624928630,1145624928675,5583,1
5584,1145625052956,1145625052987,1145625053036,5584,1
5585,1145625177012,1145625177043,1145625177092,5585,1
5586,1145625323122,1145625323158,1145625323275,5586,1
5587,1145625431090,1145625431123,1145625431346,5587,1
5588,1145625731823,1145625731854,1145625731951,5588,1
5589,1145625742557,1145625742590,1145625742798,5589,1
5590,1145625811485,1145625811518,1145625811565,5590,1
5591,1145626052202,1145626052235,1145626052346,5591,1
5592,1145626062776,1145626062811,1145626062855,5592,1
5593,1145626187300,1145626187333,1145626187514,5593,1
5594,1145626310717,1145626310750,1145626310802,5594,1
5595,1145626435315,1145626435348,1145626435526,5595,1
5596,1145626561191,1145626561224,1145626561274,5596,1
5597,1145626687192,1145626687225,1145626687403,5597,1
5598,1145626805609,1145626805641,1145626805687,5598,1
5599,1145626930130,1145626930163,1145626930357,5599,1
5600,1145627055369,1145627055403,1145627055447,5600,1
5601,1145627180105,1145627180138,1145627180183,5601,1
5602,1145627305263,1145627305296,1145627305446,5602,1
5603,1145627430233,1145627430266,1145627430373,5603,1
5604,1145627554620,1145627554652,1145627554701,5604,1
5605,1145627680070,1145627680102,1145627680214,5605,1
5606,1145628173309,1145628173418,1145628173525,5606,1
5607,1145628199073,1145628199106,1145628199227,5607,1
5608,1145628200288,1145628200321,1145628200362,5608,1
5609,1145628200893,1145628200925,1145628201037,5609,1
5610,1145628773469,1145628773547,1145628806119,5610,1
5611,1145628827790,1145628827822,1145628827936,5611,1
5612,1145628828582,1145628828614,1145628828655,5612,1
5613,1145628829467,1145628829499,1145628829675,5613,1
5614,1145628830143,1145628830176,1145628830217,5614,1
5615,1145628931158,1145628931191,1145628931256,5615,1
5616,1145629053639,1145629053672,1145629053724,5616,1
5617,1145629178525,1145629178563,1145629178753,5617,1
5618,1145629338019,1145629338054,1145629338102,5618,1
5619,1145629430573,1145629430604,1145629430780,5619,1
5620,1145629555526,1145629555559,1145629555662,5620,1
5621,1145629680606,1145629680638,1145629680913,5621,1
5622,1145629805557,1145629805590,1145629805637,5622,1
5623,1145629930051,1145629930084,1145629930130,5623,1
5624,1145630055127,1145630055158,1145630055204,5624,1
5625,1145630180183,1145630180215,1145630180262,5625,1
5626,1145630305070,1145630305103,1145630305149,5626,1
5627,1145630446367,1145630446410,1145630446469,5627,1
5628,1145630555853,1145630555886,1145630555931,5628,1
5629,1145630680339,1145630680372,1145630680419,5629,1
5630,1145630805657,1145630805689,1145630805740,5630,1
5631,1145630930274,1145630930306,1145630930374,5631,1
5632,1145631055189,1145631055220,1145631055269,5632,1
5633,1145631180252,1145631180285,1145631180356,5633,1
5634,1145631305242,1145631305275,1145631305322,5634,1
5635,1145631430641,1145631430674,1145631430835,5635,1
5636,1145631556250,1145631556283,1145631556332,5636,1
5637,1145631680241,1145631680273,1145631680392,5637,1
5638,1145631805073,1145631805106,1145631805155,5638,1
5639,1145631922833,1145631922866,1145631922937,5639,1
5640,1145632060687,1145632060720,1145632060775,5640,1
5641,1145632178665,1145632178769,1145632178838,5641,1
5642,1145632303569,1145632303602,1145632303650,5642,1
5643,1145632428456,1145632428489,1145632428538,5643,1
5644,1145632553375,1145632553408,1145632553455,5644,1
5645,1145632678621,1145632678654,1145632678707,5645,1
5646,1145632803836,1145632803869,1145632803919,5646,1
5647,1145632928523,1145632928555,1145632928608,5647,1
5648,1145633053484,1145633053516,1145633053571,5648,1
5649,1145633178526,1145633178558,1145633178613,5649,1
5650,1145633322987,1145633323019,1145633323074,5650,1
5651,1145633500079,1145633500114,1145633500271,5651,1
5652,1145633554865,1145633554897,1145633554948,5652,1
5653,1145633678616,1145633678650,1145633678694,5653,1
5654,1145633803689,1145633803722,1145633803824,5654,1
5655,1145633928933,1145633928966,1145633929130,5655,1
5656,1145634053679,1145634053711,1145634053755,5656,1
5657,1145634178520,1145634178552,1145634178740,5657,1
5658,1145634305578,1145634305611,1145634305656,5658,1
5659,1145634428454,1145634428487,1145634428676,5659,1
5660,1145634553324,1145634553356,1145634553400,5660,1
5661,1145634678273,1145634678306,1145634678572,5661,1
5662,1145634803301,1145634803335,1145634803379,5662,1
5663,1145634928359,1145634928391,1145634928549,5663,1
5664,1145635052619,1145635052653,1145635052705,5664,1
5665,1145635193889,1145635193924,1145635194167,5665,1
5666,1145635304202,1145635304233,1145635304284,5666,1
5667,1145635428513,1145635428547,1145635428730,5667,1
5668,1145635555924,1145635555957,1145635556128,5668,1
5669,1145635678828,1145635678861,1145635678978,5669,1
5670,1145635923034,1145635923066,1145635923170,5670,1
5671,1145635933730,1145635933762,1145635933882,5671,1
5672,1145636067039,1145636067143,1145636067198,5672,1
5673,1145636177796,1145636177828,1145636177944,5673,1
5674,1145636305212,1145636305250,1145636305344,5674,1
5675,1145636428707,1145636428740,1145636428861,5675,1
5676,1145636553579,1145636553612,1145636553665,5676,1
5677,1145636678438,1145636678472,1145636678574,5677,1
5678,1145636803369,1145636803401,1145636803451,5678,1
5679,1145636928481,1145636928513,1145636928620,5679,1
5680,1145637053443,1145637053476,1145637053523,5680,1
5681,1145637178839,1145637178871,1145637178977,5681,1
5682,1145637382924,1145637382956,1145637383047,5682,1
5683,1145637428680,1145637428711,1145637428822,5683,1
5684,1145637552998,1145637553030,1145637553073,5684,1
5685,1145637678067,1145637678099,1145637678198,5685,1
5686,1145637803187,1145637803219,1145637803268,5686,1
5687,1145637928285,1145637928318,1145637928466,5687,1
5688,1145638053049,1145638053080,1145638053130,5688,1
5689,1145638178935,1145638178968,1145638179068,5689,1
5690,1145638303755,1145638303788,1145638303837,5690,1
5691,1145638428634,1145638428667,1145638428718,5691,1
5692,1145638553477,1145638553510,1145638553562,5692,1
5693,1145638678384,1145638678417,1145638678461,5693,1
5694,1145638803296,1145638803329,1145638803382,5694,1
5695,1145638928414,1145638928447,1145638928492,5695,1
5696,1145639053545,1145639053577,1145639053622,5696,1
5697,1145639178447,1145639178480,1145639178528,5697,1
5698,1145639303388,1145639303421,1145639303468,5698,1
5699,1145639428276,1145639428309,1145639428355,5699,1
5700,1145639559438,1145639559471,1145639559519,5700,1
5701,1145639678575,1145639678608,1145639678658,5701,1
5702,1145639880576,1145639880609,1145639880813,5702,1
5703,1145639922800,1145639922833,1145639922933,5703,1
5704,1145640094575,1145640094611,1145640094705,5704,1
5705,1145640179196,1145640179297,1145640179344,5705,1
5706,1145640303934,1145640303967,1145640304017,5706,1
5707,1145640429137,1145640429170,1145640429223,5707,1
5708,1145640553749,1145640553781,1145640553834,5708,1
5709,1145640678618,1145640678650,1145640678769,5709,1
5710,1145640803525,1145640803558,1145640803608,5710,1
5711,1145640928372,1145640928404,1145640928516,5711,1
5712,1145641053407,1145641053438,1145641053492,5712,1
5713,1145641178472,1145641178505,1145641178628,5713,1
5714,1145641335305,1145641335337,1145641335385,5714,1
5715,1145641428744,1145641428777,1145641428822,5715,1
5716,1145641553680,1145641553713,1145641553759,5716,1
5717,1145641678634,1145641678667,1145641678712,5717,1
5718,1145641803638,1145641803671,1145641803716,5718,1
5719,1145641928558,1145641928590,1145641928696,5719,1
5720,1145642053836,1145642053868,1145642053981,5720,1
5721,1145642178587,1145642178619,1145642178722,5721,1
5722,1145642303635,1145642303667,1145642303717,5722,1
5723,1145642428747,1145642428779,1145642428828,5723,1
5724,1145642553688,1145642553721,1145642553772,5724,1
5725,1145642678609,1145642678642,1145642678688,5725,1
5726,1145642803612,1145642803645,1145642803695,5726,1
5727,1145642927565,1145642927598,1145642927648,5727,1
5728,1145643068419,1145643068452,1145643068544,5728,1
5729,1145643178648,1145643178681,1145643178726,5729,1
5730,1145643303386,1145643303419,1145643303470,5730,1
5731,1145643428769,1145643428801,1145643428851,5731,1
5732,1145643553738,1145643553771,1145643553816,5732,1
5733,1145643678304,1145643678337,1145643678382,5733,1
5734,1145643854029,1145643854063,1145643854266,5734,1
5735,1145643922929,1145643922961,1145643923069,5735,1
5736,1145644060706,1145644060738,1145644060791,5736,1
5737,1145644180278,1145644180380,1145644180484,5737,1
5738,1145644303424,1145644303457,1145644303509,5738,1
5739,1145644428597,1145644428630,1145644428732,5739,1
5740,1145644553580,1145644553613,1145644553663,5740,1
5741,1145644678409,1145644678442,1145644678559,5741,1
5742,1145644803378,1145644803411,1145644803462,5742,1
5743,1145644928653,1145644928686,1145644928798,5743,1
5744,1145645053509,1145645053542,1145645053594,5744,1
5745,1145645178590,1145645178623,1145645178739,5745,1
5746,1145645314419,1145645314452,1145645314502,5746,1
5747,1145645430342,1145645430374,1145645430478,5747,1
5748,1145645555402,1145645555435,1145645555486,5748,1
5749,1145645680439,1145645680472,1145645680760,5749,1
5750,1145645815134,1145645815169,1145645815222,5750,1
5751,1145645930595,1145645930627,1145645930673,5751,1
5752,1145646055510,1145646055543,1145646055590,5752,1
5753,1145646181866,1145646181899,1145646181951,5753,1
5754,1145646305389,1145646305421,1145646305531,5754,1
5755,1145646430298,1145646430331,1145646430383,5755,1
5756,1145646555444,1145646555476,1145646555527,5756,1
5757,1145646680239,1145646680271,1145646680323,5757,1
5758,1145646805268,1145646805300,1145646805353,5758,1
5759,1145647325720,1145647325757,1145647325806,5759,1
5760,1145647336153,1145647336186,1145647336236,5760,1
5761,1145647345655,1145647345688,1145647345734,5761,1
5762,1145647346269,1145647346301,1145647346343,5762,1
5763,1145647431116,1145647431149,1145647431365,5763,1
5764,1145647555140,1145647555173,1145647555218,5764,1
5765,1145647680390,1145647680423,1145647680609,5765,1
5766,1145647903849,1145647903881,1145647903938,5766,1
5767,1145647931740,1145647931775,1145647931952,5767,1
5768,1145648069668,1145648069774,1145648069947,5768,1
5769,1145648179008,1145648179040,1145648179155,5769,1
5770,1145648309644,1145648309677,1145648309795,5770,1
5771,1145648428602,1145648428634,1145648428737,5771,1
5772,1145648553513,1145648553546,1145648553596,5772,1
5773,1145648678742,1145648678775,1145648678897,5773,1
5774,1145648803527,1145648803559,1145648803604,5774,1
5775,1145648928448,1145648928479,1145648928598,5775,1
5776,1145649053625,1145649053659,1145649053704,5776,1
5777,1145649178391,1145649178424,1145649178538,5777,1
5778,1145649336066,1145649336099,1145649336148,5778,1
5779,1145649428811,1145649428843,1145649428963,5779,1
5780,1145649553780,1145649553814,1145649553864,5780,1
5781,1145649994123,1145649994154,1145649994349,5781,1
5782,1145650005674,1145650005706,1145650005749,5782,1
5783,1145650006415,1145650006448,1145650006552,5783,1
5784,1145650060643,1145650060676,1145650060730,5784,1
5785,1145650188992,1145650189028,1145650189183,5785,1
5786,1145650311980,1145650312013,1145650312068,5786,1
5787,1145650699067,1145650699100,1145650699359,5787,1
5788,1145650709796,1145650709831,1145650709874,5788,1
5789,1145650710505,1145650710539,1145650710725,5789,1
5790,1145650813609,1145650813642,1145650813696,5790,1
5791,1145650935820,1145650935853,1145650936040,5791,1
5792,1145651060375,1145651060408,1145651060462,5792,1
5793,1145651186690,1145651186723,1145651186885,5793,1
5794,1145651333184,1145651333217,1145651333264,5794,1
5795,1145651447894,1145651447931,1145651448044,5795,1
5796,1145651556246,1145651556279,1145651556332,5796,1
5797,1145651680328,1145651680360,1145651680413,5797,1
5798,1145651805595,1145651805629,1145651805682,5798,1
5799,1145652027318,1145652027351,1145652027558,5799,1
5800,1145652061087,1145652061119,1145652061169,5800,1
5801,1145652179275,1145652179308,1145652179465,5801,1
5802,1145652320238,1145652320270,1145652320324,5802,1
5803,1145652428411,1145652428444,1145652428552,5803,1
5804,1145652603791,1145652603823,1145652603914,5804,1
5805,1145652682992,1145652683031,1145652683175,5805,1
5806,1145653139535,1145653139571,1145653139687,5806,1
5807,1145653156339,1145653156372,1145653156500,5807,1
5808,1145653228168,1145653228203,1145653228259,5808,1
5809,1145653238499,1145653238534,1145653238647,5809,1
5810,1145653320590,1145653320623,1145653320670,5810,1
5811,1145653427948,1145653427980,1145653428094,5811,1
5812,1145653561505,1145653561537,1145653561641,5812,1
5813,1145653678505,1145653678538,1145653678663,5813,1
5814,1145653802821,1145653802852,1145653802897,5814,1
5815,1145653977317,1145653977350,1145653977514,5815,1
5816,1145654053706,1145654053739,1145654053787,5816,1
5817,1145654178704,1145654178737,1145654178854,5817,1
5818,1145654303572,1145654303605,1145654303654,5818,1
5819,1145654428382,1145654428414,1145654428526,5819,1
5820,1145654553613,1145654553646,1145654553749,5820,1
5821,1145654678479,1145654678512,1145654678617,5821,1
5822,1145654825074,1145654825118,1145654825179,5822,1
5823,1145654949772,1145654949809,1145654949929,5823,1
5824,1145655078258,1145655078291,1145655078344,5824,1
5825,1145655207896,1145655207932,1145655208045,5825,1
5826,1145655308743,1145655308775,1145655308824,5826,1
5827,1145655455685,1145655455721,1145655455829,5827,1
5828,1145655573394,1145655573428,1145655573521,5828,1
5829,1145655680152,1145655680185,1145655680372,5829,1
5830,1145655804902,1145655804934,1145655804979,5830,1
5831,1145655927603,1145655927636,1145655927829,5831,1
5832,1145656137197,1145656137300,1145656137394,5832,1
5833,1145656178082,1145656178115,1145656178282,5833,1
5834,1145656500526,1145656500559,1145656500774,5834,1
5835,1145656511714,1145656511750,1145656511866,5835,1
5836,1145656559469,1145656559501,1145656559554,5836,1
5837,1145656684001,1145656684034,1145656684151,5837,1
5838,1145656810034,1145656810068,1145656810122,5838,1
5839,1145656974025,1145656974061,1145656974211,5839,1
5840,1145657058710,1145657058742,1145657058795,5840,1
5841,1145657182432,1145657182465,1145657182573,5841,1
5842,1145657335563,1145657335595,1145657335645,5842,1
5843,1145657432031,1145657432065,1145657432177,5843,1
5844,1145657556133,1145657556166,1145657556220,5844,1
5845,1145657680614,1145657680646,1145657680769,5845,1
5846,1145657807108,1145657807141,1145657807193,5846,1
5847,1145657968778,1145657968811,1145657968991,5847,1
5848,1145658055472,1145658055504,1145658055547,5848,1
5849,1145658178568,1145658178599,1145658178713,5849,1
5850,1145658311794,1145658311831,1145658311942,5850,1
5851,1145658429661,1145658429693,1145658429805,5851,1
5852,1145658554421,1145658554453,1145658554496,5852,1
5853,1145658679168,1145658679200,1145658679303,5853,1
5854,1145658807196,1145658807232,1145658807336,5854,1
5855,1145658929641,1145658929674,1145658929720,5855,1
5856,1145659054315,1145659054348,1145659054393,5856,1
5857,1145659178996,1145659179029,1145659179082,5857,1
5858,1145659618643,1145659618680,1145659618773,5858,1
5859,1145659629868,1145659629904,1145659629952,5859,1
5860,1145659630747,1145659630778,1145659630820,5860,1
5861,1145659735517,1145659735554,1145659735647,5861,1
5862,1145659811509,1145659811542,1145659811596,5862,1
5863,1145659930148,1145659930180,1145659930359,5863,1
5864,1145660061306,1145660061413,1145660061466,5864,1
5865,1145660500112,1145660500156,1145660500431,5865,1
5866,1145660511182,1145660511218,1145660511261,5866,1
5867,1145660511882,1145660511914,1145660511993,5867,1
5868,1145660556616,1145660556649,1145660556813,5868,1
5869,1145660678047,1145660678081,1145660678189,5869,1
5870,1145660805003,1145660805037,1145660805130,5870,1
5871,1145660929269,1145660929302,1145660929405,5871,1
5872,1145661053933,1145661053966,1145661054016,5872,1
5873,1145661340806,1145661340862,1145661341012,5873,1
5874,1145661360153,1145661360186,1145661360231,5874,1
5875,1145661429513,1145661429547,1145661429649,5875,1
5876,1145661554029,1145661554062,1145661554109,5876,1
5877,1145661678766,1145661678799,1145661679139,5877,1
5878,1145661803151,1145661803184,1145661803230,5878,1
5879,1145661928479,1145661928511,1145661928683,5879,1
5880,1145662053585,1145662053619,1145662053670,5880,1
5881,1145662178363,1145662178395,1145662178444,5881,1
5882,1145662303686,1145662303718,1145662303768,5882,1
5883,1145662613958,1145662613992,1145662614039,5883,1
5884,1145662624393,1145662624430,1145662624479,5884,1
5885,1145662684829,1145662684862,1145662684916,5885,1
5886,1145662808125,1145662808159,1145662808207,5886,1
5887,1145662933177,1145662933210,1145662933316,5887,1
5888,1145663061033,1145663061066,1145663061120,5888,1
5889,1145663187568,1145663187601,1145663187654,5889,1
5890,1145663355509,1145663355542,1145663355638,5890,1
5891,1145663431057,1145663431090,1145663431141,5891,1
5892,1145663580875,1145663580908,1145663581001,5892,1
5893,1145663683234,1145663683267,1145663683498,5893,1
5894,1145663807623,1145663807655,1145663807703,5894,1
5895,1145663924815,1145663924847,1145663925019,5895,1
5896,1145664062439,1145664062550,1145664062604,5896,1
5897,1145664180032,1145664180064,1145664180113,5897,1
5898,1145664304884,1145664304916,1145664304967,5898,1
5899,1145664429123,1145664429156,1145664429210,5899,1
5900,1145664561544,1145664561580,1145664561673,5900,1
5901,1145664679375,1145664679406,1145664679523,5901,1
5902,1145664804271,1145664804303,1145664804479,5902,1
5903,1145664928049,1145664928085,1145664928197,5903,1
5904,1145665062194,1145665062229,1145665062324,5904,1
5905,1145665179056,1145665179089,1145665179202,5905,1
5906,1145665418715,1145665418748,1145665418844,5906,1
5907,1145665430317,1145665430349,1145665430465,5907,1
5908,1145665797033,1145665797078,1145665797181,5908,1
5909,1145665808833,1145665808870,1145665808972,5909,1
5910,1145665809938,1145665809970,1145665810012,5910,1
5911,1145665985626,1145665985657,1145665985814,5911,1
5912,1145666081635,1145666081670,1145666081762,5912,1
5913,1145666185748,1145666185780,1145666185979,5913,1
5914,1145666308779,1145666308812,1145666308865,5914,1
5915,1145666434448,1145666434480,1145666434666,5915,1
5916,1145666554219,1145666554251,1145666554302,5916,1
5917,1145666678973,1145666679005,1145666679055,5917,1
5918,1145666803718,1145666803751,1145666803801,5918,1
5919,1145666929402,1145666929434,1145666929484,5919,1
5920,1145667066263,1145667066295,1145667066400,5920,1
5921,1145667179071,1145667179103,1145667179290,5921,1
5922,1145667303625,1145667303658,1145667303710,5922,1
5923,1145667428490,1145667428521,1145667428712,5923,1
5924,1145667554180,1145667554213,1145667554260,5924,1
5925,1145667832632,1145667832668,1145667832903,5925,1
5926,1145667852318,1145667852351,1145667852400,5926,1
5927,1145667923056,1145667923089,1145667923278,5927,1
5928,1145668060974,1145668061078,1145668061127,5928,1
5929,1145668183780,1145668183812,1145668183974,5929,1
5930,1145668303622,1145668303655,1145668303708,5930,1
5931,1145668428792,1145668428823,1145668429025,5931,1
5932,1145668553806,1145668553839,1145668553889,5932,1
5933,1145668677597,1145668677630,1145668677818,5933,1
5934,1145668926462,1145668926497,1145668926719,5934,1
5935,1145668937955,1145668937990,1145668938095,5935,1
5936,1145669054083,1145669054115,1145669054168,5936,1
5937,1145669178494,1145669178527,1145669178645,5937,1
5938,1145669333251,1145669333287,1145669333337,5938,1
5939,1145669428098,1145669428131,1145669428245,5939,1
5940,1145669564898,1145669564931,1145669565024,5940,1
5941,1145669678984,1145669679017,1145669679142,5941,1
5942,1145669802688,1145669802720,1145669802769,5942,1
5943,1145669975446,1145669975483,1145669975649,5943,1
5944,1145670347657,1145670347693,1145670347805,5944,1
5945,1145670357814,1145670357849,1145670358029,5945,1
5946,1145670358683,1145670358715,1145670358767,5946,1
5947,1145670431837,1145670431877,1145670432049,5947,1
5948,1145670579832,1145670579864,1145670579961,5948,1
5949,1145670679215,1145670679247,1145670679431,5949,1
5950,1145670860517,1145670860557,1145670860692,5950,1
5951,1145670948864,1145670948896,1145670949127,5951,1
5952,1145671114685,1145671114717,1145671114810,5952,1
5953,1145671178466,1145671178498,1145671178663,5953,1
5954,1145671303317,1145671303349,1145671303451,5954,1
5955,1145671427267,1145671427299,1145671427454,5955,1
5956,1145671772378,1145671772435,1145671772563,5956,1
5957,1145671819766,1145671819801,1145671819974,5957,1
5958,1145671829504,1145671829537,1145671829586,5958,1
5959,1145671930058,1145671930089,1145671930332,5959,1
5960,1145672059784,1145672059905,1145672059970,5960,1
5961,1145672183722,1145672183754,1145672183937,5961,1
5962,1145672309663,1145672309696,1145672309743,5962,1
5963,1145672434600,1145672434632,1145672434707,5963,1
5964,1145672553245,1145672553277,1145672553329,5964,1
5965,1145672677246,1145672677278,1145672677437,5965,1
5966,1145672871579,1145672871619,1145672871717,5966,1
5967,1145672928981,1145672929013,1145672929088,5967,1
5968,1145673055535,1145673055568,1145673055735,5968,1
5969,1145673178801,1145673178835,1145673178944,5969,1
5970,1145673333753,1145673333786,1145673333836,5970,1
5971,1145673428781,1145673428814,1145673428914,5971,1
5972,1145673553329,1145673553361,1145673553407,5972,1
5973,1145673678452,1145673678485,1145673678603,5973,1
5974,1145673803596,1145673803628,1145673803676,5974,1
5975,1145673927814,1145673927847,1145673927967,5975,1
5976,1145674109382,1145674109420,1145674109521,5976,1
5977,1145674179166,1145674179199,1145674179320,5977,1
5978,1145674303572,1145674303604,1145674303653,5978,1
5979,1145674428456,1145674428489,1145674428615,5979,1
5980,1145674553432,1145674553464,1145674553512,5980,1
5981,1145674678441,1145674678473,1145674678578,5981,1
5982,1145674803395,1145674803429,1145674803474,5982,1
5983,1145674928735,1145674928769,1145674928876,5983,1
5984,1145675052682,1145675052716,1145675052759,5984,1
5985,1145675196209,1145675196247,1145675196426,5985,1
5986,1145675303574,1145675303608,1145675303661,5986,1
5987,1145675562419,1145675562454,1145675562664,5987,1
5988,1145675580961,1145675580997,1145675581049,5988,1
5989,1145675678616,1145675678649,1145675678839,5989,1
5990,1145675936857,1145675936894,1145675936986,5990,1
5991,1145675948480,1145675948513,1145675948629,5991,1
5992,1145676060587,1145676060619,1145676060672,5992,1
5993,1145676193056,1145676193163,1145676193346,5993,1
5994,1145676303575,1145676303608,1145676303652,5994,1
5995,1145676427905,1145676427937,1145676428058,5995,1
5996,1145677138726,1145677138771,1145677139021,5996,1
5997,1145677150820,1145677150853,1145677150958,5997,1
5998,1145677151632,1145677151664,1145677151706,5998,1
5999,1145677152613,1145677152646,1145677152714,5999,1
6000,1145677153700,1145677153733,1145677153774,6000,1
6001,1145677182012,1145677182045,1145677182210,6001,1
6002,1145677333465,1145677333501,1145677333670,6002,1
6003,1145677435348,1145677435382,1145677435488,6003,1
6004,1145677558367,1145677558400,1145677558452,6004,1
6005,1145677683214,1145677683247,1145677683554,6005,1
6006,1145677802567,1145677802599,1145677802653,6006,1
6007,1145677951786,1145677951819,1145677951911,6007,1
6008,1145678053832,1145678053864,1145678053913,6008,1
6009,1145678177948,1145678177980,1145678178026,6009,1
6010,1145678303850,1145678303882,1145678303987,6010,1
6011,1145678428273,1145678428304,1145678428355,6011,1
6012,1145678553558,1145678553591,1145678553642,6012,1
6013,1145678678371,1145678678404,1145678678454,6013,1
6014,1145678803384,1145678803416,1145678803463,6014,1
6015,1145678927489,1145678927522,1145678927572,6015,1
6016,1145679326799,1145679326844,1145679326940,6016,1
6017,1145679338790,1145679338834,1145679339002,6017,1
6018,1145679339892,1145679339925,1145679339966,6018,1
6019,1145679435762,1145679435795,1145679435973,6019,1
6020,1145679561622,1145679561655,1145679561802,6020,1
6021,1145679682996,1145679683028,1145679683186,6021,1
6022,1145679889232,1145679889268,1145679889362,6022,1
6023,1145679922804,1145679922838,1145679923001,6023,1
6024,1145680061137,1145680061244,1145680061293,6024,1
6025,1145680184626,1145680184660,1145680184847,6025,1
6026,1145680303605,1145680303638,1145680303683,6026,1
6027,1145680428488,1145680428521,1145680428704,6027,1
6028,1145680553524,1145680553557,1145680553608,6028,1
6029,1145680678395,1145680678428,1145680678593,6029,1
6030,1145680803604,1145680803636,1145680803681,6030,1
6031,1145680928351,1145680928383,1145680928549,6031,1
6032,1145681053456,1145681053488,1145681053539,6032,1
6033,1145681178741,1145681178774,1145681178957,6033,1
6034,1145681335854,1145681335886,1145681335934,6034,1
6035,1145681428887,1145681428919,1145681429093,6035,1
6036,1145681553436,1145681553468,1145681553517,6036,1
6037,1145681677540,1145681677573,1145681677674,6037,1
6038,1145681827441,1145681827475,1145681827568,6038,1
6039,1145681942024,1145681942056,1145681942219,6039,1
6040,1145682053583,1145682053616,1145682053663,6040,1
6041,1145682178786,1145682178819,1145682178929,6041,1
6042,1145682303566,1145682303599,1145682303650,6042,1
6043,1145682428407,1145682428439,1145682428546,6043,1
6044,1145682553589,1145682553621,1145682553666,6044,1
6045,1145682678532,1145682678565,1145682678682,6045,1
6046,1145682803268,1145682803301,1145682803348,6046,1
6047,1145682928320,1145682928354,1145682928469,6047,1
6048,1145683053402,1145683053435,1145683053484,6048,1
6049,1145683178662,1145683178694,1145683178741,6049,1
6050,1145683303275,1145683303308,1145683303356,6050,1
6051,1145683427445,1145683427477,1145683427522,6051,1
6052,1145683563471,1145683563503,1145683563592,6052,1
6053,1145683679872,1145683679905,1145683679951,6053,1
6054,1145683805004,1145683805035,1145683805135,6054,1
6055,1145683922293,1145683922325,1145683922376,6055,1
6056,1145684059935,1145684060041,1145684060088,6056,1
6057,1145684178093,1145684178124,1145684178295,6057,1
6058,1145684303349,1145684303381,1145684303430,6058,1
6059,1145684428466,1145684428497,1145684428661,6059,1
6060,1145684553080,1145684553112,1145684553163,6060,1
6061,1145684677088,1145684677120,1145684677169,6061,1
6062,1145684936102,1145684936139,1145684936250,6062,1
6063,1145684947024,1145684947059,1145684947253,6063,1
6064,1145685060531,1145685060562,1145685060614,6064,1
6065,1145685386027,1145685386059,1145685386264,6065,1
6066,1145685396421,1145685396465,1145685396507,6066,1
6067,1145685433089,1145685433121,1145685433389,6067,1
6068,1145685554440,1145685554472,1145685554641,6068,1
6069,1145685685738,1145685685771,1145685685939,6069,1
6070,1145685808988,1145685809020,1145685809072,6070,1
6071,1145685932451,1145685932483,1145685932604,6071,1
6072,1145686056217,1145686056249,1145686056297,6072,1
6073,1145686180632,1145686180664,1145686180786,6073,1
6074,1145686315514,1145686315546,1145686315592,6074,1
6075,1145686430747,1145686430779,1145686430887,6075,1
6076,1145686555389,1145686555420,1145686555469,6076,1
6077,1145686730172,1145686730207,1145686730357,6077,1
6078,1145686805654,1145686805685,1145686805730,6078,1
6079,1145686929460,1145686929491,1145686929589,6079,1
6080,1145687054028,1145687054059,1145687054100,6080,1
6081,1145687178880,1145687178911,1145687179014,6081,1
6082,1145687303635,1145687303666,1145687303708,6082,1
6083,1145687429050,1145687429081,1145687429187,6083,1
6084,1145687553621,1145687553653,1145687553697,6084,1
6085,1145687678613,1145687678644,1145687678756,6085,1
6086,1145687875850,1145687875881,1145687875972,6086,1
6087,1145687923495,1145687923526,1145687923648,6087,1
6088,1145688060946,1145688061053,1145688061101,6088,1
6089,1145688178062,1145688178094,1145688178204,6089,1
6090,1145688334746,1145688334779,1145688334872,6090,1
6091,1145688428116,1145688428147,1145688428265,6091,1
6092,1145688803411,1145688803444,1145688803537,6092,1
6093,1145688814253,1145688814298,1145688814397,6093,1
6094,1145688815049,1145688815081,1145688815122,6094,1
6095,1145688935442,1145688935474,1145688935584,6095,1
6096,1145689067676,1145689067712,1145689067762,6096,1
6097,1145689205012,1145689205046,1145689205156,6097,1
6098,1145689328253,1145689328286,1145689328340,6098,1
6099,1145689429338,1145689429371,1145689429475,6099,1
6100,1145689559047,1145689559080,1145689559131,6100,1
6101,1145689678781,1145689678813,1145689678932,6101,1
6102,1145689802796,1145689802829,1145689803000,6102,1
6103,1145689950405,1145689950438,1145689950609,6103,1
6104,1145690054075,1145690054108,1145690054152,6104,1
6105,1145690178436,1145690178469,1145690178588,6105,1
6106,1145690303479,1145690303511,1145690303561,6106,1
6107,1145690428326,1145690428358,1145690428485,6107,1
6108,1145690553716,1145690553749,1145690553794,6108,1
6109,1145690678566,1145690678599,1145690678708,6109,1
6110,1145690803728,1145690803760,1145690803805,6110,1
6111,1145690928824,1145690928856,1145690928902,6111,1
6112,1145691053405,1145691053438,1145691053488,6112,1
6113,1145691178520,1145691178553,1145691178600,6113,1
6114,1145691303451,1145691303484,1145691303534,6114,1
6115,1145691428795,1145691428827,1145691428875,6115,1
6116,1145691553389,1145691553423,1145691553473,6116,1
6117,1145691678496,1145691678529,1145691678576,6117,1
6118,1145691803477,1145691803510,1145691803561,6118,1
6119,1145691921523,1145691921555,1145691921606,6119,1
6120,1145692078877,1145692078984,1145692079131,6120,1
6121,1145692179171,1145692179205,1145692179383,6121,1
6122,1145692304068,1145692304100,1145692304153,6122,1
6123,1145692428405,1145692428436,1145692428488,6123,1
6124,1145692553487,1145692553520,1145692553571,6124,1
6125,1145692678572,1145692678604,1145692678654,6125,1
6126,1145692803659,1145692803692,1145692803743,6126,1
6127,1145692928418,1145692928450,1145692928501,6127,1
6128,1145693053331,1145693053363,1145693053413,6128,1
6129,1145693178411,1145693178444,1145693178495,6129,1
6130,1145693329408,1145693329441,1145693329489,6130,1
6131,1145693430396,1145693430428,1145693430478,6131,1
6132,1145693554998,1145693555032,1145693555082,6132,1
6133,1145693745210,1145693745246,1145693745493,6133,1
6134,1145693805443,1145693805476,1145693805521,6134,1
6135,1145693929964,1145693929997,1145693930183,6135,1
6136,1145694055111,1145694055145,1145694055190,6136,1
6137,1145694180133,1145694180166,1145694180280,6137,1
6138,1145694305061,1145694305094,1145694305141,6138,1
6139,1145694430083,1145694430115,1145694430300,6139,1
6140,1145694554906,1145694554939,1145694554987,6140,1
6141,1145694679944,1145694679976,1145694680144,6141,1
6142,1145694805126,1145694805158,1145694805203,6142,1
6143,1145694930037,1145694930070,1145694930301,6143,1
6144,1145695055046,1145695055080,1145695055126,6144,1
6145,1145695180085,1145695180118,1145695180163,6145,1
6146,1145695304933,1145695304966,1145695305011,6146,1
6147,1145695430223,1145695430256,1145695430302,6147,1
6148,1145695554996,1145695555027,1145695555074,6148,1
6149,1145695679890,1145695679922,1145695680104,6149,1
6150,1145695805511,1145695805545,1145695805590,6150,1
6151,1145695922603,1145695922636,1145695922832,6151,1
6152,1145696060505,1145696060537,1145696060587,6152,1
6153,1145696178611,1145696178644,1145696178695,6153,1
6154,1145696366469,1145696366504,1145696366676,6154,1
6155,1145696429013,1145696429045,1145696429092,6155,1
6156,1145696553596,1145696553628,1145696553678,6156,1
6157,1145696678645,1145696678678,1145696678728,6157,1
6158,1145696803478,1145696803510,1145696803563,6158,1
6159,1145696928510,1145696928543,1145696928593,6159,1
6160,1145697053380,1145697053413,1145697053464,6160,1
6161,1145697179832,1145697179864,1145697180022,6161,1
6162,1145697342802,1145697342836,1145697342884,6162,1
6163,1145697437251,1145697437283,1145697437447,6163,1
6164,1145697565293,1145697565326,1145697565374,6164,1
6165,1145697678588,1145697678621,1145697678940,6165,1
6166,1145697803517,1145697803549,1145697803597,6166,1
6167,1145697928686,1145697928718,1145697928908,6167,1
6168,1145698054540,1145698054572,1145698054758,6168,1
6169,1145698178386,1145698178419,1145698178465,6169,1
6170,1145698303682,1145698303716,1145698303760,6170,1
6171,1145698428568,1145698428601,1145698428649,6171,1
6172,1145698553549,1145698553582,1145698553633,6172,1
6173,1145698678399,1145698678433,1145698678533,6173,1
6174,1145698803408,1145698803440,1145698803483,6174,1
6175,1145698928409,1145698928441,1145698928544,6175,1
6176,1145699053595,1145699053629,1145699053674,6176,1
6177,1145699178477,1145699178510,1145699178555,6177,1
6178,1145699303457,1145699303490,1145699303536,6178,1
6179,1145699428685,1145699428717,1145699428762,6179,1
6180,1145699553330,1145699553363,1145699553411,6180,1
6181,1145699678516,1145699678548,1145699678594,6181,1
6182,1145699858629,1145699858665,1145699858716,6182,1
6183,1145699972723,1145699972756,1145699972859,6183,1
6184,1145700060758,1145700060790,1145700060840,6184,1
6185,1145700177762,1145700177866,1145700177918,6185,1
6186,1145700310720,1145700310757,1145700310850,6186,1
6187,1145700428810,1145700428843,1145700428951,6187,1
6188,1145700553454,1145700553486,1145700553539,6188,1
6189,1145700678668,1145700678700,1145700678754,6189,1
6190,1145700803631,1145700803664,1145700803712,6190,1
6191,1145700927682,1145700927714,1145700927767,6191,1
6192,1145701098598,1145701098631,1145701098733,6192,1
6193,1145701179433,1145701179466,1145701179514,6193,1
6194,1145701327408,1145701327441,1145701327494,6194,1
6195,1145701428683,1145701428715,1145701428792,6195,1
6196,1145701553230,1145701553261,1145701553306,6196,1
6197,1145701678070,1145701678102,1145701678267,6197,1
6198,1145701803093,1145701803123,1145701803173,6198,1
6199,1145701927919,1145701927951,1145701928001,6199,1
6200,1145702053006,1145702053039,1145702053087,6200,1
6201,1145702178295,1145702178326,1145702178374,6201,1
6202,1145702303284,1145702303314,1145702303424,6202,1
6203,1145702428115,1145702428146,1145702428242,6203,1
6204,1145702553133,1145702553166,1145702553209,6204,1
6205,1145702677985,1145702678016,1145702678133,6205,1
6206,1145702803037,1145702803069,1145702803114,6206,1
6207,1145702927985,1145702928016,1145702928128,6207,1
6208,1145703053005,1145703053036,1145703053080,6208,1
6209,1145703178310,1145703178341,1145703178455,6209,1
6210,1145703303206,1145703303238,1145703303283,6210,1
6211,1145703708678,1145703708715,1145703708948,6211,1
6212,1145703719800,1145703719832,1145703719874,6212,1
6213,1145703720541,1145703720573,1145703720618,6213,1
6214,1145703805796,1145703805828,1145703805881,6214,1
6215,1145703922227,1145703922258,1145703922432,6215,1
6216,1145704119924,1145704119961,1145704120051,6216,1
6217,1145704178667,1145704178767,1145704178926,6217,1
6218,1145704303575,1145704303607,1145704303657,6218,1
6219,1145704428463,1145704428497,1145704428541,6219,1
6220,1145704553433,1145704553465,1145704553567,6220,1
6221,1145704678619,1145704678652,1145704678700,6221,1
6222,1145704803551,1145704803583,1145704803629,6222,1
6223,1145704928614,1145704928647,1145704928833,6223,1
6224,1145705053596,1145705053629,1145705053675,6224,1
6225,1145705178356,1145705178388,1145705178454,6225,1
6226,1145705321615,1145705321651,1145705321698,6226,1
6227,1145705428839,1145705428873,1145705428918,6227,1
6228,1145705553250,1145705553283,1145705553329,6228,1
6229,1145705678431,1145705678464,1145705678510,6229,1
6230,1145705802434,1145705802468,1145705802509,6230,1
6231,1145705942930,1145705942966,1145705943080,6231,1
6232,1145706053765,1145706053798,1145706053848,6232,1
6233,1145706178539,1145706178572,1145706178734,6233,1
6234,1145706303696,1145706303728,1145706303782,6234,1
6235,1145706429182,1145706429214,1145706429374,6235,1
6236,1145706554026,1145706554059,1145706554112,6236,1
6237,1145706678670,1145706678702,1145706678755,6237,1
6238,1145706803688,1145706803721,1145706803774,6238,1
6239,1145706928717,1145706928751,1145706928800,6239,1
6240,1145707052508,1145707052541,1145707052595,6240,1
6241,1145707204441,1145707204472,1145707204565,6241,1
6242,1145707303733,1145707303767,1145707303810,6242,1
6243,1145707428205,1145707428237,1145707428284,6243,1
6244,1145707562026,1145707562058,1145707562151,6244,1
6245,1145707678600,1145707678632,1145707678678,6245,1
6246,1145707802332,1145707802364,1145707802415,6246,1
6247,1145707930048,1145707930082,1145707930184,6247,1
6248,1145708060029,1145708060138,1145708060187,6248,1
6249,1145708178484,1145708178517,1145708178569,6249,1
6250,1145708303307,1145708303340,1145708303392,6250,1
6251,1145708428661,1145708428693,1145708428743,6251,1
6252,1145708553488,1145708553520,1145708553566,6252,1
6253,1145708678323,1145708678354,1145708678468,6253,1
6254,1145708803730,1145708803762,1145708803870,6254,1
6255,1145708928543,1145708928575,1145708928902,6255,1
6256,1145709053386,1145709053419,1145709053468,6256,1
6257,1145709178573,1145709178606,1145709178795,6257,1
6258,1145709322016,1145709322049,1145709322099,6258,1
6259,1145709428879,1145709428912,1145709429098,6259,1
6260,1145709553553,1145709553586,1145709553631,6260,1
6261,1145709678337,1145709678369,1145709678729,6261,1
6262,1145709803446,1145709803478,1145709803530,6262,1
6263,1145709928408,1145709928441,1145709928682,6263,1
6264,1145710053449,1145710053482,1145710053527,6264,1
6265,1145710177591,1145710177622,1145710177814,6265,1
6266,1145710351585,1145710351618,1145710351711,6266,1
6267,1145710428928,1145710428960,1145710429127,6267,1
6268,1145710554744,1145710554777,1145710554934,6268,1
6269,1145710678610,1145710678643,1145710678767,6269,1
6270,1145710803626,1145710803659,1145710803705,6270,1
6271,1145710928487,1145710928521,1145710928571,6271,1
6272,1145711053520,1145711053553,1145711053604,6272,1
6273,1145711178406,1145711178439,1145711178489,6273,1
6274,1145711303370,1145711303402,1145711303449,6274,1
6275,1145711427613,1145711427646,1145711427695,6275,1
6276,1145711561047,1145711561080,1145711561173,6276,1
6277,1145711678643,1145711678675,1145711678726,6277,1
6278,1145711846149,1145711846182,1145711846275,6278,1
6279,1145711922762,1145711922794,1145711922842,6279,1
6280,1145712060384,1145712060416,1145712060465,6280,1
6281,1145712178625,1145712178729,1145712178775,6281,1
6282,1145712303545,1145712303579,1145712303625,6282,1
6283,1145712427616,1145712427648,1145712427695,6283,1
6284,1145712627476,1145712627509,1145712627601,6284,1
6285,1145712679163,1145712679195,1145712679245,6285,1
6286,1145712803522,1145712803556,1145712803608,6286,1
6287,1145712928911,1145712928943,1145712929045,6287,1
6288,1145713053840,1145713053873,1145713053922,6288,1
6289,1145713178402,1145713178437,1145713178488,6289,1
6290,1145713399705,1145713399742,1145713399835,6290,1
6291,1145713435244,1145713435276,1145713435467,6291,1
6292,1145713553912,1145713553945,1145713553989,6292,1
6293,1145713678253,1145713678285,1145713678446,6293,1
6294,1145713830809,1145713830841,1145713830936,6294,1
6295,1145713928861,1145713928894,1145713929052,6295,1
6296,1145714053539,1145714053572,1145714053621,6296,1
6297,1145714215411,1145714215446,1145714215675,6297,1
6298,1145714304007,1145714304040,1145714304095,6298,1
6299,1145714428593,1145714428625,1145714428838,6299,1
6300,1145714553495,1145714553527,1145714553576,6300,1
6301,1145714678810,1145714678842,1145714679005,6301,1
6302,1145714810517,1145714810550,1145714810714,6302,1
6303,1145714936151,1145714936187,1145714936348,6303,1
6304,1145715053519,1145715053552,1145715053594,6304,1
6305,1145715178562,1145715178595,1145715178715,6305,1
6306,1145715303590,1145715303623,1145715303673,6306,1
6307,1145715428385,1145715428418,1145715428537,6307,1
6308,1145715553473,1145715553506,1145715553551,6308,1
6309,1145715680121,1145715680153,1145715680259,6309,1
6310,1145715893577,1145715893610,1145715893703,6310,1
6311,1145715924107,1145715924139,1145715924249,6311,1
6312,1145716060817,1145716060850,1145716060897,6312,1
6313,1145716178783,1145716178888,1145716178991,6313,1
6314,1145716303466,1145716303499,1145716303553,6314,1
6315,1145716428496,1145716428529,1145716428642,6315,1
6316,1145716553664,1145716553697,1145716553745,6316,1
6317,1145716678620,1145716678653,1145716678768,6317,1
6318,1145716803679,1145716803712,1145716803763,6318,1
6319,1145716928430,1145716928463,1145716928576,6319,1
6320,1145717053606,1145717053638,1145717053745,6320,1
6321,1145717177568,1145717177602,1145717177655,6321,1
6322,1145717321631,1145717321666,1145717321780,6322,1
6323,1145717428573,1145717428606,1145717428652,6323,1
6324,1145717553591,1145717553624,1145717553670,6324,1
6325,1145717678498,1145717678530,1145717678722,6325,1
6326,1145717803734,1145717803766,1145717803812,6326,1
6327,1145717928613,1145717928646,1145717928767,6327,1
6328,1145718132859,1145718132892,1145718132985,6328,1
6329,1145718177819,1145718177851,1145718177932,6329,1
6330,1145718327466,1145718327499,1145718327592,6330,1
6331,1145718428713,1145718428746,1145718428868,6331,1
6332,1145718553490,1145718553523,1145718553574,6332,1
6333,1145718678573,1145718678605,1145718678806,6333,1
6334,1145718803346,1145718803378,1145718803430,6334,1
6335,1145718928734,1145718928767,1145718928931,6335,1
6336,1145719053632,1145719053664,1145719053716,6336,1
6337,1145719178446,1145719178479,1145719178531,6337,1
6338,1145719303501,1145719303534,1145719303584,6338,1
6339,1145719428715,1145719428746,1145719428800,6339,1
6340,1145719553522,1145719553556,1145719553609,6340,1
6341,1145719678459,1145719678492,1145719678606,6341,1
6342,1145719802693,1145719802725,1145719802779,6342,1
6343,1145719930757,1145719930791,1145719930961,6343,1
6344,1145720059717,1145720059749,1145720059802,6344,1
6345,1145720178486,1145720178590,1145720178707,6345,1
6346,1145720303468,1145720303501,1145720303549,6346,1
6347,1145720428465,1145720428499,1145720428624,6347,1
6348,1145720553435,1145720553468,1145720553518,6348,1
6349,1145720678642,1145720678674,1145720678784,6349,1
6350,1145720803755,1145720803788,1145720803838,6350,1
6351,1145720928540,1145720928573,1145720928677,6351,1
6352,1145721053581,1145721053614,1145721053667,6352,1
6353,1145721178353,1145721178385,1145721178493,6353,1
6354,1145721317836,1145721317869,1145721317971,6354,1
6355,1145721427680,1145721427712,1145721427761,6355,1
6356,1145721561836,1145721561871,1145721561964,6356,1
6357,1145721680294,1145721680327,1145721680378,6357,1
6358,1145721805100,1145721805133,1145721805176,6358,1
6359,1145721930272,1145721930305,1145721930427,6359,1
6360,1145722055364,1145722055396,1145722055446,6360,1
6361,1145722180126,1145722180158,1145722180265,6361,1
6362,1145722305110,1145722305143,1145722305194,6362,1
6363,1145722430110,1145722430142,1145722430327,6363,1
6364,1145722555306,1145722555339,1145722555385,6364,1
6365,1145722680225,1145722680257,1145722680422,6365,1
6366,1145722804980,1145722805013,1145722805064,6366,1
6367,1145722930342,1145722930378,1145722930533,6367,1
6368,1145723055229,1145723055261,1145723055420,6368,1
6369,1145723180535,1145723180568,1145723180610,6369,1
6370,1145723305089,1145723305125,1145723305167,6370,1
6371,1145723430373,1145723430405,1145723430448,6371,1
6372,1145723555278,1145723555310,1145723555354,6372,1
6373,1145723680208,1145723680239,1145723680284,6373,1
6374,1145723805548,1145723805580,1145723805630,6374,1
6375,1145723922503,1145723922536,1145723922588,6375,1
6376,1145724059967,1145724059998,1145724060052,6376,1
6377,1145724178661,1145724178765,1145724178888,6377,1
6378,1145724303903,1145724303936,1145724303982,6378,1
6379,1145724428525,1145724428557,1145724428669,6379,1
6380,1145724553634,1145724553666,1145724553717,6380,1
6381,1145724678390,1145724678423,1145724678530,6381,1
6382,1145724853352,1145724853387,1145724853435,6382,1
6383,1145724928884,1145724928917,1145724929018,6383,1
6384,1145725053554,1145725053586,1145725053631,6384,1
6385,1145725178695,1145725178727,1145725178832,6385,1
6386,1145725327729,1145725327763,1145725327815,6386,1
6387,1145725430254,1145725430287,1145725430452,6387,1
6388,1145725554968,1145725555000,1145725555050,6388,1
6389,1145725680230,1145725680262,1145725680608,6389,1
6390,1145725991722,1145725991757,1145725991862,6390,1
6391,1145726002020,1145726002065,1145726002253,6391,1
6392,1145726060118,1145726060151,1145726060204,6392,1
6393,1145726250505,1145726250537,1145726250651,6393,1
6394,1145726305306,1145726305339,1145726305390,6394,1
6395,1145726435799,1145726435832,1145726436012,6395,1
6396,1145726561623,1145726561657,1145726561710,6396,1
6397,1145726683509,1145726683541,1145726683734,6397,1
6398,1145726808399,1145726808431,1145726808481,6398,1
6399,1145726932834,1145726932867,1145726932916,6399,1
6400,1145727057467,1145727057500,1145727057545,6400,1
6401,1145727182719,1145727182751,1145727182931,6401,1
6402,1145727307443,1145727307475,1145727307579,6402,1
6403,1145727431738,1145727431771,1145727431891,6403,1
6404,1145727556839,1145727556872,1145727556917,6404,1
6405,1145727681620,1145727681653,1145727681699,6405,1
6406,1145727866977,1145727867010,1145727867058,6406,1
6407,1145727923889,1145727923922,1145727923978,6407,1
6408,1145728061091,1145728061195,1145728061243,6408,1
6409,1145728179020,1145728179053,1145728179098,6409,1
6410,1145728304405,1145728304439,1145728304485,6410,1
6411,1145728428773,1145728428807,1145728428853,6411,1
6412,1145728553775,1145728553807,1145728553852,6412,1
6413,1145728679019,1145728679051,1145728679097,6413,1
6414,1145728803975,1145728804009,1145728804055,6414,1
6415,1145728928492,1145728928524,1145728928693,6415,1
6416,1145729053749,1145729053782,1145729053827,6416,1
6417,1145729178552,1145729178584,1145729178763,6417,1
6418,1145729331757,1145729331792,1145729331840,6418,1
6419,1145729430727,1145729430760,1145729430807,6419,1
6420,1145729555590,1145729555623,1145729555728,6420,1
6421,1145729680307,1145729680343,1145729680393,6421,1
6422,1145729805069,1145729805101,1145729805152,6422,1
6423,1145729930224,1145729930257,1145729930420,6423,1
6424,1145730055158,1145730055189,1145730055233,6424,1
6425,1145730180380,1145730180413,1145730180593,6425,1
6426,1145730305222,1145730305254,1145730305306,6426,1
6427,1145730430420,1145730430452,1145730430630,6427,1
6428,1145730555245,1145730555278,1145730555321,6428,1
6429,1145730680185,1145730680217,1145730680270,6429,1
6430,1145730805233,1145730805266,1145730805316,6430,1
6431,1145730930164,1145730930197,1145730930247,6431,1
6432,1145731055233,1145731055267,1145731055313,6432,1
6433,1145731180213,1145731180245,1145731180296,6433,1
6434,1145731305313,1145731305345,1145731305396,6434,1
6435,1145731430292,1145731430324,1145731430499,6435,1
6436,1145731555590,1145731555622,1145731555665,6436,1
6437,1145731680577,1145731680610,1145731680713,6437,1
6438,1145731805277,1145731805309,1145731805355,6438,1
6439,1145731923001,1145731923034,1145731923090,6439,1
6440,1145732059799,1145732059831,1145732059880,6440,1
6441,1145732178528,1145732178632,1145732178675,6441,1
6442,1145732303672,1145732303705,1145732303749,6442,1
6443,1145732427763,1145732427796,1145732427846,6443,1
6444,1145732563390,1145732563430,1145732563538,6444,1
6445,1145732691448,1145732691481,1145732691527,6445,1
6446,1145732806624,1145732806656,1145732806701,6446,1
6447,1145732928361,1145732928394,1145732928445,6447,1
6448,1145733053432,1145733053466,1145733053511,6448,1
6449,1145733178447,1145733178479,1145733178526,6449,1
6450,1145733333141,1145733333179,1145733333228,6450,1
6451,1145733428613,1145733428645,1145733428696,6451,1
6452,1145733553981,1145733554014,1145733554064,6452,1
6453,1145733678636,1145733678668,1145733678860,6453,1
6454,1145733803646,1145733803679,1145733803784,6454,1
6455,1145733927659,1145733927691,1145733927808,6455,1
6456,1145734088312,1145734088344,1145734088437,6456,1
6457,1145734180013,1145734180046,1145734180092,6457,1
6458,1145734305108,1145734305142,1145734305191,6458,1
6459,1145734429924,1145734429956,1145734430003,6459,1
6460,1145734554965,1145734554998,1145734555043,6460,1
6461,1145734680057,1145734680089,1145734680288,6461,1
6462,1145734804656,1145734804688,1145734804730,6462,1
6463,1145734929613,1145734929646,1145734929833,6463,1
6464,1145735054676,1145735054709,1145735054755,6464,1
6465,1145735179659,1145735179692,1145735179940,6465,1
6466,1145735304613,1145735304645,1145735304696,6466,1
6467,1145735429630,1145735429662,1145735429716,6467,1
6468,1145735554592,1145735554626,1145735554676,6468,1
6469,1145735680159,1145735680192,1145735680241,6469,1
6470,1145735804887,1145735804919,1145735804964,6470,1
6471,1145735923192,1145735923225,1145735923392,6471,1
6472,1145736180787,1145736180897,1145736180981,6472,1
6473,1145736199929,1145736199962,1145736200077,6473,1
6474,1145736304069,1145736304102,1145736304148,6474,1
6475,1145736428750,1145736428783,1145736428900,6475,1
6476,1145736553694,1145736553726,1145736553771,6476,1
6477,1145736678669,1145736678700,1145736678800,6477,1
6478,1145736803718,1145736803752,1145736803795,6478,1
6479,1145736928460,1145736928493,1145736928604,6479,1
6480,1145737053399,1145737053430,1145737053481,6480,1
6481,1145737178604,1145737178637,1145737178734,6481,1
6482,1145737322631,1145737322667,1145737322716,6482,1
6483,1145737444888,1145737444921,1145737444971,6483,1
6484,1145737555729,1145737555763,1145737555807,6484,1
6485,1145737682349,1145737682381,1145737682430,6485,1
6486,1145737805311,1145737805343,1145737805387,6486,1
6487,1145737931126,1145737931160,1145737931271,6487,1
6488,1145738055170,1145738055202,1145738055255,6488,1
6489,1145738180096,1145738180129,1145738180174,6489,1
6490,1145738305009,1145738305042,1145738305089,6490,1
6491,1145738430251,1145738430283,1145738430469,6491,1
6492,1145738555193,1145738555226,1145738555275,6492,1
6493,1145738680276,1145738680307,1145738680467,6493,1
6494,1145738805521,1145738805554,1145738805604,6494,1
6495,1145738930270,1145738930302,1145738930461,6495,1
6496,1145739055327,1145739055359,1145739055410,6496,1
6497,1145739180038,1145739180070,1145739180241,6497,1
6498,1145739305393,1145739305426,1145739305478,6498,1
6499,1145739864012,1145739864096,1145739864370,6499,1
6500,1145739876715,1145739876751,1145739876793,6500,1
6501,1145739877615,1145739877648,1145739877840,6501,1
6502,1145739878284,1145739878315,1145739878357,6502,1
6503,1145740151047,1145740151090,1145740151341,6503,1
6504,1145740153106,1145740153150,1145740153197,6504,1
6505,1145740192340,1145740192373,1145740192548,6505,1
6506,1145740309720,1145740309753,1145740309807,6506,1
6507,1145740433678,1145740433712,1145740433892,6507,1
6508,1145740557828,1145740557861,1145740557914,6508,1
6509,1145740811255,1145740811360,1145740811531,6509,1
6510,1145740812639,1145740812683,1145740812725,6510,1
6511,1145740929578,1145740929611,1145740929721,6511,1
6512,1145741053888,1145741053921,1145741053975,6512,1
6513,1145741178623,1145741178656,1145741178734,6513,1
6514,1145742238036,1145742238092,1145742238452,6514,1
6515,1145742250968,1145742251013,1145742251114,6515,1
6516,1145742251713,1145742251745,1145742251786,6516,1
6517,1145742252503,1145742252535,1145742252687,6517,1
6518,1145742253251,1145742253283,1145742253325,6518,1
6519,1145742253858,1145742253891,1145742254071,6519,1
6520,1145742254728,1145742254761,1145742254803,6520,1
6521,1145742255173,1145742255205,1145742255386,6521,1
6522,1145742312308,1145742312345,1145742312399,6522,1
6523,1145742435211,1145742435243,1145742435404,6523,1
6524,1145742557948,1145742557981,1145742558031,6524,1
6525,1145742686997,1145742687031,1145742687214,6525,1
6526,1145742810978,1145742811011,1145742811065,6526,1
6527,1145742932038,1145742932072,1145742932251,6527,1
6528,1145743056721,1145743056753,1145743056803,6528,1
6529,1145743181402,1145743181435,1145743181593,6529,1
6530,1145743305478,1145743305510,1145743305560,6530,1
6531,1145743430023,1145743430055,1145743430216,6531,1
6532,1145743554957,1145743554990,1145743555056,6532,1
6533,1145743679987,1145743680020,1145743680197,6533,1
6534,1145743805114,1145743805147,1145743805197,6534,1
6535,1145744052980,1145744053012,1145744053238,6535,1
6536,1145744068984,1145744069017,1145744069062,6536,1
6537,1145744179369,1145744179402,1145744179596,6537,1
6538,1145744303617,1145744303650,1145744303700,6538,1
6539,1145744428650,1145744428683,1145744428909,6539,1
6540,1145744553567,1145744553601,1145744553647,6540,1
6541,1145744678510,1145744678542,1145744678715,6541,1
6542,1145744803283,1145744803316,1145744803367,6542,1
6543,1145744928317,1145744928350,1145744928525,6543,1
6544,1145745053320,1145745053354,1145745053399,6544,1
6545,1145745178596,1145745178628,1145745178675,6545,1
6546,1145745331503,1145745331542,1145745331596,6546,1
6547,1145745429041,1145745429076,1145745429122,6547,1
6548,1145745553603,1145745553640,1145745553685,6548,1
6549,1145745678539,1145745678576,1145745678744,6549,1
6550,1145745803526,1145745803559,1145745803610,6550,1
6551,1145745928563,1145745928596,1145745928712,6551,1
6552,1145746053812,1145746053846,1145746053895,6552,1
6553,1145746179027,1145746179059,1145746179269,6553,1
6554,1145746304266,1145746304300,1145746304411,6554,1
6555,1145746428541,1145746428574,1145746428689,6555,1
6556,1145746553659,1145746553692,1145746553743,6556,1
6557,1145746678632,1145746678665,1145746678842,6557,1
6558,1145746803472,1145746803505,1145746803558,6558,1
6559,1145746928567,1145746928599,1145746928650,6559,1
6560,1145747053397,1145747053431,1145747053475,6560,1
6561,1145747178690,1145747178722,1145747178775,6561,1
6562,1145747303294,1145747303327,1145747303377,6562,1
6563,1145747428514,1145747428547,1145747428598,6563,1
6564,1145747553533,1145747553565,1145747553618,6564,1
6565,1145747677817,1145747677849,1145747677901,6565,1
6566,1145747883143,1145747883176,1145747883270,6566,1
6567,1145747991823,1145747991854,1145747991958,6567,1
6568,1145748076696,1145748076799,1145748076970,6568,1
6569,1145748178624,1145748178656,1145748178770,6569,1
6570,1145748310388,1145748310421,1145748310468,6570,1
6571,1145748428712,1145748428744,1145748428863,6571,1
6572,1145748553574,1145748553607,1145748553657,6572,1
6573,1145748678536,1145748678568,1145748678676,6573,1
6574,1145748803689,1145748803723,1145748803774,6574,1
6575,1145748928460,1145748928493,1145748928603,6575,1
6576,1145749053351,1145749053384,1145749053431,6576,1
6577,1145749177592,1145749177624,1145749177726,6577,1
6578,1145749323570,1145749323602,1145749323716,6578,1
6579,1145749428859,1145749428892,1145749428993,6579,1
6580,1145749553569,1145749553602,1145749553648,6580,1
6581,1145749678062,1145749678095,1145749678192,6581,1
6582,1145749803236,1145749803269,1145749803319,6582,1
6583,1145749928090,1145749928123,1145749928173,6583,1
6584,1145750052161,1145750052194,1145750052243,6584,1
6585,1145750261907,1145750261940,1145750262152,6585,1
6586,1145750303322,1145750303355,1145750303404,6586,1
6587,1145750428486,1145750428518,1145750428581,6587,1
6588,1145750553140,1145750553173,1145750553221,6588,1
6589,1145750678135,1145750678167,1145750678221,6589,1
6590,1145750803129,1145750803161,1145750803212,6590,1
6591,1145750928091,1145750928124,1145750928310,6591,1
6592,1145751052989,1145751053022,1145751053075,6592,1
6593,1145751178208,1145751178241,1145751178408,6593,1
6594,1145751303274,1145751303306,1145751303359,6594,1
6595,1145751428242,1145751428275,1145751428324,6595,1
6596,1145751552954,1145751552987,1145751553041,6596,1
6597,1145751678072,1145751678105,1145751678159,6597,1
6598,1145751803077,1145751803110,1145751803163,6598,1
6599,1145752032618,1145752032651,1145752048225,6599,1
6600,1145752056232,1145752056265,1145752056315,6600,1
6601,1145752214528,1145752214561,1145752214657,6601,1
6602,1145752310231,1145752310263,1145752310355,6602,1
6603,1145752428478,1145752428510,1145752428555,6603,1
6604,1145752553409,1145752553442,1145752553492,6604,1
6605,1145752683597,1145752683636,1145752683697,6605,1
6606,1145752803774,1145752803807,1145752803857,6606,1
6607,1145752928154,1145752928187,1145752928236,6607,1
6608,1145753053093,1145753053126,1145753053175,6608,1
6609,1145753414081,1145753414119,1145753414219,6609,1
6610,1145753424237,1145753424270,1145753424319,6610,1
6611,1145753424942,1145753424992,1145753425310,6611,1
6612,1145753589930,1145753589966,1145753590110,6612,1
6613,1145753678725,1145753678762,1145753679120,6613,1
6614,1145753803504,1145753803538,1145753803638,6614,1
6615,1145753928449,1145753928482,1145753928650,6615,1
6616,1145754053479,1145754053512,1145754053558,6616,1
6617,1145754178338,1145754178370,1145754178566,6617,1
6618,1145754303371,1145754303404,1145754303451,6618,1
6619,1145754428414,1145754428450,1145754428656,6619,1
6620,1145754552783,1145754552818,1145754552864,6620,1
6621,1145754686240,1145754686276,1145754686499,6621,1
6622,1145754803689,1145754803720,1145754803773,6622,1
6623,1145754928407,1145754928440,1145754928616,6623,1
6624,1145755053617,1145755053650,1145755053699,6624,1
6625,1145755178603,1145755178635,1145755178680,6625,1
6626,1145755303399,1145755303431,1145755303481,6626,1
6627,1145755427448,1145755427481,1145755427532,6627,1
6628,1145755554097,1145755554133,1145755554352,6628,1
6629,1145755755931,1145755755967,1145755756141,6629,1
6630,1145755805911,1145755805943,1145755805989,6630,1
6631,1145756075708,1145756075816,1145756075971,6631,1
6632,1145756098719,1145756098763,1145756098806,6632,1
6633,1145756179277,1145756179310,1145756179413,6633,1
6634,1145756303534,1145756303566,1145756303611,6634,1
6635,1145756428485,1145756428517,1145756428625,6635,1
6636,1145756553385,1145756553418,1145756553464,6636,1
6637,1145756678952,1145756678985,1145756679099,6637,1
6638,1145756803943,1145756803976,1145756804023,6638,1
6639,1145756928636,1145756928669,1145756928777,6639,1
6640,1145757053387,1145757053420,1145757053465,6640,1
6641,1145757178729,1145757178761,1145757178874,6641,1
6642,1145757540573,1145757540631,1145757540843,6642,1
6643,1145757568123,1145757568155,1145757568284,6643,1
6644,1145757569231,1145757569276,1145757569318,6644,1
6645,1145757698243,1145757698276,1145757698527,6645,1
6646,1145757826485,1145757826518,1145757826567,6646,1
6647,1145757967098,1145757967130,1145757967311,6647,1
6648,1145758053441,1145758053474,1145758053521,6648,1
6649,1145758178452,1145758178485,1145758178658,6649,1
6650,1145758303522,1145758303554,1145758303601,6650,1
6651,1145758428472,1145758428505,1145758428665,6651,1
6652,1145758553643,1145758553675,1145758553720,6652,1
6653,1145758678537,1145758678570,1145758678846,6653,1
6654,1145758803852,1145758803884,1145758803993,6654,1
6655,1145758928523,1145758928557,1145758928745,6655,1
6656,1145759053551,1145759053583,1145759053633,6656,1
6657,1145759178531,1145759178564,1145759178729,6657,1
6658,1145759303604,1145759303636,1145759303686,6658,1
6659,1145759427620,1145759427652,1145759427824,6659,1
6660,1145759569573,1145759569607,1145759569700,6660,1
6661,1145759678403,1145759678436,1145759678607,6661,1
6662,1145759803672,1145759803704,1145759803753,6662,1
6663,1145759992096,1145759992128,1145759992354,6663,1
6664,1145760054085,1145760054189,1145760054233,6664,1
6665,1145760249498,1145760249531,1145760249791,6665,1
6666,1145760303434,1145760303466,1145760303517,6666,1
6667,1145760428338,1145760428371,1145760428560,6667,1
6668,1145760553298,1145760553330,1145760553496,6668,1
6669,1145760678520,1145760678553,1145760678664,6669,1
6670,1145760803371,1145760803404,1145760803447,6670,1
6671,1145760928545,1145760928577,1145760928620,6671,1
6672,1145761053559,1145761053592,1145761053637,6672,1
6673,1145761177721,1145761177754,1145761177800,6673,1
6674,1145761327547,1145761327580,1145761327696,6674,1
6675,1145761429151,1145761429183,1145761429263,6675,1
6676,1145761553666,1145761553699,1145761553749,6676,1
6677,1145761678501,1145761678533,1145761678700,6677,1
6678,1145761803578,1145761803611,1145761803661,6678,1
6679,1145761928689,1145761928721,1145761928894,6679,1
6680,1145762053595,1145762053627,1145762053677,6680,1
6681,1145762178746,1145762178779,1145762178861,6681,1
6682,1145762302592,1145762302625,1145762302675,6682,1
6683,1145762435751,1145762435784,1145762435905,6683,1
6684,1145762553657,1145762553690,1145762553736,6684,1
6685,1145762678565,1145762678598,1145762678705,6685,1
6686,1145762803340,1145762803373,1145762803416,6686,1
6687,1145762928815,1145762928848,1145762929015,6687,1
6688,1145763053471,1145763053505,1145763053549,6688,1
6689,1145763177558,1145763177592,1145763177710,6689,1
6690,1145763341395,1145763341428,1145763341524,6690,1
6691,1145763427920,1145763427953,1145763428074,6691,1
6692,1145763562866,1145763562900,1145763562993,6692,1
6693,1145763680143,1145763680219,1145763680294,6693,1
6694,1145763813006,1145763813038,1145763813092,6694,1
6695,1145764151275,1145764151311,1145764151572,6695,1
6696,1145764182730,1145764182834,1145764182882,6696,1
6697,1145764191631,1145764191665,1145764191826,6697,1
6698,1145764304182,1145764304214,1145764304261,6698,1
6699,1145764427621,1145764427654,1145764427850,6699,1
6700,1145764719363,1145764719395,1145764719599,6700,1
6701,1145764730453,1145764730489,1145764730602,6701,1
6702,1145764810854,1145764810888,1145764810935,6702,1
6703,1145764934134,1145764934166,1145764934279,6703,1
6704,1145765058803,1145765058837,1145765058889,6704,1
6705,1145765183478,1145765183511,1145765183627,6705,1
6706,1145765329360,1145765329393,1145765329444,6706,1
6707,1145765428787,1145765428819,1145765428943,6707,1
6708,1145765651629,1145765651665,1145765651759,6708,1
6709,1145765686889,1145765686922,1145765687030,6709,1
6710,1145765803991,1145765804024,1145765804075,6710,1
6711,1145765927640,1145765927672,1145765927782,6711,1
6712,1145766087290,1145766087322,1145766087417,6712,1
6713,1145766178699,1145766178732,1145766178852,6713,1
6714,1145766303465,1145766303498,1145766303543,6714,1
6715,1145766428476,1145766428509,1145766428628,6715,1
6716,1145766553121,1145766553152,1145766553197,6716,1
6717,1145766678397,1145766678429,1145766678488,6717,1
6718,1145766803512,1145766803545,1145766803591,6718,1
6719,1145766928526,1145766928560,1145766928621,6719,1
6720,1145767053707,1145767053740,1145767053841,6720,1
6721,1145767186720,1145767186752,1145767186817,6721,1
6722,1145767303796,1145767303829,1145767303875,6722,1
6723,1145767428471,1145767428503,1145767428564,6723,1
6724,1145767553395,1145767553428,1145767553478,6724,1
6725,1145767678684,1145767678717,1145767678889,6725,1
6726,1145767803650,1145767803683,1145767803734,6726,1
6727,1145768027996,1145768028029,1145768028122,6727,1
6728,1145768059568,1145768059599,1145768059645,6728,1
6729,1145768184951,1145768184984,1145768185093,6729,1
6730,1145768302937,1145768302969,1145768303020,6730,1
6731,1145768453634,1145768453666,1145768453795,6731,1
6732,1145768552597,1145768552628,1145768552672,6732,1
6733,1145768679054,1145768679087,1145768679320,6733,1
6734,1145768803438,1145768803470,1145768803523,6734,1
6735,1145768928230,1145768928262,1145768928429,6735,1
6736,1145769053377,1145769053409,1145769053452,6736,1
6737,1145769178524,1145769178556,1145769178661,6737,1
6738,1145769323499,1145769323532,1145769323582,6738,1
6739,1145769427889,1145769427922,1145769428022,6739,1
6740,1145769561332,1145769561369,1145769561463,6740,1
6741,1145769678911,1145769678943,1145769679062,6741,1
6742,1145769802519,1145769802552,1145769802599,6742,1
6743,1145769941116,1145769941151,1145769941324,6743,1
6744,1145770053765,1145770053798,1145770053845,6744,1
6745,1145770186601,1145770186633,1145770186759,6745,1
6746,1145771639207,1145771639275,1145771639567,6746,1
6747,1145771652928,1145771652962,1145771653178,6747,1
6748,1145771653777,1145771653816,1145771653857,6748,1
6749,1145771654382,1145771654421,1145771654617,6749,1
6750,1145771655449,1145771655488,1145771655529,6750,1
6751,1145771656015,1145771656054,1145771656131,6751,1
6752,1145771656586,1145771656619,1145771656660,6752,1
6753,1145771657066,1145771657099,1145771657400,6753,1
6754,1145771675166,1145771675201,1145771675242,6754,1
6755,1145771675874,1145771675907,1145771675980,6755,1
6756,1145771676462,1145771676494,1145771676536,6756,1
6757,1145771684445,1145771684477,1145771684545,6757,1
6758,1145771924424,1145771924461,1145771924561,6758,1
6759,1145772046325,1145772046360,1145772046546,6759,1
6760,1145772055957,1145772055990,1145772056034,6760,1
6761,1145772186318,1145772186351,1145772186523,6761,1
6762,1145772320961,1145772321062,1145772321110,6762,1
6763,1145772432699,1145772432732,1145772432803,6763,1
6764,1145772561003,1145772561038,1145772561085,6764,1
6765,1145772684977,1145772685010,1145772685199,6765,1
6766,1145772807726,1145772807759,1145772807856,6766,1
6767,1145772931514,1145772931547,1145772931614,6767,1
6768,1145773055869,1145773055902,1145773055947,6768,1
6769,1145773180798,1145773180831,1145773181000,6769,1
6770,1145773337333,1145773337366,1145773337417,6770,1
6771,1145773430582,1145773430615,1145773430675,6771,1
6772,1145773555069,1145773555102,1145773555264,6772,1
6773,1145773679639,1145773679671,1145773679908,6773,1
6774,1145773804525,1145773804557,1145773804607,6774,1
6775,1145773929494,1145773929526,1145773929648,6775,1
6776,1145774053114,1145774053146,1145774053194,6776,1
6777,1145774183762,1145774183795,1145774184009,6777,1
6778,1145774303939,1145774303972,1145774304019,6778,1
6779,1145777429992,1145777430125,1145777430514,6779,1
6780,1145777445049,1145777445083,1145777445129,6780,1
6781,1145777445779,1145777445811,1145777445916,6781,1
6782,1145777446638,1145777446676,1145777446718,6782,1
6783,1145777447356,1145777447395,1145777447613,6783,1
6784,1145777448243,1145777448275,1145777448317,6784,1
6785,1145777448814,1145777448847,1145777449017,6785,1
6786,1145777449463,1145777449501,1145777449543,6786,1
6787,1145777450009,1145777450043,1145777450195,6787,1
6788,1145777450634,1145777450667,1145777450709,6788,1
6789,1145777451211,1145777451245,1145777451420,6789,1
6790,1145777451885,1145777451918,1145777451960,6790,1
6791,1145777452436,1145777452469,1145777452640,6791,1
6792,1145777453059,1145777453091,1145777453133,6792,1
6793,1145777453652,1145777453684,1145777453868,6793,1
6794,1145777454326,1145777454358,1145777454399,6794,1
6795,1145777454861,1145777454894,1145777455108,6795,1
6796,1145777455625,1145777455658,1145777455699,6796,1
6797,1145777456144,1145777456176,1145777456346,6797,1
6798,1145777457159,1145777457192,1145777457233,6798,1
6799,1145777457751,1145777457784,1145777457953,6799,1
6800,1145777458384,1145777458418,1145777458458,6800,1
6801,1145777458886,1145777458918,1145777458964,6801,1
6802,1145777459353,1145777459385,1145777459427,6802,1
6803,1145777459936,1145777459969,1145777460015,6803,1
6804,1145777566015,1145777566047,1145777566096,6804,1
6805,1145777686898,1145777686931,1145777686978,6805,1
6806,1145777810205,1145777810239,1145777810289,6806,1
6807,1145777933572,1145777933605,1145777933653,6807,1
6808,1145778058009,1145778058042,1145778058090,6808,1
6809,1145778183198,1145778183231,1145778183324,6809,1
6810,1145778303650,1145778303683,1145778303732,6810,1
6811,1145778428134,1145778428167,1145778428214,6811,1
6812,1145778552293,1145778552325,1145778552376,6812,1
6813,1145778723164,1145778723201,1145778723293,6813,1
6814,1145778803576,1145778803608,1145778803654,6814,1
6815,1145778928643,1145778928674,1145778928722,6815,1
6816,1145779053387,1145779053418,1145779053465,6816,1
6817,1145779178402,1145779178434,1145779178480,6817,1
6818,1145779303489,1145779303522,1145779303570,6818,1
6819,1145779428439,1145779428472,1145779428666,6819,1
6820,1145779553736,1145779553769,1145779553816,6820,1
6821,1145779678423,1145779678454,1145779678699,6821,1
6822,1145784806911,1145784806996,1145784807324,6822,1
6823,1145784821692,1145784821728,1145784821792,6823,1
6824,1145784822875,1145784822913,1145784822955,6824,1
6825,1145785014937,1145785014973,1145785015053,6825,1
6826,1145785016150,1145785016182,1145785016224,6826,1
6827,1145785017008,1145785017040,1145785017111,6827,1
6828,1145785020549,1145785020588,1145785020629,6828,1
6829,1145785021329,1145785021368,1145785021431,6829,1
6830,1145785022243,1145785022282,1145785022323,6830,1
6831,1145785022996,1145785023035,1145785023218,6831,1
6832,1145785023860,1145785023898,1145785023940,6832,1
6833,1145785024546,1145785024578,1145785024741,6833,1
6834,1145785025419,1145785025457,1145785025497,6834,1
6835,1145785026147,1145785026185,1145785026253,6835,1
6836,1145785027005,1145785027037,1145785027079,6836,1
6837,1145785027746,1145785027779,1145785027950,6837,1
6838,1145785028575,1145785028613,1145785028655,6838,1
6839,1145785029287,1145785029326,1145785029501,6839,1
6840,1145785030158,1145785030191,1145785030232,6840,1
6841,1145785030912,1145785030946,1145785031109,6841,1
6842,1145785031733,1145785031765,1145785031808,6842,1
6843,1145785032712,1145785032745,1145785032944,6843,1
6844,1145785033624,1145785033658,1145785033699,6844,1
6845,1145785034275,1145785034309,1145785034488,6845,1
6846,1145785035034,1145785035066,1145785035108,6846,1
6847,1145785035647,1145785035680,1145785035863,6847,1
6848,1145785036446,1145785036478,1145785036519,6848,1
6849,1145785037023,1145785037056,1145785037218,6849,1
6850,1145785037768,1145785037801,1145785037843,6850,1
6851,1145785038601,1145785038632,1145785038819,6851,1
6852,1145785039209,1145785039242,1145785039283,6852,1
6853,1145785039826,1145785039859,1145785040155,6853,1
6854,1145785040684,1145785040717,1145785040760,6854,1
6855,1145785042242,1145785042275,1145785042347,6855,1
6856,1145785043174,1145785043208,1145785043248,6856,1
6857,1145785044048,1145785044081,1145785044285,6857,1
6858,1145785044899,1145785044931,1145785044973,6858,1
6859,1145785045902,1145785045935,1145785046013,6859,1
6860,1145785046858,1145785046890,1145785046932,6860,1
6861,1145785047633,1145785047666,1145785047843,6861,1
6862,1145785061210,1145785061242,1145785061288,6862,1
6863,1145785062142,1145785062175,1145785062221,6863,1
6864,1145785062896,1145785062928,1145785062971,6864,1
6865,1145789051894,1145789052034,1145789052420,6865,1
6866,1145789068851,1145789068888,1145789068937,6866,1
6867,1145789069892,1145789069924,1145789070042,6867,1
6868,1145789071146,1145789071178,1145789071220,6868,1
6869,1145789071980,1145789072013,1145789072089,6869,1
6870,1145789072805,1145789072838,1145789072880,6870,1
6871,1145789073686,1145789073719,1145789073793,6871,1
6872,1145789074653,1145789074684,1145789074727,6872,1
6873,1145789075476,1145789075508,1145789075586,6873,1
6874,1145789076214,1145789076246,1145789076287,6874,1
6875,1145789077067,1145789077099,1145789077172,6875,1
6876,1145789077740,1145789077774,1145789077816,6876,1
6877,1145789078404,1145789078438,1145789078523,6877,1
6878,1145789079182,1145789079216,1145789079258,6878,1
6879,1145789079928,1145789079961,1145789080134,6879,1
6880,1145789080757,1145789080790,1145789080832,6880,1
6881,1145789081465,1145789081498,1145789081581,6881,1
6882,1145789082190,1145789082223,1145789082265,6882,1
6883,1145789082683,1145789082716,1145789082797,6883,1
6884,1145789083177,1145789083210,1145789083252,6884,1
6885,1145789083943,1145789083978,1145789084043,6885,1
6886,1145789084657,1145789084690,1145789084734,6886,1
6887,1145789085405,1145789085439,1145789085486,6887,1
6888,1145789085931,1145789085966,1145789086007,6888,1
6889,1145789086494,1145789086526,1145789086574,6889,1
6890,1145789086977,1145789087010,1145789087052,6890,1
6891,1145789087701,1145789087734,1145789087780,6891,1
6892,1145789088240,1145789088272,1145789088315,6892,1
6893,1145789088806,1145789088839,1145789088885,6893,1
6894,1145789089286,1145789089320,1145789089361,6894,1
6895,1145789089736,1145789089768,1145789089815,6895,1
6896,1145789090234,1145789090269,1145789090310,6896,1
6897,1145789193571,1145789193603,1145789193657,6897,1
6898,1145789332261,1145789332297,1145789332349,6898,1
6899,1145789434459,1145789434491,1145789434544,6899,1
6900,1145789562219,1145789562250,1145789562301,6900,1
6901,1145789679454,1145789679487,1145789679886,6901,1
6902,1145789803811,1145789803844,1145789803944,6902,1
6903,1145789937143,1145789937179,1145789937343,6903,1
6904,1145790311555,1145790311592,1145790311732,6904,1
6905,1145790332828,1145790332860,1145790333050,6905,1
6906,1145790333901,1145790333939,1145790333980,6906,1
6907,1145790641967,1145790642013,1145790642260,6907,1
6908,1145790653395,1145790653431,1145790653479,6908,1
6909,1145790681792,1145790681824,1145790681982,6909,1
6910,1145790805579,1145790805613,1145790805658,6910,1
6911,1145790930298,1145790930332,1145790930501,6911,1
6912,1145791055271,1145791055304,1145791055354,6912,1
6913,1145791180464,1145791180497,1145791180542,6913,1
6914,1145791305737,1145791305771,1145791305817,6914,1
6915,1145791430604,1145791430637,1145791430682,6915,1
6916,1145791588192,1145791588224,1145791588273,6916,1
6917,1145791869343,1145791869375,1145791869691,6917,1
6918,1145791880509,1145791880544,1145791880587,6918,1
6919,1145791925562,1145791925602,1145791925798,6919,1
6920,1145792066069,1145792066176,1145792066290,6920,1
6921,1145792191802,1145792191835,1145792192095,6921,1
6922,1145792304195,1145792304228,1145792304271,6922,1
6923,1145792428605,1145792428637,1145792428809,6923,1
6924,1145792553518,1145792553550,1145792553597,6924,1
6925,1145792677589,1145792677621,1145792677796,6925,1
6926,1145792874294,1145792874330,1145792874428,6926,1
6927,1145792928475,1145792928508,1145792928553,6927,1
6928,1145793053356,1145793053389,1145793053431,6928,1
6929,1145793178428,1145793178462,1145793178505,6929,1
6930,1145793325917,1145793325950,1145793326001,6930,1
6931,1145793428524,1145793428557,1145793428730,6931,1
6932,1145793553476,1145793553510,1145793553562,6932,1
6933,1145793678453,1145793678486,1145793678675,6933,1
6934,1145793802508,1145793802540,1145793802596,6934,1
6935,1145793969144,1145793969176,1145793969404,6935,1
6936,1145794052919,1145794052952,1145794053003,6936,1
6937,1145794181566,1145794181599,1145794181770,6937,1
6938,1145794303606,1145794303639,1145794303682,6938,1
6939,1145794527843,1145794527875,1145794528052,6939,1
6940,1145794565274,1145794565306,1145794565351,6940,1
6941,1145794680598,1145794680631,1145794680745,6941,1
6942,1145794805351,1145794805384,1145794805434,6942,1
6943,1145794930313,1145794930346,1145794930452,6943,1
6944,1145795055660,1145795055694,1145795055745,6944,1
6945,1145795180470,1145795180503,1145795180554,6945,1
6946,1145795305624,1145795305657,1145795305710,6946,1
6947,1145795430792,1145795430825,1145795430876,6947,1
6948,1145795555234,1145795555267,1145795555319,6948,1
6949,1145795680241,1145795680273,1145795680323,6949,1
6950,1145795804794,1145795804826,1145795804875,6950,1
6951,1145795922682,1145795922719,1145795922772,6951,1
6952,1145796059883,1145796059989,1145796060039,6952,1
6953,1145796187330,1145796187363,1145796187532,6953,1
6954,1145796303721,1145796303755,1145796303863,6954,1
6955,1145796428417,1145796428449,1145796428572,6955,1
6956,1145796553678,1145796553710,1145796553760,6956,1
6957,1145796678464,1145796678497,1145796678606,6957,1
6958,1145796803380,1145796803413,1145796803465,6958,1
6959,1145796928595,1145796928626,1145796928732,6959,1
6960,1145797053561,1145797053594,1145797053644,6960,1
6961,1145797178853,1145797178886,1145797178990,6961,1
6962,1145797336645,1145797336678,1145797336727,6962,1
6963,1145797428955,1145797428988,1145797429175,6963,1
6964,1145797553707,1145797553741,1145797553790,6964,1
6965,1145797678583,1145797678615,1145797678773,6965,1
6966,1145797803442,1145797803474,1145797803526,6966,1
6967,1145797928556,1145797928589,1145797928749,6967,1
6968,1145798052538,1145798052570,1145798052746,6968,1
6969,1145798182075,1145798182107,1145798182206,6969,1
6970,1145798303444,1145798303476,1145798303526,6970,1
6971,1145798507934,1145798507970,1145798508070,6971,1
6972,1145798556144,1145798556177,1145798556222,6972,1
6973,1145798680494,1145798680526,1145798680633,6973,1
6974,1145798805313,1145798805344,1145798805389,6974,1
6975,1145798930224,1145798930257,1145798930370,6975,1
6976,1145799055398,1145799055431,1145799055476,6976,1
6977,1145799180574,1145799180607,1145799180654,6977,1
6978,1145799305304,1145799305337,1145799305381,6978,1
6979,1145799430536,1145799430569,1145799430614,6979,1
6980,1145799554819,1145799554851,1145799554895,6980,1
6981,1145799680147,1145799680178,1145799680223,6981,1
6982,1145799805183,1145799805215,1145799805259,6982,1
6983,1145799922517,1145799922551,1145799922598,6983,1
6984,1145800052998,1145800053029,1145800053080,6984,1
6985,1145800188788,1145800188892,1145800188990,6985,1
6986,1145800303922,1145800303954,1145800303998,6986,1
6987,1145800428602,1145800428635,1145800428744,6987,1
6988,1145800553773,1145800553805,1145800553857,6988,1
6989,1145800678671,1145800678703,1145800678753,6989,1
6990,1145800803432,1145800803465,1145800803515,6990,1
6991,1145800928411,1145800928443,1145800928495,6991,1
6992,1145801053358,1145801053391,1145801053440,6992,1
6993,1145801178639,1145801178672,1145801178721,6993,1
6994,1145801334358,1145801334390,1145801334438,6994,1
6995,1145801428556,1145801428588,1145801428664,6995,1
6996,1145801553437,1145801553471,1145801553521,6996,1
6997,1145801678539,1145801678572,1145801678623,6997,1
6998,1145801803649,1145801803683,1145801803734,6998,1
6999,1145801928914,1145801928947,1145801929001,6999,1
7000,1145802052817,1145802052850,1145802052904,7000,1
7001,1145802182232,1145802182266,1145802182490,7001,1
7002,1145802303667,1145802303701,1145802303803,7002,1
7003,1145802496862,1145802496899,1145802497055,7003,1
7004,1145802555807,1145802555839,1145802555883,7004,1
7005,1145802680377,1145802680410,1145802680529,7005,1
7006,1145802805697,1145802805729,1145802805772,7006,1
7007,1145802930474,1145802930506,1145802930626,7007,1
7008,1145803055425,1145803055458,1145803055502,7008,1
7009,1145803180301,1145803180334,1145803180461,7009,1
7010,1145803305367,1145803305400,1145803305446,7010,1
7011,1145803430473,1145803430506,1145803430621,7011,1
7012,1145803555195,1145803555227,1145803555275,7012,1
7013,1145803680243,1145803680275,1145803680390,7013,1
7014,1145803805416,1145803805449,1145803805499,7014,1
7015,1145803924764,1145803924807,1145803924866,7015,1
7016,1145804059834,1145804059867,1145804059920,7016,1
7017,1145804187945,1145804188049,1145804188146,7017,1
7018,1145804303648,1145804303681,1145804303723,7018,1
7019,1145804428398,1145804428431,1145804428473,7019,1
7020,1145804553440,1145804553473,1145804553580,7020,1
7021,1145804678338,1145804678369,1145804678415,7021,1
7022,1145804803491,1145804803523,1145804803574,7022,1
7023,1145804928826,1145804928858,1145804928977,7023,1
7024,1145805053692,1145805053724,1145805053771,7024,1
7025,1145805178536,1145805178568,1145805178680,7025,1
7026,1145805325328,1145805325364,1145805325412,7026,1
7027,1145805428747,1145805428780,1145805428902,7027,1
7028,1145805553621,1145805553653,1145805553705,7028,1
7029,1145805678596,1145805678629,1145805679112,7029,1
7030,1145805803613,1145805803645,1145805803691,7030,1
7031,1145805928623,1145805928656,1145805928701,7031,1
7032,1145806052593,1145806052626,1145806052675,7032,1
7033,1145806195316,1145806195349,1145806195707,7033,1
7034,1145806303638,1145806303671,1145806303720,7034,1
7035,1145806532062,1145806532097,1145806532309,7035,1
7036,1145806566775,1145806566808,1145806566852,7036,1
7037,1145806678860,1145806678892,1145806679000,7037,1
7038,1145806803721,1145806803754,1145806803800,7038,1
7039,1145806928566,1145806928598,1145806928649,7039,1
7040,1145807053740,1145807053773,1145807053825,7040,1
7041,1145807178635,1145807178668,1145807178715,7041,1
7042,1145807303518,1145807303550,1145807303595,7042,1
7043,1145807428615,1145807428647,1145807428693,7043,1
7044,1145807553480,1145807553512,1145807553558,7044,1
7045,1145807678503,1145807678537,1145807678584,7045,1
7046,1145807885349,1145807885383,1145807885476,7046,1
7047,1145807924893,1145807924935,1145807925009,7047,1
7048,1145808059906,1145808059941,1145808059991,7048,1
7049,1145808188804,1145808188906,1145808188999,7049,1
7050,1145808303636,1145808303668,1145808303711,7050,1
7051,1145808428542,1145808428574,1145808428618,7051,1
7052,1145808553506,1145808553539,1145808553585,7052,1
7053,1145808678173,1145808678204,1145808678264,7053,1
7054,1145808803439,1145808803471,1145808803577,7054,1
7055,1145808927944,1145808927975,1145808928157,7055,1
7056,1145809053391,1145809053423,1145809053473,7056,1
7057,1145809178149,1145809178180,1145809178360,7057,1
7058,1145809334887,1145809334919,1145809334966,7058,1
7059,1145809428170,1145809428201,1145809428246,7059,1
7060,1145809552956,1145809552989,1145809553037,7060,1
7061,1145809677958,1145809677989,1145809678038,7061,1
7062,1145809802921,1145809802952,1145809803001,7062,1
7063,1145809927878,1145809927909,1145809927958,7063,1
7064,1145810052224,1145810052256,1145810052307,7064,1
7065,1145810182390,1145810182434,1145810182533,7065,1
7066,1145810303149,1145810303181,1145810303229,7066,1
7067,1145810504794,1145810504829,1145810505060,7067,1
7068,1145810554435,1145810554467,1145810554635,7068,1
7069,1145810678288,1145810678318,1145810678428,7069,1
7070,1145810803259,1145810803290,1145810803333,7070,1
7071,1145810928239,1145810928271,1145810928375,7071,1
7072,1145811053133,1145811053164,1145811053207,7072,1
7073,1145811178385,1145811178416,1145811178516,7073,1
7074,1145811303152,1145811303183,1145811303226,7074,1
7075,1145811428124,1145811428157,1145811428265,7075,1
7076,1145811553138,1145811553169,1145811553212,7076,1
7077,1145811678232,1145811678264,1145811678381,7077,1
7078,1145811848016,1145811848048,1145811848138,7078,1
7079,1145811923126,1145811924681,1145811924732,7079,1
7080,1145812058990,1145812059021,1145812059073,7080,1
7081,1145812197490,1145812197590,1145812197681,7081,1
7082,1145812303273,1145812303304,1145812303353,7082,1
7083,1145812428384,1145812428417,1145812428532,7083,1
7084,1145812553157,1145812553188,1145812553235,7084,1
7085,1145812677259,1145812677291,1145812677401,7085,1
7086,1145812846168,1145812846199,1145812846288,7086,1
7087,1145812928563,1145812928595,1145812928763,7087,1
7088,1145813053144,1145813053175,1145813053219,7088,1
7089,1145813178273,1145813178304,1145813178405,7089,1
7090,1145813320002,1145813320034,1145813320083,7090,1
7091,1145813428868,1145813428900,1145813429014,7091,1
7092,1145813553123,1145813553154,1145813553205,7092,1
7093,1145813677968,1145813678000,1145813678068,7093,1
7094,1145813805744,1145813805785,1145813805858,7094,1
7095,1145814055515,1145814055545,1145814055611,7095,1
7096,1145814125378,1145814125413,1145814125466,7096,1
7097,1145814538803,1145814538841,1145814538986,7097,1
7098,1145814551556,1145814551590,1145814551632,7098,1
7099,1145814560609,1145814560640,1145814560808,7099,1
7100,1145814561434,1145814561465,1145814561506,7100,1
7101,1145814679531,1145814679564,1145814679744,7101,1
7102,1145814803577,1145814803610,1145814803712,7102,1
7103,1145814928780,1145814928813,1145814928929,7103,1
7104,1145815053437,1145815053471,1145815053517,7104,1
7105,1145815178330,1145815178362,1145815178472,7105,1
7106,1145815303761,1145815303792,1145815303838,7106,1
7107,1145815428019,1145815428052,1145815428174,7107,1
7108,1145825518282,1145825518370,1145825518653,7108,1
7109,1145825571419,1145825571455,1145825571521,7109,1
7110,1145825650100,1145825650145,1145825650203,7110,1
7111,1145825651662,1145825651694,1145825651805,7111,1
7112,1145825652598,1145825652630,1145825652672,7112,1
7113,1145825653479,1145825653511,1145825653574,7113,1
7114,1145825654412,1145825654444,1145825654486,7114,1
7115,1145825655112,1145825655145,1145825655208,7115,1
7116,1145825655968,1145825656000,1145825656042,7116,1
7117,1145825656810,1145825656843,1145825656915,7117,1
7118,1145825657921,1145825657953,1145825657995,7118,1
7119,1145825658962,1145825658994,1145825659055,7119,1
7120,1145825659590,1145825659623,1145825659664,7120,1
7121,1145825660982,1145825661015,1145825661186,7121,1
7122,1145825662225,1145825662258,1145825662300,7122,1
7123,1145825663230,1145825663263,1145825663331,7123,1
7124,1145825664169,1145825664203,1145825664244,7124,1
7125,1145825665027,1145825665060,1145825665202,7125,1
7126,1145825665933,1145825665965,1145825666006,7126,1
7127,1145825666775,1145825666807,1145825666874,7127,1
7128,1145825667634,1145825667667,1145825667708,7128,1
7129,1145825668243,1145825668275,1145825668341,7129,1
7130,1145825668927,1145825668960,1145825669001,7130,1
7131,1145825669700,1145825669732,1145825669778,7131,1
7132,1145825670495,1145825670527,1145825670571,7132,1
7133,1145825671171,1145825671205,1145825671251,7133,1
7134,1145825671802,1145825671835,1145825671877,7134,1
7135,1145825672675,1145825672707,1145825672753,7135,1
7136,1145825673366,1145825673399,1145825673441,7136,1
7137,1145825674012,1145825674045,1145825674092,7137,1
7138,1145825674861,1145825674894,1145825674935,7138,1
7139,1145825675712,1145825675745,1145825675791,7139,1
7140,1145825676476,1145825676508,1145825676550,7140,1
7141,1145825677098,1145825677131,1145825677178,7141,1
7142,1145825677871,1145825677904,1145825677945,7142,1
7143,1145825678789,1145825678822,1145825678869,7143,1
7144,1145825679476,1145825679508,1145825679550,7144,1
7145,1145825680237,1145825680269,1145825680316,7145,1
7146,1145825680906,1145825680940,1145825680981,7146,1
7147,1145825681555,1145825681587,1145825681633,7147,1
7148,1145825682356,1145825682388,1145825682429,7148,1
7149,1145825682982,1145825683014,1145825683060,7149,1
7150,1145825683802,1145825683834,1145825683876,7150,1
7151,1145825684643,1145825684675,1145825684722,7151,1
7152,1145825685380,1145825685412,1145825685454,7152,1
7153,1145825686283,1145825686315,1145825686362,7153,1
7154,1145825687343,1145825687376,1145825687418,7154,1
7155,1145825688486,1145825688519,1145825688564,7155,1
7156,1145825689365,1145825689397,1145825689439,7156,1
7157,1145825690087,1145825690120,1145825690320,7157,1
7158,1145825690981,1145825691013,1145825691055,7158,1
7159,1145825691764,1145825691797,1145825691955,7159,1
7160,1145825692776,1145825692808,1145825692850,7160,1
7161,1145825693525,1145825693559,1145825693910,7161,1
7162,1145825694653,1145825694685,1145825694726,7162,1
7163,1145825695460,1145825695493,1145825695670,7163,1
7164,1145825696384,1145825696417,1145825696458,7164,1
7165,1145825697051,1145825697084,1145825697284,7165,1
7166,1145825698178,1145825698210,1145825698251,7166,1
7167,1145825698987,1145825699020,1145825699187,7167,1
7168,1145825700068,1145825700101,1145825700143,7168,1
7169,1145825705366,1145825705404,1145825705591,7169,1
7170,1145825706228,1145825706262,1145825706302,7170,1
7171,1145825706999,1145825707031,1145825707078,7171,1
7172,1145825707734,1145825707767,1145825707808,7172,1
7173,1145825708420,1145825708451,1145825708499,7173,1
7174,1145825709075,1145825709107,1145825709149,7174,1
7175,1145825710001,1145825710034,1145825710082,7175,1
7176,1145825710679,1145825710713,1145825710754,7176,1
7177,1145825711712,1145825711744,1145825711791,7177,1
7178,1145825712344,1145825712378,1145825712419,7178,1
7179,1145825713223,1145825713256,1145825713302,7179,1
7180,1145825713923,1145825713956,1145825713998,7180,1
7181,1145825714820,1145825714859,1145825714905,7181,1
7182,1145825715476,1145825715509,1145825715550,7182,1
7183,1145825716094,1145825716127,1145825716173,7183,1
7184,1145825716988,1145825717020,1145825717061,7184,1
7185,1145825717929,1145825717962,1145825718008,7185,1
7186,1145825718645,1145825718677,1145825718719,7186,1
7187,1145825719523,1145825719556,1145825719602,7187,1
7188,1145825731610,1145825731643,1145825731694,7188,1
7189,1145825739338,1145825739370,1145825739423,7189,1
7190,1145825806612,1145825806644,1145825806694,7190,1
7191,1145825929005,1145825929037,1145825929085,7191,1
7192,1145826173330,1145826173365,1145826173452,7192,1
7193,1145826192649,1145826192683,1145826192754,7193,1
7194,1145826484076,1145826484110,1145826484204,7194,1
7195,1145826504002,1145826504035,1145826504082,7195,1
7196,1145826554139,1145826554171,1145826554217,7196,1
7197,1145826723082,1145826723115,1145826723163,7197,1
7198,1145826803270,1145826803303,1145826803353,7198,1
7199,1145826929019,1145826929051,1145826929103,7199,1
7200,1145827053632,1145827053666,1145827053717,7200,1
7201,1145827178603,1145827178636,1145827178709,7201,1
7202,1145827303804,1145827303837,1145827304010,7202,1
7203,1145827429127,1145827429162,1145827429285,7203,1
7204,1145827633318,1145827633363,1145827633423,7204,1
7205,1145828026357,1145828026417,1145828026695,7205,1
7206,1145828054091,1145828054193,1145828054243,7206,1
7207,1145828065073,1145828065108,1145828065211,7207,1
7208,1145828073122,1145828073158,1145828073209,7208,1
7209,1145828190142,1145828190177,1145828190339,7209,1
7210,1145828329155,1145828329187,1145828329316,7210,1
7211,1145828428337,1145828428369,1145828428542,7211,1
7212,1145828553461,1145828553497,1145828553547,7212,1
7213,1145828681647,1145828681680,1145828681793,7213,1
7214,1145828803222,1145828803253,1145828803295,7214,1
7215,1145828928126,1145828928157,1145828928274,7215,1
7216,1145829053263,1145829053295,1145829053339,7216,1
7217,1145829178340,1145829178372,1145829178489,7217,1
7218,1145829328354,1145829328882,1145829328930,7218,1
7219,1145829428261,1145829428294,1145829428474,7219,1
7220,1145829553108,1145829553138,1145829553239,7220,1
7221,1145829678088,1145829678120,1145829678293,7221,1
7222,1145829803039,1145829803070,1145829803117,7222,1
7223,1145829963798,1145829963829,1145829963998,7223,1
7224,1145830053465,1145830053496,1145830053542,7224,1
7225,1145830178665,1145830178698,1145830178879,7225,1
7226,1145830303550,1145830303583,1145830303630,7226,1
7227,1145830506528,1145830506561,1145830506673,7227,1
7228,1145830553417,1145830553450,1145830553500,7228,1
7229,1145830678079,1145830678113,1145830678177,7229,1
7230,1145830803452,1145830803484,1145830803529,7230,1
7231,1145830928376,1145830928410,1145830928472,7231,1
7232,1145831053409,1145831053442,1145831053487,7232,1
7233,1145831178461,1145831178492,1145831178670,7233,1
7234,1145831303693,1145831303727,1145831303772,7234,1
7235,1145831428428,1145831428460,1145831428620,7235,1
7236,1145831553829,1145831553862,1145831553908,7236,1
7237,1145831678609,1145831678642,1145831678691,7237,1
7238,1145831872455,1145831872488,1145831872582,7238,1
7239,1145831923153,1145831923187,1145831924874,7239,1
7240,1145832061065,1145832061098,1145832061145,7240,1
7241,1145832188997,1145832189098,1145832189320,7241,1
7242,1145832303708,1145832303740,1145832303783,7242,1
7243,1145832443700,1145832443734,1145832443982,7243,1
7244,1145832553957,1145832553991,1145832554035,7244,1
7245,1145832678556,1145832678590,1145832678764,7245,1
7246,1145832803408,1145832803441,1145832803491,7246,1
7247,1145832928367,1145832928399,1145832928636,7247,1
7248,1145833053406,1145833053439,1145833053488,7248,1
7249,1145833178705,1145833178739,1145833178910,7249,1
7250,1145833329587,1145833329618,1145833329666,7250,1
7251,1145833428595,1145833428628,1145833428700,7251,1
7252,1145833553368,1145833553400,1145833553445,7252,1
7253,1145833678448,1145833678480,1145833678564,7253,1
7254,1145833803692,1145833803725,1145833803831,7254,1
7255,1145833928581,1145833928614,1145833928808,7255,1
7256,1145834053545,1145834053579,1145834053622,7256,1
7257,1145834178580,1145834178613,1145834178792,7257,1
7258,1145834303824,1145834303856,1145834303903,7258,1
7259,1145834569309,1145834569344,1145834569506,7259,1
7260,1145834579665,1145834579700,1145834579745,7260,1
7261,1145834680531,1145834680564,1145834680752,7261,1
7262,1145834805268,1145834805301,1145834805351,7262,1
7263,1145834930209,1145834930243,1145834930313,7263,1
7264,1145835055194,1145835055227,1145835055278,7264,1
7265,1145835180535,1145835180568,1145835180670,7265,1
7266,1145835305759,1145835305792,1145835305842,7266,1
7267,1145835430440,1145835430471,1145835430647,7267,1
7268,1145835569035,1145835569069,1145835569234,7268,1
7269,1145835680321,1145835680354,1145835680465,7269,1
7270,1145835862031,1145835862063,1145835862117,7270,1
7271,1145835923058,1145835923097,1145835923225,7271,1
7272,1145836052956,1145836053061,1145836053114,7272,1
7273,1145836189180,1145836189214,1145836189388,7273,1
7274,1145836317322,1145836317361,1145836317445,7274,1
7275,1145836428925,1145836428959,1145836429071,7275,1
7276,1145836553640,1145836553673,1145836553724,7276,1
7277,1145836679409,1145836679442,1145836679548,7277,1
7278,1145836803579,1145836803611,1145836803666,7278,1
7279,1145836928349,1145836928382,1145836928489,7279,1
7280,1145837053470,1145837053505,1145837053551,7280,1
7281,1145837178662,1145837178695,1145837178806,7281,1
7282,1145837319506,1145837319539,1145837319589,7282,1
7283,1145837428877,1145837428910,1145837429015,7283,1
7284,1145837553552,1145837553585,1145837553631,7284,1
7285,1145837678422,1145837678455,1145837678727,7285,1
7286,1145837803470,1145837803503,1145837803548,7286,1
7287,1145837928672,1145837928705,1145837928943,7287,1
7288,1145838053590,1145838053622,1145838053681,7288,1
7289,1145838178386,1145838178418,1145838178581,7289,1
7290,1145838303510,1145838303543,1145838303587,7290,1
7291,1145838559929,1145838559962,1145838560176,7291,1
7292,1145838570452,1145838570488,1145838570530,7292,1
7293,1145838681000,1145838681033,1145838681213,7293,1
7294,1145838805456,1145838805488,1145838805536,7294,1
7295,1145838930411,1145838930444,1145838930630,7295,1
7296,1145839055225,1145839055256,1145839055308,7296,1
7297,1145839180757,1145839180789,1145839180946,7297,1
7298,1145839305369,1145839305402,1145839305454,7298,1
7299,1145839458387,1145839458420,1145839458587,7299,1
7300,1145839556828,1145839556861,1145839556908,7300,1
7301,1145839680255,1145839680288,1145839680450,7301,1
7302,1145839805448,1145839805480,1145839805582,7302,1
7303,1145839922823,1145839922859,1145839922979,7303,1
7304,1145840060258,1145840060291,1145840060341,7304,1
7305,1145840187740,1145840187842,1145840187937,7305,1
7306,1145840303917,1145840303949,1145840303995,7306,1
7307,1145840428572,1145840428605,1145840428652,7307,1
7308,1145840554000,1145840554031,1145840554078,7308,1
7309,1145840678530,1145840678563,1145840678741,7309,1
7310,1145840802989,1145840803021,1145840803064,7310,1
7311,1145840927955,1145840927986,1145840928158,7311,1
7312,1145841052962,1145841052993,1145841053039,7312,1
7313,1145841177907,1145841177938,1145841178118,7313,1
7314,1145841326630,1145841326666,1145841326713,7314,1
7315,1145841428349,1145841428381,1145841428579,7315,1
7316,1145841557740,1145841557773,1145841557821,7316,1
7317,1145841685851,1145841685882,1145841686100,7317,1
7318,1145841802899,1145841802930,1145841802975,7318,1
7319,1145841927927,1145841927960,1145841928139,7319,1
7320,1145842053291,1145842053324,1145842053421,7320,1
7321,1145842177930,1145842177961,1145842178171,7321,1
7322,1145842302910,1145842302942,1145842302993,7322,1
7323,1145842514172,1145842514206,1145842514450,7323,1
7324,1145842555509,1145842555540,1145842555585,7324,1
7325,1145842680268,1145842680299,1145842680470,7325,1
7326,1145842804661,1145842804693,1145842804739,7326,1
7327,1145842929900,1145842929931,1145842930096,7327,1
7328,1145843054965,1145843054998,1145843055042,7328,1
7329,1145843180035,1145843180066,1145843180377,7329,1
7330,1145843304872,1145843304905,1145843304952,7330,1
7331,1145843429919,1145843429950,1145843430153,7331,1
7332,1145843554731,1145843554762,1145843554811,7332,1
7333,1145843679982,1145843680013,1145843680059,7333,1
7334,1145843804818,1145843804850,1145843804892,7334,1
7335,1145843922082,1145843922114,1145843922284,7335,1
7336,1145844058526,1145844058558,1145844058610,7336,1
7337,1145844186399,1145844186502,1145844186665,7337,1
7338,1145844303489,1145844303520,1145844303569,7338,1
7339,1145844427985,1145844428017,1145844428128,7339,1
7340,1145844553041,1145844553073,1145844553122,7340,1
7341,1145844678124,1145844678156,1145844678261,7341,1
7342,1145844803997,1145844804030,1145844804074,7342,1
7343,1145844928666,1145844928698,1145844928801,7343,1
7344,1145845053431,1145845053465,1145845053516,7344,1
7345,1145845177499,1145845177531,1145845177642,7345,1
7346,1145845329120,1145845329152,1145845329266,7346,1
7347,1145845428503,1145845428536,1145845428652,7347,1
7348,1145845553810,1145845553844,1145845553886,7348,1
7349,1145845678857,1145845678890,1145845678995,7349,1
7350,1145845803919,1145845803951,1145845804001,7350,1
7351,1145845928455,1145845928489,1145845928593,7351,1
7352,1145846053357,1145846053390,1145846053436,7352,1
7353,1145846178422,1145846178453,1145846178556,7353,1
7354,1145846302729,1145846302762,1145846302868,7354,1
7355,1145846497296,1145846497332,1145846497486,7355,1
7356,1145846555849,1145846555884,1145846555930,7356,1
7357,1145846680206,1145846680239,1145846680351,7357,1
7358,1145846805843,1145846805877,1145846805928,7358,1
7359,1145846930363,1145846930396,1145846930465,7359,1
7360,1145847055284,1145847055316,1145847055368,7360,1
7361,1145847180482,1145847180515,1145847180685,7361,1
7362,1145847305193,1145847305225,1145847305275,7362,1
7363,1145847430267,1145847430299,1145847430345,7363,1
7364,1145847555225,1145847555258,1145847555305,7364,1
7365,1145847875992,1145847876028,1145847876103,7365,1
7366,1145847886841,1145847886877,1145847886919,7366,1
7367,1145847928435,1145847928467,1145847928579,7367,1
7368,1145848080932,1145848081037,1145848081194,7368,1
7369,1145848189977,1145848190009,1145848190168,7369,1
7370,1145848309743,1145848309776,1145848309826,7370,1
7371,1145848433507,1145848433541,1145848433644,7371,1
7372,1145848557211,1145848557245,1145848557294,7372,1
7373,1145848678491,1145848678524,1145848678644,7373,1
7374,1145848803530,1145848803563,1145848803616,7374,1
7375,1145848928704,1145848928737,1145848928854,7375,1
7376,1145849053493,1145849053525,1145849053570,7376,1
7377,1145849181994,1145849182035,1145849182161,7377,1
7378,1145849328781,1145849328812,1145849328863,7378,1
7379,1145849427720,1145849427752,1145849427798,7379,1
7380,1145849561271,1145849561304,1145849561397,7380,1
7381,1145849678560,1145849678593,1145849678635,7381,1
7382,1145849803434,1145849803466,1145849803509,7382,1
7383,1145849928556,1145849928589,1145849928694,7383,1
7384,1145850053676,1145850053708,1145850053758,7384,1
7385,1145850178447,1145850178479,1145850178585,7385,1
7386,1145850303462,1145850303494,1145850303541,7386,1
7387,1145850576855,1145850576887,1145850577099,7387,1
7388,1145850587539,1145850587574,1145850587615,7388,1
7389,1145850679039,1145850679071,1145850679187,7389,1
7390,1145850803676,1145850803709,1145850803755,7390,1
7391,1145850929072,1145850929105,1145850929227,7391,1
7392,1145851053771,1145851053804,1145851053855,7392,1
7393,1145851178677,1145851178710,1145851178817,7393,1
7394,1145851303323,1145851303355,1145851303406,7394,1
7395,1145851428520,1145851428551,1145851428677,7395,1
7396,1145851552438,1145851552471,1145851552521,7396,1
7397,1145851726922,1145851726958,1145851727051,7397,1
7398,1145851805792,1145851805824,1145851805877,7398,1
7399,1145851922713,1145851922747,1145851922793,7399,1
7400,1145852059983,1145852060085,1145852060139,7400,1
7401,1145852219207,1145852219240,1145852219453,7401,1
7402,1145852310573,1145852310607,1145852310699,7402,1
7403,1145852428481,1145852428514,1145852428617,7403,1
7404,1145852553582,1145852553615,1145852553664,7404,1
7405,1145852684272,1145852684314,1145852684443,7405,1
7406,1145852804372,1145852804404,1145852804453,7406,1
7407,1145852928401,1145852928434,1145852928560,7407,1
7408,1145853053682,1145853053715,1145853053762,7408,1
7409,1145853177859,1145853177892,1145853178011,7409,1
7410,1145853364796,1145853364829,1145853364926,7410,1
7411,1145853428113,1145853428145,1145853428261,7411,1
7412,1145853562300,1145853562333,1145853562426,7412,1
7413,1145853678922,1145853678955,1145853679462,7413,1
7414,1145853803582,1145853803616,1145853803665,7414,1
7415,1145853928334,1145853928367,1145853928615,7415,1
7416,1145854053369,1145854053402,1145854053454,7416,1
7417,1145854178744,1145854178776,1145854179001,7417,1
7418,1145854302649,1145854302682,1145854302732,7418,1
7419,1145854496953,1145854496986,1145854497279,7419,1
7420,1145854553846,1145854553879,1145854553981,7420,1
7421,1145854678511,1145854678543,1145854678800,7421,1
7422,1145854803442,1145854803476,1145854803522,7422,1
7423,1145854935583,1145854935616,1145854935871,7423,1
7424,1145855053526,1145855053558,1145855053609,7424,1
7425,1145855178651,1145855178683,1145855178936,7425,1
7426,1145855303621,1145855303654,1145855303703,7426,1
7427,1145855427608,1145855427639,1145855427863,7427,1
7428,1145855573237,1145855573277,1145855573396,7428,1
7429,1145855680950,1145855680981,1145855681218,7429,1
7430,1145855805444,1145855805476,1145855805527,7430,1
7431,1145855922512,1145855922545,1145855922797,7431,1
7432,1145856059373,1145856059478,1145856059534,7432,1
7433,1145856194123,1145856194165,1145856194531,7433,1
7434,1145856304248,1145856304280,1145856304326,7434,1
7435,1145856428042,1145856428075,1145856428243,7435,1
7436,1145856553277,1145856553308,1145856553350,7436,1
7437,1145856678222,1145856678254,1145856678369,7437,1
7438,1145856803058,1145856803090,1145856803132,7438,1
7439,1145856928110,1145856928143,1145856928261,7439,1
7440,1145857053091,1145857053123,1145857053165,7440,1
7441,1145857178049,1145857178080,1145857178122,7441,1
7442,1145857324825,1145857324859,1145857324914,7442,1
7443,1145857428578,1145857428609,1145857428654,7443,1
7444,1145857553132,1145857553164,1145857553208,7444,1
7445,1145857677304,1145857677336,1145857677382,7445,1
7446,1145857821956,1145857821996,1145857822099,7446,1
7447,1145857928439,1145857928470,1145857928525,7447,1
7448,1145858052962,1145858052993,1145858053043,7448,1
7449,1145858178185,1145858178216,1145858178313,7449,1
7450,1145858302958,1145858302990,1145858303039,7450,1
7451,1145858428214,1145858428246,1145858428350,7451,1
7452,1145858553107,1145858553138,1145858553185,7452,1
7453,1145858678182,1145858678214,1145858678329,7453,1
7454,1145858803407,1145858803439,1145858803545,7454,1
7455,1145858928121,1145858928152,1145858928260,7455,1
7456,1145859053007,1145859053038,1145859053089,7456,1
7457,1145859178027,1145859178059,1145859178162,7457,1
7458,1145859302885,1145859302917,1145859302965,7458,1
7459,1145859427515,1145859427547,1145859427595,7459,1
7460,1145859593044,1145859593081,1145859593176,7460,1
7461,1145859680118,1145859680149,1145859680198,7461,1
7462,1145859868190,1145859868221,1145859868270,7462,1
7463,1145859922959,1145859922991,1145859923037,7463,1
7464,1145860059028,1145860059134,1145860059176,7464,1
7465,1145860187665,1145860187697,1145860187793,7465,1
7466,1145860303642,1145860303673,1145860303716,7466,1
7467,1145860428064,1145860428096,1145860428196,7467,1
7468,1145860553052,1145860553083,1145860553248,7468,1
7469,1145860677388,1145860677419,1145860677535,7469,1
7470,1145860821734,1145860821765,1145860821861,7470,1
7471,1145860928299,1145860928332,1145860928377,7471,1
7472,1145861053200,1145861053231,1145861053275,7472,1
7473,1145861177161,1145861177193,1145861177242,7473,1
7474,1145861322807,1145861322841,1145861322954,7474,1
7475,1145861428825,1145861428857,1145861428965,7475,1
7476,1145861553803,1145861553836,1145861553877,7476,1
7477,1145861678393,1145861678425,1145861678547,7477,1
7478,1145861803173,1145861803205,1145861803248,7478,1
7479,1145861927656,1145861927688,1145861927812,7479,1
7480,1145862079577,1145862079609,1145862079710,7480,1
7481,1145862179151,1145862179184,1145862179307,7481,1
7482,1145862302848,1145862302881,1145862302930,7482,1
7483,1145862435688,1145862435722,1145862435888,7483,1
7484,1145862553924,1145862553956,1145862554010,7484,1
7485,1145862678563,1145862678595,1145862678707,7485,1
7486,1145862803400,1145862803432,1145862803482,7486,1
7487,1145862928474,1145862928506,1145862928663,7487,1
7488,1145863053395,1145863053427,1145863053478,7488,1
7489,1145863177548,1145863177581,1145863177686,7489,1
7490,1145863329557,1145863329592,1145863329690,7490,1
7491,1145863427862,1145863427895,1145863428010,7491,1
7492,1145863563546,1145863563578,1145863563677,7492,1
7493,1145863680514,1145863680546,1145863680670,7493,1
7494,1145863805214,1145863805246,1145863805294,7494,1
7495,1145863922526,1145863922559,1145863922803,7495,1
7496,1145864060973,1145864061076,1145864061122,7496,1
7497,1145864178909,1145864178942,1145864178984,7497,1
7498,1145864303533,1145864303566,1145864303609,7498,1
7499,1145864428576,1145864428608,1145864428651,7499,1
7500,1145864553413,1145864553445,1145864553488,7500,1
7501,1145864678889,1145864678921,1145864679078,7501,1
7502,1145864802667,1145864802699,1145864802749,7502,1
7503,1145864935328,1145864935365,1145864935538,7503,1
7504,1145865053800,1145865053832,1145865053883,7504,1
7505,1145865178597,1145865178629,1145865178733,7505,1
7506,1145865325764,1145865325797,1145865325845,7506,1
7507,1145865428842,1145865428875,1145865428980,7507,1
7508,1145865553330,1145865553362,1145865553408,7508,1
7509,1145865720457,1145865720501,1145865720688,7509,1
7510,1145865802844,1145865802877,1145865802929,7510,1
7511,1145865933494,1145865933527,1145865933706,7511,1
7512,1145866082563,1145866082600,1145866082697,7512,1
7513,1145866178467,1145866178500,1145866178615,7513,1
7514,1145866303619,1145866303651,1145866303697,7514,1
7515,1145866428684,1145866428717,1145866428834,7515,1
7516,1145866553710,1145866553742,1145866553789,7516,1
7517,1145866678669,1145866678701,1145866678811,7517,1
7518,1145866803424,1145866803457,1145866803509,7518,1
7519,1145866928563,1145866928596,1145866928645,7519,1
7520,1145867053640,1145867053672,1145867053771,7520,1
7521,1145867180095,1145867180135,1145867180192,7521,1
7522,1145867314658,1145867314691,1145867314739,7522,1
7523,1145867428902,1145867428934,1145867428983,7523,1
7524,1145867553677,1145867553709,1145867553760,7524,1
7525,1145867677707,1145867677740,1145867677786,7525,1
7526,1145867812709,1145867812741,1145867812840,7526,1
7527,1145867922620,1145867922653,1145867922717,7527,1
7528,1145868171654,1145868171759,1145868171807,7528,1
7529,1145868179759,1145868179795,1145868180043,7529,1
7530,1145868304230,1145868304264,1145868304308,7530,1
7531,1145868428813,1145868428845,1145868429071,7531,1
7532,1145868553528,1145868553560,1145868553612,7532,1
7533,1145868678431,1145868678464,1145868678755,7533,1
7534,1145868802641,1145868802674,1145868802723,7534,1
7535,1145868929127,1145868929160,1145868929395,7535,1
7536,1145869053612,1145869053646,1145869053693,7536,1
7537,1145869178629,1145869178661,1145869178772,7537,1
7538,1145869337401,1145869337434,1145869337485,7538,1
7539,1145869428998,1145869429031,1145869429133,7539,1
7540,1145869553445,1145869553477,1145869553523,7540,1
7541,1145869678579,1145869678611,1145869678945,7541,1
7542,1145869802608,1145869802639,1145869802685,7542,1
7543,1145869940824,1145869940857,1145869941074,7543,1
7544,1145870053758,1145870053791,1145870053840,7544,1
7545,1145870178754,1145870178787,1145870178837,7545,1
7546,1145870303699,1145870303731,1145870303780,7546,1
7547,1145870428365,1145870428398,1145870428446,7547,1
7548,1145870553679,1145870553711,1145870553765,7548,1
7549,1145870678517,1145870678549,1145870678596,7549,1
7550,1145870810050,1145870810087,1145870810141,7550,1
7551,1145870929392,1145870929425,1145870929473,7551,1
7552,1145871053541,1145871053573,1145871053621,7552,1
7553,1145871178399,1145871178432,1145871178483,7553,1
7554,1145871303747,1145871303779,1145871303879,7554,1
7555,1145871428520,1145871428553,1145871428600,7555,1
7556,1145873211990,1145873212061,1145873212504,7556,1
7557,1145873228548,1145873228584,1145873228691,7557,1
7558,1145873229483,1145873229517,1145873229557,7558,1
7559,1145873230693,1145873230727,1145873230835,7559,1
7560,1145873231395,1145873231427,1145873231470,7560,1
7561,1145873232216,1145873232249,1145873232358,7561,1
7562,1145873233218,1145873233252,1145873233293,7562,1
7563,1145873234056,1145873234095,1145873234197,7563,1
7564,1145873234757,1145873234789,1145873234830,7564,1
7565,1145873235515,1145873235547,1145873235740,7565,1
7566,1145873236260,1145873236293,1145873236334,7566,1
7567,1145873237169,1145873237201,1145873237396,7567,1
7568,1145873238119,1145873238151,1145873238193,7568,1
7569,1145873238927,1145873238961,1145873239134,7569,1
7570,1145873344341,1145873344444,1145873344493,7570,1
7571,1145873433926,1145873433959,1145873434138,7571,1
7572,1145873559002,1145873559033,1145873559082,7572,1
7573,1145873683607,1145873683641,1145873683844,7573,1
7574,1145873807368,1145873807400,1145873807453,7574,1
7575,1145873928396,1145873928428,1145873928621,7575,1
7576,1145874053959,1145874053991,1145874054042,7576,1
7577,1145874178364,1145874178397,1145874178570,7577,1
7578,1145874303365,1145874303398,1145874303444,7578,1
7579,1145874428377,1145874428410,1145874428580,7579,1
7580,1145874553470,1145874553504,1145874553546,7580,1
7581,1145874678484,1145874678516,1145874678561,7581,1
7582,1145874803340,1145874803372,1145874803418,7582,1
7583,1145874928360,1145874928393,1145874928438,7583,1
7584,1145875053575,1145875053607,1145875053653,7584,1
7585,1145875178722,1145875178755,1145875178801,7585,1
7586,1145875303747,1145875303779,1145875303826,7586,1
7587,1145875428334,1145875428366,1145875428471,7587,1
7588,1145875552223,1145875552255,1145875552305,7588,1
7589,1145875687691,1145875687726,1145875687941,7589,1
7590,1145875879617,1145875879649,1145875879743,7590,1
7591,1145875922439,1145875922471,1145875922636,7591,1
7592,1145876063882,1145876063984,1145876064032,7592,1
7593,1145876201250,1145876201282,1145876201453,7593,1
7594,1145876309092,1145876309125,1145876309184,7594,1
7595,1145876901747,1145876901780,1145876902021,7595,1
7596,1145876931880,1145876931916,1145876931958,7596,1
7597,1145876932678,1145876932710,1145876932875,7597,1
7598,1145876933373,1145876933407,1145876933449,7598,1
7599,1145876941690,1145876941726,1145876941891,7599,1
7600,1145877053307,1145877053341,1145877053389,7600,1
7601,1145877178291,1145877178323,1145877178499,7601,1
7602,1145877338376,1145877338410,1145877338522,7602,1
7603,1145877428372,1145877428404,1145877428537,7603,1
7604,1145877553051,1145877553084,1145877553126,7604,1
7605,1145877678057,1145877678088,1145877678204,7605,1
7606,1145877802220,1145877802253,1145877802296,7606,1
7607,1145877951334,1145877951368,1145877951549,7607,1
7608,1145878053863,1145878053896,1145878053947,7608,1
7609,1145878178632,1145878178665,1145878178776,7609,1
7610,1145878303893,1145878303927,1145878303976,7610,1
7611,1145878428539,1145878428571,1145878428687,7611,1
7612,1145878553379,1145878553412,1145878553462,7612,1
7613,1145878678279,1145878678312,1145878678416,7613,1
7614,1145878804099,1145878804132,1145878804178,7614,1
7615,1145878928473,1145878928507,1145878928613,7615,1
7616,1145879053406,1145879053439,1145879053484,7616,1
7617,1145879178352,1145879178385,1145879178436,7617,1
7618,1145879303703,1145879303737,1145879303788,7618,1
7619,1145879428477,1145879428510,1145879428556,7619,1
7620,1145879553643,1145879553675,1145879553725,7620,1
7621,1145879678374,1145879678406,1145879678511,7621,1
7622,1145879886558,1145879886591,1145879886691,7622,1
7623,1145879922925,1145879922958,1145879923004,7623,1
7624,1145880059824,1145880059856,1145880059905,7624,1
7625,1145880179750,1145880179851,1145880179901,7625,1
7626,1145880303545,1145880303578,1145880303632,7626,1
7627,1145880430160,1145880430192,1145880430375,7627,1
7628,1145880552612,1145880552645,1145880552698,7628,1
7629,1145880689310,1145880689345,1145880689443,7629,1
7630,1145880803462,1145880803495,1145880803544,7630,1
7631,1145880928348,1145880928380,1145880928431,7631,1
7632,1145881052546,1145881052578,1145881052629,7632,1
7633,1145881178746,1145881178778,1145881178887,7633,1
7634,1145881323245,1145881323277,1145881323328,7634,1
7635,1145881446237,1145881446270,1145881446426,7635,1
7636,1145881553618,1145881553650,1145881553699,7636,1
7637,1145881677630,1145881677663,1145881677774,7637,1
7638,1145881804617,1145881804650,1145881804750,7638,1
7639,1145881928522,1145881928555,1145881928677,7639,1
7640,1145882053503,1145882053536,1145882053585,7640,1
7641,1145882178455,1145882178487,1145882178604,7641,1
7642,1145882303416,1145882303450,1145882303499,7642,1
7643,1145882429398,1145882429430,1145882429555,7643,1
7644,1145882553410,1145882553443,1145882553494,7644,1
7645,1145882678381,1145882678413,1145882678519,7645,1
7646,1145882802549,1145882802581,1145882802626,7646,1
7647,1145883051503,1145883051536,1145883051697,7647,1
7648,1145883070747,1145883070778,1145883070830,7648,1
7649,1145883178851,1145883178884,1145883178999,7649,1
7650,1145883303391,1145883303424,1145883303475,7650,1
7651,1145883427619,1145883427650,1145883427761,7651,1
7652,1145883564679,1145883564711,1145883564811,7652,1
7653,1145883678705,1145883678737,1145883678805,7653,1
7654,1145883848096,1145883848128,1145883848279,7654,1
7655,1145883921903,1145883921935,1145883922107,7655,1
7656,1145884073253,1145884073360,1145884073458,7656,1
7657,1145884178781,1145884178813,1145884178887,7657,1
7658,1145884303428,1145884303461,1145884303512,7658,1
7659,1145884428394,1145884428426,1145884428498,7659,1
7660,1145884554063,1145884554096,1145884554147,7660,1
7661,1145884678912,1145884678945,1145884679007,7661,1
7662,1145884803981,1145884804014,1145884804066,7662,1
7663,1145884928617,1145884928650,1145884928880,7663,1
7664,1145885053478,1145885053510,1145885053562,7664,1
7665,1145885178335,1145885178368,1145885178430,7665,1
7666,1145885337604,1145885337635,1145885337684,7666,1
7667,1145885435199,1145885435232,1145885435300,7667,1
7668,1145885553549,1145885553581,1145885553753,7668,1
7669,1145885678695,1145885678727,1145885678919,7669,1
7670,1145885802830,1145885802862,1145885802914,7670,1
7671,1145885940688,1145885940720,1145885940883,7671,1
7672,1145886054446,1145886054479,1145886054525,7672,1
7673,1145886178367,1145886178399,1145886178446,7673,1
7674,1145886303378,1145886303411,1145886303457,7674,1
7675,1145886428309,1145886428342,1145886428388,7675,1
7676,1145886553351,1145886553384,1145886553429,7676,1
7677,1145886677763,1145886677796,1145886677842,7677,1
7678,1145886859646,1145886859681,1145886859779,7678,1
7679,1145886957102,1145886957135,1145886957189,7679,1
7680,1145887053613,1145887053646,1145887053693,7680,1
7681,1145887178458,1145887178491,1145887178537,7681,1
7682,1145887303462,1145887303493,1145887303539,7682,1
7683,1145887428475,1145887428508,1145887428554,7683,1
7684,1145887553558,1145887553591,1145887553636,7684,1
7685,1145887678649,1145887678681,1145887678727,7685,1
7686,1145887920785,1145887920820,1145887920937,7686,1
7687,1145887931185,1145887931229,1145887931412,7687,1
7688,1145888078050,1145888078154,1145888078261,7688,1
7689,1145888178670,1145888178702,1145888178752,7689,1
7690,1145888303387,1145888303419,1145888303470,7690,1
7691,1145888428433,1145888428465,1145888428515,7691,1
7692,1145888553362,1145888553394,1145888553444,7692,1
7693,1145888678403,1145888678435,1145888678487,7693,1
7694,1145888804027,1145888804059,1145888804110,7694,1
7695,1145888928756,1145888928789,1145888928841,7695,1
7696,1145889053450,1145889053484,1145889053534,7696,1
7697,1145889178353,1145889178385,1145889178435,7697,1
7698,1145889335258,1145889335294,1145889335343,7698,1
7699,1145889428704,1145889428737,1145889428782,7699,1
7700,1145889553650,1145889553682,1145889553729,7700,1
7701,1145889678619,1145889678651,1145889678700,7701,1
7702,1145889806769,1145889806802,1145889806978,7702,1
7703,1145889928835,1145889928869,1145889928979,7703,1
7704,1145890053544,1145890053577,1145890053622,7704,1
7705,1145890178507,1145890178541,1145890178659,7705,1
7706,1145890303552,1145890303586,1145890303630,7706,1
7707,1145890428351,1145890428382,1145890428489,7707,1
7708,1145890553373,1145890553406,1145890553456,7708,1
7709,1145890678405,1145890678438,1145890678547,7709,1
7710,1145890803420,1145890803452,1145890803498,7710,1
7711,1145890928579,1145890928612,1145890928728,7711,1
7712,1145891052872,1145891052903,1145891052955,7712,1
7713,1145891199330,1145891199363,1145891199460,7713,1
7714,1145891303579,1145891303612,1145891303657,7714,1
7715,1145891427594,1145891427626,1145891427678,7715,1
7716,1145891564960,1145891564997,1145891565097,7716,1
7717,1145891680307,1145891680338,1145891680471,7717,1
7718,1145891805192,1145891805224,1145891805267,7718,1
7719,1145891922961,1145891922994,1145891923104,7719,1
7720,1145892060511,1145892060617,1145892060724,7720,1
7721,1145892178581,1145892178612,1145892178663,7721,1
7722,1145892303468,1145892303500,1145892303550,7722,1
7723,1145892428403,1145892428436,1145892428486,7723,1
7724,1145892553640,1145892553672,1145892553715,7724,1
7725,1145892678466,1145892678500,1145892678611,7725,1
7726,1145892803539,1145892803573,1145892803624,7726,1
7727,1145892928569,1145892928602,1145892928709,7727,1
7728,1145893053541,1145893053573,1145893053623,7728,1
7729,1145893178472,1145893178505,1145893178556,7729,1
7730,1145893315831,1145893315864,1145893315912,7730,1
7731,1145893428626,1145893428657,1145893428706,7731,1
7732,1145893553432,1145893553465,1145893553510,7732,1
7733,1145893678340,1145893678373,1145893678533,7733,1
7734,1145893802512,1145893802544,1145893802589,7734,1
7735,1145893937023,1145893937059,1145893937269,7735,1
7736,1145894055962,1145894055994,1145894056044,7736,1
7737,1145894180301,1145894180334,1145894180438,7737,1
7738,1145894305162,1145894305194,1145894305239,7738,1
7739,1145894430128,1145894430161,1145894430263,7739,1
7740,1145894555135,1145894555167,1145894555213,7740,1
7741,1145894680190,1145894680223,1145894680344,7741,1
7742,1145894805284,1145894805317,1145894805368,7742,1
7743,1145894930315,1145894930348,1145894930467,7743,1
7744,1145895055541,1145895055573,1145895055618,7744,1
7745,1145895181034,1145895181066,1145895181111,7745,1
7746,1145895305145,1145895305178,1145895305229,7746,1
7747,1145895430117,1145895430150,1145895430201,7747,1
7748,1145895555119,1145895555151,1145895555203,7748,1
7749,1145895680092,1145895680124,1145895680170,7749,1
7750,1145895805167,1145895805200,1145895805249,7750,1
7751,1145895922486,1145895922519,1145895922569,7751,1
7752,1145896060099,1145896060131,1145896060186,7752,1
7753,1145896178564,1145896178598,1145896178649,7753,1
7754,1145896303747,1145896303779,1145896303882,7754,1
7755,1145896428623,1145896428656,1145896428706,7755,1
7756,1145896553346,1145896553379,1145896553429,7756,1
7757,1145896678679,1145896678710,1145896678760,7757,1
7758,1145896803405,1145896803438,1145896803488,7758,1
7759,1145896928601,1145896928633,1145896928680,7759,1
7760,1145897053401,1145897053433,1145897053483,7760,1
7761,1145897178630,1145897178662,1145897178714,7761,1
7762,1145897808328,1145897808361,1145897808409,7762,1
7763,1145897818318,1145897818350,1145897818395,7763,1
7764,1145897819055,1145897819087,1145897819129,7764,1
7765,1145897819609,1145897819642,1145897819749,7765,1
7766,1145897820387,1145897820420,1145897820461,7766,1
7767,1145897972806,1145897972838,1145897972937,7767,1
7768,1145898053961,1145898053996,1145898054158,7768,1
7769,1145898178986,1145898179017,1145898179124,7769,1
7770,1145898303624,1145898303656,1145898303707,7770,1
7771,1145898428794,1145898428826,1145898428939,7771,1
7772,1145898553600,1145898553633,1145898553683,7772,1
7773,1145898678410,1145898678443,1145898678561,7773,1
7774,1145898803404,1145898803437,1145898803487,7774,1
7775,1145898928482,1145898928515,1145898928632,7775,1
7776,1145899053572,1145899053604,1145899053655,7776,1
7777,1145899178702,1145899178734,1145899178784,7777,1
7778,1145899303841,1145899303873,1145899303920,7778,1
7779,1145899427850,1145899427883,1145899427936,7779,1
7780,1145899562598,1145899562631,1145899562730,7780,1
7781,1145899678616,1145899678649,1145899678744,7781,1
7782,1145899912441,1145899912473,1145899912581,7782,1
7783,1145899924436,1145899924471,1145899924576,7783,1
7784,1145900060751,1145900060788,1145900060837,7784,1
7785,1145900390115,1145900390216,1145900390414,7785,1
7786,1145900400647,1145900400679,1145900400721,7786,1
7787,1145900433060,1145900433093,1145900433202,7787,1
7788,1145900558812,1145900558844,1145900558897,7788,1
7789,1145900684709,1145900684741,1145900684868,7789,1
7790,1145900808893,1145900808925,1145900808975,7790,1
7791,1145900933187,1145900933219,1145900933339,7791,1
7792,1145901131515,1145901131553,1145901131682,7792,1
7793,1145901179136,1145901179169,1145901179288,7793,1
7794,1145901335554,1145901335587,1145901335641,7794,1
7795,1145901428701,1145901428734,1145901428854,7795,1
7796,1145901553705,1145901553738,1145901553784,7796,1
7797,1145901678631,1145901678665,1145901679014,7797,1
7798,1145901803584,1145901803617,1145901803673,7798,1
7799,1145901928389,1145901928421,1145901928586,7799,1
7800,1145902053361,1145902053393,1145902053438,7800,1
7801,1145902347418,1145902347456,1145902347669,7801,1
7802,1145902367091,1145902367123,1145902367170,7802,1
7803,1145902497075,1145902497110,1145902497346,7803,1
7804,1145902553770,1145902553803,1145902553850,7804,1
7805,1145902678644,1145902678676,1145902678841,7805,1
7806,1145902804657,1145902804689,1145902804736,7806,1
7807,1145902928570,1145902928603,1145902928766,7807,1
7808,1145903053436,1145903053470,1145903053523,7808,1
7809,1145903178605,1145903178637,1145903178985,7809,1
7810,1145903303551,1145903303583,1145903303633,7810,1
7811,1145903637038,1145903637070,1145903637310,7811,1
7812,1145903647982,1145903648018,1145903648063,7812,1
7813,1145903679111,1145903679143,1145903679357,7813,1
7814,1145903802626,1145903802658,1145903802708,7814,1
7815,1145903929598,1145903929630,1145903929951,7815,1
7816,1145904060753,1145904060786,1145904060835,7816,1
7817,1145904178750,1145904178855,1145904179030,7817,1
7818,1145904303443,1145904303476,1145904303522,7818,1
7819,1145904428609,1145904428640,1145904428812,7819,1
7820,1145904553768,1145904553801,1145904553903,7820,1
7821,1145904678390,1145904678422,1145904678604,7821,1
7822,1145904809893,1145904809926,1145904809975,7822,1
7823,1145904928680,1145904928712,1145904928923,7823,1
7824,1145905053485,1145905053517,1145905053561,7824,1
7825,1145905178797,1145905178830,1145905179001,7825,1
7826,1145905340993,1145905341028,1145905341077,7826,1
7827,1145905429022,1145905429055,1145905429223,7827,1
7828,1145905553619,1145905553651,1145905553698,7828,1
7829,1145905678634,1145905678667,1145905678858,7829,1
7830,1145905802522,1145905802555,1145905802601,7830,1
7831,1145905936727,1145905936760,1145905937099,7831,1
7832,1145906053851,1145906053883,1145906053926,7832,1
7833,1145906180076,1145906180112,1145906180362,7833,1
7834,1145906304927,1145906304960,1145906305009,7834,1
7835,1145906486733,1145906486768,1145906486943,7835,1
7836,1145906553935,1145906553968,1145906554019,7836,1
7837,1145906677721,1145906677753,1145906677863,7837,1
7838,1145906951337,1145906951370,1145906951469,7838,1
7839,1145906962183,1145906962219,1145906962321,7839,1
7840,1145907058917,1145907058949,1145907059005,7840,1
7841,1145907183802,1145907183836,1145907183939,7841,1
7842,1145907307738,1145907307771,1145907307820,7842,1
7843,1145907431533,1145907431565,1145907431618,7843,1
7844,1145907564671,1145907564704,1145907564804,7844,1
7845,1145907683787,1145907683820,1145907683870,7845,1
7846,1145907807753,1145907807786,1145907807828,7846,1
7847,1145907924885,1145907924918,1145907924974,7847,1
7848,1145908056053,1145908056085,1145908056135,7848,1
7849,1145908180191,1145908180293,1145908180343,7849,1
7850,1145908304673,1145908304707,1145908304754,7850,1
7851,1145908429547,1145908429580,1145908429768,7851,1
7852,1145908554450,1145908554484,1145908554526,7852,1
7853,1145908679745,1145908679780,1145908679884,7853,1
7854,1145908811236,1145908811270,1145908811320,7854,1
7855,1145908929786,1145908929819,1145908929981,7855,1
7856,1145909054119,1145909054150,1145909054199,7856,1
7857,1145909223012,1145909223048,1145909223410,7857,1
7858,1145909337854,1145909337886,1145909337936,7858,1
7859,1145909429056,1145909429088,1145909429265,7859,1
7860,1145909553739,1145909553772,1145909553820,7860,1
7861,1145909678595,1145909678627,1145909678788,7861,1
7862,1145909803912,1145909803945,1145909803992,7862,1
7863,1145910099841,1145910099873,1145910100049,7863,1
7864,1145910110025,1145910110057,1145910110101,7864,1
7865,1145910178927,1145910178959,1145910179026,7865,1
7866,1145910303553,1145910303585,1145910303632,7866,1
7867,1145910428468,1145910428501,1145910428607,7867,1
7868,1145910804440,1145910804476,1145910804684,7868,1
7869,1145910815297,1145910815334,1145910815457,7869,1
7870,1145910816150,1145910816183,1145910816224,7870,1
7871,1145910937618,1145910937651,1145910937771,7871,1
7872,1145911053318,1145911053349,1145911053399,7872,1
7873,1145911217087,1145911217119,1145911217291,7873,1
7874,1145911303943,1145911303977,1145911304022,7874,1
7875,1145911427654,1145911427688,1145911427807,7875,1
7876,1145911562989,1145911563024,1145911563122,7876,1
7877,1145911680288,1145911680321,1145911680420,7877,1
7878,1145911805382,1145911805414,1145911805459,7878,1
7879,1145911922581,1145911922614,1145911922722,7879,1
7880,1145912060080,1145912060112,1145912060161,7880,1
7881,1145912178672,1145912178773,1145912178823,7881,1
7882,1145912303168,1145912303200,1145912303248,7882,1
7883,1145912428366,1145912428398,1145912428447,7883,1
7884,1145912553456,1145912553489,1145912553537,7884,1
7885,1145912678399,1145912678432,1145912678479,7885,1
7886,1145912802856,1145912802889,1145912802938,7886,1
7887,1145913324137,1145913324195,1145913324346,7887,1
7888,1145913335544,1145913335580,1145913335621,7888,1
7889,1145913336317,1145913336357,1145913336481,7889,1
7890,1145913345172,1145913345206,1145913345248,7890,1
7891,1145913434990,1145913435026,1145913435151,7891,1
7892,1145913560939,1145913560973,1145913561073,7892,1
7893,1145913683897,1145913683930,1145913684042,7893,1
7894,1145913807760,1145913807792,1145913807838,7894,1
7895,1145914025231,1145914025264,1145914025429,7895,1
7896,1145914059063,1145914059095,1145914059141,7896,1
7897,1145914214603,1145914214639,1145914214854,7897,1
7898,1145914304291,1145914304322,1145914304370,7898,1
7899,1145914428661,1145914428693,1145914428866,7899,1
7900,1145914553515,1145914553548,1145914553597,7900,1
7901,1145914678887,1145914678919,1145914679122,7901,1
7902,1145914804087,1145914804120,1145914804292,7902,1
7903,1145915264776,1145915264808,1145915265023,7903,1
7904,1145915276607,1145915276643,1145915276686,7904,1
7905,1145915277289,1145915277323,1145915277436,7905,1
7906,1145915304128,1145915304161,1145915304207,7906,1
7907,1145915428703,1145915428736,1145915428787,7907,1
7908,1145915553688,1145915553721,1145915553771,7908,1
7909,1145915678397,1145915678429,1145915678476,7909,1
7910,1145915873593,1145915873627,1145915873727,7910,1
7911,1145915925009,1145915925051,1145915925111,7911,1
7912,1145916082883,1145916082916,1145916083015,7912,1
7913,1145916178873,1145916178905,1145916178956,7913,1
7914,1145916303425,1145916303457,1145916303505,7914,1
7915,1145916428513,1145916428545,1145916428593,7915,1
7916,1145916553528,1145916553560,1145916553606,7916,1
7917,1145916678304,1145916678336,1145916678388,7917,1
7918,1145916803401,1145916803434,1145916803483,7918,1
7919,1145916928432,1145916928464,1145916928586,7919,1
7920,1145917053717,1145917053750,1145917053864,7920,1
7921,1145917178476,1145917178509,1145917178624,7921,1
7922,1145917324593,1145917324635,1145917324695,7922,1
7923,1145917428786,1145917428818,1145917428930,7923,1
7924,1145917584003,1145917584035,1145917584086,7924,1
7925,1145917705126,1145917705162,1145917705607,7925,1
7926,1145917810496,1145917810529,1145917810642,7926,1
7927,1145917928576,1145917928609,1145917928654,7927,1
7928,1145918053404,1145918053436,1145918053484,7928,1
7929,1145918178566,1145918178600,1145918178645,7929,1
7930,1145918303423,1145918303456,1145918303501,7930,1
7931,1145918428396,1145918428429,1145918428475,7931,1
7932,1145918553497,1145918553529,1145918553579,7932,1
7933,1145918678346,1145918678378,1145918678427,7933,1
7934,1145918803514,1145918803546,1145918803597,7934,1
7935,1145919020240,1145919020295,1145919020505,7935,1
7936,1145919062309,1145919062341,1145919062396,7936,1
7937,1145919179101,1145919179134,1145919179240,7937,1
7938,1145919303685,1145919303718,1145919303766,7938,1
7939,1145919428625,1145919428658,1145919428768,7939,1
7940,1145919553445,1145919553477,1145919553525,7940,1
7941,1145919678662,1145919678695,1145919678819,7941,1
7942,1145919802499,1145919802532,1145919802580,7942,1
7943,1145919931120,1145919931155,1145919931332,7943,1
7944,1145920060144,1145920060176,1145920060282,7944,1
7945,1145920178760,1145920178872,1145920178998,7945,1
7946,1145920303553,1145920303585,1145920303636,7946,1
7947,1145920428607,1145920428641,1145920428752,7947,1
7948,1145920553319,1145920553352,1145920553398,7948,1
7949,1145920678296,1145920678328,1145920678441,7949,1
7950,1145920803296,1145920803328,1145920803380,7950,1
7951,1145920928676,1145920928708,1145920928831,7951,1
7952,1145921053469,1145921053501,1145921053548,7952,1
7953,1145921178698,1145921178730,1145921178864,7953,1
7954,1145921320329,1145921320361,1145921320481,7954,1
7955,1145921428923,1145921428957,1145921429003,7955,1
7956,1145921553842,1145921553874,1145921553921,7956,1
7957,1145921678609,1145921678643,1145921678689,7957,1
7958,1145921803635,1145921803667,1145921803714,7958,1
7959,1145921928750,1145921928783,1145921928897,7959,1
7960,1145922053380,1145922053412,1145922053457,7960,1
7961,1145922178512,1145922178545,1145922178655,7961,1
7962,1145922303704,1145922303736,1145922303783,7962,1
7963,1145922428377,1145922428410,1145922428522,7963,1
7964,1145922553472,1145922553504,1145922553555,7964,1
7965,1145922678387,1145922678419,1145922678525,7965,1
7966,1145922803422,1145922803455,1145922803501,7966,1
7967,1145922928431,1145922928464,1145922928565,7967,1
7968,1145923053325,1145923053357,1145923053513,7968,1
7969,1145923178495,1145923178527,1145923178624,7969,1
7970,1145923303612,1145923303646,1145923303693,7970,1
7971,1145923428510,1145923428543,1145923428644,7971,1
7972,1145923553708,1145923553741,1145923553789,7972,1
7973,1145923678495,1145923678527,1145923678646,7973,1
7974,1145923802593,1145923802626,1145923802670,7974,1
7975,1145923931601,1145923931633,1145923931752,7975,1
7976,1145924067142,1145924067251,1145924067348,7976,1
7977,1145924178648,1145924178682,1145924178752,7977,1
7978,1145924302522,1145924302554,1145924302602,7978,1
7979,1145924436316,1145924436349,1145924436519,7979,1
7980,1145924554148,1145924554182,1145924554228,7980,1
7981,1145924678514,1145924678546,1145924678608,7981,1
7982,1145924803326,1145924803359,1145924803409,7982,1
7983,1145924928428,1145924928461,1145924928575,7983,1
7984,1145925053478,1145925053511,1145925053559,7984,1
7985,1145925178644,1145925178676,1145925178727,7985,1
7986,1145925321798,1145925321831,1145925321879,7986,1
7987,1145925428861,1145925428894,1145925428995,7987,1
7988,1145925553814,1145925553847,1145925553899,7988,1
7989,1145925678664,1145925678696,1145925678747,7989,1
7990,1145925803657,1145925803690,1145925803736,7990,1
7991,1145925927826,1145925927858,1145925927906,7991,1
7992,1145926087146,1145926087178,1145926087278,7992,1
7993,1145926182742,1145926182786,1145926182838,7993,1
7994,1145926326258,1145926326290,1145926326337,7994,1
7995,1145926430035,1145926430067,1145926430127,7995,1
7996,1145926633873,1145926633907,1145926633984,7996,1
7997,1145926680347,1145926680379,1145926680449,7997,1
7998,1145926805332,1145926805365,1145926805419,7998,1
7999,1145926930163,1145926930196,1145926930363,7999,1
8000,1145927054879,1145927054912,1145927054962,8000,1
8001,1145927179923,1145927179957,1145927180138,8001,1
8002,1145927305474,1145927305507,1145927305681,8002,1
8003,1145927429944,1145927429976,1145927430102,8003,1
8004,1145927557498,1145927557530,1145927557573,8004,1
8005,1145927680212,1145927680244,1145927680290,8005,1
8006,1145927863869,1145927863902,1145927863952,8006,1
8007,1145927922793,1145927922825,1145927922873,8007,1
8008,1145928060325,1145928060358,1145928060403,8008,1
8009,1145928178596,1145928178698,1145928178804,8009,1
8010,1145928303465,1145928303497,1145928303541,8010,1
8011,1145928428762,1145928428794,1145928428911,8011,1
8012,1145928553659,1145928553692,1145928553735,8012,1
8013,1145928678578,1145928678611,1145928678658,8013,1
8014,1145928803523,1145928803554,1145928803600,8014,1
8015,1145928928498,1145928928530,1145928928577,8015,1
8016,1145929053851,1145929053883,1145929053932,8016,1
8017,1145929178521,1145929178553,1145929178599,8017,1
8018,1145929328951,1145929328984,1145929329037,8018,1
8019,1145929430434,1145929430465,1145929430510,8019,1
8020,1145929555441,1145929555473,1145929555575,8020,1
8021,1145929680409,1145929680442,1145929680488,8021,1
8022,1145929805347,1145929805379,1145929805426,8022,1
8023,1145929980317,1145929980350,1145929980461,8023,1
8024,1145930055292,1145930055324,1145930055367,8024,1
8025,1145930180419,1145930180450,1145930180495,8025,1
8026,1145930305208,1145930305240,1145930305287,8026,1
8027,1145930430340,1145930430372,1145930430419,8027,1
8028,1145930555379,1145930555411,1145930555457,8028,1
8029,1145930680784,1145930680817,1145930680862,8029,1
8030,1145930805106,1145930805138,1145930805185,8030,1
8031,1145930930263,1145930930297,1145930930341,8031,1
8032,1145931055197,1145931055230,1145931055276,8032,1
8033,1145931180219,1145931180251,1145931180296,8033,1
8034,1145931305360,1145931305392,1145931305437,8034,1
8035,1145931430077,1145931430110,1145931430157,8035,1
8036,1145931555384,1145931555417,1145931555584,8036,1
8037,1145931680623,1145931680654,1145931680764,8037,1
8038,1145931805390,1145931805423,1145931805468,8038,1
8039,1145931922642,1145931922675,1145931922782,8039,1
8040,1145932060129,1145932060162,1145932060213,8040,1
8041,1145932178741,1145932178843,1145932178952,8041,1
8042,1145932303383,1145932303414,1145932303461,8042,1
8043,1145932428566,1145932428598,1145932428775,8043,1
8044,1145932553467,1145932553499,1145932553546,8044,1
8045,1145932679871,1145932679904,1145932680025,8045,1
8046,1145932803748,1145932803780,1145932803826,8046,1
8047,1145932933674,1145932933714,1145932933838,8047,1
8048,1145933054099,1145933054131,1145933054180,8048,1
8049,1145933178378,1145933178411,1145933178522,8049,1
8050,1145933327164,1145933327196,1145933327245,8050,1
8051,1145933428726,1145933428759,1145933428870,8051,1
8052,1145933553564,1145933553596,1145933553642,8052,1
8053,1145933678420,1145933678452,1145933678852,8053,1
8054,1145933803546,1145933803580,1145933803682,8054,1
8055,1145933928699,1145933928732,1145933928908,8055,1
8056,1145934053477,1145934053511,1145934053557,8056,1
8057,1145934178585,1145934178618,1145934178779,8057,1
8058,1145934303449,1145934303482,1145934303527,8058,1
8059,1145934490866,1145934490902,1145934491071,8059,1
8060,1145934554015,1145934554047,1145934554094,8060,1
8061,1145934678499,1145934678531,1145934678711,8061,1
8062,1145934803428,1145934803461,1145934803508,8062,1
8063,1145934929964,1145934929997,1145934930182,8063,1
8064,1145935053633,1145935053666,1145935053715,8064,1
8065,1145935178384,1145935178417,1145935178583,8065,1
8066,1145935303468,1145935303501,1145935303546,8066,1
8067,1145935428414,1145935428445,1145935428620,8067,1
8068,1145935569522,1145935569555,1145935569727,8068,1
8069,1145935678583,1145935678616,1145935678719,8069,1
8070,1145935929599,1145935929634,1145935929726,8070,1
8071,1145935941314,1145935941347,1145935941449,8071,1
8072,1145936065614,1145936065646,1145936065695,8072,1
8073,1145936178770,1145936178873,1145936178977,8073,1
8074,1145936303427,1145936303460,1145936303506,8074,1
8075,1145936428464,1145936428497,1145936428598,8075,1
8076,1145936553513,1145936553546,1145936553592,8076,1
8077,1145936678709,1145936678742,1145936678921,8077,1
8078,1145936803766,1145936803799,1145936803845,8078,1
8079,1145936928719,1145936928752,1145936928928,8079,1
8080,1145937053847,1145937053879,1145937053924,8080,1
8081,1145937178763,1145937178796,1145937178975,8081,1
8082,1145937320488,1145937320523,1145937320571,8082,1
8083,1145937454212,1145937454248,1145937454297,8083,1
8084,1145937579958,1145937579990,1145937580039,8084,1
8085,1145937678680,1145937678713,1145937678761,8085,1
8086,1145937803677,1145937803710,1145937803756,8086,1
8087,1145937929057,1145937929090,1145937929314,8087,1
8088,1145938053717,1145938053749,1145938053798,8088,1
8089,1145938178625,1145938178659,1145938178864,8089,1
8090,1145938303857,1145938303890,1145938303936,8090,1
8091,1145938429054,1145938429088,1145938429136,8091,1
8092,1145938553411,1145938553444,1145938553489,8092,1
8093,1145938695082,1145938695117,1145938695172,8093,1
8094,1145938804536,1145938804570,1145938804617,8094,1
8095,1145938927768,1145938927801,1145938927850,8095,1
8096,1145939431832,1145939431866,1145939431981,8096,1
8097,1145939443002,1145939443035,1145939443081,8097,1
8098,1145939443848,1145939443882,1145939443922,8098,1
8099,1145939444825,1145939444858,1145939444904,8099,1
8100,1145939561207,1145939561241,1145939561288,8100,1
8101,1145939683025,1145939683056,1145939683226,8101,1
8102,1145939843087,1145939843121,1145939843267,8102,1
8103,1145939926555,1145939926587,1145939926702,8103,1
8104,1145940112842,1145940112943,1145940113036,8104,1
8105,1145940182289,1145940182322,1145940182433,8105,1
8106,1145940310865,1145940310898,1145940310946,8106,1
8107,1145940431165,1145940431197,1145940431302,8107,1
8108,1145940555753,1145940555786,1145940555829,8108,1
8109,1145940679421,1145940679454,1145940679577,8109,1
8110,1145940807588,1145940807620,1145940807713,8110,1
8111,1145940933249,1145940933283,1145940933405,8111,1
8112,1145941054634,1145941054667,1145941054714,8112,1
8113,1145941179850,1145941179882,1145941180000,8113,1
8114,1145941332637,1145941332673,1145941332723,8114,1
8115,1145941431269,1145941431302,1145941431423,8115,1
8116,1145941556323,1145941556355,1145941556399,8116,1
8117,1145941681233,1145941681265,1145941681387,8117,1
8118,1145941805739,1145941805772,1145941805817,8118,1
8119,1145941930600,1145941930632,1145941930758,8119,1
8120,1145942055765,1145942055798,1145942055902,8120,1
8121,1145942181126,1145942181159,1145942181269,8121,1
8122,1145942306183,1145942306216,1145942306261,8122,1
8123,1145942430858,1145942430891,1145942431004,8123,1
8124,1145942555487,1145942555519,1145942555564,8124,1
8125,1145942680441,1145942680474,1145942680580,8125,1
8126,1145942805317,1145942805349,1145942805394,8126,1
8127,1145942930351,1145942930384,1145942930430,8127,1
8128,1145943055212,1145943055244,1145943055288,8128,1
8129,1145943180658,1145943180692,1145943180739,8129,1
8130,1145943305475,1145943305509,1145943305555,8130,1
8131,1145943430225,1145943430258,1145943430302,8131,1
8132,1145943555175,1145943555207,1145943555252,8132,1
8133,1145943680358,1145943680391,1145943680438,8133,1
8134,1145943805197,1145943805229,1145943805275,8134,1
8135,1145943922714,1145943922746,1145943922925,8135,1
8136,1145944060171,1145944060202,1145944060250,8136,1
8137,1145944178869,1145944178971,1145944179082,8137,1
8138,1145944303824,1145944303858,1145944303902,8138,1
8139,1145944428791,1145944428824,1145944428929,8139,1
8140,1145944553618,1145944553651,1145944553696,8140,1
8141,1145944678370,1145944678403,1145944678509,8141,1
8142,1145944803468,1145944803501,1145944803546,8142,1
8143,1145944929168,1145944929200,1145944929303,8143,1
8144,1145945053476,1145945053508,1145945053554,8144,1
8145,1145945266006,1145945266043,1145945266199,8145,1
8146,1145945348558,1145945348591,1145945348640,8146,1
8147,1145945430488,1145945430520,1145945430622,8147,1
8148,1145945555349,1145945555380,1145945555428,8148,1
8149,1145945679921,1145945679953,1145945680073,8149,1
8150,1145945805761,1145945805794,1145945805840,8150,1
8151,1145945930077,1145945930110,1145945930227,8151,1
8152,1145946055104,1145946055136,1145946055185,8152,1
8153,1145946180280,1145946180314,1145946180436,8153,1
8154,1145946305273,1145946305306,1145946305407,8154,1
8155,1145946430339,1145946430371,1145946430488,8155,1
8156,1145946555225,1145946555258,1145946555303,8156,1
8157,1145946679887,1145946679919,1145946680025,8157,1
8158,1145946804877,1145946804910,1145946804959,8158,1
8159,1145946929942,1145946929975,1145946930021,8159,1
8160,1145947055566,1145947055599,1145947055645,8160,1
8161,1145947180605,1145947180637,1145947180682,8161,1
8162,1145947305524,1145947305556,1145947305603,8162,1
8163,1145947429944,1145947429977,1145947430024,8163,1
8164,1145947556382,1145947556415,1145947556467,8164,1
8165,1145947680391,1145947680423,1145947680473,8165,1
8166,1145947805285,1145947805317,1145947805371,8166,1
8167,1145947922518,1145947922550,1145947922675,8167,1
8168,1145948067839,1145948067940,1145948068115,8168,1
8169,1145948178952,1145948178984,1145948179108,8169,1
8170,1145948309327,1145948309361,1145948309409,8170,1
8171,1145948428421,1145948428454,1145948428566,8171,1
8172,1145948553669,1145948553702,1145948553749,8172,1
8173,1145948678447,1145948678480,1145948678582,8173,1
8174,1145948803563,1145948803595,1145948803642,8174,1
8175,1145948928648,1145948928681,1145948928788,8175,1
8176,1145949053963,1145949053996,1145949054042,8176,1
8177,1145949182379,1145949182419,1145949182527,8177,1
8178,1145949323599,1145949323633,1145949323683,8178,1
8179,1145949428639,1145949428671,1145949428783,8179,1
8180,1145949553831,1145949553863,1145949553909,8180,1
8181,1145949677755,1145949677787,1145949678126,8181,1
8182,1145949812893,1145949812929,1145949813023,8182,1
8183,1145949928652,1145949928686,1145949928731,8183,1
8184,1145950053633,1145950053665,1145950053714,8184,1
8185,1145950178626,1145950178659,1145950178832,8185,1
8186,1145950303601,1145950303635,1145950303681,8186,1
8187,1145950428592,1145950428624,1145950428860,8187,1
8188,1145950553645,1145950553679,1145950553733,8188,1
8189,1145950678600,1145950678633,1145950678678,8189,1
8190,1145950803848,1145950803882,1145950803927,8190,1
8191,1145950928529,1145950928560,1145950928614,8191,1
8192,1145951053708,1145951053740,1145951053790,8192,1
8193,1145951178465,1145951178498,1145951178548,8193,1
8194,1145951302539,1145951302572,1145951302622,8194,1
8195,1145951444589,1145951444625,1145951444844,8195,1
8196,1145951563915,1145951563949,1145951564043,8196,1
8197,1145951680571,1145951680604,1145951680770,8197,1
8198,1145951805217,1145951805249,1145951805296,8198,1
8199,1145951922607,1145951922639,1145951922808,8199,1
8200,1145952060229,1145952060335,1145952060385,8200,1
8201,1145952177757,1145952177790,1145952177965,8201,1
8202,1145952310165,1145952310198,1145952310291,8202,1
8203,1145952427562,1145952427596,1145952427641,8203,1
8204,1145952598862,1145952598894,1145952598989,8204,1
8205,1145952686490,1145952686533,1145952686593,8205,1
8206,1145952804402,1145952804436,1145952804484,8206,1
8207,1145952928685,1145952928719,1145952928828,8207,1
8208,1145953053425,1145953053458,1145953053505,8208,1
8209,1145953178408,1145953178439,1145953178548,8209,1
8210,1145953333859,1145953333891,1145953334006,8210,1
8211,1145953495280,1145953495318,1145953495411,8211,1
8212,1145953554077,1145953554110,1145953554156,8212,1
8213,1145953680176,1145953680209,1145953680257,8213,1
8214,1145953803802,1145953803835,1145953803880,8214,1
8215,1145953928935,1145953928967,1145953929129,8215,1
8216,1145954053565,1145954053598,1145954053642,8216,1
8217,1145954178423,1145954178456,1145954178642,8217,1
8218,1145954303329,1145954303363,1145954303409,8218,1
8219,1145954428472,1145954428506,1145954428688,8219,1
8220,1145954552813,1145954552846,1145954552946,8220,1
8221,1145954685660,1145954685696,1145954685911,8221,1
8222,1145954803904,1145954803937,1145954803983,8222,1
8223,1145954928651,1145954928684,1145954928856,8223,1
8224,1145955053583,1145955053615,1145955053662,8224,1
8225,1145955178317,1145955178350,1145955178529,8225,1
8226,1145955303381,1145955303413,1145955303461,8226,1
8227,1145955427461,1145955427494,1145955427672,8227,1
8228,1145955562244,1145955562277,1145955562372,8228,1
8229,1145955750655,1145955750695,1145955750955,8229,1
8230,1145955806156,1145955806189,1145955806237,8230,1
8231,1145955922766,1145955922799,1145955922995,8231,1
8232,1145956060313,1145956060418,1145956060465,8232,1
8233,1145956178423,1145956178456,1145956178629,8233,1
8234,1145956303393,1145956303425,1145956303471,8234,1
8235,1145956428265,1145956428297,1145956428462,8235,1
8236,1145956553677,1145956553709,1145956553759,8236,1
8237,1145956678587,1145956678619,1145956678730,8237,1
8238,1145956803551,1145956803584,1145956803633,8238,1
8239,1145956928757,1145956928788,1145956928896,8239,1
8240,1145957053435,1145957053468,1145957053516,8240,1
8241,1145957178339,1145957178371,1145957178419,8241,1
8242,1145957337390,1145957337423,1145957337477,8242,1
8243,1145957428887,1145957428920,1145957428967,8243,1
8244,1145957553387,1145957553419,1145957553469,8244,1
8245,1145957678485,1145957678518,1145957678565,8245,1
8246,1145957803484,1145957803517,1145957803566,8246,1
8247,1145957927452,1145957927485,1145957927530,8247,1
8248,1145958070329,1145958070393,1145958070493,8248,1
8249,1145958178993,1145958179027,1145958179075,8249,1
8250,1145958303434,1145958303467,1145958303514,8250,1
8251,1145958428501,1145958428534,1145958428580,8251,1
8252,1145958553509,1145958553541,1145958553588,8252,1
8253,1145958678371,1145958678404,1145958678526,8253,1
8254,1145958803722,1145958803754,1145958803859,8254,1
8255,1145958928646,1145958928678,1145958928799,8255,1
8256,1145959053692,1145959053724,1145959053771,8256,1
8257,1145959178423,1145959178457,1145959178581,8257,1
8258,1145959303358,1145959303390,1145959303437,8258,1
8259,1145959427614,1145959427647,1145959427767,8259,1
8260,1145959602320,1145959602351,1145959602446,8260,1
8261,1145959680296,1145959680328,1145959680439,8261,1
8262,1145959805253,1145959805286,1145959805333,8262,1
8263,1145959922481,1145959922512,1145959922625,8263,1
8264,1145960060451,1145960060558,1145960060608,8264,1
8265,1145960178571,1145960178604,1145960178710,8265,1
8266,1145960303582,1145960303614,1145960303662,8266,1
8267,1145960428486,1145960428518,1145960428564,8267,1
8268,1145960553536,1145960553569,1145960553744,8268,1
8269,1145960678499,1145960678531,1145960678650,8269,1
8270,1145960803443,1145960803476,1145960803523,8270,1
8271,1145960928554,1145960928586,1145960928629,8271,1
8272,1145961053686,1145961053719,1145961053765,8272,1
8273,1145961177801,1145961177833,1145961177883,8273,1
8274,1145961338333,1145961338366,1145961338462,8274,1
8275,1145961428628,1145961428662,1145961428848,8275,1
8276,1145961553477,1145961553509,1145961553558,8276,1
8277,1145961678510,1145961678542,1145961678590,8277,1
8278,1145961803400,1145961803431,1145961803475,8278,1
8279,1145961928401,1145961928433,1145961928479,8279,1
8280,1145962053463,1145962053495,1145962053539,8280,1
8281,1145962178747,1145962178781,1145962178827,8281,1
8282,1145962302718,1145962302751,1145962302798,8282,1
8283,1145962438636,1145962438668,1145962438762,8283,1
8284,1145962553785,1145962553817,1145962553863,8284,1
8285,1145962678475,1145962678507,1145962678557,8285,1
8286,1145962803490,1145962803522,1145962803572,8286,1
8287,1145962928662,1145962928695,1145962928796,8287,1
8288,1145963121807,1145963121844,1145963121935,8288,1
8289,1145963178884,1145963178917,1145963178966,8289,1
8290,1145963342186,1145963342219,1145963342312,8290,1
8291,1145963428022,1145963428055,1145963428164,8291,1
8292,1145963560287,1145963560320,1145963560415,8292,1
8293,1145963678769,1145963678803,1145963678909,8293,1
8294,1145963802730,1145963802762,1145963802808,8294,1
8295,1145963928957,1145963928990,1145963929158,8295,1
8296,1145964061047,1145964061153,1145964061206,8296,1
8297,1145964178659,1145964178692,1145964178803,8297,1
8298,1145964303939,1145964303971,1145964304023,8298,1
8299,1145964428693,1145964428725,1145964428825,8299,1
8300,1145964553300,1145964553333,1145964553382,8300,1
8301,1145964678415,1145964678447,1145964678624,8301,1
8302,1145964803543,1145964803575,1145964803624,8302,1
8303,1145964928565,1145964928598,1145964928722,8303,1
8304,1145965150298,1145965150334,1145965150426,8304,1
8305,1145965185717,1145965185749,1145965185864,8305,1
8306,1145965327074,1145965327108,1145965327156,8306,1
8307,1145965428972,1145965429004,1145965429115,8307,1
8308,1145965553487,1145965553521,1145965553567,8308,1
8309,1145965679419,1145965679452,1145965679750,8309,1
8310,1145965803379,1145965803412,1145965803458,8310,1
8311,1145965927708,1145965927740,1145965927902,8311,1
8312,1145966088343,1145966088377,1145966088475,8312,1
8313,1145966180195,1145966180228,1145966180403,8313,1
8314,1145966305172,1145966305204,1145966305246,8314,1
8315,1145966430246,1145966430278,1145966430464,8315,1
8316,1145966555099,1145966555132,1145966555178,8316,1
8317,1145966679860,1145966679893,1145966680125,8317,1
8318,1145966804845,1145966804878,1145966804924,8318,1
8319,1145966929971,1145966930004,1145966930169,8319,1
8320,1145967055024,1145967055056,1145967055161,8320,1
8321,1145967179901,1145967179934,1145967180114,8321,1
8322,1145967308876,1145967308914,1145967308973,8322,1
8323,1145967445442,1145967445474,1145967445659,8323,1
8324,1145967555404,1145967555437,1145967555484,8324,1
8325,1145967682410,1145967682442,1145967682647,8325,1
8326,1145967805387,1145967805420,1145967805464,8326,1
8327,1145967922482,1145967922515,1145967922804,8327,1
8328,1145968059450,1145968059557,1145968059607,8328,1
8329,1145968229957,1145968229990,1145968230089,8329,1
8330,1145968303585,1145968303618,1145968303663,8330,1
8331,1145968428941,1145968428974,1145968429020,8331,1
8332,1145968590358,1145968590395,1145968590493,8332,1
8333,1145968679095,1145968679128,1145968679318,8333,1
8334,1145968803284,1145968803315,1145968803360,8334,1
8335,1145968928545,1145968928579,1145968928753,8335,1
8336,1145969053499,1145969053532,1145969053577,8336,1
8337,1145969177561,1145969177594,1145969177718,8337,1
8338,1145969359892,1145969359927,1145969360026,8338,1
8339,1145969428858,1145969428890,1145969429055,8339,1
8340,1145969553647,1145969553680,1145969553779,8340,1
8341,1145969678599,1145969678632,1145969678796,8341,1
8342,1145969802569,1145969802602,1145969802705,8342,1
8343,1145969937836,1145969937869,1145969938022,8343,1
8344,1145970055853,1145970055886,1145970055929,8344,1
8345,1145970180449,1145970180482,1145970180640,8345,1
8346,1145970305325,1145970305358,1145970305402,8346,1
8347,1145970430255,1145970430287,1145970430389,8347,1
8348,1145970555652,1145970555684,1145970555729,8348,1
8349,1145970680359,1145970680392,1145970680439,8349,1
8350,1145970805312,1145970805344,1145970805390,8350,1
8351,1145970941401,1145970941434,1145970941537,8351,1
8352,1145971055435,1145971055468,1145971055514,8352,1
8353,1145971180053,1145971180085,1145971180208,8353,1
8354,1145971305387,1145971305419,1145971305521,8354,1
8355,1145971430874,1145971430906,1145971431084,8355,1
8356,1145971555432,1145971555465,1145971555509,8356,1
8357,1145971680424,1145971680457,1145971680647,8357,1
8358,1145971841876,1145971841909,1145971841962,8358,1
8359,1145971922852,1145971922884,1145971923119,8359,1
8360,1145972060415,1145972060520,1145972060565,8360,1
8361,1145972177712,1145972177745,1145972177931,8361,1
8362,1145972351703,1145972351735,1145972351834,8362,1
8363,1145972428725,1145972428757,1145972428936,8363,1
8364,1145972553803,1145972553836,1145972553881,8364,1
8365,1145972764539,1145972764574,1145972764793,8365,1
8366,1145972803911,1145972803944,1145972803995,8366,1
8367,1145972928623,1145972928655,1145972928826,8367,1
8368,1145973053647,1145973053679,1145973053840,8368,1
8369,1145973178535,1145973178567,1145973178688,8369,1
8370,1145973324935,1145973324968,1145973325022,8370,1
8371,1145973549210,1145973549241,1145973549409,8371,1
8372,1145973568131,1145973568164,1145973568208,8372,1
8373,1145973678817,1145973678850,1145973678970,8373,1
8374,1145973802786,1145973802819,1145973802866,8374,1
8375,1145973974566,1145973974599,1145973974770,8375,1
8376,1145974055698,1145974055731,1145974055777,8376,1
8377,1145974180363,1145974180396,1145974180513,8377,1
8378,1145974305209,1145974305242,1145974305287,8378,1
8379,1145974430460,1145974430492,1145974430615,8379,1
8380,1145974555286,1145974555318,1145974555366,8380,1
8381,1145974680536,1145974680568,1145974680681,8381,1
8382,1145974805431,1145974805463,1145974805511,8382,1
8383,1145974930622,1145974930655,1145974930760,8383,1
8384,1145975055260,1145975055293,1145975055344,8384,1
8385,1145975180414,1145975180446,1145975180496,8385,1
8386,1145975305204,1145975305235,1145975305284,8386,1
8387,1145975430547,1145975430580,1145975430627,8387,1
8388,1145975554924,1145975554957,1145975555005,8388,1
8389,1145975679968,1145975680001,1145975680084,8389,1
8390,1145975874192,1145975874225,1145975874274,8390,1
8391,1145975922406,1145975922439,1145975922524,8391,1
8392,1145976059715,1145976059820,1145976059922,8392,1
8393,1145976193854,1145976193887,1145976194019,8393,1
8394,1145976309187,1145976309220,1145976309271,8394,1
8395,1145976428806,1145976428838,1145976428925,8395,1
8396,1145976553633,1145976553665,1145976553710,8396,1
8397,1145976678560,1145976678593,1145976678666,8397,1
8398,1145976803686,1145976803718,1145976803765,8398,1
8399,1145976928415,1145976928447,1145976928521,8399,1
8400,1145977053428,1145977053460,1145977053506,8400,1
8401,1145977178555,1145977178588,1145977178763,8401,1
8402,1145977333417,1145977333453,1145977333503,8402,1
8403,1145977428593,1145977428625,1145977428671,8403,1
8404,1145977553321,1145977553354,1145977553401,8404,1
8405,1145977678463,1145977678496,1145977678541,8405,1
8406,1145977804238,1145977804270,1145977804440,8406,1
8407,1145977929183,1145977929216,1145977929329,8407,1
8408,1145978053513,1145978053545,1145978053590,8408,1
8409,1145978178331,1145978178364,1145978178474,8409,1
8410,1145978303339,1145978303373,1145978303419,8410,1
8411,1145978428423,1145978428456,1145978428503,8411,1
8412,1145978552659,1145978552693,1145978552804,8412,1
8413,1145978694483,1145978694516,1145978694615,8413,1
8414,1145978803906,1145978803939,1145978803986,8414,1
8415,1145978928914,1145978928947,1145978929057,8415,1
8416,1145979053738,1145979053771,1145979053818,8416,1
8417,1145979178537,1145979178570,1145979178676,8417,1
8418,1145979303420,1145979303453,1145979303498,8418,1
8419,1145979428343,1145979428376,1145979428487,8419,1
8420,1145979553630,1145979553663,1145979553763,8420,1
8421,1145979678624,1145979678656,1145979678775,8421,1
8422,1145979886149,1145979886182,1145979886281,8422,1
8423,1145979923013,1145979923046,1145979923162,8423,1
8424,1145980069151,1145980069293,1145980069349,8424,1
8425,1145980178730,1145980178763,1145980178873,8425,1
8426,1145980303882,1145980303914,1145980303960,8426,1
8427,1145980428472,1145980428504,1145980428614,8427,1
8428,1145980654726,1145980654759,1145980654812,8428,1
8429,1145980688392,1145980688425,1145980688588,8429,1
8430,1145980811349,1145980811382,1145980811431,8430,1
8431,1145980928668,1145980928701,1145980928860,8431,1
8432,1145981053792,1145981053824,1145981053871,8432,1
8433,1145981178613,1145981178645,1145981178751,8433,1
8434,1145981325320,1145981325354,1145981325403,8434,1
8435,1145981429205,1145981429238,1145981429417,8435,1
8436,1145981587779,1145981587812,1145981587966,8436,1
8437,1145981678494,1145981678527,1145981678863,8437,1
8438,1145981802532,1145981802565,1145981802612,8438,1
8439,1145981947264,1145981947295,1145981947527,8439,1
8440,1145982055454,1145982055487,1145982055533,8440,1
8441,1145982180698,1145982180730,1145982180894,8441,1
8442,1145982305401,1145982305433,1145982305479,8442,1
8443,1145982430473,1145982430506,1145982430663,8443,1
8444,1145982555323,1145982555355,1145982555401,8444,1
8445,1145982680189,1145982680222,1145982680391,8445,1
8446,1145982851199,1145982851233,1145982851329,8446,1
8447,1145982930362,1145982930394,1145982930577,8447,1
8448,1145983055410,1145983055442,1145983055493,8448,1
8449,1145983180481,1145983180514,1145983180682,8449,1
8450,1145983305604,1145983305636,1145983305682,8450,1
8451,1145983431770,1145983431802,1145983431981,8451,1
8452,1145983554972,1145983555003,1145983555049,8452,1
8453,1145983679949,1145983679981,1145983680150,8453,1
8454,1145983805017,1145983805049,1145983805151,8454,1
8455,1145983922380,1145983922411,1145983922584,8455,1
8456,1145984573268,1145984573377,1145984573483,8456,1
8457,1145984584321,1145984584357,1145984584551,8457,1
8458,1145984585196,1145984585228,1145984585269,8458,1
8459,1145984585820,1145984585852,1145984586039,8459,1
8460,1145984586590,1145984586628,1145984586669,8460,1
8461,1145984678944,1145984678976,1145984679146,8461,1
8462,1145984803326,1145984803358,1145984803405,8462,1
8463,1145984928072,1145984928103,1145984928277,8463,1
8464,1145985053125,1145985053157,1145985053200,8464,1
8465,1145985177917,1145985177948,1145985178135,8465,1
8466,1145985327689,1145985327722,1145985327838,8466,1
8467,1145985433258,1145985433292,1145985433486,8467,1
8468,1145985553228,1145985553259,1145985553416,8468,1
8469,1145985678510,1145985678542,1145985678647,8469,1
8470,1145985802271,1145985802303,1145985802352,8470,1
8471,1145985969466,1145985969497,1145985969655,8471,1
8472,1145986054641,1145986054673,1145986054719,8472,1
8473,1145986179624,1145986179655,1145986179755,8473,1
8474,1145986305054,1145986305085,1145986305129,8474,1
8475,1145986429764,1145986429795,1145986429900,8475,1
8476,1145986554795,1145986554827,1145986554869,8476,1
8477,1145986679679,1145986679711,1145986679831,8477,1
8478,1145986804517,1145986804549,1145986804590,8478,1
8479,1145986929510,1145986929542,1145986929664,8479,1
8480,1145987054460,1145987054492,1145987054536,8480,1
8481,1145987179588,1145987179619,1145987179732,8481,1
8482,1145987304867,1145987304898,1145987304942,8482,1
8483,1145987429747,1145987429779,1145987429903,8483,1
8484,1145987554343,1145987554375,1145987554421,8484,1
8485,1145987680288,1145987680320,1145987680366,8485,1
8486,1145987805400,1145987805433,1145987805475,8486,1
8487,1145987922732,1145987922764,1145987922868,8487,1
8488,1145988061548,1145988061579,1145988061626,8488,1
8489,1145988178252,1145988178284,1145988178327,8489,1
8490,1145988302895,1145988302928,1145988302975,8490,1
8491,1145988435844,1145988435877,1145988435973,8491,1
8492,1145988553764,1145988553796,1145988553843,8492,1
8493,1145988678560,1145988678593,1145988678638,8493,1
8494,1145988803676,1145988803709,1145988803756,8494,1
8495,1145988928567,1145988928599,1145988928649,8495,1
8496,1145989053679,1145989053711,1145989053762,8496,1
8497,1145989178441,1145989178473,1145989178548,8497,1
8498,1145989328503,1145989328535,1145989328585,8498,1
8499,1145989430756,1145989430788,1145989431040,8499,1
8500,1145989555339,1145989555371,1145989555418,8500,1
8501,1145989680493,1145989680526,1145989680700,8501,1
8502,1145989805373,1145989805404,1145989805446,8502,1
8503,1145989930112,1145989930145,1145989930191,8503,1
8504,1145990055532,1145990055565,1145990055611,8504,1
8505,1145990180789,1145990180821,1145990180868,8505,1
8506,1145990305325,1145990305358,1145990305406,8506,1
8507,1145990430299,1145990430331,1145990430377,8507,1
8508,1145990555398,1145990555432,1145990555477,8508,1
8509,1145990680286,1145990680317,1145990680362,8509,1
8510,1145990805243,1145990805275,1145990805320,8510,1
8511,1145990930584,1145990930616,1145990930663,8511,1
8512,1145991055306,1145991055339,1145991055385,8512,1
8513,1145991180220,1145991180252,1145991180298,8513,1
8514,1145991305239,1145991305273,1145991305318,8514,1
8515,1145991430397,1145991430429,1145991430474,8515,1
8516,1145991555504,1145991555536,1145991555583,8516,1
8517,1145991680254,1145991680286,1145991680332,8517,1
8518,1145991805177,1145991805211,1145991805253,8518,1
8519,1145991922436,1145991922469,1145991922516,8519,1
8520,1145992060458,1145992060492,1145992060596,8520,1
8521,1145992178438,1145992178470,1145992178517,8521,1
8522,1145992303611,1145992303644,1145992303690,8522,1
8523,1145992428602,1145992428635,1145992428681,8523,1
8524,1145992553903,1145992553936,1145992553984,8524,1
8525,1145992678568,1145992678600,1145992678647,8525,1
8526,1145992803388,1145992803421,1145992803470,8526,1
8527,1145992928502,1145992928535,1145992928580,8527,1
8528,1145993053413,1145993053446,1145993053491,8528,1
8529,1145993178586,1145993178618,1145993178664,8529,1
8530,1145993314353,1145993314385,1145993314432,8530,1
8531,1145993430318,1145993430351,1145993430397,8531,1
8532,1145993555446,1145993555478,1145993555526,8532,1
8533,1145993680686,1145993680720,1145993680768,8533,1
8534,1145993805206,1145993805237,1145993805285,8534,1
8535,1145993930153,1145993930185,1145993930352,8535,1
8536,1145994055535,1145994055568,1145994055616,8536,1
8537,1145994180277,1145994180309,1145994180429,8537,1
8538,1145994305335,1145994305369,1145994305418,8538,1
8539,1145994430482,1145994430515,1145994430561,8539,1
8540,1145994555825,1145994555858,1145994555905,8540,1
8541,1145994680679,1145994680712,1145994680758,8541,1
8542,1145994805621,1145994805654,1145994805700,8542,1
8543,1145994930164,1145994930198,1145994930243,8543,1
8544,1145995055299,1145995055331,1145995055379,8544,1
8545,1145995180195,1145995180228,1145995180277,8545,1
8546,1145995305236,1145995305268,1145995305318,8546,1
8547,1145995430196,1145995430228,1145995430276,8547,1
8548,1145995555378,1145995555410,1145995555458,8548,1
8549,1145995680425,1145995680457,1145995680506,8549,1
8550,1145995805210,1145995805241,1145995805287,8550,1
8551,1145995922519,1145995922552,1145995922597,8551,1
8552,1145996060091,1145996060123,1145996060171,8552,1
8553,1145996178590,1145996178622,1145996178669,8553,1
8554,1145996303842,1145996303876,1145996303975,8554,1
8555,1145996428403,1145996428435,1145996428495,8555,1
8556,1145996553374,1145996553408,1145996553453,8556,1
8557,1145996678607,1145996678639,1145996678684,8557,1
8558,1145996803828,1145996803860,1145996803906,8558,1
8559,1145996928624,1145996928657,1145996928704,8559,1
8560,1145997053327,1145997053360,1145997053406,8560,1
8561,1145997178403,1145997178435,1145997178482,8561,1
8562,1145997313442,1145997313476,1145997313521,8562,1
8563,1145997428593,1145997428627,1145997428676,8563,1
8564,1145997553292,1145997553326,1145997553373,8564,1
8565,1145997678665,1145997678699,1145997679090,8565,1
8566,1145997803694,1145997803726,1145997803772,8566,1
8567,1145997928495,1145997928529,1145997928743,8567,1
8568,1145998054132,1145998054164,1145998054344,8568,1
8569,1145998178560,1145998178593,1145998178638,8569,1
8570,1145998303587,1145998303619,1145998303666,8570,1
8571,1145998428567,1145998428600,1145998428646,8571,1
8572,1145998553167,1145998553198,1145998553250,8572,1
8573,1145998678042,1145998678073,1145998678120,8573,1
8574,1145998802911,1145998802943,1145998802989,8574,1
8575,1145998928342,1145998928374,1145998928423,8575,1
8576,1145999213854,1145999213889,1145999213991,8576,1
8577,1145999224412,1145999224444,1145999224485,8577,1
8578,1145999302787,1145999302818,1145999302861,8578,1
8579,1145999434863,1145999434895,1145999434991,8579,1
8580,1145999553024,1145999553057,1145999553102,8580,1
8581,1145999677161,1145999677192,1145999677238,8581,1
8582,1145999812432,1145999812465,1145999812560,8582,1
8583,1145999922904,1145999922936,1145999922982,8583,1
8584,1146000059508,1146000059555,1146000059615,8584,1
8585,1146000178062,1146000178165,1146000178214,8585,1
8586,1146000303289,1146000303321,1146000303370,8586,1
8587,1146000427445,1146000427477,1146000427582,8587,1
8588,1146000652994,1146000653027,1146000653142,8588,1
8589,1146000686994,1146000687025,1146000687197,8589,1
8590,1146000803254,1146000803286,1146000803330,8590,1
8591,1146000928063,1146000928095,1146000928255,8591,1
8592,1146001053227,1146001053259,1146001053305,8592,1
8593,1146001178134,1146001178166,1146001178228,8593,1
8594,1146001324857,1146001324889,1146001324938,8594,1
8595,1146001428458,1146001428490,1146001428665,8595,1
8596,1146001553122,1146001553154,1146001553200,8596,1
8597,1146001677966,1146001677999,1146001678225,8597,1
8598,1146001802229,1146001802262,1146001802309,8598,1
8599,1146001950082,1146001950117,1146001950341,8599,1
8600,1146002055035,1146002055067,1146002055109,8600,1
8601,1146002182814,1146002182864,1146002182918,8601,1
8602,1146002305453,1146002305487,1146002305666,8602,1
8603,1146002431732,1146002431775,1146002431901,8603,1
8604,1146002555152,1146002555184,1146002555232,8604,1
8605,1146002679800,1146002679832,1146002679937,8605,1
8606,1146002804821,1146002804853,1146002804895,8606,1
8607,1146002929700,1146002929733,1146002929847,8607,1
8608,1146003054940,1146003054973,1146003055018,8608,1
8609,1146003179657,1146003179689,1146003179798,8609,1
8610,1146003304559,1146003304589,1146003304636,8610,1
8611,1146003429636,1146003429669,1146003429775,8611,1
8612,1146003554649,1146003554680,1146003554725,8612,1
8613,1146003679558,1146003679589,1146003679712,8613,1
8614,1146003804513,1146003804545,1146003804586,8614,1
8615,1146003922212,1146003922243,1146003922353,8615,1
8616,1146004060250,1146004060295,1146004060354,8616,1
8617,1146004178796,1146004178925,1146004178970,8617,1
8618,1146004303558,1146004303605,1146004303650,8618,1
8619,1146004428680,1146004428727,1146004428773,8619,1
8620,1146004553787,1146004553820,1146004553919,8620,1
8621,1146004678508,1146004678540,1146004678650,8621,1
8622,1146004803434,1146004803467,1146004803515,8622,1
8623,1146004928476,1146004928510,1146004928614,8623,1
8624,1146005053299,1146005053331,1146005053379,8624,1
8625,1146005178582,1146005178614,1146005178664,8625,1
8626,1146005320310,1146005320347,1146005320399,8626,1
8627,1146005430398,1146005430430,1146005430475,8627,1
8628,1146005555168,1146005555201,1146005555249,8628,1
8629,1146005679817,1146005679849,1146005679895,8629,1
8630,1146005804940,1146005804973,1146005805018,8630,1
8631,1146005969462,1146005969495,1146005969544,8631,1
8632,1146006054957,1146006054990,1146006055035,8632,1
8633,1146006180251,1146006180284,1146006180328,8633,1
8634,1146006305002,1146006305034,1146006305079,8634,1
8635,1146006429928,1146006429961,1146006430120,8635,1
8636,1146006555130,1146006555163,1146006555213,8636,1
8637,1146006680024,1146006680057,1146006680166,8637,1
8638,1146006805046,1146006805079,1146006805127,8638,1
8639,1146006930034,1146006930067,1146006930179,8639,1
8640,1146007054943,1146007054975,1146007055022,8640,1
8641,1146007179955,1146007179988,1146007180107,8641,1
8642,1146007305296,1146007305328,1146007305375,8642,1
8643,1146007429998,1146007430031,1146007430146,8643,1
8644,1146007556445,1146007556489,1146007556537,8644,1
8645,1146007680428,1146007680462,1146007680507,8645,1
8646,1146007805376,1146007805408,1146007805454,8646,1
8647,1146007922571,1146007922603,1146007922654,8647,1
8648,1146008059680,1146008059712,1146008059761,8648,1
8649,1146008178585,1146008178689,1146008178737,8649,1
8650,1146008303742,1146008303775,1146008303822,8650,1
8651,1146008428627,1146008428659,1146008428706,8651,1
8652,1146008553516,1146008553548,1146008553597,8652,1
8653,1146008678341,1146008678373,1146008678421,8653,1
8654,1146008803694,1146008803727,1146008803834,8654,1
8655,1146008928682,1146008928715,1146008928763,8655,1
8656,1146009053647,1146009053680,1146009053727,8656,1
8657,1146009178676,1146009178707,1146009178755,8657,1
8658,1146009324748,1146009324780,1146009324828,8658,1
8659,1146009504096,1146009504129,1146009504227,8659,1
8660,1146009553685,1146009553718,1146009553763,8660,1
8661,1146009677651,1146009677683,1146009677729,8661,1
8662,1146009837836,1146009837868,1146009837968,8662,1
8663,1146009943134,1146009943165,1146009943263,8663,1
8664,1146010085391,1146010085423,1146010085522,8664,1
8665,1146010180746,1146010180778,1146010180825,8665,1
8666,1146010305526,1146010305559,1146010305604,8666,1
8667,1146010430841,1146010430874,1146010430922,8667,1
8668,1146010555303,1146010555337,1146010555503,8668,1
8669,1146010680662,1146010680694,1146010680804,8669,1
8670,1146010805268,1146010805300,1146010805343,8670,1
8671,1146010930380,1146010930412,1146010930532,8671,1
8672,1146011055402,1146011055435,1146011055481,8672,1
8673,1146011180408,1146011180440,1146011180562,8673,1
8674,1146011305261,1146011305293,1146011305336,8674,1
8675,1146011430498,1146011430531,1146011430648,8675,1
8676,1146011555461,1146011555493,1146011555539,8676,1
8677,1146011680217,1146011680250,1146011680358,8677,1
8678,1146011805776,1146011805807,1146011805854,8678,1
8679,1146011922539,1146011922583,1146011922633,8679,1
8680,1146012059965,1146012059998,1146012060045,8680,1
8681,1146012178619,1146012178723,1146012178772,8681,1
8682,1146012303462,1146012303495,1146012303541,8682,1
8683,1146012428483,1146012428516,1146012428561,8683,1
8684,1146012553587,1146012553620,1146012553666,8684,1
8685,1146012678469,1146012678501,1146012678546,8685,1
8686,1146012803614,1146012803648,1146012803694,8686,1
8687,1146012928605,1146012928639,1146012928742,8687,1
8688,1146013052763,1146013052796,1146013052842,8688,1
8689,1146013250496,1146013250529,1146013250626,8689,1
8690,1146013313288,1146013313320,1146013313366,8690,1
8691,1146013428595,1146013428627,1146013428672,8691,1
8692,1146013553677,1146013553710,1146013553755,8692,1
8693,1146013678764,1146013678796,1146013679175,8693,1
8694,1146013803505,1146013803537,1146013803582,8694,1
8695,1146013928531,1146013928562,1146013928735,8695,1
8696,1146014053756,1146014053788,1146014053836,8696,1
8697,1146014333688,1146014333732,1146014333958,8697,1
8698,1146014352437,1146014352468,1146014352517,8698,1
8699,1146014428728,1146014428760,1146014428948,8699,1
8700,1146014553124,1146014553155,1146014553200,8700,1
8701,1146014678053,1146014678086,1146014678257,8701,1
8702,1146014813625,1146014813668,1146014813776,8702,1
8703,1146015248004,1146015248039,1146015248313,8703,1
8704,1146015485284,1146015485319,1146015485377,8704,1
8705,1146015500225,1146015500260,1146015500373,8705,1
8706,1146015509433,1146015509464,1146015509513,8706,1
8707,1146015510384,1146015510415,1146015510539,8707,1
8708,1146015554117,1146015554148,1146015554192,8708,1
8709,1146015678336,1146015678367,1146015678483,8709,1
8710,1146015872765,1146015872796,1146015872892,8710,1
8711,1146015965568,1146015965599,1146015965756,8711,1
8712,1146016064428,1146016064472,1146016064530,8712,1
8713,1146016178825,1146016178928,1146016179037,8713,1
8714,1146016303022,1146016303053,1146016303101,8714,1
8715,1146016427880,1146016427912,1146016428016,8715,1
8716,1146016552861,1146016552892,1146016552935,8716,1
8717,1146016678347,1146016678379,1146016678502,8717,1
8718,1146016803132,1146016803164,1146016803210,8718,1
8719,1146016927972,1146016928003,1146016928123,8719,1
8720,1146017053035,1146017053067,1146017053165,8720,1
8721,1146017178157,1146017178188,1146017178366,8721,1
8722,1146017326168,1146017326204,1146017326253,8722,1
8723,1146017428177,1146017428208,1146017428323,8723,1
8724,1146017553178,1146017553210,1146017553256,8724,1
8725,1146017678305,1146017678337,1146017678412,8725,1
8726,1146017803355,1146017803387,1146017803431,8726,1
8727,1146017928013,1146017928045,1146017928148,8727,1
8728,1146018052945,1146018052977,1146018053026,8728,1
8729,1146018275344,1146018275399,1146018275524,8729,1
8730,1146018308898,1146018308930,1146018308974,8730,1
8731,1146018428218,1146018428251,1146018428358,8731,1
8732,1146018553581,1146018553615,1146018553662,8732,1
8733,1146018678544,1146018678577,1146018678692,8733,1
8734,1146018803783,1146018803815,1146018803863,8734,1
8735,1146018928424,1146018928456,1146018928619,8735,1
8736,1146019053619,1146019053652,1146019053695,8736,1
8737,1146019178670,1146019178702,1146019178817,8737,1
8738,1146019303564,1146019303596,1146019303638,8738,1
8739,1146019428580,1146019428613,1146019428656,8739,1
8740,1146019553440,1146019553472,1146019553514,8740,1
8741,1146019678430,1146019678463,1146019678507,8741,1
8742,1146019802654,1146019802686,1146019802728,8742,1
8743,1146019930047,1146019930079,1146019930179,8743,1
8744,1146020060608,1146020060713,1146020060760,8744,1
8745,1146020178656,1146020178690,1146020178736,8745,1
8746,1146020303505,1146020303537,1146020303584,8746,1
8747,1146020428520,1146020428552,1146020428597,8747,1
8748,1146020553464,1146020553496,1146020553539,8748,1
8749,1146020678507,1146020678539,1146020678586,8749,1
8750,1146020938060,1146020938092,1146020938142,8750,1
8751,1146020948623,1146020948659,1146020948703,8751,1
8752,1146021058714,1146021058746,1146021058795,8752,1
8753,1146021184038,1146021184071,1146021184120,8753,1
8754,1146021344420,1146021344452,1146021344558,8754,1
8755,1146021432868,1146021432901,1146021432950,8755,1
8756,1146021559702,1146021559736,1146021559785,8756,1
8757,1146021678575,1146021678608,1146021678653,8757,1
8758,1146021803743,1146021803775,1146021803823,8758,1
8759,1146021927701,1146021927734,1146021927859,8759,1
8760,1146022151756,1146022151788,1146022151888,8760,1
8761,1146022187019,1146022187051,1146022187355,8761,1
8762,1146022305298,1146022305331,1146022305377,8762,1
8763,1146022440247,1146022440282,1146022440477,8763,1
8764,1146022588985,1146022589017,1146022589066,8764,1
8765,1146022685339,1146022685372,1146022685538,8765,1
8766,1146022833320,1146022833353,1146022833402,8766,1
8767,1146022938088,1146022938121,1146022938283,8767,1
8768,1146023062684,1146023062718,1146023062877,8768,1
8769,1146030465580,1146030465697,1146030466193,8769,1
8770,1146030486990,1146030487026,1146030487069,8770,1
8771,1146030487781,1146030487813,1146030487997,8771,1
8772,1146030488607,1146030488640,1146030488681,8772,1
8773,1146030489457,1146030489490,1146030489684,8773,1
8774,1146030490310,1146030490342,1146030490384,8774,1
8775,1146030491145,1146030491178,1146030491387,8775,1
8776,1146030491867,1146030491900,1146030491943,8776,1
8777,1146030492355,1146030492387,1146030492557,8777,1
8778,1146030493037,1146030493070,1146030493111,8778,1
8779,1146030493616,1146030493648,1146030493731,8779,1
8780,1146030494324,1146030494357,1146030494398,8780,1
8781,1146030494999,1146030495031,1146030495237,8781,1
8782,1146030495691,1146030495723,1146030495765,8782,1
8783,1146030496207,1146030496240,1146030496481,8783,1
8784,1146030496960,1146030496992,1146030497034,8784,1
8785,1146030497551,1146030497583,1146030497791,8785,1
8786,1146030498325,1146030498357,1146030498398,8786,1
8787,1146030498919,1146030498956,1146030499122,8787,1
8788,1146030499554,1146030499587,1146030499628,8788,1
8789,1146030499981,1146030500012,1146030500089,8789,1
8790,1146030500539,1146030500571,1146030500613,8790,1
8791,1146030505640,1146030505680,1146030505734,8791,1
8792,1146030506233,1146030506266,1146030506306,8792,1
8793,1146030506842,1146030506880,1146030506926,8793,1
8794,1146030507479,1146030507511,1146030507552,8794,1
8795,1146030508137,1146030508168,1146030508214,8795,1
8796,1146030508933,1146030508966,1146030509008,8796,1
8797,1146030509585,1146030509618,1146030509814,8797,1
8798,1146030510497,1146030510536,1146030510578,8798,1
8799,1146030511405,1146030511444,1146030511639,8799,1
8800,1146030512249,1146030512281,1146030512323,8800,1
8801,1146030513281,1146030513319,1146030513485,8801,1
8802,1146030514207,1146030514239,1146030514281,8802,1
8803,1146030514840,1146030514877,1146030515050,8803,1
8804,1146030515756,1146030515789,1146030515830,8804,1
8805,1146030516512,1146030516545,1146030516712,8805,1
8806,1146030517361,1146030517395,1146030517436,8806,1
8807,1146030517979,1146030518012,1146030518189,8807,1
8808,1146030518818,1146030518850,1146030518893,8808,1
8809,1146030519537,1146030519572,1146030519753,8809,1
8810,1146030520434,1146030520467,1146030520509,8810,1
8811,1146030521347,1146030521381,1146030521600,8811,1
8812,1146030522257,1146030522289,1146030522332,8812,1
8813,1146030522947,1146030522980,1146030523174,8813,1
8814,1146030523766,1146030523805,1146030523847,8814,1
8815,1146030524540,1146030524573,1146030524742,8815,1
8816,1146030525286,1146030525319,1146030525359,8816,1
8817,1146030526196,1146030526229,1146030526274,8817,1
8818,1146030526858,1146030526890,1146030526932,8818,1
8819,1146030527531,1146030527563,1146030527609,8819,1
8820,1146030528490,1146030528522,1146030528564,8820,1
8821,1146030529191,1146030529230,1146030529581,8821,1
8822,1146030530220,1146030530252,1146030530293,8822,1
8823,1146030530976,1146030531014,1146030531198,8823,1
8824,1146030531764,1146030531802,1146030531844,8824,1
8825,1146030558841,1146030558874,1146030559034,8825,1
8826,1146030559798,1146030559836,1146030559878,8826,1
8827,1146030560387,1146030560420,1146030560584,8827,1
8828,1146030573523,1146030573556,1146030573598,8828,1
8829,1146030818353,1146030818388,1146030818569,8829,1
8830,1146030839170,1146030839203,1146030839251,8830,1
8831,1146030956924,1146030956964,1146030957148,8831,1
8832,1146031148330,1146031148369,1146031148443,8832,1
8833,1146031194621,1146031194654,1146031194819,8833,1
8834,1146031448910,1146031448945,1146031449107,8834,1
8835,1146031468317,1146031468352,1146031468464,8835,1
8836,1146031574214,1146031574249,1146031574296,8836,1
8837,1146031777635,1146031777677,1146031777804,8837,1
8838,1146031829553,1146031829587,1146031829632,8838,1
8839,1146031923104,1146031923136,1146031923313,8839,1
8840,1146032061139,1146032061173,1146032061218,8840,1
8841,1146032281032,1146032281066,1146032281243,8841,1
8842,1146032319873,1146032319905,1146032319951,8842,1
8843,1146032429171,1146032429204,1146032429403,8843,1
8844,1146032553747,1146032553778,1146032553825,8844,1
8845,1146032678647,1146032678679,1146032678726,8845,1
8846,1146032803422,1146032803455,1146032803503,8846,1
8847,1146032928355,1146032928388,1146032928433,8847,1
8848,1146033053443,1146033053475,1146033053521,8848,1
8849,1146033178437,1146033178470,1146033178515,8849,1
8850,1146033326152,1146033326185,1146033326233,8850,1
8851,1146033428734,1146033428767,1146033428812,8851,1
8852,1146033553733,1146033553766,1146033553812,8852,1
8853,1146033678509,1146033678543,1146033678588,8853,1
8854,1146033803628,1146033803660,1146033803763,8854,1
8855,1146033928443,1146033928475,1146033928522,8855,1
8856,1146034052596,1146034052629,1146034052672,8856,1
8857,1146034318607,1146034318643,1146034318741,8857,1
8858,1146034338153,1146034338184,1146034338231,8858,1
8859,1146034430422,1146034430453,1146034430500,8859,1
8860,1146034555554,1146034555587,1146034555632,8860,1
8861,1146034680372,1146034680404,1146034680568,8861,1
8862,1146034805378,1146034805412,1146034805458,8862,1
8863,1146034930435,1146034930468,1146034930639,8863,1
8864,1146035055405,1146035055438,1146035055485,8864,1
8865,1146035179835,1146035179867,1146035180059,8865,1
8866,1146035304716,1146035304747,1146035304793,8866,1
8867,1146035429698,1146035429730,1146035429938,8867,1
8868,1146035572649,1146035572680,1146035572847,8868,1
8869,1146035680830,1146035680862,1146035680918,8869,1
8870,1146035805174,1146035805207,1146035805251,8870,1
8871,1146035922494,1146035922527,1146035922578,8871,1
8872,1146036060089,1146036060124,1146036060166,8872,1
8873,1146036178511,1146036178618,1146036178735,8873,1
8874,1146036303463,1146036303496,1146036303539,8874,1
8875,1146036428454,1146036428487,1146036428606,8875,1
8876,1146036553624,1146036553657,1146036553704,8876,1
8877,1146036678916,1146036678948,1146036678994,8877,1
8878,1146036803765,1146036803798,1146036803842,8878,1
8879,1146036928682,1146036928715,1146036928761,8879,1
8880,1146037053581,1146037053613,1146037053659,8880,1
8881,1146037177658,1146037177692,1146037177739,8881,1
8882,1146037834746,1146037834779,1146037834891,8882,1
8883,1146037845354,1146037845389,1146037845435,8883,1
8884,1146037846047,1146037846078,1146037846120,8884,1
8885,1146037846622,1146037846663,1146037846708,8885,1
8886,1146037847180,1146037847218,1146037847263,8886,1
8887,1146037964475,1146037964508,1146037964678,8887,1
8888,1146038055805,1146038055838,1146038055883,8888,1
8889,1146038180682,1146038180715,1146038180821,8889,1
8890,1146038305544,1146038305576,1146038305624,8890,1
8891,1146038430257,1146038430290,1146038430396,8891,1
8892,1146038555131,1146038555165,1146038555211,8892,1
8893,1146038680312,1146038680345,1146038680456,8893,1
8894,1146038805237,1146038805270,1146038805316,8894,1
8895,1146038930126,1146038930158,1146038930271,8895,1
8896,1146039055129,1146039055162,1146039055205,8896,1
8897,1146039180311,1146039180344,1146039180463,8897,1
8898,1146039305246,1146039305278,1146039305325,8898,1
8899,1146039430138,1146039430170,1146039430217,8899,1
8900,1146039627301,1146039627333,1146039627417,8900,1
8901,1146039680397,1146039680429,1146039680478,8901,1
8902,1146039868540,1146039868572,1146039868731,8902,1
8903,1146039922961,1146039922994,1146039923099,8903,1
8904,1146040104156,1146040104190,1146040104288,8904,1
8905,1146040179400,1146040179503,1146040179604,8905,1
8906,1146040303720,1146040303753,1146040303799,8906,1
8907,1146040428484,1146040428517,1146040428627,8907,1
8908,1146040553630,1146040553661,1146040553709,8908,1
8909,1146040678625,1146040678658,1146040678769,8909,1
8910,1146040803920,1146040803953,1146040804000,8910,1
8911,1146040928356,1146040928389,1146040928502,8911,1
8912,1146041053330,1146041053362,1146041053412,8912,1
8913,1146041280280,1146041280315,1146041280481,8913,1
8914,1146041340213,1146041340246,1146041340293,8914,1
8915,1146041428199,1146041428231,1146041428348,8915,1
8916,1146041564707,1146041564740,1146041564839,8916,1
8917,1146041680542,1146041680575,1146041680688,8917,1
8918,1146041805595,1146041805627,1146041805674,8918,1
8919,1146041930750,1146041930783,1146041930896,8919,1
8920,1146042055626,1146042055658,1146042055758,8920,1
8921,1146042180675,1146042180708,1146042180823,8921,1
8922,1146042305321,1146042305353,1146042305398,8922,1
8923,1146042430355,1146042430388,1146042430492,8923,1
8924,1146042555318,1146042555351,1146042555398,8924,1
8925,1146042680281,1146042680314,1146042680361,8925,1
8926,1146042805344,1146042805376,1146042805427,8926,1
8927,1146042930514,1146042930547,1146042930594,8927,1
8928,1146043055597,1146043055630,1146043055677,8928,1
8929,1146043180425,1146043180457,1146043180505,8929,1
8930,1146043305373,1146043305406,1146043305450,8930,1
8931,1146043430246,1146043430279,1146043430327,8931,1
8932,1146043561043,1146043561076,1146043561124,8932,1
8933,1146043680132,1146043680164,1146043680210,8933,1
8934,1146043805365,1146043805398,1146043805445,8934,1
8935,1146043922756,1146043922788,1146043922955,8935,1
8936,1146044070691,1146044070804,1146044070861,8936,1
8937,1146044178882,1146044178914,1146044179014,8937,1
8938,1146044303461,1146044303493,1146044303538,8938,1
8939,1146044428564,1146044428597,1146044428699,8939,1
8940,1146044553409,1146044553442,1146044553488,8940,1
8941,1146044678661,1146044678693,1146044678881,8941,1
8942,1146044803728,1146044803761,1146044803806,8942,1
8943,1146044928593,1146044928625,1146044928743,8943,1
8944,1146045053828,1146045053860,1146045053906,8944,1
8945,1146045214422,1146045214458,1146045214626,8945,1
8946,1146045330658,1146045330691,1146045330738,8946,1
8947,1146045430226,1146045430258,1146045430381,8947,1
8948,1146045555282,1146045555316,1146045555363,8948,1
8949,1146045680031,1146045680063,1146045680330,8949,1
8950,1146045804925,1146045804958,1146045805004,8950,1
8951,1146045930076,1146045930109,1146045930289,8951,1
8952,1146046055199,1146046055232,1146046055278,8952,1
8953,1146046180270,1146046180305,1146046180522,8953,1
8954,1146046305275,1146046305308,1146046305410,8954,1
8955,1146046430011,1146046430043,1146046430228,8955,1
8956,1146046554958,1146046554991,1146046555038,8956,1
8957,1146046680152,1146046680184,1146046680230,8957,1
8958,1146046805035,1146046805067,1146046805114,8958,1
8959,1146046930136,1146046930168,1146046930214,8959,1
8960,1146047054923,1146047054957,1146047055002,8960,1
8961,1146047180141,1146047180173,1146047180219,8961,1
8962,1146047305083,1146047305116,1146047305163,8962,1
8963,1146047429959,1146047429991,1146047430037,8963,1
8964,1146047554482,1146047554514,1146047554559,8964,1
8965,1146047679496,1146047679530,1146047679574,8965,1
8966,1146047804396,1146047804428,1146047804474,8966,1
8967,1146047922220,1146047922251,1146047922297,8967,1
8968,1146048097365,1146048097471,1146048097644,8968,1
8969,1146048178118,1146048178154,1146048178261,8969,1
8970,1146048307985,1146048308016,1146048308065,8970,1
8971,1146048428103,1146048428134,1146048428181,8971,1
8972,1146048552959,1146048552991,1146048553033,8972,1
8973,1146048678011,1146048678043,1146048678088,8973,1
8974,1146048803072,1146048803104,1146048803148,8974,1
8975,1146048928183,1146048928215,1146048928318,8975,1
8976,1146049053025,1146049053057,1146049053108,8976,1
8977,1146049178295,1146049178325,1146049178428,8977,1
8978,1146049327993,1146049328025,1146049328073,8978,1
8979,1146049427391,1146049427422,1146049427472,8979,1
8980,1146049562250,1146049562282,1146049562374,8980,1
8981,1146049678086,1146049678118,1146049678164,8981,1
8982,1146049802927,1146049802959,1146049803007,8982,1
8983,1146049927074,1146049927106,1146049927293,8983,1
8984,1146050073812,1146050073844,1146050073934,8984,1
8985,1146050178266,1146050178297,1146050178468,8985,1
8986,1146050303325,1146050303356,1146050303401,8986,1
8987,1146050428373,1146050428404,1146050428621,8987,1
8988,1146050553029,1146050553061,1146050553103,8988,1
8989,1146050677973,1146050678004,1146050678183,8989,1
8990,1146050802932,1146050802964,1146050803006,8990,1
8991,1146050999502,1146050999533,1146050999721,8991,1
8992,1146051052935,1146051052967,1146051053017,8992,1
8993,1146051177953,1146051177986,1146051178306,8993,1
8994,1146051303190,1146051303221,1146051303270,8994,1
8995,1146051428802,1146051428835,1146051428992,8995,1
8996,1146051552522,1146051552555,1146051552605,8996,1
8997,1146051724998,1146051725030,1146051725257,8997,1
8998,1146051805367,1146051805400,1146051805444,8998,1
8999,1146051922717,1146051922750,1146051922933,8999,1
9000,1146052060373,1146052060478,1146052060523,9000,1
9001,1146052178028,1146052178061,1146052178252,9001,1
9002,1146052324090,1146052324123,1146052324216,9002,1
9003,1146052429203,1146052429236,1146052429354,9003,1
9004,1146052553692,1146052553724,1146052553770,9004,1
9005,1146052683108,1146052683152,1146052683276,9005,1
9006,1146052884946,1146052885002,1146052885096,9006,1
9007,1146052928884,1146052928916,1146052929020,9007,1
9008,1146053053523,1146053053555,1146053053602,9008,1
9009,1146053178696,1146053178729,1146053178842,9009,1
9010,1146053330298,1146053330330,1146053330379,9010,1
9011,1146053428000,1146053428034,1146053428145,9011,1
9012,1146053561807,1146053561840,1146053561934,9012,1
9013,1146053678533,1146053678566,1146053678672,9013,1
9014,1146053803426,1146053803458,1146053803504,9014,1
9015,1146053927520,1146053927553,1146053927658,9015,1
9016,1146054101888,1146054101920,1146054102013,9016,1
9017,1146054178606,1146054178638,1146054178743,9017,1
9018,1146054303702,1146054303734,1146054303778,9018,1
9019,1146054428892,1146054428926,1146054429026,9019,1
9020,1146054553752,1146054553783,1146054553889,9020,1
9021,1146054678514,1146054678547,1146054678672,9021,1
9022,1146054802626,1146054802660,1146054802706,9022,1
9023,1146054936183,1146054936215,1146054936378,9023,1
9024,1146055053702,1146055053735,1146055053782,9024,1
9025,1146055178532,1146055178565,1146055178611,9025,1
9026,1146055303503,1146055303535,1146055303583,9026,1
9027,1146055427486,1146055427519,1146055427567,9027,1
9028,1146055563198,1146055563231,1146055563324,9028,1
9029,1146055678623,1146055678656,1146055678829,9029,1
9030,1146055803518,1146055803550,1146055803598,9030,1
9031,1146055921715,1146055921747,1146055921923,9031,1
9032,1146056065303,1146056065411,1146056065504,9032,1
9033,1146056178851,1146056178884,1146056179044,9033,1
9034,1146056303357,1146056303390,1146056303438,9034,1
9035,1146056428224,1146056428257,1146056428428,9035,1
9036,1146056553879,1146056553911,1146056553959,9036,1
9037,1146056678488,1146056678521,1146056678634,9037,1
9038,1146056803518,1146056803550,1146056803598,9038,1
9039,1146056928444,1146056928477,1146056928601,9039,1
9040,1146057053321,1146057053353,1146057053402,9040,1
9041,1146057178384,1146057178417,1146057178467,9041,1
9042,1146057327030,1146057327063,1146057327112,9042,1
9043,1146057428795,1146057428827,1146057428874,9043,1
9044,1146057553867,1146057553899,1146057553946,9044,1
9045,1146057678767,1146057678799,1146057678847,9045,1
9046,1146057803886,1146057803918,1146057803961,9046,1
9047,1146057928547,1146057928579,1146057928627,9047,1
9048,1146058053557,1146058053590,1146058053634,9048,1
9049,1146058177564,1146058177597,1146058177716,9049,1
9050,1146058311879,1146058311912,1146058312007,9050,1
9051,1146058428736,1146058428770,1146058428875,9051,1
9052,1146058553392,1146058553425,1146058553471,9052,1
9053,1146058678650,1146058678683,1146058678801,9053,1
9054,1146058803711,1146058803745,1146058803846,9054,1
9055,1146058928447,1146058928481,1146058928610,9055,1
9056,1146059053548,1146059053580,1146059053628,9056,1
9057,1146059178332,1146059178364,1146059178489,9057,1
9058,1146059303413,1146059303445,1146059303493,9058,1
9059,1146059427458,1146059427491,1146059427611,9059,1
9060,1146059562867,1146059562899,1146059562994,9060,1
9061,1146059680885,1146059680918,1146059681098,9061,1
9062,1146059805589,1146059805622,1146059805667,9062,1
9063,1146059922498,1146059922530,1146059922700,9063,1
9064,1146060061019,1146060061125,1146060061173,9064,1
9065,1146060178600,1146060178632,1146060178812,9065,1
9066,1146060303525,1146060303557,1146060303604,9066,1
9067,1146060429093,1146060429127,1146060429327,9067,1
9068,1146060553708,1146060553742,1146060553908,9068,1
9069,1146060678514,1146060678546,1146060678667,9069,1
9070,1146060803513,1146060803545,1146060803592,9070,1
9071,1146060928390,1146060928422,1146060928549,9071,1
9072,1146061053401,1146061053434,1146061053479,9072,1
9073,1146061177746,1146061177779,1146061177892,9073,1
9074,1146061335273,1146061335306,1146061335405,9074,1
9075,1146061428909,1146061428941,1146061429065,9075,1
9076,1146061553408,1146061553441,1146061553488,9076,1
9077,1146061678443,1146061678475,1146061678809,9077,1
9078,1146061803243,1146061803274,1146061803321,9078,1
9079,1146061928288,1146061928319,1146061928608,9079,1
9080,1146062053028,1146062053060,1146062053116,9080,1
9081,1146062178212,1146062178245,1146062178417,9081,1
9082,1146062302070,1146062302102,1146062302147,9082,1
9083,1146062435948,1146062435979,1146062436193,9083,1
9084,1146062553288,1146062553320,1146062553361,9084,1
9085,1146062678036,1146062678067,1146062678242,9085,1
9086,1146062803256,1146062803288,1146062803334,9086,1
9087,1146062928216,1146062928248,1146062928349,9087,1
9088,1146063053228,1146063053260,1146063053307,9088,1
9089,1146063177205,1146063177238,1146063177284,9089,1
9090,1146063341865,1146063341896,1146063341992,9090,1
9091,1146063427291,1146063427324,1146063427506,9091,1
9092,1146063563219,1146063563252,1146063563347,9092,1
9093,1146063679783,1146063679815,1146063679859,9093,1
9094,1146063804742,1146063804773,1146063804821,9094,1
9095,1146063922457,1146063922488,1146063922665,9095,1
9096,1146064061126,1146064061230,1146064061275,9096,1
9097,1146064178502,1146064178533,1146064178727,9097,1
9098,1146064303216,1146064303246,1146064303289,9098,1
9099,1146064427992,1146064428023,1146064428069,9099,1
9100,1146064553157,1146064553188,1146064553231,9100,1
9101,1146064677991,1146064678023,1146064678177,9101,1
9102,1146064803079,1146064803110,1146064803154,9102,1
9103,1146064928245,1146064928277,1146064928378,9103,1
9104,1146065053323,1146065053354,1146065053401,9104,1
9105,1146065178333,1146065178364,1146065178461,9105,1
9106,1146065388023,1146065388057,1146065388152,9106,1
9107,1146065429069,1146065429102,1146065429148,9107,1
9108,1146065553170,1146065553203,1146065553246,9108,1
9109,1146065677259,1146065677291,1146065677335,9109,1
9110,1146065802886,1146065802918,1146065803026,9110,1
9111,1146065933343,1146065933374,1146065933470,9111,1
9112,1146066083896,1146066083927,1146066084024,9112,1
9113,1146066178163,1146066178194,1146066178241,9113,1
9114,1146066303084,1146066303116,1146066303161,9114,1
9115,1146066428015,1146066428046,1146066428093,9115,1
9116,1146066553044,1146066553076,1146066553117,9116,1
9117,1146066678003,1146066678034,1146066678081,9117,1
9118,1146066803263,1146066803294,1146066803337,9118,1
9119,1146066928040,1146066928071,1146066928118,9119,1
9120,1146067053462,1146067053494,1146067053599,9120,1
9121,1146067178364,1146067178396,1146067178443,9121,1
9122,1146067302999,1146067303030,1146067303077,9122,1
9123,1146067428777,1146067428814,1146067429081,9123,1
9124,1146067561217,1146067561250,1146067561303,9124,1
9125,1146067678004,1146067678037,1146067678233,9125,1
9126,1146067849014,1146067849047,1146067849146,9126,1
9127,1146067922775,1146067922808,1146067922986,9127,1
9128,1146068060851,1146068060953,1146068060998,9128,1
9129,1146068184479,1146068184512,1146068184690,9129,1
9130,1146068303683,1146068303717,1146068303760,9130,1
9131,1146068428383,1146068428416,1146068428581,9131,1
9132,1146068553512,1146068553544,1146068553592,9132,1
9133,1146068678419,1146068678452,1146068678637,9133,1
9134,1146068802567,1146068802599,1146068802646,9134,1
9135,1146068999104,1146068999140,1146068999351,9135,1
9136,1146069053850,1146069053882,1146069053929,9136,1
9137,1146069178885,1146069178917,1146069179029,9137,1
9138,1146069335217,1146069335249,1146069335298,9138,1
9139,1146069428702,1146069428734,1146069428851,9139,1
9140,1146069554909,1146069554941,1146069554985,9140,1
9141,1146069678598,1146069678630,1146069678738,9141,1
9142,1146069802551,1146069802585,1146069802631,9142,1
9143,1146069979073,1146069979106,1146069979262,9143,1
9144,1146070055811,1146070055844,1146070055889,9144,1
9145,1146070180720,1146070180754,1146070180863,9145,1
9146,1146070305240,1146070305273,1146070305320,9146,1
9147,1146070430182,1146070430215,1146070430316,9147,1
9148,1146070555080,1146070555112,1146070555162,9148,1
9149,1146070680177,1146070680209,1146070680256,9149,1
9150,1146070805224,1146070805256,1146070805301,9150,1
9151,1146070930222,1146070930255,1146070930301,9151,1
9152,1146071055198,1146071055230,1146071055279,9152,1
9153,1146071180497,1146071180531,1146071180576,9153,1
9154,1146071305525,1146071305558,1146071305660,9154,1
9155,1146071430144,1146071430176,1146071430223,9155,1
9156,1146071555208,1146071555240,1146071555285,9156,1
9157,1146071680244,1146071680276,1146071680322,9157,1
9158,1146071805143,1146071805175,1146071805222,9158,1
9159,1146071922645,1146071922678,1146071922724,9159,1
9160,1146072060488,1146072060520,1146072060569,9160,1
9161,1146072178663,1146072178696,1146072178742,9161,1
9162,1146072303642,1146072303675,1146072303722,9162,1
9163,1146072552017,1146072552052,1146072552153,9163,1
9164,1146072562659,1146072562694,1146072562738,9164,1
9165,1146072678513,1146072678545,1146072678595,9165,1
9166,1146072805148,1146072805184,1146072805283,9166,1
9167,1146072928402,1146072928435,1146072928481,9167,1
9168,1146073057087,1146073057121,1146073057293,9168,1
9169,1146073178907,1146073178939,1146073179049,9169,1
9170,1146073320601,1146073320637,1146073320688,9170,1
9171,1146073429021,1146073429054,1146073429167,9171,1
9172,1146073553493,1146073553525,1146073553570,9172,1
9173,1146073678580,1146073678613,1146073678718,9173,1
9174,1146073803503,1146073803535,1146073803578,9174,1
9175,1146073928650,1146073928682,1146073928792,9175,1
9176,1146074053682,1146074053715,1146074053763,9176,1
9177,1146074178772,1146074178804,1146074178926,9177,1
9178,1146074303584,1146074303617,1146074303665,9178,1
9179,1146074428740,1146074428773,1146074428889,9179,1
9180,1146074553470,1146074553503,1146074553555,9180,1
9181,1146074678582,1146074678614,1146074678745,9181,1
9182,1146074803438,1146074803471,1146074803521,9182,1
9183,1146074928513,1146074928546,1146074928595,9183,1
9184,1146075053494,1146075053526,1146075053575,9184,1
9185,1146075178452,1146075178484,1146075178533,9185,1
9186,1146075302618,1146075302651,1146075302701,9186,1
9187,1146075480290,1146075480323,1146075480473,9187,1
9188,1146075553871,1146075553904,1146075553950,9188,1
9189,1146075678590,1146075678622,1146075678672,9189,1
9190,1146075867057,1146075867093,1146075867193,9190,1
9191,1146075922628,1146075922661,1146075922707,9191,1
9192,1146076060514,1146076060619,1146076060667,9192,1
9193,1146076191907,1146076191947,1146076192016,9193,1
9194,1146076304713,1146076304746,1146076304794,9194,1
9195,1146076428084,1146076428117,1146076428166,9195,1
9196,1146076600507,1146076600551,1146076600658,9196,1
9197,1146076706509,1146076706541,1146076706613,9197,1
9198,1146076804185,1146076804218,1146076804266,9198,1
9199,1146076928409,1146076928443,1146076928488,9199,1
9200,1146077053398,1146077053431,1146077053477,9200,1
9201,1146077178439,1146077178472,1146077178637,9201,1
9202,1146077331657,1146077331690,1146077331740,9202,1
9203,1146077428837,1146077428868,1146077428990,9203,1
9204,1146077553877,1146077553910,1146077553957,9204,1
9205,1146077678650,1146077678683,1146077678891,9205,1
9206,1146077802766,1146077802798,1146077802843,9206,1
9207,1146077943519,1146077943551,1146077943789,9207,1
9208,1146078053580,1146078053613,1146078053658,9208,1
9209,1146078178510,1146078178543,1146078178592,9209,1
9210,1146078303493,1146078303526,1146078303573,9210,1
9211,1146078428429,1146078428462,1146078428516,9211,1
9212,1146078553810,1146078553842,1146078553899,9212,1
9213,1146078678730,1146078678763,1146078678816,9213,1
9214,1146078803593,1146078803625,1146078803678,9214,1
9215,1146078928598,1146078928631,1146078928681,9215,1
9216,1146079053575,1146079053608,1146079053656,9216,1
9217,1146079178659,1146079178692,1146079178743,9217,1
9218,1146079303359,1146079303392,1146079303440,9218,1
9219,1146079428448,1146079428480,1146079428529,9219,1
9220,1146079554008,1146079554042,1146079554148,9220,1
9221,1146079678748,1146079678780,1146079678828,9221,1
9222,1146079871459,1146079871491,1146079871592,9222,1
9223,1146079923169,1146079923200,1146079923247,9223,1
9224,1146080060062,1146080060168,1146080060212,9224,1
9225,1146080178723,1146080178755,1146080178927,9225,1
9226,1146080303767,1146080303799,1146080303846,9226,1
9227,1146080428560,1146080428593,1146080428797,9227,1
9228,1146080553608,1146080553641,1146080553683,9228,1
9229,1146080678886,1146080678919,1146080679099,9229,1
9230,1146080803569,1146080803602,1146080803656,9230,1
9231,1146080928386,1146080928418,1146080928467,9231,1
9232,1146081053029,1146081053061,1146081053114,9232,1
9233,1146081177981,1146081178012,1146081178059,9233,1
9234,1146081352545,1146081352579,1146081352753,9234,1
9235,1146081430311,1146081430344,1146081430457,9235,1
9236,1146081554798,1146081554830,1146081554872,9236,1
9237,1146081680030,1146081680062,1146081680171,9237,1
9238,1146081804768,1146081804800,1146081804841,9238,1
9239,1146081929722,1146081929755,1146081929863,9239,1
9240,1146082054878,1146082054910,1146082054953,9240,1
9241,1146082179896,1146082179929,1146082180033,9241,1
9242,1146082304804,1146082304835,1146082304880,9242,1
9243,1146082429686,1146082429717,1146082429815,9243,1
9244,1146082554662,1146082554694,1146082554736,9244,1
9245,1146082679709,1146082679740,1146082679859,9245,1
9246,1146082804865,1146082804897,1146082804940,9246,1
9247,1146082929750,1146082929781,1146082929826,9247,1
9248,1146083054805,1146083054836,1146083054880,9248,1
9249,1146083179700,1146083179732,1146083179775,9249,1
9250,1146083305401,1146083305433,1146083305477,9250,1
9251,1146083430284,1146083430317,1146083430366,9251,1
9252,1146083555251,1146083555283,1146083555333,9252,1
9253,1146083680633,1146083680666,1146083680714,9253,1
9254,1146083805522,1146083805555,1146083805660,9254,1
9255,1146083922796,1146083922829,1146083922882,9255,1
9256,1146084060054,1146084060159,1146084060205,9256,1
9257,1146084255030,1146084255062,1146084255114,9257,1
9258,1146084304082,1146084304115,1146084304161,9258,1
9259,1146084435064,1146084435097,1146084435202,9259,1
9260,1146084553758,1146084553790,1146084553836,9260,1
9261,1146084678620,1146084678653,1146084678699,9261,1
9262,1146084803587,1146084803620,1146084803663,9262,1
9263,1146084928379,1146084928412,1146084928598,9263,1
9264,1146085053490,1146085053523,1146085053570,9264,1
9265,1146085178941,1146085178972,1146085179138,9265,1
9266,1146085325048,1146085325080,1146085325128,9266,1
9267,1146085428489,1146085428521,1146085428685,9267,1
9268,1146085553653,1146085553685,1146085553862,9268,1
9269,1146085678655,1146085678688,1146085678802,9269,1
9270,1146085803689,1146085803722,1146085803767,9270,1
9271,1146085928904,1146085928936,1146085928978,9271,1
9272,1146086053832,1146086053864,1146086053908,9272,1
9273,1146086178418,1146086178451,1146086178494,9273,1
9274,1146086303419,1146086303451,1146086303494,9274,1
9275,1146086428502,1146086428535,1146086428577,9275,1
9276,1146086552477,1146086552511,1146086552554,9276,1
9277,1146086685105,1146086685138,1146086685237,9277,1
9278,1146086803440,1146086803473,1146086803520,9278,1
9279,1146086942772,1146086942807,1146086942921,9279,1
9280,1146087054453,1146087054486,1146087054533,9280,1
9281,1146087178485,1146087178519,1146087178567,9281,1
9282,1146087303703,1146087303735,1146087303784,9282,1
9283,1146087428618,1146087428650,1146087428704,9283,1
9284,1146087553573,1146087553605,1146087553655,9284,1
9285,1146087677496,1146087677527,1146087677576,9285,1
9286,1146087868682,1146087868717,1146087868814,9286,1
9287,1146087923010,1146087923042,1146087923150,9287,1
9288,1146088060520,1146088060622,1146088060670,9288,1
9289,1146088178576,1146088178609,1146088178657,9289,1
9290,1146088303734,1146088303768,1146088303814,9290,1
9291,1146088428547,1146088428580,1146088428625,9291,1
9292,1146088553395,1146088553428,1146088553478,9292,1
9293,1146088678819,1146088678850,1146088678897,9293,1
9294,1146088803733,1146088803766,1146088803813,9294,1
9295,1146088928745,1146088928777,1146088928824,9295,1
9296,1146089053719,1146089053752,1146089053798,9296,1
9297,1146089178460,1146089178493,1146089178542,9297,1
9298,1146089328818,1146089328851,1146089328902,9298,1
9299,1146089428655,1146089428688,1146089428735,9299,1
9300,1146089553626,1146089553659,1146089553704,9300,1
9301,1146089678574,1146089678606,1146089678771,9301,1
9302,1146089803628,1146089803661,1146089803704,9302,1
9303,1146089928746,1146089928778,1146089928900,9303,1
9304,1146090053818,1146090053850,1146090053896,9304,1
9305,1146090178594,1146090178627,1146090178746,9305,1
9306,1146090303525,1146090303558,1146090303605,9306,1
9307,1146090428484,1146090428516,1146090428642,9307,1
9308,1146090553434,1146090553466,1146090553512,9308,1
9309,1146090678527,1146090678559,1146090678666,9309,1
9310,1146090803471,1146090803503,1146090803549,9310,1
9311,1146090928684,1146090928717,1146090928820,9311,1
9312,1146091053595,1146091053628,1146091053674,9312,1
9313,1146091178779,1146091178811,1146091178857,9313,1
9314,1146091302555,1146091302588,1146091302633,9314,1
9315,1146091436137,1146091436170,1146091436270,9315,1
9316,1146091553396,1146091553429,1146091553474,9316,1
9317,1146091678499,1146091678532,1146091678579,9317,1
9318,1146091887830,1146091887866,1146091887966,9318,1
9319,1146091923419,1146091923452,1146091923499,9319,1
9320,1146092060607,1146092060716,1146092060818,9320,1
9321,1146092178813,1146092178845,1146092178892,9321,1
9322,1146092393857,1146092393890,1146092393937,9322,1
9323,1146092428922,1146092428954,1146092429000,9323,1
9324,1146092553450,1146092553482,1146092553530,9324,1
9325,1146092678485,1146092678517,1146092678626,9325,1
9326,1146092803517,1146092803548,1146092803596,9326,1
9327,1146092928523,1146092928557,1146092928661,9327,1
9328,1146093053308,1146093053339,1146093053384,9328,1
9329,1146093178594,1146093178626,1146093178733,9329,1
9330,1146093329799,1146093329832,1146093329880,9330,1
9331,1146093428784,1146093428816,1146093428926,9331,1
9332,1146093553017,1146093553047,1146093553094,9332,1
9333,1146093677991,1146093678022,1146093678342,9333,1
9334,1146093802961,1146093802994,1146093803038,9334,1
9335,1146093927954,1146093927986,1146093928160,9335,1
9336,1146094053145,1146094053177,1146094053225,9336,1
9337,1146094178071,1146094178103,1146094178149,9337,1
9338,1146094303338,1146094303370,1146094303416,9338,1
9339,1146094428066,1146094428097,1146094428147,9339,1
9340,1146094553070,1146094553101,1146094553152,9340,1
9341,1146094678205,1146094678236,1146094678283,9341,1
9342,1146094803177,1146094803209,1146094803258,9342,1
9343,1146094928156,1146094928187,1146094928238,9343,1
9344,1146095053039,1146095053071,1146095053126,9344,1
9345,1146095177995,1146095178026,1146095178076,9345,1
9346,1146095303258,1146095303290,1146095303336,9346,1
9347,1146095428129,1146095428160,1146095428209,9347,1
9348,1146095552163,1146095552194,1146095552241,9348,1
9349,1146096488665,1146096488769,1146096489133,9349,1
9350,1146096501609,1146096501643,1146096501686,9350,1
9351,1146096502711,1146096502742,1146096502907,9351,1
9352,1146096503605,1146096503636,1146096503677,9352,1
9353,1146096504179,1146096504212,1146096504281,9353,1
9354,1146096504827,1146096504858,1146096504899,9354,1
9355,1146096514068,1146096514099,1146096514286,9355,1
9356,1146096560022,1146096560053,1146096560100,9356,1
9357,1146096801408,1146096801444,1146096801558,9357,1
9358,1146096819405,1146096819438,1146096819485,9358,1
9359,1146096933276,1146096933307,1146096933370,9359,1
9360,1146097058365,1146097058395,1146097058445,9360,1
9361,1146097182762,1146097182794,1146097182982,9361,1
9362,1146097326635,1146097326668,1146097326776,9362,1
9363,1146097428710,1146097428741,1146097428785,9363,1
9364,1146097553422,1146097553452,1146097553498,9364,1
9365,1146097678120,1146097678152,1146097678196,9365,1
9366,1146097803076,1146097803108,1146097803155,9366,1
9367,1146097927991,1146097928023,1146097928094,9367,1
9368,1146098053116,1146098053149,1146098053319,9368,1
9369,1146098178499,1146098178532,1146098178648,9369,1
9370,1146098302445,1146098302476,1146098302528,9370,1
9371,1146098430441,1146098430472,1146098430580,9371,1
9372,1146098555085,1146098555117,1146098555162,9372,1
9373,1146098679821,1146098679852,1146098679897,9373,1
9374,1146098804863,1146098804895,1146098804941,9374,1
9375,1146098929769,1146098929799,1146098929844,9375,1
9376,1146099054815,1146099054846,1146099054890,9376,1
9377,1146099180354,1146099180386,1146099180430,9377,1
9378,1146099305290,1146099305322,1146099305368,9378,1
9379,1146099430547,1146099430579,1146099430681,9379,1
9380,1146099555516,1146099555548,1146099555594,9380,1
9381,1146099680172,1146099680204,1146099680322,9381,1
9382,1146099855522,1146099855554,1146099855603,9382,1
9383,1146099922881,1146099922914,1146099923027,9383,1
9384,1146100060396,1146100060429,1146100060474,9384,1
9385,1146100178767,1146100178868,1146100178978,9385,1
9386,1146100303526,1146100303559,1146100303602,9386,1
9387,1146100428957,1146100428988,1146100429154,9387,1
9388,1146100553921,1146100553954,1146100554000,9388,1
9389,1146100678910,1146100678942,1146100679043,9389,1
9390,1146100803453,1146100803487,1146100803533,9390,1
9391,1146100928416,1146100928450,1146100928560,9391,1
9392,1146101052520,1146101052554,1146101052601,9392,1
9393,1146101250687,1146101250719,1146101250879,9393,1
9394,1146101323501,1146101323534,1146101323649,9394,1
9395,1146101428669,1146101428702,1146101428808,9395,1
9396,1146101554028,1146101554061,1146101554106,9396,1
9397,1146101678768,1146101678801,1146101678904,9397,1
9398,1146101803844,1146101803877,1146101803924,9398,1
9399,1146101928481,1146101928513,1146101928712,9399,1
9400,1146102052579,1146102052613,1146102052662,9400,1
9401,1146102185185,1146102185219,1146102185428,9401,1
9402,1146102303766,1146102303799,1146102303850,9402,1
9403,1146102428503,1146102428535,1146102428647,9403,1
9404,1146102553697,1146102553729,1146102553775,9404,1
9405,1146102678888,1146102678920,1146102679050,9405,1
9406,1146102803745,1146102803778,1146102803826,9406,1
9407,1146102928500,1146102928533,1146102928653,9407,1
9408,1146103053621,1146103053654,1146103053700,9408,1
9409,1146103178728,1146103178760,1146103178876,9409,1
9410,1146103303611,1146103303643,1146103303688,9410,1
9411,1146103427665,1146103427697,1146103427801,9411,1
9412,1146103563634,1146103563667,1146103563766,9412,1
9413,1146103680582,1146103680613,1146103680726,9413,1
9414,1146103805347,1146103805380,1146103805425,9414,1
9415,1146103922540,1146103922573,1146103922679,9415,1
9416,1146104060555,1146104060591,1146104060641,9416,1
9417,1146104178745,1146104178847,1146104178892,9417,1
9418,1146104303393,1146104303426,1146104303472,9418,1
9419,1146104428468,1146104428504,1146104428552,9419,1
9420,1146104553396,1146104553430,1146104553532,9420,1
9421,1146104678589,1146104678622,1146104678669,9421,1
9422,1146104803956,1146104803992,1146104804042,9422,1
9423,1146104928306,1146104928340,1146104928385,9423,1
9424,1146105053337,1146105053370,1146105053417,9424,1
9425,1146105178318,1146105178354,1146105178399,9425,1
9426,1146105327052,1146105327084,1146105327138,9426,1
9427,1146105427719,1146105427752,1146105427799,9427,1
9428,1146105561289,1146105561324,1146105561421,9428,1
9429,1146105679170,1146105679202,1146105679247,9429,1
9430,1146105865345,1146105865380,1146105865479,9430,1
9431,1146105944430,1146105944466,1146105944566,9431,1
9432,1146106055274,1146106055308,1146106055351,9432,1
9433,1146106180278,1146106180309,1146106180354,9433,1
9434,1146106305118,1146106305150,1146106305198,9434,1
9435,1146106430314,1146106430346,1146106430499,9435,1
9436,1146106555561,1146106555594,1146106555641,9436,1
9437,1146106680704,1146106680737,1146106680857,9437,1
9438,1146106805510,1146106805542,1146106805592,9438,1
9439,1146106930758,1146106930791,1146106930911,9439,1
9440,1146107055322,1146107055354,1146107055404,9440,1
9441,1146107180643,1146107180675,1146107180724,9441,1
9442,1146107305245,1146107305276,1146107305327,9442,1
9443,1146107430496,1146107430529,1146107430577,9443,1
9444,1146107555069,1146107555101,1146107555145,9444,1
9445,1146107680070,1146107680103,1146107680152,9445,1
9446,1146107805124,1146107805157,1146107805205,9446,1
9447,1146107922794,1146107922826,1146107922879,9447,1
9448,1146108059921,1146108059953,1146108060000,9448,1
9449,1146108178920,1146108179021,1146108179067,9449,1
9450,1146108303858,1146108303890,1146108303936,9450,1
9451,1146108428458,1146108428490,1146108428537,9451,1
9452,1146108553510,1146108553542,1146108553587,9452,1
9453,1146108678476,1146108678507,1146108678554,9453,1
9454,1146108804051,1146108804083,1146108804185,9454,1
9455,1146108928700,1146108928732,1146108928780,9455,1
9456,1146109053679,1146109053712,1146109053757,9456,1
9457,1146109178552,1146109178584,1146109178632,9457,1
9458,1146109320307,1146109320339,1146109320388,9458,1
9459,1146109428685,1146109428718,1146109428763,9459,1
9460,1146109553903,1146109553936,1146109553981,9460,1
9461,1146109678735,1146109678767,1146109679027,9461,1
9462,1146109803637,1146109803670,1146109803715,9462,1
9463,1146109928508,1146109928542,1146109928588,9463,1
9464,1146110053914,1146110053947,1146110053992,9464,1
9465,1146110178634,1146110178668,1146110178714,9465,1
9466,1146110303438,1146110303471,1146110303517,9466,1
9467,1146110428536,1146110428568,1146110428614,9467,1
9468,1146110553251,1146110553282,1146110553465,9468,1
9469,1146110678854,1146110678887,1146110678990,9469,1
9470,1146110803669,1146110803701,1146110803747,9470,1
9471,1146110928639,1146110928672,1146110928781,9471,1
9472,1146111053703,1146111053737,1146111053786,9472,1
9473,1146111177907,1146111177939,1146111178037,9473,1
9474,1146111310330,1146111310364,1146111310461,9474,1
9475,1146111427802,1146111427834,1146111427938,9475,1
9476,1146111563362,1146111563395,1146111563493,9476,1
9477,1146111680328,1146111680360,1146111680478,9477,1
9478,1146111805458,1146111805490,1146111805535,9478,1
9479,1146111922696,1146111922728,1146111922841,9479,1
9480,1146112060120,1146112060151,1146112060196,9480,1
9481,1146112178774,1146112178877,1146112178924,9481,1
9482,1146112303385,1146112303418,1146112303464,9482,1
9483,1146112428471,1146112428503,1146112428550,9483,1
9484,1146112553415,1146112553449,1146112553494,9484,1
9485,1146112678463,1146112678495,1146112678540,9485,1
9486,1146112803452,1146112803484,1146112803531,9486,1
9487,1146112928526,1146112928558,1146112928659,9487,1
9488,1146113053706,1146113053740,1146113053784,9488,1
9489,1146113178698,1146113178731,1146113178827,9489,1
9490,1146113457419,1146113457456,1146113457554,9490,1
9491,1146113475954,1146113475986,1146113476085,9491,1
9492,1146113554137,1146113554169,1146113554214,9492,1
9493,1146113677797,1146113677829,1146113677943,9493,1
9494,1146113872168,1146113872200,1146113872298,9494,1
9495,1146113928544,1146113928576,1146113928697,9495,1
9496,1146114053670,1146114053701,1146114053745,9496,1
9497,1146114215895,1146114215931,1146114216091,9497,1
9498,1146114304259,1146114304292,1146114304340,9498,1
9499,1146114428508,1146114428541,1146114428624,9499,1
9500,1146114553405,1146114553439,1146114553481,9500,1
9501,1146114678331,1146114678363,1146114678534,9501,1
9502,1146114808464,1146114808497,1146114808629,9502,1
9503,1146114978464,1146114978497,1146114978670,9503,1
9504,1146115054433,1146115054466,1146115054510,9504,1
9505,1146115178722,1146115178754,1146115178856,9505,1
9506,1146115303709,1146115303741,1146115303786,9506,1
9507,1146115428501,1146115428534,1146115428636,9507,1
9508,1146115553475,1146115553508,1146115553558,9508,1
9509,1146115678356,1146115678389,1146115678509,9509,1
9510,1146115883625,1146115883658,1146115883756,9510,1
9511,1146115922762,1146115922795,1146115922917,9511,1
9512,1146116060637,1146116060671,1146116060723,9512,1
9513,1146116178793,1146116178895,1146116179005,9513,1
9514,1146116330194,1146116330227,1146116330279,9514,1
9515,1146116496138,1146116496174,1146116496349,9515,1
9516,1146116554448,1146116554481,1146116554528,9516,1
9517,1146116678720,1146116678752,1146116678860,9517,1
9518,1146116803833,1146116803865,1146116803916,9518,1
9519,1146116928595,1146116928628,1146116928745,9519,1
9520,1146117053850,1146117053883,1146117053988,9520,1
9521,1146117178892,1146117178930,1146117179044,9521,1
9522,1146117335623,1146117335656,1146117335709,9522,1
9523,1146117429115,1146117429147,1146117429248,9523,1
9524,1146117564514,1146117564547,1146117564597,9524,1
9525,1146117678494,1146117678527,1146117678632,9525,1
9526,1146117803698,1146117803730,1146117803782,9526,1
9527,1146117927496,1146117927529,1146117927636,9527,1
9528,1146118089770,1146118089803,1146118089903,9528,1
9529,1146118178737,1146118178769,1146118178870,9529,1
9530,1146118303633,1146118303666,1146118303715,9530,1
9531,1146118529689,1146118529722,1146118529892,9531,1
9532,1146118564290,1146118564323,1146118564370,9532,1
9533,1146118678660,1146118678693,1146118678813,9533,1
9534,1146118803757,1146118803789,1146118803834,9534,1
9535,1146118928390,1146118928422,1146118928602,9535,1
9536,1146119053898,1146119053930,1146119053982,9536,1
9537,1146119179194,1146119179227,1146119179348,9537,1
9538,1146119303522,1146119303555,1146119303605,9538,1
9539,1146119429188,1146119429220,1146119429273,9539,1
9540,1146119553618,1146119553652,1146119553701,9540,1
9541,1146119678418,1146119678450,1146119678504,9541,1
9542,1146119802516,1146119802549,1146119802602,9542,1
9543,1146119929583,1146119929615,1146119929724,9543,1
9544,1146120059857,1146120059890,1146120059939,9544,1
9545,1146120178627,1146120178728,1146120178776,9545,1
9546,1146120304251,1146120304283,1146120304330,9546,1
9547,1146120428612,1146120428645,1146120428760,9547,1
9548,1146120553963,1146120553995,1146120554041,9548,1
9549,1146120678657,1146120678689,1146120678802,9549,1
9550,1146120803273,1146120803305,1146120803352,9550,1
9551,1146120928378,1146120928410,1146120928528,9551,1
9552,1146121053327,1146121053361,1146121053405,9552,1
9553,1146121178701,1146121178739,1146121178866,9553,1
9554,1146121332562,1146121332598,1146121332765,9554,1
9555,1146121430333,1146121430367,1146121430475,9555,1
9556,1146121555810,1146121555842,1146121555888,9556,1
9557,1146121680669,1146121680700,1146121680812,9557,1
9558,1146121805356,1146121805388,1146121805439,9558,1
9559,1146121930740,1146121930772,1146121930876,9559,1
9560,1146122055328,1146122055361,1146122055405,9560,1
9561,1146122180348,1146122180380,1146122180495,9561,1
9562,1146122305147,1146122305179,1146122305226,9562,1
9563,1146122430185,1146122430218,1146122430328,9563,1
9564,1146122555444,1146122555475,1146122555522,9564,1
9565,1146122680271,1146122680304,1146122680427,9565,1
9566,1146122805219,1146122805252,1146122805298,9566,1
9567,1146122930276,1146122930309,1146122930425,9567,1
9568,1146123055426,1146123055458,1146123055622,9568,1
9569,1146123180337,1146123180370,1146123180495,9569,1
9570,1146123305671,1146123305704,1146123305750,9570,1
9571,1146123430414,1146123430446,1146123430491,9571,1
9572,1146123555447,1146123555480,1146123555524,9572,1
9573,1146123680587,1146123680620,1146123680665,9573,1
9574,1146123858538,1146123858570,1146123858627,9574,1
9575,1146123922467,1146123922499,1146123922547,9575,1
9576,1146124059844,1146124059877,1146124059928,9576,1
9577,1146124178647,1146124178748,1146124178793,9577,1
9578,1146124303835,1146124303866,1146124303912,9578,1
9579,1146124428570,1146124428602,1146124428649,9579,1
9580,1146124553606,1146124553639,1146124553685,9580,1
9581,1146124678606,1146124678638,1146124678684,9581,1
9582,1146124803535,1146124803568,1146124803614,9582,1
9583,1146124928552,1146124928585,1146124928630,9583,1
9584,1146125053433,1146125053466,1146125053512,9584,1
9585,1146125178548,1146125178579,1146125178626,9585,1
9586,1146125328312,1146125328346,1146125328394,9586,1
9587,1146125430357,1146125430390,1146125430555,9587,1
9588,1146125589463,1146125589493,1146125589542,9588,1
9589,1146125682706,1146125682738,1146125683110,9589,1
9590,1146125804988,1146125805020,1146125805064,9590,1
9591,1146125929775,1146125929805,1146125930113,9591,1
9592,1146126054941,1146126054972,1146126055031,9592,1
9593,1146126179854,1146126179886,1146126180067,9593,1
9594,1146126304655,1146126304686,1146126304731,9594,1
9595,1146126429781,1146126429812,1146126430008,9595,1
9596,1146126554576,1146126554607,1146126554652,9596,1
9597,1146126727100,1146126727131,1146126727398,9597,1
9598,1146126804804,1146126804836,1146126804884,9598,1
9599,1146126929996,1146126930028,1146126930202,9599,1
9600,1146127054688,1146127054720,1146127054765,9600,1
9601,1146127179698,1146127179730,1146127179900,9601,1
9602,1146127304816,1146127304847,1146127304948,9602,1
9603,1146127429376,1146127429408,1146127429599,9603,1
9604,1146127576463,1146127576495,1146127576543,9604,1
9605,1146127679795,1146127679826,1146127680009,9605,1
9606,1146127804859,1146127804891,1146127804936,9606,1
9607,1146127922438,1146127922470,1146127922624,9607,1
9608,1146128061665,1146128061697,1146128061741,9608,1
9609,1146128178073,1146128178173,1146128178333,9609,1
9610,1146128303079,1146128303110,1146128303158,9610,1
9611,1146128428135,1146128428166,1146128428337,9611,1
9612,1146128552989,1146128553022,1146128553068,9612,1
9613,1146128677913,1146128677945,1146128677988,9613,1
9614,1146128802904,1146128802936,1146128802980,9614,1
9615,1146128928226,1146128928258,1146128928302,9615,1
9616,1146129053293,1146129053325,1146129053369,9616,1
9617,1146129177951,1146129177981,1146129178157,9617,1
9618,1146129327850,1146129327881,1146129327928,9618,1
9619,1146129430194,1146129430225,1146129430390,9619,1
9620,1146129554832,1146129554862,1146129554961,9620,1
9621,1146129679713,1146129679744,1146129679917,9621,1
9622,1146129804827,1146129804860,1146129804903,9622,1
9623,1146130003408,1146130003440,1146130003614,9623,1
9624,1146130054991,1146130055023,1146130055067,9624,1
9625,1146130179776,1146130179808,1146130179968,9625,1
9626,1146130304681,1146130304714,1146130304760,9626,1
9627,1146130429924,1146130429956,1146130430117,9627,1
9628,1146130554646,1146130554678,1146130554721,9628,1
9629,1146130679402,1146130679433,1146130679615,9629,1
9630,1146130805260,1146130805293,1146130805338,9630,1
9631,1146131178378,1146131178412,1146131178593,9631,1
9632,1146131188340,1146131188373,1146131188417,9632,1
9633,1146131189093,1146131189126,1146131189312,9633,1
9634,1146131311426,1146131311459,1146131311509,9634,1
9635,1146131434303,1146131434336,1146131434511,9635,1
9636,1146131559994,1146131560027,1146131560075,9636,1
9637,1146131687649,1146131687681,1146131687788,9637,1
9638,1146131808588,1146131808621,1146131808666,9638,1
9639,1146131925501,1146131925532,1146131925608,9639,1
9640,1146132062168,1146132062201,1146132062246,9640,1
9641,1146132186814,1146132186916,1146132187159,9641,1
9642,1146132305536,1146132305568,1146132305615,9642,1
9643,1146132429982,1146132430015,1146132430129,9643,1
9644,1146132554750,1146132554782,1146132554831,9644,1
9645,1146132679774,1146132679805,1146132679912,9645,1
9646,1146132804734,1146132804766,1146132804813,9646,1
9647,1146132929268,1146132929301,1146132929414,9647,1
9648,1146133054534,1146133054566,1146133054614,9648,1
9649,1146133178773,1146133178806,1146133178925,9649,1
9650,1146133334919,1146133334954,1146133335003,9650,1
9651,1146133429522,1146133429555,1146133429631,9651,1
9652,1146133553904,1146133553937,1146133553980,9652,1
9653,1146133678897,1146133678930,1146133679014,9653,1
9654,1146133804052,1146133804084,1146133804188,9654,1
9655,1146133976294,1146133976337,1146133976433,9655,1
9656,1146134094892,1146134094925,1146134094969,9656,1
9657,1146134179230,1146134179262,1146134179344,9657,1
9658,1146134303670,1146134303702,1146134303748,9658,1
9659,1146134428811,1146134428843,1146134429032,9659,1
9660,1146134554216,1146134554249,1146134554295,9660,1
9661,1146134678712,1146134678743,1146134678919,9661,1
9662,1146134803701,1146134803733,1146134803779,9662,1
9663,1146134928433,1146134928466,1146134928626,9663,1
9664,1146135768818,1146135768875,1146135769194,9664,1
9665,1146135781338,1146135781371,1146135781479,9665,1
9666,1146135782208,1146135782242,1146135782283,9666,1
9667,1146135876354,1146135876390,1146135876523,9667,1
9668,1146135877710,1146135877748,1146135877790,9668,1
9669,1146135878294,1146135878326,1146135878447,9669,1
9670,1146135890091,1146135890123,1146135890179,9670,1
9671,1146135933220,1146135933252,1146135933382,9671,1
9672,1146136062108,1146136062141,1146136062239,9672,1
9673,1146136183688,1146136183790,1146136183968,9673,1
9674,1146136308562,1146136308595,1146136308645,9674,1
9675,1146136432418,1146136432451,1146136432522,9675,1
9676,1146136553689,1146136553721,1146136553767,9676,1
9677,1146136678574,1146136678606,1146136678652,9677,1
9678,1146136803524,1146136803557,1146136803599,9678,1
9679,1146136928390,1146136928423,1146136928469,9679,1
9680,1146137053408,1146137053441,1146137053486,9680,1
9681,1146137231792,1146137231829,1146137231926,9681,1
9682,1146137334909,1146137334942,1146137334991,9682,1
9683,1146137428881,1146137428914,1146137428959,9683,1
9684,1146137553740,1146137553774,1146137553820,9684,1
9685,1146137678609,1146137678642,1146137678800,9685,1
9686,1146137802708,1146137802741,1146137802784,9686,1
9687,1146138156058,1146138156115,1146138156400,9687,1
9688,1146138183254,1146138183286,1146138183328,9688,1
9689,1146138193371,1146138193404,1146138193578,9689,1
9690,1146138310409,1146138310443,1146138310495,9690,1
9691,1146138435507,1146138435539,1146138435847,9691,1
9692,1146138560171,1146138560204,1146138560254,9692,1
9693,1146138684769,1146138684801,1146138685013,9693,1
9694,1146138812983,1146138813016,1146138813065,9694,1
9695,1146138934029,1146138934061,1146138934232,9695,1
9696,1146139058261,1146139058293,1146139058340,9696,1
9697,1146139182602,1146139182635,1146139182685,9697,1
9698,1146139307381,1146139307415,1146139307464,9698,1
9699,1146139432657,1146139432691,1146139432737,9699,1
9700,1146139561673,1146139561706,1146139561756,9700,1
9701,1146139865035,1146139865071,1146139865296,9701,1
9702,1146139885382,1146139885413,1146139885462,9702,1
9703,1146139924386,1146139924418,1146139924545,9703,1
9704,1146140062159,1146140062193,1146140062239,9704,1
9705,1146140179688,1146140179791,1146140179907,9705,1
9706,1146140304316,1146140304348,1146140304394,9706,1
9707,1146140429674,1146140429707,1146140429828,9707,1
9708,1146140613434,1146140613466,1146140613514,9708,1
9709,1146140679766,1146140679799,1146140679893,9709,1
9710,1146140810073,1146140810108,1146140810158,9710,1
9711,1146140929240,1146140929273,1146140929369,9711,1
9712,1146141053192,1146141053225,1146141053270,9712,1
9713,1146141279926,1146141279958,1146141280117,9713,1
9714,1146141346687,1146141346719,1146141346765,9714,1
9715,1146141429270,1146141429302,1146141429402,9715,1
9716,1146141554285,1146141554318,1146141554364,9716,1
9717,1146141678889,1146141678922,1146141679248,9717,1
9718,1146141804460,1146141804493,1146141804539,9718,1
9719,1146141928745,1146141928777,1146141928939,9719,1
9720,1146142053965,1146142053997,1146142054096,9720,1
9721,1146142178753,1146142178785,1146142178970,9721,1
9722,1146142303621,1146142303653,1146142303701,9722,1
9723,1146142428515,1146142428548,1146142428733,9723,1
9724,1146142554209,1146142554241,1146142554286,9724,1
9725,1146142678659,1146142678692,1146142678858,9725,1
9726,1146142803532,1146142803564,1146142803614,9726,1
9727,1146142928552,1146142928584,1146142928637,9727,1
9728,1146143053595,1146143053628,1146143053682,9728,1
9729,1146143178746,1146143178779,1146143178827,9729,1
9730,1146143303472,1146143303505,1146143303553,9730,1
9731,1146143428611,1146143428643,1146143428692,9731,1
9732,1146143559695,1146143559727,1146143559778,9732,1
9733,1146143678493,1146143678526,1146143678571,9733,1
9734,1146143852892,1146143852928,1146143853135,9734,1
9735,1146143923166,1146143923199,1146143923301,9735,1
9736,1146144059981,1146144060014,1146144060059,9736,1
9737,1146144178771,1146144178876,1146144178982,9737,1
9738,1146144303526,1146144303558,1146144303603,9738,1
9739,1146144428636,1146144428668,1146144428765,9739,1
9740,1146144553393,1146144553425,1146144553470,9740,1
9741,1146144678711,1146144678743,1146144678954,9741,1
9742,1146144803900,1146144803933,1146144803979,9742,1
9743,1146144928698,1146144928731,1146144928777,9743,1
9744,1146145053519,1146145053552,1146145053597,9744,1
9745,1146145178467,1146145178498,1146145178545,9745,1
9746,1146145338213,1146145338246,1146145338294,9746,1
9747,1146145430789,1146145430821,1146145430867,9747,1
9748,1146145555514,1146145555546,1146145555592,9748,1
9749,1146145680509,1146145680542,1146145680589,9749,1
9750,1146145805428,1146145805461,1146145805507,9750,1
9751,1146145930524,1146145930556,1146145930603,9751,1
9752,1146146055448,1146146055481,1146146055532,9752,1
9753,1146146180484,1146146180516,1146146180561,9753,1
9754,1146146305582,1146146305614,1146146305718,9754,1
9755,1146146430305,1146146430337,1146146430383,9755,1
9756,1146146555359,1146146555392,1146146555443,9756,1
9757,1146146680339,1146146680370,1146146680416,9757,1
9758,1146146805557,1146146805590,1146146805634,9758,1
9759,1146146930161,1146146930193,1146146930387,9759,1
9760,1146147055211,1146147055244,1146147055291,9760,1
9761,1146147180316,1146147180347,1146147180527,9761,1
9762,1146147305323,1146147305355,1146147305407,9762,1
9763,1146147430247,1146147430278,1146147430328,9763,1
9764,1146147555241,1146147555272,1146147555322,9764,1
9765,1146147680352,1146147680385,1146147680431,9765,1
9766,1146148312725,1146148312830,1146148313020,9766,1
9767,1146148323761,1146148323796,1146148323923,9767,1
9768,1146148324571,1146148324604,1146148324645,9768,1
9769,1146148325126,1146148325157,1146148325266,9769,1
9770,1146148326085,1146148326123,1146148326165,9770,1
9771,1146148429549,1146148429581,1146148429693,9771,1
9772,1146148553512,1146148553545,1146148553591,9772,1
9773,1146148678717,1146148678749,1146148678869,9773,1
9774,1146148803979,1146148804010,1146148804056,9774,1
9775,1146148928559,1146148928592,1146148928705,9775,1
9776,1146149053411,1146149053445,1146149053491,9776,1
9777,1146149178387,1146149178420,1146149178535,9777,1
9778,1146149323348,1146149323383,1146149323431,9778,1
9779,1146149428988,1146149429020,1146149429141,9779,1
9780,1146149553511,1146149553544,1146149553588,9780,1
9781,1146149678571,1146149678603,1146149678769,9781,1
9782,1146149803494,1146149803527,1146149803573,9782,1
9783,1146149928529,1146149928561,1146149928690,9783,1
9784,1146150053466,1146150053499,1146150053544,9784,1
9785,1146150177689,1146150177722,1146150177832,9785,1
9786,1146150323635,1146150323668,1146150323781,9786,1
9787,1146150430950,1146150430984,1146150431228,9787,1
9788,1146150555526,1146150555559,1146150555604,9788,1
9789,1146150890621,1146150890654,1146150890813,9789,1
9790,1146150900719,1146150900755,1146150900805,9790,1
9791,1146150934510,1146150934543,1146150934721,9791,1
9792,1146151059716,1146151059748,1146151059796,9792,1
9793,1146151189002,1146151189034,1146151189146,9793,1
9794,1146151313119,1146151313151,1146151313201,9794,1
9795,1146151439059,1146151439091,1146151439270,9795,1
9796,1146151558716,1146151558748,1146151558796,9796,1
9797,1146151683322,1146151683354,1146151683402,9797,1
9798,1146151813411,1146151813446,1146151813497,9798,1
9799,1146151935403,1146151935436,1146151935490,9799,1
9800,1146152061993,1146152062097,1146152062144,9800,1
9801,1146152308593,1146152308629,1146152308877,9801,1
9802,1146152319908,1146152319943,1146152319987,9802,1
9803,1146152430395,1146152430427,1146152430537,9803,1
9804,1146152554582,1146152554615,1146152554662,9804,1
9805,1146152686725,1146152686768,1146152686885,9805,1
9806,1146152804998,1146152805031,1146152805081,9806,1
9807,1146152929161,1146152929194,1146152929292,9807,1
9808,1146153054297,1146153054330,1146153054376,9808,1
9809,1146153178981,1146153179013,1146153179119,9809,1
9810,1146153330451,1146153330484,1146153330532,9810,1
9811,1146153428225,1146153428258,1146153428367,9811,1
9812,1146153562196,1146153562229,1146153562324,9812,1
9813,1146153907846,1146153907881,1146153923586,9813,1
9814,1146153933511,1146153933548,1146153933592,9814,1
9815,1146153946296,1146153946329,1146153946465,9815,1
9816,1146154061049,1146154061082,1146154061131,9816,1
9817,1146154182246,1146154182278,1146154182397,9817,1
9818,1146154342254,1146154342287,1146154342382,9818,1
9819,1146154500073,1146154500106,1146154500231,9819,1
9820,1146154554135,1146154554169,1146154554270,9820,1
9821,1146154683090,1146154683123,1146154683232,9821,1
9822,1146154806961,1146154806993,1146154807039,9822,1
9823,1146154931579,1146154931610,1146154931723,9823,1
9824,1146155056107,1146155056141,1146155056186,9824,1
9825,1146155180827,1146155180859,1146155181036,9825,1
9826,1146155304593,1146155304626,1146155304672,9826,1
9827,1146155452061,1146155452095,1146155452317,9827,1
9828,1146155625503,1146155625535,1146155625631,9828,1
9829,1146155680426,1146155680458,1146155680625,9829,1
9830,1146155803844,1146155803877,1146155803923,9830,1
9831,1146155931351,1146155931384,1146155931601,9831,1
9832,1146156082214,1146156082318,1146156082369,9832,1
9833,1146156179288,1146156179321,1146156179508,9833,1
9834,1146156303951,1146156303983,1146156304028,9834,1
9835,1146156429741,1146156429774,1146156429961,9835,1
9836,1146156554298,1146156554331,1146156554377,9836,1
9837,1146156679002,1146156679034,1146156679142,9837,1
9838,1146156810920,1146156810952,1146156811051,9838,1
9839,1146156928937,1146156928970,1146156929075,9839,1
9840,1146157053666,1146157053699,1146157053749,9840,1
9841,1146157524437,1146157524472,1146157524625,9841,1
9842,1146157557752,1146157557783,1146157557830,9842,1
9843,1146157567656,1146157567687,1146157567800,9843,1
9844,1146157576262,1146157576295,1146157576343,9844,1
9845,1146157678514,1146157678545,1146157678959,9845,1
9846,1146157803210,1146157803242,1146157803288,9846,1
9847,1146157928233,1146157928264,1146157928431,9847,1
9848,1146158052683,1146158052716,1146158052761,9848,1
9849,1146158178643,1146158178675,1146158178866,9849,1
9850,1146158303219,1146158303250,1146158303296,9850,1
9851,1146158524123,1146158524154,1146158524391,9851,1
9852,1146158563428,1146158563460,1146158563506,9852,1
9853,1146158775308,1146158775344,1146158775757,9853,1
9854,1146158809081,1146158809113,1146158809158,9854,1
9855,1146158934719,1146158934751,1146158934930,9855,1
9856,1146159053097,1146159053129,1146159053176,9856,1
9857,1146159177957,1146159177989,1146159178177,9857,1
9858,1146159303561,1146159303592,1146159303635,9858,1
9859,1146159427384,1146159427415,1146159427659,9859,1
9860,1146159563961,1146159563992,1146159564089,9860,1
9861,1146159679739,1146159679771,1146159679947,9861,1
9862,1146159804787,1146159804818,1146159804864,9862,1
9863,1146159922117,1146159922149,1146159922327,9863,1
9864,1146160121011,1146160121114,1146160121216,9864,1
9865,1146160195532,1146160195565,1146160195734,9865,1
9866,1146160570337,1146160570370,1146160570559,9866,1
9867,1146160581441,1146160581476,1146160581578,9867,1
9868,1146160582357,1146160582387,1146160582428,9868,1
9869,1146160686621,1146160686653,1146160686777,9869,1
9870,1146160979371,1146160979403,1146160979449,9870,1
9871,1146160989492,1146160989524,1146160989649,9871,1
9872,1146161058212,1146161058245,1146161058292,9872,1
9873,1146161343408,1146161343445,1146161343606,9873,1
9874,1146161542508,1146161542542,1146161542637,9874,1
9875,1146161562117,1146161562149,1146161562259,9875,1
9876,1146161562962,1146161562993,1146161563033,9876,1
9877,1146161684401,1146161684433,1146161684531,9877,1
9878,1146161803512,1146161803544,1146161803588,9878,1
9879,1146161928041,1146161928072,1146161928311,9879,1
9880,1146162052940,1146162052973,1146162053016,9880,1
9881,1146162177968,1146162178000,1146162178165,9881,1
9882,1146162302160,1146162302193,1146162302243,9882,1
9883,1146162436266,1146162436299,1146162436520,9883,1
9884,1146162553237,1146162553268,1146162553313,9884,1
9885,1146162678561,1146162678595,1146162678778,9885,1
9886,1146162803324,1146162803356,1146162803402,9886,1
9887,1146162928609,1146162928642,1146162928888,9887,1
9888,1146163053398,1146163053431,1146163053476,9888,1
9889,1146163177565,1146163177598,1146163177648,9889,1
9890,1146163342523,1146163342557,1146163342655,9890,1
9891,1146163427754,1146163427786,1146163427831,9891,1
9892,1146163764853,1146163764886,1146163764987,9892,1
9893,1146163775427,1146163775460,1146163775646,9893,1
9894,1146163809365,1146163809398,1146163809443,9894,1
9895,1146163928202,1146163928235,1146163928414,9895,1
9896,1146164060949,1146164061053,1146164061098,9896,1
9897,1146164183481,1146164183514,1146164183565,9897,1
9898,1146164307281,1146164307313,1146164307363,9898,1
9899,1146164431941,1146164431973,1146164432021,9899,1
9900,1146164556467,1146164556499,1146164556542,9900,1
9901,1146164680138,1146164680171,1146164680349,9901,1
9902,1146164806114,1146164806146,1146164806364,9902,1
9903,1146164930253,1146164930286,1146164930404,9903,1
9904,1146165055016,1146165055049,1146165055095,9904,1
9905,1146165179713,1146165179746,1146165179867,9905,1
9906,1146165327167,1146165327200,1146165327249,9906,1
9907,1146165428667,1146165428700,1146165428821,9907,1
9908,1146165644581,1146165644614,1146165644715,9908,1
9909,1146165681670,1146165681701,1146165681825,9909,1
9910,1146165804099,1146165804131,1146165804179,9910,1
9911,1146165985936,1146165985969,1146165986089,9911,1
9912,1146166091844,1146166091876,1146166091975,9912,1
9913,1146166180451,1146166180484,1146166180600,9913,1
9914,1146166305482,1146166305515,1146166305568,9914,1
9915,1146166430431,1146166430464,1146166430542,9915,1
9916,1146166555127,1146166555159,1146166555207,9916,1
9917,1146166680842,1146166680874,1146166680976,9917,1
9918,1146166805672,1146166805706,1146166805751,9918,1
9919,1146166930454,1146166930486,1146166930661,9919,1
9920,1146167055560,1146167055593,1146167055700,9920,1
9921,1146167180370,1146167180404,1146167180704,9921,1
9922,1146167305387,1146167305420,1146167305468,9922,1
9923,1146167493419,1146167493452,1146167493535,9923,1
9924,1146167556699,1146167558317,1146167558369,9924,1
9925,1146167689347,1146167689378,1146167689465,9925,1
9926,1146167805690,1146167805722,1146167805770,9926,1
9927,1146167922703,1146167922735,1146167922918,9927,1
9928,1146168179831,1146168179934,1146168180149,9928,1
9929,1146168198710,1146168198743,1146168198909,9929,1
9930,1146168303726,1146168303760,1146168303806,9930,1
9931,1146168427850,1146168427883,1146168428065,9931,1
9932,1146168560268,1146168560301,1146168560398,9932,1
9933,1146168679014,1146168679047,1146168679403,9933,1
9934,1146168803570,1146168803602,1146168803646,9934,1
9935,1146168928621,1146168928652,1146168928807,9935,1
9936,1146169052852,1146169052884,1146169052930,9936,1
9937,1146171800457,1146171800515,1146171800790,9937,1
9938,1146171811974,1146171812010,1146171812052,9938,1
9939,1146171812870,1146171812903,1146171812949,9939,1
9940,1146171813663,1146171813696,1146171813738,9940,1
9941,1146171814285,1146171814317,1146171814439,9941,1
9942,1146171815337,1146171815370,1146171815411,9942,1
9943,1146171816169,1146171816201,1146171816399,9943,1
9944,1146171816942,1146171816981,1146171817022,9944,1
9945,1146171817711,1146171817743,1146171817857,9945,1
9946,1146171818338,1146171818370,1146171818411,9946,1
9947,1146171819023,1146171819056,1146171819177,9947,1
9948,1146171819669,1146171819701,1146171819743,9948,1
9949,1146171820266,1146171820298,1146171820405,9949,1
9950,1146171820934,1146171820966,1146171821007,9950,1
9951,1146171821524,1146171821557,1146171821670,9951,1
9952,1146171822149,1146171822181,1146171822223,9952,1
9953,1146171822733,1146171822766,1146171822877,9953,1
9954,1146171823378,1146171823410,1146171823451,9954,1
9955,1146171823889,1146171823922,1146171824028,9955,1
9956,1146171824536,1146171824569,1146171824611,9956,1
9957,1146171824977,1146171825009,1146171825056,9957,1
9958,1146171825498,1146171825530,1146171825572,9958,1
9959,1146171929158,1146171929190,1146171929240,9959,1
9960,1146172060962,1146172061069,1146172061116,9960,1
9961,1146172183247,1146172183280,1146172183328,9961,1
9962,1146172308361,1146172308393,1146172308442,9962,1
9963,1146172433004,1146172433036,1146172433089,9963,1
9964,1146172594799,1146172594832,1146172594933,9964,1
9965,1146172678799,1146172678831,1146172678876,9965,1
9966,1146172803453,1146172803485,1146172803532,9966,1
9967,1146172928999,1146172929031,1146172929078,9967,1
9968,1146173053909,1146173053942,1146173053988,9968,1
9969,1146173178493,1146173178526,1146173178689,9969,1
9970,1146173332146,1146173332178,1146173332227,9970,1
9971,1146173428450,1146173428481,1146173428586,9971,1
9972,1146173552319,1146173552350,1146173552398,9972,1
9973,1146173757347,1146173757380,1146173757720,9973,1
9974,1146173803761,1146173803794,1146173803840,9974,1
9975,1146173978020,1146173978052,1146173978284,9975,1
9976,1146174054236,1146174054268,1146174054328,9976,1
9977,1146174178557,1146174178591,1146174178760,9977,1
9978,1146174303484,1146174303515,1146174303562,9978,1
9979,1146174428540,1146174428572,1146174428739,9979,1
9980,1146174553433,1146174553465,1146174553513,9980,1
9981,1146174678842,1146174678874,1146174679056,9981,1
9982,1146174803588,1146174803620,1146174803666,9982,1
9983,1146174928754,1146174928787,1146174928964,9983,1
9984,1146175053701,1146175053733,1146175053779,9984,1
9985,1146175178549,1146175178582,1146175178753,9985,1
9986,1146175303511,1146175303543,1146175303588,9986,1
9987,1146175385687,1146175385717,1146175385926,9987,1
