sequence,source_timestamp_ns,publish_begin_ns,publish_end_ns,head_after,published
1,1151167751099,1151167751376,1151167751711,1,1
2,1151167876637,1151167876701,1151167876889,2,1
3,1151168098722,1151168098757,1151168099016,3,1
4,1151168099086,1151168099131,1151168099174,4,1
5,1151168217812,1151168217845,1151168217999,5,1
6,1151168342071,1151168342104,1151168342152,6,1
7,1151168465698,1151168465731,1151168465784,7,1
8,1151168627867,1151168627902,1151168627980,8,1
9,1151168725884,1151168725918,1151168725999,9,1
10,1151174297496,1151174297562,1151174297896,10,1
11,1151174298461,1151174298494,1151174298598,11,1
12,1151174298630,1151174298662,1151174298703,12,1
13,1151174298736,1151174298768,1151174298892,13,1
14,1151174298924,1151174298956,1151174298998,14,1
15,1151174299054,1151174299086,1151174299147,15,1
16,1151174299180,1151174299356,1151174299397,16,1
17,1151174299429,1151174299586,1151174299695,17,1
18,1151174299728,1151174299760,1151174299801,18,1
19,1151174299976,1151174300008,1151174300111,19,1
20,1151174300143,1151174300175,1151174300216,20,1
21,1151174300249,1151174300374,1151174300415,21,1
22,1151174300447,1151174300480,1151174300521,22,1
23,1151174300576,1151174300608,1151174300649,23,1
24,1151174300682,1151174300714,1151174300755,24,1
25,1151174300787,1151174300820,1151174300860,25,1
26,1151174300893,1151174300925,1151174300966,26,1
27,1151174300998,1151174301030,1151174301072,27,1
28,1151174301103,1151174301135,1151174301178,28,1
29,1151174301208,1151174301241,1151174301282,29,1
30,1151174301313,1151174301346,1151174301387,30,1
31,1151174301419,1151174301453,1151174301493,31,1
32,1151174301525,1151174301557,1151174301598,32,1
33,1151174301630,1151174301662,1151174301703,33,1
34,1151174301734,1151174301767,1151174301809,34,1
35,1151174301840,1151174301873,1151174301914,35,1
36,1151174301946,1151174301978,1151174302019,36,1
37,1151174302051,1151174302083,1151174302125,37,1
38,1151174302157,1151174302189,1151174302230,38,1
39,1151174302261,1151174302294,1151174302335,39,1
40,1151174302366,1151174302400,1151174302441,40,1
41,1151174302472,1151174302505,1151174302546,41,1
42,1151174302578,1151174302610,1151174302652,42,1
43,1151174302683,1151174302715,1151174302757,43,1
44,1151174302789,1151174302821,1151174302866,44,1
45,1151174302899,1151174302931,1151174302972,45,1
46,1151174303005,1151174303036,1151174303079,46,1
47,1151174303110,1151174303142,1151174303187,47,1
48,1151174303219,1151174303252,1151174303293,48,1
49,1151174303325,1151174303357,1151174303398,49,1
50,1151174303430,1151174303462,1151174303503,50,1
51,1151174303536,1151174303568,1151174303609,51,1
52,1151174303640,1151174303673,1151174303715,52,1
53,1151174303746,1151174303779,1151174303819,53,1
54,1151174343317,1151174343421,1151174343538,54,1
55,1151174470556,1151174470588,1151174470637,55,1
56,1151174708698,1151174708731,1151174708908,56,1
57,1151174708991,1151174709120,1151174709223,57,1
58,1151174843158,1151174843191,1151174843357,58,1
59,1151174966633,1151174966666,1151174966843,59,1
60,1151175093498,1151175093531,1151175093584,60,1
61,1151175217328,1151175217361,1151175217414,61,1
62,1151175587899,1151175587952,1151175588188,62,1
63,1151175588268,1151175588301,1151175588401,63,1
64,1151175597095,1151175597128,1151175597176,64,1
65,1151175720112,1151175720144,1151175720308,65,1
66,1151175850619,1151175850654,1151175850710,66,1
67,1151175962633,1151175962666,1151175962826,67,1
68,1151176257646,1151176257747,1151176257938,68,1
69,1151176266308,1151176266341,1151176266450,69,1
70,1151176337144,1151176337177,1151176337224,70,1
71,1151176468993,1151176469027,1151176469144,71,1
72,1151176675981,1151176676015,1151176676082,72,1
73,1151176751274,1151176751307,1151176751452,73,1
74,1151176835686,1151176835719,1151176835775,74,1
75,1151176986773,1151176986806,1151176986901,75,1
76,1151177086453,1151177086486,1151177086537,76,1
77,1151177210495,1151177210528,1151177210631,77,1
78,1151177343425,1151177343458,1151177343509,78,1
79,1151177461468,1151177461500,1151177461568,79,1
80,1151177586558,1151177586591,1151177586638,80,1
81,1151177711403,1151177711435,1151177711502,81,1
82,1151177835498,1151177835531,1151177835579,82,1
83,1151177972545,1151177972581,1151177972714,83,1
84,1151178086348,1151178086382,1151178086435,84,1
85,1151178211341,1151178211374,1151178211480,85,1
86,1151178336423,1151178336456,1151178336504,86,1
87,1151178461347,1151178461380,1151178461498,87,1
88,1151178737027,1151178737060,1151178737233,88,1
89,1151178737268,1151178737300,1151178737405,89,1
90,1151178841506,1151178841539,1151178841588,90,1
91,1151178968793,1151178968825,1151178968937,91,1
92,1151179093443,1151179093476,1151179093525,92,1
93,1151179217165,1151179217198,1151179217369,93,1
94,1151179342214,1151179342247,1151179342299,94,1
95,1151179460579,1151179460613,1151179460776,95,1
96,1151179589518,1151179589551,1151179589625,96,1
97,1151179710628,1151179710661,1151179710822,97,1
98,1151179865624,1151179865658,1151179865847,98,1
99,1151179955502,1151179955535,1151179955643,99,1
100,1151180093144,1151180093189,1151180093367,100,1
101,1151180211705,1151180211737,1151180211862,101,1
102,1151180336401,1151180336435,1151180336615,102,1
103,1151180461571,1151180461603,1151180461784,103,1
104,1151180586242,1151180586275,1151180586322,104,1
105,1151180711385,1151180711418,1151180711590,105,1
106,1151180836288,1151180836320,1151180836369,106,1
107,1151180961225,1151180961258,1151180961434,107,1
108,1151181086132,1151181086165,1151181086209,108,1
109,1151181210401,1151181210435,1151181210614,109,1
110,1151181337980,1151181338013,1151181338063,110,1
111,1151181461268,1151181461301,1151181461377,111,1
112,1151181586188,1151181586221,1151181586269,112,1
113,1151181711416,1151181711449,1151181711523,113,1
114,1151181835320,1151181835353,1151181835401,114,1
115,1151181978641,1151181978673,1151181978870,115,1
116,1151182086518,1151182086550,1151182086606,116,1
117,1151182211335,1151182211368,1151182211661,117,1
118,1151182336292,1151182336325,1151182336379,118,1
119,1151182461237,1151182461270,1151182461323,119,1
120,1151182586263,1151182586295,1151182586353,120,1
121,1151182711175,1151182711206,1151182711319,121,1
122,1151182835932,1151182835964,1151182836016,122,1
123,1151182968299,1151182968331,1151182968516,123,1
124,1151183085874,1151183085906,1151183086088,124,1
125,1151183210734,1151183210766,1151183210877,125,1
126,1151183335802,1151183335834,1151183336008,126,1
127,1151183459962,1151183459997,1151183460051,127,1
128,1151183594925,1151183594956,1151183595160,128,1
129,1151183712653,1151183712688,1151183712883,129,1
130,1151183865735,1151183865767,1151183865813,130,1
131,1151183955299,1151183955330,1151183955503,131,1
132,1151184095788,1151184095888,1151184095943,132,1
133,1151184212727,1151184212759,1151184212933,133,1
134,1151184337590,1151184337621,1151184337673,134,1
135,1151184463376,1151184463407,1151184463589,135,1
136,1151184587726,1151184587757,1151184587809,136,1
137,1151184895910,1151184895943,1151184896062,137,1
138,1151184896098,1151184896129,1151184896170,138,1
139,1151184961805,1151184961837,1151184961947,139,1
140,1151185086201,1151185086232,1151185086279,140,1
141,1151185210210,1151185210241,1151185210345,141,1
142,1151185340992,1151185341024,1151185341071,142,1
143,1151185460960,1151185460992,1151185461094,143,1
144,1151185585889,1151185585924,1151185585972,144,1
145,1151185710965,1151185710996,1151185711060,145,1
146,1151185835576,1151185835610,1151185835658,146,1
147,1151185968881,1151185968914,1151185969073,147,1
148,1151186086485,1151186086518,1151186086569,148,1
149,1151186210345,1151186210378,1151186210498,149,1
150,1151186344233,1151186344267,1151186344362,150,1
151,1151186461467,1151186461499,1151186461685,151,1
152,1151186586349,1151186586385,1151186586438,152,1
153,1151186711177,1151186711209,1151186711389,153,1
154,1151186836756,1151186836861,1151186836973,154,1
155,1151186961572,1151186961605,1151186961793,155,1
156,1151187086367,1151187086399,1151187086572,156,1
157,1151187211190,1151187211224,1151187211332,157,1
158,1151187336358,1151187336391,1151187336556,158,1
159,1151187460567,1151187460599,1151187460711,159,1
160,1151187639928,1151187639980,1151187640206,160,1
161,1151187710657,1151187710690,1151187710791,161,1
162,1151187844664,1151187844697,1151187844791,162,1
163,1151187955317,1151187955349,1151187955464,163,1
164,1151188100032,1151188100140,1151188100316,164,1
165,1151188211809,1151188211842,1151188211959,165,1
166,1151188336431,1151188336463,1151188336512,166,1
167,1151188461186,1151188461218,1151188461348,167,1
168,1151188585392,1151188585426,1151188585479,168,1
169,1151188752942,1151188752974,1151188753097,169,1
170,1151188836454,1151188836487,1151188836542,170,1
171,1151188975132,1151188975166,1151188975345,171,1
172,1151189086983,1151189087016,1151189087071,172,1
173,1151189210617,1151189210650,1151189210823,173,1
174,1151189347599,1151189347631,1151189347684,174,1
175,1151189461466,1151189461499,1151189461643,175,1
176,1151189586285,1151189586319,1151189586368,176,1
177,1151189711313,1151189711344,1151189711482,177,1
178,1151189836706,1151189836739,1151189836786,178,1
179,1151189961386,1151189961418,1151189961493,179,1
180,1151190086288,1151190086320,1151190086367,180,1
181,1151190211318,1151190211351,1151190211555,181,1
182,1151190336329,1151190336362,1151190336410,182,1
183,1151190461180,1151190461212,1151190461402,183,1
184,1151190586252,1151190586285,1151190586330,184,1
185,1151190711204,1151190711236,1151190711405,185,1
186,1151190836251,1151190836285,1151190836333,186,1
187,1151190960328,1151190960360,1151190960409,187,1
188,1151191096219,1151191096252,1151191096409,188,1
189,1151191211435,1151191211468,1151191211647,189,1
190,1151191345000,1151191345034,1151191345083,190,1
191,1151191460706,1151191460739,1151191460921,191,1
192,1151191591565,1151191591597,1151191591692,192,1
193,1151191713383,1151191713415,1151191713587,193,1
194,1151191838203,1151191838235,1151191838397,194,1
195,1151191955517,1151191955549,1151191955686,195,1
196,1151192086931,1151192087035,1151192087218,196,1
197,1151192218847,1151192218880,1151192219047,197,1
198,1151192336385,1151192336418,1151192336585,198,1
199,1151192461350,1151192461382,1151192461496,199,1
200,1151192586231,1151192586264,1151192586437,200,1
201,1151192711333,1151192711366,1151192711537,201,1
202,1151192836759,1151192836792,1151192836976,202,1
203,1151192961293,1151192961326,1151192961433,203,1
204,1151193086368,1151193086401,1151193086448,204,1
205,1151193210386,1151193210418,1151193210540,205,1
206,1151193349586,1151193349620,1151193349673,206,1
207,1151193461421,1151193461454,1151193461579,207,1
208,1151193586409,1151193586441,1151193586500,208,1
209,1151193711438,1151193711472,1151193711586,209,1
210,1151193836281,1151193836314,1151193836367,210,1
211,1151193961270,1151193961302,1151193961425,211,1
212,1151194086293,1151194086325,1151194086378,212,1
213,1151194211245,1151194211277,1151194211385,213,1
214,1151194336505,1151194336538,1151194336591,214,1
215,1151194461404,1151194461437,1151194461544,215,1
216,1151194586268,1151194586300,1151194586354,216,1
217,1151194711233,1151194711266,1151194711371,217,1
218,1151194836244,1151194836277,1151194836331,218,1
219,1151194961151,1151194961184,1151194961238,219,1
220,1151195086102,1151195086135,1151195086189,220,1
221,1151195211406,1151195211439,1151195211562,221,1
222,1151195336367,1151195336402,1151195336456,222,1
223,1151195460474,1151195460507,1151195460684,223,1
224,1151195596858,1151195596890,1151195596989,224,1
225,1151195713499,1151195713531,1151195713703,225,1
226,1151195837962,1151195837995,1151195838175,226,1
227,1151195955563,1151195955595,1151195955713,227,1
228,1151196087464,1151196087568,1151196087746,228,1
229,1151196211433,1151196211464,1151196211569,229,1
230,1151196336297,1151196336329,1151196336489,230,1
231,1151196461482,1151196461514,1151196461619,231,1
232,1151196586304,1151196586337,1151196586509,232,1
233,1151196711410,1151196711444,1151196711607,233,1
234,1151196836218,1151196836252,1151196836308,234,1
235,1151196961453,1151196961485,1151196961645,235,1
236,1151197086541,1151197086575,1151197086735,236,1
237,1151197210404,1151197210436,1151197210557,237,1
238,1151197342488,1151197342521,1151197342571,238,1
239,1151197461428,1151197461461,1151197461574,239,1
240,1151197586333,1151197586365,1151197586417,240,1
241,1151197711223,1151197711256,1151197711381,241,1
242,1151197836366,1151197836398,1151197836447,242,1
243,1151197961408,1151197961441,1151197961494,243,1
244,1151198086258,1151198086290,1151198086343,244,1
245,1151198211177,1151198211210,1151198211450,245,1
246,1151198336340,1151198336372,1151198336424,246,1
247,1151198461173,1151198461205,1151198461256,247,1
248,1151198586586,1151198586618,1151198586670,248,1
249,1151198711300,1151198711332,1151198711383,249,1
250,1151198836212,1151198836245,1151198836300,250,1
251,1151198961375,1151198961408,1151198961461,251,1
252,1151199086323,1151199086355,1151199086414,252,1
253,1151199211246,1151199211279,1151199211331,253,1
254,1151199335908,1151199335940,1151199336050,254,1
255,1151199644627,1151199644683,1151199644909,255,1
256,1151199644969,1151199645002,1151199645043,256,1
257,1151199717182,1151199717215,1151199717331,257,1
258,1151199841579,1151199841613,1151199841792,258,1
259,1151199959890,1151199959922,1151199960098,259,1
260,1151200089795,1151200089896,1151200089988,260,1
261,1151200219349,1151200219383,1151200219552,261,1
262,1151200336201,1151200336233,1151200336291,262,1
263,1151200461205,1151200461240,1151200461404,263,1
264,1151200586469,1151200586502,1151200586549,264,1
265,1151200711378,1151200711411,1151200711574,265,1
266,1151200836302,1151200836335,1151200836496,266,1
267,1151200961331,1151200961365,1151200961466,267,1
268,1151201086641,1151201086673,1151201086838,268,1
269,1151201210689,1151201210721,1151201210895,269,1
270,1151201339464,1151201339497,1151201339552,270,1
271,1151201469076,1151201469109,1151201469230,271,1
272,1151201588175,1151201588207,1151201588259,272,1
273,1151201713223,1151201713257,1151201713371,273,1
274,1151201838266,1151201838298,1151201838352,274,1
275,1151201963143,1151201963176,1151201963299,275,1
276,1151202088092,1151202088125,1151202088178,276,1
277,1151202213244,1151202213277,1151202213385,277,1
278,1151202337894,1151202337926,1151202337980,278,1
279,1151202462936,1151202462970,1151202463084,279,1
280,1151202588127,1151202588159,1151202588208,280,1
281,1151202713196,1151202713229,1151202713278,281,1
282,1151202838064,1151202838097,1151202838151,282,1
283,1151202963183,1151202963216,1151202963269,283,1
284,1151203088125,1151203088158,1151203088205,284,1
285,1151203213186,1151203213218,1151203213267,285,1
286,1151203338021,1151203338054,1151203338107,286,1
287,1151203462872,1151203462905,1151203462962,287,1
288,1151203593478,1151203593510,1151203593630,288,1
289,1151203713006,1151203713039,1151203713218,289,1
290,1151203838096,1151203838128,1151203838177,290,1
291,1151203955445,1151203955478,1151203955650,291,1
292,1151204100437,1151204100470,1151204100519,292,1
293,1151204211390,1151204211421,1151204211598,293,1
294,1151204336276,1151204336308,1151204336481,294,1
295,1151204461656,1151204461690,1151204461795,295,1
296,1151204586215,1151204586248,1151204586416,296,1
297,1151204711347,1151204711380,1151204711431,297,1
298,1151204836478,1151204836510,1151204836676,298,1
299,1151204961249,1151204961282,1151204961394,299,1
300,1151205086263,1151205086296,1151205086464,300,1
301,1151205210386,1151205210420,1151205210541,301,1
302,1151205340495,1151205340527,1151205340578,302,1
303,1151205463199,1151205463232,1151205463285,303,1
304,1151205630519,1151205630551,1151205630607,304,1
305,1151205713302,1151205713335,1151205713387,305,1
306,1151205838265,1151205838298,1151205838351,306,1
307,1151205963094,1151205963126,1151205963186,307,1
308,1151206088214,1151206088246,1151206088300,308,1
309,1151206214050,1151206214083,1151206214267,309,1
310,1151206338512,1151206338544,1151206338592,310,1
311,1151206463111,1151206463143,1151206463265,311,1
312,1151206588039,1151206588073,1151206588126,312,1
313,1151206713344,1151206713376,1151206713431,313,1
314,1151206838316,1151206838348,1151206838399,314,1
315,1151206963213,1151206963247,1151206963300,315,1
316,1151207088131,1151207088163,1151207088214,316,1
317,1151207213063,1151207213095,1151207213147,317,1
318,1151207337998,1151207338031,1151207338085,318,1
319,1151207463068,1151207463100,1151207463153,319,1
320,1151207588150,1151207588182,1151207588231,320,1
321,1151207713277,1151207713309,1151207713420,321,1
322,1151207838213,1151207838246,1151207838299,322,1
323,1151207955173,1151207955206,1151207955374,323,1
324,1151208087212,1151208087245,1151208087409,324,1
325,1151208210914,1151208210946,1151208211063,325,1
326,1151208335824,1151208335855,1151208336033,326,1
327,1151208460814,1151208460846,1151208460957,327,1
328,1151208585709,1151208585741,1151208585923,328,1
329,1151208710778,1151208710809,1151208710927,329,1
330,1151208959439,1151208959470,1151208959704,330,1
331,1151208959745,1151208959778,1151208959880,331,1
332,1151209091045,1151209091077,1151209091253,332,1
333,1151209215097,1151209215129,1151209215292,333,1
334,1151209342161,1151209342193,1151209342241,334,1
335,1151209469135,1151209469167,1151209469378,335,1
336,1151209672053,1151209672086,1151209672257,336,1
337,1151209782770,1151209782802,1151209782853,337,1
338,1151209836495,1151209836528,1151209836580,338,1
339,1151209961339,1151209961371,1151209961561,339,1
340,1151210086488,1151210086522,1151210086575,340,1
341,1151210211380,1151210211412,1151210211463,341,1
342,1151210336295,1151210336328,1151210336380,342,1
343,1151210539191,1151210539226,1151210539408,343,1
344,1151210587212,1151210587244,1151210587292,344,1
345,1151210711391,1151210711423,1151210711630,345,1
346,1151210836239,1151210836272,1151210836326,346,1
347,1151210961208,1151210961240,1151210961371,347,1
348,1151211085443,1151211085476,1151211085525,348,1
349,1151211224363,1151211224397,1151211224579,349,1
350,1151211336354,1151211336386,1151211336440,350,1
351,1151211461241,1151211461273,1151211461350,351,1
352,1151211586114,1151211586147,1151211586195,352,1
353,1151211711189,1151211711221,1151211711297,353,1
354,1151211876542,1151211876579,1151211876734,354,1
355,1151212106950,1151212107055,1151212107270,355,1
356,1151212115212,1151212115244,1151212115288,356,1
357,1151212211870,1151212211903,1151212212030,357,1
358,1151212336759,1151212336791,1151212336974,358,1
359,1151212461316,1151212461349,1151212461529,359,1
360,1151212586263,1151212586296,1151212586347,360,1
361,1151212711526,1151212711558,1151212711739,361,1
362,1151212836584,1151212836617,1151212836670,362,1
363,1151212961201,1151212961234,1151212961415,363,1
364,1151213086591,1151213086624,1151213086678,364,1
365,1151213210102,1151213210134,1151213210302,365,1
366,1151213338741,1151213338774,1151213338944,366,1
367,1151213461392,1151213461425,1151213461542,367,1
368,1151213586243,1151213586276,1151213586451,368,1
369,1151213711843,1151213711875,1151213712052,369,1
370,1151213836357,1151213836390,1151213836442,370,1
371,1151213961275,1151213961308,1151213961415,371,1
372,1151214086393,1151214086425,1151214086474,372,1
373,1151214269748,1151214269781,1151214270047,373,1
374,1151214336395,1151214336427,1151214336476,374,1
375,1151214495949,1151214495980,1151214496209,375,1
376,1151214586329,1151214586362,1151214586411,376,1
377,1151214874317,1151214874351,1151214874588,377,1
378,1151214874647,1151214874679,1151214874721,378,1
379,1151214961835,1151214961868,1151214962201,379,1
380,1151215086387,1151215086420,1151215086473,380,1
381,1151215211319,1151215211353,1151215211530,381,1
382,1151215336726,1151215336759,1151215336810,382,1
383,1151215461494,1151215461527,1151215461704,383,1
384,1151215586239,1151215586272,1151215586324,384,1
385,1151215710425,1151215710457,1151215710653,385,1
386,1151215883904,1151215883937,1151215884025,386,1
387,1151215955353,1151215955385,1151215955581,387,1
388,1151216096596,1151216096699,1151216096808,388,1
389,1151216211427,1151216211460,1151216211635,389,1
390,1151216336459,1151216336491,1151216336544,390,1
391,1151216461300,1151216461332,1151216461511,391,1
392,1151216586196,1151216586229,1151216586282,392,1
393,1151216711425,1151216711458,1151216711642,393,1
394,1151216836354,1151216836389,1151216836574,394,1
395,1151216961223,1151216961256,1151216961380,395,1
396,1151217086237,1151217086269,1151217086448,396,1
397,1151217210377,1151217210411,1151217210514,397,1
398,1151217346129,1151217346162,1151217346326,398,1
399,1151217499488,1151217499521,1151217499691,399,1
400,1151217597233,1151217597266,1151217597317,400,1
401,1151217712842,1151217712874,1151217713041,401,1
402,1151217846048,1151217846081,1151217846248,402,1
403,1151217962341,1151217962373,1151217962425,403,1
404,1151218086265,1151218086297,1151218086347,404,1
405,1151218363021,1151218363078,1151218363306,405,1
406,1151218363366,1151218363399,1151218363441,406,1
407,1151218461870,1151218461902,1151218462091,407,1
408,1151218585988,1151218586020,1151218586072,408,1
409,1151218711534,1151218711567,1151218711684,409,1
410,1151218838636,1151218838668,1151218838723,410,1
411,1151218961297,1151218961330,1151218961456,411,1
412,1151219086350,1151219086382,1151219086429,412,1
413,1151219211318,1151219211351,1151219211527,413,1
414,1151219348665,1151219348698,1151219348751,414,1
415,1151219461533,1151219461566,1151219461752,415,1
416,1151219586277,1151219586309,1151219586362,416,1
417,1151219711341,1151219711375,1151219711704,417,1
418,1151219959246,1151219959279,1151219959373,418,1
419,1151219960269,1151219960301,1151219960347,419,1
420,1151220101060,1151220101241,1151220101332,420,1
421,1151220220949,1151220220985,1151220221128,421,1
422,1151220345881,1151220345912,1151220346001,422,1
423,1151220474276,1151220474309,1151220474504,423,1
424,1151220585810,1151220585842,1151220586033,424,1
425,1151221030860,1151221030893,1151221031229,425,1
426,1151221031318,1151221031351,1151221031393,426,1
427,1151221031652,1151221031685,1151221031790,427,1
428,1151221095639,1151221095672,1151221095762,428,1
429,1151221244626,1151221244659,1151221244878,429,1
430,1151221374359,1151221374391,1151221374482,430,1
431,1151221470390,1151221470422,1151221470641,431,1
432,1151221597923,1151221597956,1151221598009,432,1
433,1151221711681,1151221711714,1151221711897,433,1
434,1151221836347,1151221836380,1151221836429,434,1
435,1151222096511,1151222096547,1151222096763,435,1
436,1151222096825,1151222096857,1151222096899,436,1
437,1151222213979,1151222214013,1151222214123,437,1
438,1151222338184,1151222338217,1151222338268,438,1
439,1151222462984,1151222463018,1151222463121,439,1
440,1151222588178,1151222588211,1151222588261,440,1
441,1151222713102,1151222713135,1151222713242,441,1
442,1151222837998,1151222838031,1151222838084,442,1
443,1151222963065,1151222963098,1151222963209,443,1
444,1151223087972,1151223088005,1151223088054,444,1
445,1151223213002,1151223213035,1151223213143,445,1
446,1151223338190,1151223338226,1151223338278,446,1
447,1151223462950,1151223462985,1151223463034,447,1
448,1151223588286,1151223588321,1151223588372,448,1
449,1151223712584,1151223712618,1151223712665,449,1
450,1151223837549,1151223837581,1151223837632,450,1
451,1151224106034,1151224106217,1151224106309,451,1
452,1151224106368,1151224106398,1151224106439,452,1
453,1151224211472,1151224211504,1151224211551,453,1
454,1151224336197,1151224336229,1151224336338,454,1
455,1151224460878,1151224460910,1151224460965,455,1
456,1151224585841,1151224585873,1151224586038,456,1
457,1151224710276,1151224710306,1151224710411,457,1
458,1151224862750,1151224862781,1151224862992,458,1
459,1151225078104,1151225078154,1151225078365,459,1
460,1151225078423,1151225078456,1151225078496,460,1
461,1151225210178,1151225210210,1151225210384,461,1
462,1151225337302,1151225337334,1151225337385,462,1
463,1151225499014,1151225499046,1151225499264,463,1
464,1151225586360,1151225586391,1151225586442,464,1
465,1151225710807,1151225710839,1151225711009,465,1
466,1151225836213,1151225836244,1151225836413,466,1
467,1151225960977,1151225961009,1151225961128,467,1
468,1151226095762,1151226095794,1151226095973,468,1
469,1151226235592,1151226235623,1151226235836,469,1
470,1151226335839,1151226335871,1151226335918,470,1
471,1151226460903,1151226460937,1151226461041,471,1
472,1151226585741,1151226585772,1151226585819,472,1
473,1151226710750,1151226710781,1151226710891,473,1
474,1151226835864,1151226835895,1151226835942,474,1
475,1151226960862,1151226960895,1151226961005,475,1
476,1151227085735,1151227085766,1151227085814,476,1
477,1151227210678,1151227210709,1151227210830,477,1
478,1151227335839,1151227335873,1151227335919,478,1
479,1151227460771,1151227460804,1151227460916,479,1
480,1151227585788,1151227585819,1151227585871,480,1
481,1151227709958,1151227709990,1151227710042,481,1
482,1151227859311,1151227859343,1151227859430,482,1
483,1151227955189,1151227955220,1151227955271,483,1
484,1151228094356,1151228094543,1151228094590,484,1
485,1151228210874,1151228210905,1151228210957,485,1
486,1151228335905,1151228335937,1151228335988,486,1
487,1151228460881,1151228460912,1151228460964,487,1
488,1151228585990,1151228586021,1151228586134,488,1
489,1151228710735,1151228710768,1151228710947,489,1
490,1151228835805,1151228835837,1151228835889,490,1
491,1151228960939,1151228960971,1151228961141,491,1
492,1151229088226,1151229088258,1151229088311,492,1
493,1151229209910,1151229209941,1151229210115,493,1
494,1151229357808,1151229357840,1151229358014,494,1
495,1151229462700,1151229462733,1151229462852,495,1
496,1151229587546,1151229587577,1151229587763,496,1
497,1151229712532,1151229712565,1151229712681,497,1
498,1151229837442,1151229837472,1151229837651,498,1
499,1151229962545,1151229962576,1151229962702,499,1
500,1151230087636,1151230087669,1151230087853,500,1
501,1151230212717,1151230212748,1151230212919,501,1
502,1151230358503,1151230358535,1151230358706,502,1
503,1151230462735,1151230462765,1151230462873,503,1
504,1151230587427,1151230587458,1151230587506,504,1
505,1151230712680,1151230712712,1151230712984,505,1
506,1151230837419,1151230837450,1151230837498,506,1
507,1151231036446,1151231036480,1151231036675,507,1
508,1151231088528,1151231088561,1151231088614,508,1
509,1151231212781,1151231212813,1151231213181,509,1
510,1151231337553,1151231337586,1151231337637,510,1
511,1151231462464,1151231462496,1151231462673,511,1
512,1151231587422,1151231587455,1151231587507,512,1
513,1151231712516,1151231712547,1151231712737,513,1
514,1151231869385,1151231869417,1151231869468,514,1
515,1151231955248,1151231955280,1151231955470,515,1
516,1151232093127,1151232093159,1151232093212,516,1
517,1151232210966,1151232210998,1151232211181,517,1
518,1151232335908,1151232335940,1151232335991,518,1
519,1151232460899,1151232460931,1151232460997,519,1
520,1151232585909,1151232585940,1151232585989,520,1
521,1151232711177,1151232711282,1151232711545,521,1
522,1151232835853,1151232835886,1151232835937,522,1
523,1151232961132,1151232961164,1151232961330,523,1
524,1151233085942,1151233085974,1151233086142,524,1
525,1151233209957,1151233209989,1151233210037,525,1
526,1151233354178,1151233354210,1151233354433,526,1
527,1151233462986,1151233463018,1151233463063,527,1
528,1151233587705,1151233587737,1151233587915,528,1
529,1151233712618,1151233712650,1151233712762,529,1
530,1151233837490,1151233837523,1151233837698,530,1
531,1151233962552,1151233962585,1151233962690,531,1
532,1151234087499,1151234087531,1151234087699,532,1
533,1151234212608,1151234212639,1151234212802,533,1
534,1151234337598,1151234337630,1151234337678,534,1
535,1151234462603,1151234462635,1151234462791,535,1
536,1151234587611,1151234587643,1151234587812,536,1
537,1151234713045,1151234713077,1151234713253,537,1
538,1151234837593,1151234837624,1151234837669,538,1
539,1151234962649,1151234962681,1151234962787,539,1
540,1151235087619,1151235087651,1151235087699,540,1
541,1151235212652,1151235212684,1151235212728,541,1
542,1151235337547,1151235337579,1151235337623,542,1
543,1151235462383,1151235462415,1151235462463,543,1
544,1151235587581,1151235587613,1151235587657,544,1
545,1151235712648,1151235712680,1151235712726,545,1
546,1151235837496,1151235837527,1151235837574,546,1
547,1151235955070,1151235955102,1151235955147,547,1
548,1151236092244,1151236092275,1151236092322,548,1
549,1151236211036,1151236211068,1151236211113,549,1
550,1151236335141,1151236335173,1151236335217,550,1
551,1151236512081,1151236512112,1151236512198,551,1
552,1151236586057,1151236586090,1151236586138,552,1
553,1151236710711,1151236710742,1151236710789,553,1
554,1151236836292,1151236836394,1151236836504,554,1
555,1151236960925,1151236960956,1151236961008,555,1
556,1151237085090,1151237085121,1151237085299,556,1
557,1151237258946,1151237258977,1151237259137,557,1
558,1151237366614,1151237366645,1151237366698,558,1
559,1151237461338,1151237461370,1151237461495,559,1
560,1151237844348,1151237844411,1151237844632,560,1
561,1151237844723,1151237844754,1151237844862,561,1
562,1151237844893,1151237844925,1151237844965,562,1
563,1151237968662,1151237968695,1151237968876,563,1
564,1151238092409,1151238092440,1151238092535,564,1
565,1151238215985,1151238216017,1151238216210,565,1
566,1151238341116,1151238341147,1151238341199,566,1
567,1151238464023,1151238464056,1151238464237,567,1
568,1151238586494,1151238586526,1151238586574,568,1
569,1151238711317,1151238711351,1151238711526,569,1
570,1151238836307,1151238836340,1151238836508,570,1
571,1151238977575,1151238977607,1151238977786,571,1
572,1151239086321,1151239086354,1151239086406,572,1
573,1151239211258,1151239211291,1151239211400,573,1
574,1151239336396,1151239336428,1151239336484,574,1
575,1151239461452,1151239461484,1151239461538,575,1
576,1151239586327,1151239586360,1151239586413,576,1
577,1151239711299,1151239711331,1151239711388,577,1
578,1151239836692,1151239836724,1151239836777,578,1
579,1151240042116,1151240042163,1151240042262,579,1
580,1151240188837,1151240188869,1151240188952,580,1
581,1151240213961,1151240213992,1151240214043,581,1
582,1151240335878,1151240335910,1151240335957,582,1
583,1151240461085,1151240461117,1151240461165,583,1
584,1151240586058,1151240586090,1151240586142,584,1
585,1151240710804,1151240710837,1151240710889,585,1
586,1151240835779,1151240835811,1151240835859,586,1
587,1151240960901,1151240960933,1151240960982,587,1
588,1151241086192,1151241086294,1151241086409,588,1
589,1151241209936,1151241209968,1151241210131,589,1
590,1151241337436,1151241337468,1151241337520,590,1
591,1151241475873,1151241475904,1151241476070,591,1
592,1151241586369,1151241586401,1151241586453,592,1
593,1151241710949,1151241710981,1151241711148,593,1
594,1151241834999,1151241835032,1151241835083,594,1
595,1151241973485,1151241973521,1151241973724,595,1
596,1151242086774,1151242086806,1151242086969,596,1
597,1151242210874,1151242210907,1151242211026,597,1
598,1151242335871,1151242335903,1151242336085,598,1
599,1151242460854,1151242460887,1151242461002,599,1
600,1151242585991,1151242586023,1151242586195,600,1
601,1151242711029,1151242711064,1151242711186,601,1
602,1151242853715,1151242853747,1151242853922,602,1
603,1151242960827,1151242960860,1151242960982,603,1
604,1151243085815,1151243085845,1151243085894,604,1
605,1151243210761,1151243210792,1151243210907,605,1
606,1151243335783,1151243335814,1151243335863,606,1
607,1151243460867,1151243460899,1151243461006,607,1
608,1151243586364,1151243586397,1151243586449,608,1
609,1151243743047,1151243743082,1151243743228,609,1
610,1151243838522,1151243838555,1151243838608,610,1
611,1151243955346,1151243955377,1151243955491,611,1
612,1151244093436,1151244093471,1151244093525,612,1
613,1151244212291,1151244212325,1151244212380,613,1
614,1151244336452,1151244336487,1151244336543,614,1
615,1151244461447,1151244461479,1151244461532,615,1
616,1151244586418,1151244586454,1151244586512,616,1
617,1151244711363,1151244711398,1151244711446,617,1
618,1151244836415,1151244836448,1151244836504,618,1
619,1151244961238,1151244961273,1151244961327,619,1
620,1151245086301,1151245086336,1151245086390,620,1
621,1151245210567,1151245210599,1151245210658,621,1
622,1151245380971,1151245381072,1151245381184,622,1
623,1151245463238,1151245463270,1151245463319,623,1
624,1151245587968,1151245588001,1151245588181,624,1
625,1151245713201,1151245713235,1151245713343,625,1
626,1151245838173,1151245838207,1151245838377,626,1
627,1151245962982,1151245963015,1151245963117,627,1
628,1151246087875,1151246087908,1151246088074,628,1
629,1151246214575,1151246214607,1151246214904,629,1
630,1151246337994,1151246338028,1151246338081,630,1
631,1151246462919,1151246462952,1151246463120,631,1
632,1151246588029,1151246588061,1151246588114,632,1
633,1151246712999,1151246713032,1151246713202,633,1
634,1151246838011,1151246838044,1151246838208,634,1
635,1151246963029,1151246963061,1151246963176,635,1
636,1151247088013,1151247088046,1151247088229,636,1
637,1151247213315,1151247213348,1151247213533,637,1
638,1151247337995,1151247338027,1151247338081,638,1
639,1151247463003,1151247463035,1151247463085,639,1
640,1151247587960,1151247587992,1151247588040,640,1
641,1151247713038,1151247713071,1151247713121,641,1
642,1151247838152,1151247838185,1151247838239,642,1
643,1151247955296,1151247955329,1151247955377,643,1
644,1151248093117,1151248093152,1151248093198,644,1
645,1151248269184,1151248269222,1151248269272,645,1
646,1151248337224,1151248337257,1151248337305,646,1
647,1151248461528,1151248461561,1151248461610,647,1
648,1151248586194,1151248586227,1151248586276,648,1
649,1151248711323,1151248711355,1151248711407,649,1
650,1151248836401,1151248836433,1151248836481,650,1
651,1151248961532,1151248961565,1151248961618,651,1
652,1151249086136,1151249086168,1151249086217,652,1
653,1151249210534,1151249210568,1151249210616,653,1
654,1151249379131,1151249379165,1151249379273,654,1
655,1151249463968,1151249464001,1151249464051,655,1
656,1151249588053,1151249588085,1151249588270,656,1
657,1151249713267,1151249713300,1151249713413,657,1
658,1151249838043,1151249838075,1151249838251,658,1
659,1151249963308,1151249963341,1151249963390,659,1
660,1151250088099,1151250088133,1151250088321,660,1
661,1151250213041,1151250213073,1151250213179,661,1
662,1151250338111,1151250338145,1151250338316,662,1
663,1151250463035,1151250463067,1151250463236,663,1
664,1151250588165,1151250588198,1151250588249,664,1
665,1151250712939,1151250712972,1151250713071,665,1
666,1151250838211,1151250838243,1151250838410,666,1
667,1151250963103,1151250963136,1151250963238,667,1
668,1151251088133,1151251088166,1151251088334,668,1
669,1151251213045,1151251213078,1151251213246,669,1
670,1151251340311,1151251340344,1151251340514,670,1
671,1151251463007,1151251463042,1151251463154,671,1
672,1151251588047,1151251588081,1151251588129,672,1
673,1151251712908,1151251712944,1151251713063,673,1
674,1151251838105,1151251838140,1151251838194,674,1
675,1151251955520,1151251955553,1151251955607,675,1
676,1151252092921,1151252092957,1151252093010,676,1
677,1151252338423,1151252338459,1151252338580,677,1
678,1151252346997,1151252347029,1151252347082,678,1
679,1151252461801,1151252461835,1151252461884,679,1
680,1151252586323,1151252586356,1151252586407,680,1
681,1151252720788,1151252720821,1151252720875,681,1
682,1151252836370,1151252836403,1151252836451,682,1
683,1151252961214,1151252961247,1151252961296,683,1
684,1151253086512,1151253086545,1151253086596,684,1
685,1151253210479,1151253210512,1151253210561,685,1
686,1151253346722,1151253346755,1151253346806,686,1
687,1151253461322,1151253461354,1151253461403,687,1
688,1151253586669,1151253586773,1151253586883,688,1
689,1151253711308,1151253711340,1151253711522,689,1
690,1151253835378,1151253835411,1151253835464,690,1
691,1151254044665,1151254044698,1151254044938,691,1
692,1151254086413,1151254086446,1151254086494,692,1
693,1151254211414,1151254211447,1151254211631,693,1
694,1151254335438,1151254335471,1151254335525,694,1
695,1151254463615,1151254463647,1151254463873,695,1
696,1151254586464,1151254586496,1151254586676,696,1
697,1151254711246,1151254711278,1151254711402,697,1
698,1151254836277,1151254836309,1151254836496,698,1
699,1151254961216,1151254961248,1151254961358,699,1
700,1151255563901,1151255563954,1151255564182,700,1
701,1151255564271,1151255564303,1151255564395,701,1
702,1151255564427,1151255564457,1151255564497,702,1
703,1151255564530,1151255564561,1151255564660,703,1
704,1151255591879,1151255591912,1151255591969,704,1
705,1151255717879,1151255717910,1151255718022,705,1
706,1151255845242,1151255845273,1151255845324,706,1
707,1151255963785,1151255963816,1151255963924,707,1
708,1151256099602,1151256099633,1151256099686,708,1
709,1151256217867,1151256217899,1151256217955,709,1
710,1151256338836,1151256338867,1151256338916,710,1
711,1151256463056,1151256463088,1151256463142,711,1
712,1151256587796,1151256587827,1151256587876,712,1
713,1151256712915,1151256712947,1151256712999,713,1
714,1151256837540,1151256837572,1151256837624,714,1
715,1151256961957,1151256961988,1151256962036,715,1
716,1151257086728,1151257086762,1151257086817,716,1
717,1151257246642,1151257246674,1151257246894,717,1
718,1151257427664,1151257427697,1151257427799,718,1
719,1151257464003,1151257464036,1151257464207,719,1
720,1151257588414,1151257588447,1151257588496,720,1
721,1151257714124,1151257714228,1151257714478,721,1
722,1151257838303,1151257838339,1151257838389,722,1
723,1151257963201,1151257963236,1151257963416,723,1
724,1151258087630,1151258087661,1151258087842,724,1
725,1151258258447,1151258258479,1151258258591,725,1
726,1151258337645,1151258337681,1151258337857,726,1
727,1151258462651,1151258462682,1151258462806,727,1
728,1151258587576,1151258587607,1151258587791,728,1
729,1151258712374,1151258712407,1151258712522,729,1
730,1151258837367,1151258837398,1151258837570,730,1
731,1151258962590,1151258962622,1151258962810,731,1
732,1151259087311,1151259087343,1151259087395,732,1
733,1151259212361,1151259212393,1151259212556,733,1
734,1151259337509,1151259337542,1151259337594,734,1
735,1151259462868,1151259462899,1151259463013,735,1
736,1151259589462,1151259589493,1151259589542,736,1
737,1151259712578,1151259712609,1151259712660,737,1
738,1151259837891,1151259837923,1151259837971,738,1
739,1151259955016,1151259955048,1151259955101,739,1
740,1151260092222,1151260092254,1151260092301,740,1
741,1151260210806,1151260210839,1151260210888,741,1
742,1151260335776,1151260335808,1151260335858,742,1
743,1151260460879,1151260460911,1151260461026,743,1
744,1151260586115,1151260586147,1151260586196,744,1
745,1151260710946,1151260710977,1151260711150,745,1
746,1151260835688,1151260835720,1151260835771,746,1
747,1151260959864,1151260959896,1151260960057,747,1
748,1151261172810,1151261172841,1151261172931,748,1
749,1151261246140,1151261246172,1151261246394,749,1
750,1151261608740,1151261608840,1151261609087,750,1
751,1151261609207,1151261609239,1151261609400,751,1
752,1151261609434,1151261609473,1151261609513,752,1
753,1151261720773,1151261720807,1151261720994,753,1
754,1151261843426,1151261843459,1151261843569,754,1
755,1151261967615,1151261967649,1151261967824,755,1
756,1151262091920,1151262091952,1151262092125,756,1
757,1151262221099,1151262221132,1151262221326,757,1
758,1151262407462,1151262407496,1151262407731,758,1
759,1151262467118,1151262467151,1151262467230,759,1
760,1151262590349,1151262590383,1151262590558,760,1
761,1151262715023,1151262715056,1151262715232,761,1
762,1151262839882,1151262839914,1151262839967,762,1
763,1151263011706,1151263011738,1151263011945,763,1
764,1151263089956,1151263089989,1151263090045,764,1
765,1151263214134,1151263214166,1151263214338,765,1
766,1151263339585,1151263339618,1151263339671,766,1
767,1151263464164,1151263464202,1151263464381,767,1
768,1151263594784,1151263594816,1151263594869,768,1
769,1151263714168,1151263714204,1151263714371,769,1
770,1151263839169,1151263839202,1151263839257,770,1
771,1151263955970,1151263956004,1151263956200,771,1
772,1151264087776,1151264087808,1151264087863,772,1
773,1151264211692,1151264211729,1151264211912,773,1
774,1151264336608,1151264336640,1151264336692,774,1
775,1151264461335,1151264461367,1151264461665,775,1
776,1151264587726,1151264587758,1151264587813,776,1
777,1151264711705,1151264711738,1151264711911,777,1
778,1151264836373,1151264836406,1151264836457,778,1
779,1151264961563,1151264961596,1151264961756,779,1
780,1151265086667,1151265086700,1151265086758,780,1
781,1151265210458,1151265210490,1151265210665,781,1
782,1151265383085,1151265383117,1151265383236,782,1
783,1151265460910,1151265460942,1151265461172,783,1
784,1151265640685,1151265640717,1151265640809,784,1
785,1151265711537,1151265711569,1151265711732,785,1
786,1151265836469,1151265836502,1151265836553,786,1
787,1151266022466,1151266022570,1151266022830,787,1
788,1151266096064,1151266096096,1151266096191,788,1
789,1151266213189,1151266213221,1151266213401,789,1
790,1151266338114,1151266338148,1151266338200,790,1
791,1151266724428,1151266724485,1151266724733,791,1
792,1151266724766,1151266724800,1151266724842,792,1
793,1151266724874,1151266724906,1151266725021,793,1
794,1151266843480,1151266843513,1151266843690,794,1
795,1151266968604,1151266968637,1151266968759,795,1
796,1151267093708,1151267093740,1151267093923,796,1
797,1151267218065,1151267218098,1151267218209,797,1
798,1151267556993,1151267557026,1151267557225,798,1
799,1151267557313,1151267557346,1151267557452,799,1
800,1151267640057,1151267640089,1151267640138,800,1
801,1151267718371,1151267718404,1151267718578,801,1
802,1151267872046,1151267872079,1151267872251,802,1
803,1151267960362,1151267960395,1151267960500,803,1
804,1151268141159,1151268141194,1151268141308,804,1
805,1151268215683,1151268215717,1151268215837,805,1
806,1151268343851,1151268343883,1151268343939,806,1
807,1151268463094,1151268463125,1151268463251,807,1
808,1151268617425,1151268617457,1151268617550,808,1
809,1151268718710,1151268718742,1151268718902,809,1
810,1151268879818,1151268879850,1151268879945,810,1
811,1151269092366,1151269092400,1151269092575,811,1
812,1151269099412,1151269099444,1151269099495,812,1
813,1151269339873,1151269339906,1151269375953,813,1
814,1151269376087,1151269376123,1151269376167,814,1
815,1151269464932,1151269464965,1151269465073,815,1
816,1151269588653,1151269588686,1151269588738,816,1
817,1151269713102,1151269713134,1151269713189,817,1
818,1151269836981,1151269837013,1151269837066,818,1
819,1151269984175,1151269984208,1151269984301,819,1
820,1151270089213,1151270089246,1151270089300,820,1
821,1151270214535,1151270214636,1151270214749,821,1
822,1151270339124,1151270339156,1151270339204,822,1
823,1151270463926,1151270463958,1151270464151,823,1
824,1151270588669,1151270588701,1151270588872,824,1
825,1151270713731,1151270713763,1151270713872,825,1
826,1151270838630,1151270838661,1151270838829,826,1
827,1151270963565,1151270963598,1151270963708,827,1
828,1151271088413,1151271088445,1151271088619,828,1
829,1151271213195,1151271213228,1151271213342,829,1
830,1151271354259,1151271354292,1151271354463,830,1
831,1151271478144,1151271478177,1151271478361,831,1
832,1151271620825,1151271620858,1151271620906,832,1
833,1151271734282,1151271734318,1151271734489,833,1
834,1151271839792,1151271839825,1151271839874,834,1
835,1151271958146,1151271958177,1151271958347,835,1
836,1151272101146,1151272101177,1151272101225,836,1
837,1151272228166,1151272228207,1151272228267,837,1
838,1151272356281,1151272356312,1151272356360,838,1
839,1151272462161,1151272462194,1151272462245,839,1
840,1151272603930,1151272603966,1151272604331,840,1
841,1151272731013,1151272731046,1151272731154,841,1
842,1151272836919,1151272836950,1151272837002,842,1
843,1151272970085,1151272970116,1151272970224,843,1
844,1151273086125,1151273086157,1151273086204,844,1
845,1151273210247,1151273210280,1151273210335,845,1
846,1151273357368,1151273357400,1151273357451,846,1
847,1151273460937,1151273460969,1151273461020,847,1
848,1151273585805,1151273585837,1151273585887,848,1
849,1151273710869,1151273710901,1151273710952,849,1
850,1151273835744,1151273835776,1151273835824,850,1
851,1151273960846,1151273960880,1151273960928,851,1
852,1151274085895,1151274085925,1151274085976,852,1
853,1151274211031,1151274211063,1151274211112,853,1
854,1151274335863,1151274335896,1151274335940,854,1
855,1151274460848,1151274460879,1151274460927,855,1
856,1151274585749,1151274585781,1151274585828,856,1
857,1151274809544,1151274809578,1151274809800,857,1
858,1151274837007,1151274837039,1151274837086,858,1
859,1151274960793,1151274960825,1151274960892,859,1
860,1151275085935,1151275085968,1151275086020,860,1
861,1151275210882,1151275210913,1151275211106,861,1
862,1151275334995,1151275335026,1151275335072,862,1
863,1151275714204,1151275714237,1151275714468,863,1
864,1151275714525,1151275714558,1151275714597,864,1
865,1151275722374,1151275722406,1151275722574,865,1
866,1151275993197,1151275993233,1151275993320,866,1
867,1151275994545,1151275994577,1151275994621,867,1
868,1151276086303,1151276086342,1151276086414,868,1
869,1151276252983,1151276253016,1151276253109,869,1
870,1151276335980,1151276336013,1151276336065,870,1
871,1151276461277,1151276461310,1151276461479,871,1
872,1151276585722,1151276585754,1151276585801,872,1
873,1151276710810,1151276710842,1151276711042,873,1
874,1151276835267,1151276835299,1151276835350,874,1
875,1151276970925,1151276970966,1151276971224,875,1
876,1151277089636,1151277089668,1151277089766,876,1
877,1151277210200,1151277210231,1151277210406,877,1
878,1151277341669,1151277341701,1151277341755,878,1
879,1151277461427,1151277461460,1151277461640,879,1
880,1151277586260,1151277586294,1151277586343,880,1
881,1151277711304,1151277711337,1151277711556,881,1
882,1151277836386,1151277836418,1151277836467,882,1
883,1151277961200,1151277961232,1151277961435,883,1
884,1151278086232,1151278086265,1151278086318,884,1
885,1151278211274,1151278211307,1151278211603,885,1
886,1151278336227,1151278336259,1151278336311,886,1
887,1151278461188,1151278461220,1151278461410,887,1
888,1151278586281,1151278586313,1151278586364,888,1
889,1151278711190,1151278711222,1151278711403,889,1
890,1151278836146,1151278836178,1151278836229,890,1
891,1151278961287,1151278961320,1151278961504,891,1
892,1151279086267,1151279086300,1151279086351,892,1
893,1151279211281,1151279211314,1151279211499,893,1
894,1151279336165,1151279336197,1151279336250,894,1
895,1151279461356,1151279461388,1151279461441,895,1
896,1151279586184,1151279586217,1151279586271,896,1
897,1151279710392,1151279710424,1151279710478,897,1
898,1151279869884,1151279869920,1151279870012,898,1
899,1151279955556,1151279955589,1151279955642,899,1
900,1151280099224,1151280099256,1151280099311,900,1
901,1151280211381,1151280211413,1151280211467,901,1
902,1151280336726,1151280336759,1151280336811,902,1
903,1151280460687,1151280460721,1151280460773,903,1
904,1151280593453,1151280593487,1151280593583,904,1
905,1151280782379,1151280782415,1151280782621,905,1
906,1151280836882,1151280836914,1151280836968,906,1
907,1151280961320,1151280961354,1151280961407,907,1
908,1151281086468,1151281086500,1151281086549,908,1
909,1151281210386,1151281210418,1151281210471,909,1
910,1151281359878,1151281359910,1151281359962,910,1
911,1151281520591,1151281520624,1151281520837,911,1
912,1151281651149,1151281651182,1151281651274,912,1
913,1151281711667,1151281711700,1151281711874,913,1
914,1151281838307,1151281838341,1151281838402,914,1
915,1151281962417,1151281962450,1151281962627,915,1
916,1151282086600,1151282086633,1151282086681,916,1
917,1151282211878,1151282211983,1151282212224,917,1
918,1151282336328,1151282336361,1151282336410,918,1
919,1151282461538,1151282461570,1151282461759,919,1
920,1151282586408,1151282586441,1151282586617,920,1
921,1151282711262,1151282711295,1151282711410,921,1
922,1151282836211,1151282836243,1151282836427,922,1
923,1151282961283,1151282961315,1151282961439,923,1
924,1151283086321,1151283086355,1151283086534,924,1
925,1151283211305,1151283211337,1151283211503,925,1
926,1151283336120,1151283336153,1151283336204,926,1
927,1151283460487,1151283460519,1151283460694,927,1
928,1151283600184,1151283600219,1151283600311,928,1
929,1151283713161,1151283713196,1151283713374,929,1
930,1151283838129,1151283838162,1151283838215,930,1
931,1151283955801,1151283955833,1151283956001,931,1
932,1151284099490,1151284099595,1151284099645,932,1
933,1151284211716,1151284211749,1151284211931,933,1
934,1151284404109,1151284404142,1151284404363,934,1
935,1151284475606,1151284475639,1151284475803,935,1
936,1151284592915,1151284592948,1151284593044,936,1
937,1151284711609,1151284711643,1151284711824,937,1
938,1151284836417,1151284836451,1151284836628,938,1
939,1151284961293,1151284961324,1151284961449,939,1
940,1151285085446,1151285085479,1151285085667,940,1
941,1151285248838,1151285248871,1151285249084,941,1
942,1151285339177,1151285339209,1151285339324,942,1
943,1151285461478,1151285461512,1151285461621,943,1
944,1151285586552,1151285586585,1151285586636,944,1
945,1151285711417,1151285711450,1151285711627,945,1
946,1151285835567,1151285835599,1151285835776,946,1
947,1151285968127,1151285968159,1151285968321,947,1
948,1151286086394,1151286086426,1151286086600,948,1
949,1151286210784,1151286210816,1151286210989,949,1
950,1151286345073,1151286345106,1151286345200,950,1
951,1151286461552,1151286461585,1151286461755,951,1
952,1151286586680,1151286586713,1151286586764,952,1
953,1151286711383,1151286711415,1151286711580,953,1
954,1151286836249,1151286836281,1151286836330,954,1
955,1151286961465,1151286961498,1151286961666,955,1
956,1151287086447,1151287086480,1151287086648,956,1
957,1151287211373,1151287211409,1151287211549,957,1
958,1151287336410,1151287336443,1151287336627,958,1
959,1151287461253,1151287461286,1151287461406,959,1
960,1151287586277,1151287586309,1151287586494,960,1
961,1151287890185,1151287890237,1151287890464,961,1
962,1151287899495,1151287899527,1151287899574,962,1
963,1151287956013,1151287956045,1151287956128,963,1
964,1151288102469,1151288102577,1151288102766,964,1
965,1151288211375,1151288211408,1151288211515,965,1
966,1151288336412,1151288336444,1151288336604,966,1
967,1151288461177,1151288461210,1151288461324,967,1
968,1151288585389,1151288585422,1151288585602,968,1
969,1151288746326,1151288746360,1151288746516,969,1
970,1151288836550,1151288836583,1151288836635,970,1
971,1151288961345,1151288961378,1151288961481,971,1
972,1151289086544,1151289086576,1151289086630,972,1
973,1151289210343,1151289210376,1151289210554,973,1
974,1151289368925,1151289368957,1151289369008,974,1
975,1151289463047,1151289463080,1151289463251,975,1
976,1151289587807,1151289587840,1151289587887,976,1
977,1151289713083,1151289713116,1151289713305,977,1
978,1151289837680,1151289837714,1151289837762,978,1
979,1151289962913,1151289962945,1151289963130,979,1
980,1151290088679,1151290088712,1151290088760,980,1
981,1151290213087,1151290213119,1151290213291,981,1
982,1151290338076,1151290338109,1151290338157,982,1
983,1151290463012,1151290463045,1151290463218,983,1
984,1151290588031,1151290588063,1151290588112,984,1
985,1151290713023,1151290713056,1151290713226,985,1
986,1151290886254,1151290886287,1151290886338,986,1
987,1151290963480,1151290963512,1151290963623,987,1
988,1151291088012,1151291088045,1151291088098,988,1
989,1151291213043,1151291213075,1151291213259,989,1
990,1151291338706,1151291338739,1151291338925,990,1
991,1151291463068,1151291463100,1151291463216,991,1
992,1151291594596,1151291594628,1151291594805,992,1
993,1151291713181,1151291713213,1151291713324,993,1
994,1151291838448,1151291838482,1151291838658,994,1
995,1151291955464,1151291955496,1151291955567,995,1
996,1151292093370,1151292093479,1151292093661,996,1
997,1151292211314,1151292211347,1151292211519,997,1
998,1151292336218,1151292336252,1151292336305,998,1
999,1151292461335,1151292461367,1151292461548,999,1
1000,1151292586330,1151292586362,1151292586418,1000,1
1001,1151292711195,1151292711226,1151292711397,1001,1
1002,1151292836214,1151292836246,1151292836304,1002,1
1003,1151292961450,1151292961482,1151292961643,1003,1
1004,1151293086394,1151293086426,1151293086593,1004,1
1005,1151293231906,1151293231939,1151293232126,1005,1
1006,1151293363096,1151293363128,1151293363178,1006,1
1007,1151293463186,1151293463218,1151293463326,1007,1
1008,1151293588087,1151293588120,1151293588170,1008,1
1009,1151293713204,1151293713236,1151293713286,1009,1
1010,1151293838139,1151293838172,1151293838225,1010,1
1011,1151293963123,1151293963156,1151293963205,1011,1
1012,1151294088144,1151294088176,1151294088227,1012,1
1013,1151294213088,1151294213121,1151294213259,1013,1
1014,1151294338349,1151294338382,1151294338430,1014,1
1015,1151294462997,1151294463030,1151294463106,1015,1
1016,1151294587989,1151294588022,1151294588072,1016,1
1017,1151294713005,1151294713039,1151294713213,1017,1
1018,1151294838177,1151294838211,1151294838260,1018,1
1019,1151294963144,1151294963176,1151294963367,1019,1
1020,1151295088060,1151295088092,1151295088145,1020,1
1021,1151295213279,1151295213311,1151295213550,1021,1
1022,1151295338049,1151295338082,1151295338131,1022,1
1023,1151295462999,1151295463033,1151295463140,1023,1
1024,1151295588145,1151295588178,1151295588237,1024,1
1025,1151295713121,1151295713154,1151295713336,1025,1
1026,1151295838085,1151295838118,1151295838293,1026,1
1027,1151295955545,1151295955577,1151295955689,1027,1
1028,1151296093125,1151296093158,1151296093331,1028,1
1029,1151296211421,1151296211454,1151296211563,1029,1
1030,1151296336168,1151296336201,1151296336373,1030,1
1031,1151296462144,1151296462177,1151296462335,1031,1
1032,1151296585747,1151296585778,1151296585828,1032,1
1033,1151296710926,1151296710958,1151296711126,1033,1
1034,1151296835731,1151296835762,1151296835813,1034,1
1035,1151296960725,1151296960757,1151296960923,1035,1
1036,1151297086283,1151297086314,1151297086479,1036,1
1037,1151297210038,1151297210069,1151297210181,1037,1
1038,1151297338617,1151297338648,1151297338697,1038,1
1039,1151297500997,1151297501028,1151297501075,1039,1
1040,1151297593459,1151297593490,1151297593540,1040,1
1041,1151297712612,1151297712643,1151297712696,1041,1
1042,1151297837633,1151297837664,1151297837711,1042,1
1043,1151297963051,1151297963084,1151297963203,1043,1
1044,1151298087947,1151298087980,1151298088028,1044,1
1045,1151298212589,1151298212621,1151298212730,1045,1
1046,1151298337654,1151298337686,1151298337733,1046,1
1047,1151298462482,1151298462513,1151298462566,1047,1
1048,1151298587540,1151298587572,1151298587623,1048,1
1049,1151298712484,1151298712515,1151298712562,1049,1
1050,1151298837555,1151298837586,1151298837633,1050,1
1051,1151298962549,1151298962580,1151298962633,1051,1
1052,1151299087354,1151299087385,1151299087433,1052,1
1053,1151299212634,1151299212665,1151299212718,1053,1
1054,1151299337945,1151299337977,1151299338087,1054,1
1055,1151299462460,1151299462491,1151299462544,1055,1
1056,1151299587482,1151299587514,1151299587694,1056,1
1057,1151299712469,1151299712500,1151299712622,1057,1
1058,1151299837552,1151299837585,1151299837766,1058,1
1059,1151299955072,1151299955104,1151299955282,1059,1
1060,1151300092278,1151300092311,1151300092363,1060,1
1061,1151300211116,1151300211148,1151300211323,1061,1
1062,1151300335820,1151300335852,1151300335899,1062,1
1063,1151300460842,1151300460874,1151300461052,1063,1
1064,1151300586541,1151300586574,1151300586626,1064,1
1065,1151300711569,1151300711603,1151300711769,1065,1
1066,1151300836412,1151300836446,1151300836605,1066,1
1067,1151300961342,1151300961375,1151300961482,1067,1
1068,1151301086202,1151301086234,1151301086399,1068,1
1069,1151301210858,1151301210892,1151301211067,1069,1
1070,1151301356490,1151301356522,1151301356577,1070,1
1071,1151301461732,1151301461766,1151301461894,1071,1
1072,1151301586393,1151301586426,1151301586476,1072,1
1073,1151301711190,1151301711222,1151301711348,1073,1
1074,1151301836560,1151301836593,1151301836652,1074,1
1075,1151301961191,1151301961224,1151301961346,1075,1
1076,1151302211338,1151302211372,1151302211463,1076,1
1077,1151302219269,1151302219301,1151302219414,1077,1
1078,1151302336889,1151302336921,1151302336974,1078,1
1079,1151302461388,1151302461421,1151302461534,1079,1
1080,1151302586311,1151302586344,1151302586397,1080,1
1081,1151302711264,1151302711296,1151302711421,1081,1
1082,1151302836351,1151302836384,1151302836437,1082,1
1083,1151302961321,1151302961354,1151302961478,1083,1
1084,1151303086377,1151303086410,1151303086464,1084,1
1085,1151303211307,1151303211339,1151303211439,1085,1
1086,1151303336290,1151303336323,1151303336377,1086,1
1087,1151303461310,1151303461342,1151303461392,1087,1
1088,1151303586554,1151303586587,1151303586699,1088,1
1089,1151303710328,1151303710362,1151303710415,1089,1
1090,1151303863605,1151303863637,1151303863854,1090,1
1091,1151303955409,1151303955442,1151303955606,1091,1
1092,1151304093983,1151304094016,1151304094072,1092,1
1093,1151304211341,1151304211374,1151304211560,1093,1
1094,1151304336277,1151304336309,1151304336360,1094,1
1095,1151304461561,1151304461592,1151304461766,1095,1
1096,1151304586395,1151304586428,1151304586603,1096,1
1097,1151304711756,1151304711788,1151304711839,1097,1
1098,1151304836268,1151304836301,1151304836479,1098,1
1099,1151304961365,1151304961398,1151304961508,1099,1
1100,1151305086274,1151305086306,1151305086482,1100,1
1101,1151305210371,1151305210404,1151305210567,1101,1
1102,1151305356567,1151305356602,1151305356775,1102,1
1103,1151305463264,1151305463297,1151305463396,1103,1
1104,1151305588030,1151305588064,1151305588117,1104,1
1105,1151305712970,1151305713002,1151305713061,1105,1
1106,1151305837925,1151305837959,1151305838017,1106,1
1107,1151305962984,1151305963017,1151305963071,1107,1
1108,1151306088014,1151306088047,1151306088101,1108,1
1109,1151306213050,1151306213083,1151306213138,1109,1
1110,1151306337937,1151306337969,1151306338023,1110,1
1111,1151306462960,1151306462992,1151306463045,1111,1
1112,1151306588145,1151306588177,1151306588225,1112,1
1113,1151306713088,1151306713121,1151306713176,1113,1
1114,1151306838032,1151306838066,1151306838120,1114,1
1115,1151306962985,1151306963017,1151306963073,1115,1
1116,1151307088115,1151307088147,1151307088199,1116,1
1117,1151307213165,1151307213197,1151307213250,1117,1
1118,1151307338034,1151307338067,1151307338120,1118,1
1119,1151307462989,1151307463022,1151307463076,1119,1
1120,1151307588296,1151307588329,1151307588378,1120,1
1121,1151307713291,1151307713323,1151307713431,1121,1
1122,1151307838032,1151307838065,1151307838118,1122,1
1123,1151307955354,1151307955386,1151307955555,1123,1
1124,1151308092809,1151308092917,1151308093083,1124,1
1125,1151308211289,1151308211321,1151308211441,1125,1
1126,1151308336406,1151308336439,1151308336617,1126,1
1127,1151308461349,1151308461382,1151308461492,1127,1
1128,1151308586443,1151308586475,1151308586645,1128,1
1129,1151308711349,1151308711382,1151308711560,1129,1
1130,1151308836451,1151308836485,1151308836539,1130,1
1131,1151308961467,1151308961499,1151308961672,1131,1
1132,1151309086300,1151309086333,1151309086386,1132,1
1133,1151309210364,1151309210399,1151309210567,1133,1
1134,1151309347511,1151309347544,1151309347708,1134,1
1135,1151309463636,1151309463668,1151309463841,1135,1
1136,1151309588202,1151309588234,1151309588285,1136,1
1137,1151309713110,1151309713143,1151309713250,1137,1
1138,1151309837851,1151309837883,1151309837934,1138,1
1139,1151309963333,1151309963367,1151309963499,1139,1
1140,1151310087948,1151310087981,1151310088030,1140,1
1141,1151310212919,1151310212950,1151310213344,1141,1
1142,1151310337971,1151310338003,1151310338051,1142,1
1143,1151310463056,1151310463093,1151310463260,1143,1
1144,1151310587903,1151310587935,1151310588001,1144,1
1145,1151310713086,1151310713119,1151310713307,1145,1
1146,1151310838029,1151310838062,1151310838112,1146,1
1147,1151310962973,1151310963005,1151310963195,1147,1
1148,1151311087955,1151311087988,1151311088046,1148,1
1149,1151311213044,1151311213076,1151311213245,1149,1
1150,1151311338027,1151311338060,1151311338109,1150,1
1151,1151311463051,1151311463084,1151311463135,1151,1
1152,1151311587977,1151311588009,1151311588061,1152,1
1153,1151311712971,1151311713004,1151311713058,1153,1
1154,1151311838332,1151311838367,1151311838479,1154,1
1155,1151311955441,1151311955475,1151311955527,1155,1
1156,1151312091806,1151312091912,1151312092077,1156,1
1157,1151312254586,1151312254617,1151312254841,1157,1
1158,1151312336592,1151312336624,1151312336678,1158,1
1159,1151312461167,1151312461199,1151312461384,1159,1
1160,1151312586258,1151312586291,1151312586341,1160,1
1161,1151312711207,1151312711240,1151312711419,1161,1
1162,1151312836069,1151312836101,1151312836154,1162,1
1163,1151312960762,1151312960793,1151312960968,1163,1
1164,1151313085702,1151313085734,1151313085922,1164,1
1165,1151313210240,1151313210272,1151313210378,1165,1
1166,1151313337881,1151313337913,1151313338082,1166,1
1167,1151313476085,1151313476118,1151313476228,1167,1
1168,1151313585760,1151313585792,1151313585969,1168,1
1169,1151313726308,1151313726339,1151313726498,1169,1
1170,1151313863262,1151313863293,1151313863341,1170,1
1171,1151313969454,1151313969487,1151313969600,1171,1
1172,1151314100929,1151314100962,1151314101009,1172,1
1173,1151314297034,1151314297066,1151314297211,1173,1
1174,1151314336353,1151314336386,1151314336439,1174,1
1175,1151314461408,1151314461441,1151314461557,1175,1
1176,1151314586291,1151314586325,1151314586373,1176,1
1177,1151314742278,1151314742312,1151314742472,1177,1
1178,1151314836455,1151314836487,1151314836543,1178,1
1179,1151314961559,1151314961593,1151314961706,1179,1
1180,1151315086247,1151315086279,1151315086333,1180,1
1181,1151315211286,1151315211318,1151315211423,1181,1
1182,1151315397909,1151315397941,1151315398039,1182,1
1183,1151315461607,1151315461639,1151315461692,1183,1
1184,1151315585572,1151315585605,1151315585658,1184,1
1185,1151315744277,1151315744309,1151315744397,1185,1
1186,1151315899630,1151315899663,1151315899756,1186,1
1187,1151315955583,1151315955617,1151315955730,1187,1
1188,1151316093134,1151316093241,1151316093349,1188,1
1189,1151316211930,1151316211961,1151316212149,1189,1
1190,1151316335844,1151316335877,1151316335923,1190,1
1191,1151316470412,1151316470444,1151316470614,1191,1
1192,1151316635620,1151316635651,1151316635821,1192,1
1193,1151316710791,1151316710823,1151316710947,1193,1
1194,1151316843103,1151316843137,1151316843365,1194,1
1195,1151316961270,1151316961303,1151316961425,1195,1
1196,1151317086363,1151317086397,1151317086576,1196,1
1197,1151317210478,1151317210510,1151317210630,1197,1
1198,1151317381136,1151317381168,1151317381334,1198,1
1199,1151317460884,1151317460915,1151317461027,1199,1
1200,1151317585927,1151317585958,1151317586120,1200,1
1201,1151317710760,1151317710793,1151317710899,1201,1
1202,1151317836169,1151317836201,1151317836371,1202,1
1203,1151317961054,1151317961086,1151317961193,1203,1
1204,1151318085896,1151318085929,1151318085976,1204,1
1205,1151318210779,1151318210810,1151318210910,1205,1
1206,1151318335843,1151318335876,1151318335925,1206,1
1207,1151318459971,1151318460002,1151318460132,1207,1
1208,1151318592407,1151318592461,1151318592551,1208,1
1209,1151318710913,1151318710945,1151318710995,1209,1
1210,1151318835778,1151318835809,1151318835862,1210,1
1211,1151318960847,1151318960878,1151318961096,1211,1
1212,1151319086146,1151319086177,1151319086230,1212,1
1213,1151319210882,1151319210914,1151319211027,1213,1
1214,1151319335828,1151319335861,1151319335914,1214,1
1215,1151319459926,1151319459958,1151319460129,1215,1
1216,1151319592375,1151319592408,1151319592493,1216,1
1217,1151319710771,1151319710802,1151319710998,1217,1
1218,1151319955511,1151319955542,1151319955626,1218,1
1219,1151319955684,1151319955715,1151319955887,1219,1
1220,1151320100856,1151320100962,1151320101015,1220,1
1221,1151320218489,1151320218521,1151320218695,1221,1
1222,1151320344284,1151320344317,1151320344364,1222,1
1223,1151320469286,1151320469317,1151320469494,1223,1
1224,1151320588962,1151320588994,1151320589160,1224,1
1225,1151320713562,1151320713594,1151320713704,1225,1
1226,1151320838031,1151320838062,1151320838231,1226,1
1227,1151320963157,1151320963189,1151320963322,1227,1
1228,1151321087639,1151321087671,1151321087725,1228,1
1229,1151321212036,1151321212068,1151321212249,1229,1
1230,1151321340129,1151321340161,1151321340339,1230,1
1231,1151321463678,1151321463709,1151321463818,1231,1
1232,1151321588513,1151321588545,1151321588717,1232,1
1233,1151321713411,1151321713442,1151321713490,1233,1
1234,1151321837878,1151321837909,1151321837955,1234,1
1235,1151321968386,1151321968419,1151321968467,1235,1
1236,1151322088371,1151322088404,1151322088451,1236,1
1237,1151322213533,1151322213564,1151322213727,1237,1
1238,1151322338010,1151322338042,1151322338089,1238,1
1239,1151322462908,1151322462939,1151322463102,1239,1
1240,1151322588111,1151322588143,1151322588301,1240,1
1241,1151322712706,1151322712739,1151322712840,1241,1
1242,1151322837624,1151322837656,1151322837705,1242,1
1243,1151322962868,1151322962901,1151322963001,1243,1
1244,1151323087563,1151323087595,1151323087646,1244,1
1245,1151323212597,1151323212629,1151323212750,1245,1
1246,1151323337943,1151323337974,1151323338024,1246,1
1247,1151323462547,1151323462580,1151323462631,1247,1
1248,1151323587556,1151323587588,1151323587634,1248,1
1249,1151323712487,1151323712520,1151323712576,1249,1
1250,1151323837650,1151323837683,1151323837730,1250,1
1251,1151323955052,1151323955084,1151323955136,1251,1
1252,1151324092088,1151324092121,1151324092173,1252,1
1253,1151324211520,1151324211553,1151324211600,1253,1
1254,1151324337043,1151324337146,1151324337268,1254,1
1255,1151324461367,1151324461400,1151324461449,1255,1
1256,1151324586409,1151324586442,1151324586609,1256,1
1257,1151324710348,1151324710381,1151324710486,1257,1
1258,1151324843781,1151324843813,1151324844022,1258,1
1259,1151324961526,1151324961559,1151324961666,1259,1
1260,1151325085403,1151325085436,1151325085601,1260,1
1261,1151325341585,1151325341656,1151325341926,1261,1
1262,1151325350074,1151325350107,1151325350156,1262,1
1263,1151325461884,1151325461916,1151325462038,1263,1
1264,1151325586351,1151325586383,1151325586436,1264,1
1265,1151325711323,1151325711354,1151325711470,1265,1
1266,1151325836537,1151325836570,1151325836748,1266,1
1267,1151325965459,1151325965503,1151325965683,1267,1
1268,1151326086461,1151326086494,1151326086551,1268,1
1269,1151326236785,1151326236818,1151326237029,1269,1
1270,1151326336425,1151326336458,1151326336513,1270,1
1271,1151326468377,1151326468409,1151326468576,1271,1
1272,1151326587013,1151326587046,1151326587214,1272,1
1273,1151326741029,1151326741064,1151326741182,1273,1
1274,1151326843066,1151326843098,1151326843155,1274,1
1275,1151326960909,1151326960941,1151326960993,1275,1
1276,1151327085848,1151327085880,1151327085929,1276,1
1277,1151327210784,1151327210816,1151327210871,1277,1
1278,1151327335974,1151327336008,1151327336055,1278,1
1279,1151327461108,1151327461140,1151327461188,1279,1
1280,1151327591629,1151327591660,1151327591711,1280,1
1281,1151327710160,1151327710191,1151327710243,1281,1
1282,1151327900110,1151327900140,1151327900226,1282,1
1283,1151327955256,1151327955288,1151327955340,1283,1
1284,1151328092846,1151328092951,1151328092997,1284,1
1285,1151328211036,1151328211068,1151328211234,1285,1
1286,1151328335856,1151328335888,1151328335939,1286,1
1287,1151328460902,1151328460934,1151328461114,1287,1
1288,1151328592052,1151328592084,1151328592192,1288,1
1289,1151328711030,1151328711065,1151328711242,1289,1
1290,1151328835961,1151328835992,1151328836160,1290,1
1291,1151328960749,1151328960785,1151328960900,1291,1
1292,1151329085788,1151329085820,1151329085996,1292,1
1293,1151329210033,1151329210069,1151329210188,1293,1
1294,1151329367113,1151329367144,1151329367323,1294,1
1295,1151329462474,1151329462506,1151329462630,1295,1
1296,1151329587619,1151329587651,1151329587833,1296,1
1297,1151329712557,1151329712588,1151329712662,1297,1
1298,1151329837518,1151329837550,1151329837726,1298,1
1299,1151329967961,1151329967996,1151329968191,1299,1
1300,1151330087146,1151330087178,1151330087367,1300,1
1301,1151330212852,1151330212884,1151330213046,1301,1
1302,1151330337668,1151330337700,1151330337748,1302,1
1303,1151330462586,1151330462627,1151330462755,1303,1
1304,1151330588858,1151330588890,1151330589059,1304,1
1305,1151330713140,1151330713174,1151330713224,1305,1
1306,1151330838083,1151330838116,1151330838169,1306,1
1307,1151330966106,1151330966142,1151330966197,1307,1
1308,1151331088665,1151331088697,1151331088749,1308,1
1309,1151331213091,1151331213124,1151331213177,1309,1
1310,1151331338151,1151331338188,1151331338241,1310,1
1311,1151331463275,1151331463308,1151331463379,1311,1
1312,1151331609702,1151331609734,1151331609786,1312,1
1313,1151331712831,1151331712862,1151331712931,1313,1
1314,1151331890137,1151331890169,1151331890221,1314,1
1315,1151331955299,1151331955330,1151331955511,1315,1
1316,1151332092686,1151332092794,1151332092847,1316,1
1317,1151332210911,1151332210943,1151332211138,1317,1
1318,1151332335843,1151332335875,1151332335922,1318,1
1319,1151332461416,1151332461449,1151332461626,1319,1
1320,1151332586271,1151332586304,1151332586355,1320,1
1321,1151332731448,1151332731485,1151332731717,1321,1
1322,1151332867626,1151332867657,1151332867707,1322,1
1323,1151332961445,1151332961478,1151332961651,1323,1
1324,1151333086338,1151333086371,1151333086537,1324,1
1325,1151333210409,1151333210441,1151333210567,1325,1
1326,1151333342170,1151333342203,1151333342388,1326,1
1327,1151333470235,1151333470268,1151333470388,1327,1
1328,1151333588297,1151333588333,1151333588510,1328,1
1329,1151333713190,1151333713223,1151333713346,1329,1
1330,1151333838226,1151333838258,1151333838440,1330,1
1331,1151333963087,1151333963119,1151333963289,1331,1
1332,1151334088162,1151334088194,1151334088243,1332,1
1333,1151334213050,1151334213083,1151334213272,1333,1
1334,1151334338004,1151334338036,1151334338093,1334,1
1335,1151334463216,1151334463248,1151334463437,1335,1
1336,1151334588551,1151334588584,1151334588766,1336,1
1337,1151334713099,1151334713132,1151334713256,1337,1
1338,1151334838309,1151334838342,1151334838395,1338,1
1339,1151334963008,1151334963041,1151334963091,1339,1
1340,1151335088043,1151335088076,1151335088125,1340,1
1341,1151335213327,1151335213360,1151335213410,1341,1
1342,1151335337979,1151335338012,1151335338071,1342,1
1343,1151335463041,1151335463074,1151335463187,1343,1
1344,1151335588206,1151335588239,1151335588293,1344,1
1345,1151335713379,1151335713413,1151335713527,1345,1
1346,1151335837978,1151335838011,1151335838065,1346,1
1347,1151335955320,1151335955352,1151335955400,1347,1
1348,1151336093163,1151336093198,1151336093254,1348,1
1349,1151336214640,1151336214673,1151336214723,1349,1
1350,1151336336241,1151336336273,1151336336332,1350,1
1351,1151336461244,1151336461277,1151336461327,1351,1
1352,1151336586358,1151336586391,1151336586445,1352,1
1353,1151336711274,1151336711307,1151336711357,1353,1
1354,1151336836717,1151336836818,1151336836936,1354,1
1355,1151336961346,1151336961379,1151336961428,1355,1
1356,1151337086301,1151337086333,1151337086515,1356,1
1357,1151337210389,1151337210422,1151337210531,1357,1
1358,1151337352426,1151337352459,1151337352631,1358,1
1359,1151337463494,1151337463528,1151337463700,1359,1
1360,1151337588124,1151337588161,1151337588208,1360,1
1361,1151337713077,1151337713110,1151337713279,1361,1
1362,1151337838123,1151337838155,1151337838204,1362,1
1363,1151337963284,1151337963320,1151337963491,1363,1
1364,1151338088149,1151338088181,1151338088233,1364,1
1365,1151338213009,1151338213046,1151338213220,1365,1
1366,1151338338103,1151338338136,1151338338316,1366,1
1367,1151338463311,1151338463344,1151338463471,1367,1
1368,1151338588279,1151338588311,1151338588482,1368,1
1369,1151338727487,1151338727520,1151338727711,1369,1
1370,1151338838144,1151338838176,1151338838233,1370,1
1371,1151338963066,1151338963098,1151338963152,1371,1
1372,1151339088356,1151339088391,1151339088444,1372,1
1373,1151339213158,1151339213193,1151339213243,1373,1
1374,1151339338201,1151339338236,1151339338291,1374,1
1375,1151339463268,1151339463304,1151339463412,1375,1
1376,1151339588208,1151339588240,1151339588294,1376,1
1377,1151339713036,1151339713071,1151339713178,1377,1
1378,1151339838060,1151339838095,1151339838148,1378,1
1379,1151339955510,1151339955543,1151339955591,1379,1
1380,1151340137764,1151340137797,1151340137919,1380,1
1381,1151340211965,1151340211998,1151340212051,1381,1
1382,1151340336284,1151340336317,1151340336370,1382,1
1383,1151340461159,1151340461196,1151340461249,1383,1
1384,1151340586230,1151340586263,1151340586312,1384,1
1385,1151340711164,1151340711197,1151340711246,1385,1
1386,1151340835781,1151340835815,1151340835864,1386,1
1387,1151340960774,1151340960804,1151340960858,1387,1
1388,1151341086354,1151341086459,1151341086573,1388,1
1389,1151341209936,1151341209968,1151341210137,1389,1
1390,1151341337939,1151341337970,1151341338018,1390,1
1391,1151341461019,1151341461050,1151341461223,1391,1
1392,1151341585843,1151341585874,1151341585921,1392,1
1393,1151341710823,1151341710856,1151341711017,1393,1
1394,1151341835832,1151341835864,1151341835911,1394,1
1395,1151341960795,1151341960826,1151341961012,1395,1
1396,1151342085881,1151342085913,1151342086088,1396,1
1397,1151342210951,1151342210984,1151342211354,1397,1
1398,1151342335952,1151342335984,1151342336153,1398,1
1399,1151342460757,1151342460789,1151342460907,1399,1
1400,1151342586100,1151342586132,1151342586300,1400,1
1401,1151342710799,1151342710830,1151342711009,1401,1
1402,1151342848868,1151342848902,1151342849082,1402,1
1403,1151342960832,1151342960863,1151342960988,1403,1
1404,1151343085985,1151343086018,1151343086068,1404,1
1405,1151343210827,1151343210858,1151343210957,1405,1
1406,1151343336384,1151343336417,1151343336465,1406,1
1407,1151343461861,1151343461894,1151343461948,1407,1
1408,1151343586280,1151343586313,1151343586362,1408,1
1409,1151343759035,1151343759067,1151343759161,1409,1
1410,1151343836626,1151343836658,1151343836710,1410,1
1411,1151343960523,1151343960556,1151343960628,1411,1
1412,1151344093791,1151344093823,1151344093921,1412,1
1413,1151344211720,1151344211753,1151344211806,1413,1
1414,1151344336572,1151344336604,1151344336656,1414,1
1415,1151344461862,1151344461894,1151344461948,1415,1
1416,1151344586204,1151344586236,1151344586285,1416,1
1417,1151344711276,1151344711308,1151344711358,1417,1
1418,1151344836368,1151344836400,1151344836454,1418,1
1419,1151344961338,1151344961371,1151344961556,1419,1
1420,1151345086275,1151345086308,1151345086356,1420,1
1421,1151345210316,1151345210348,1151345210522,1421,1
1422,1151345344912,1151345344945,1151345344998,1422,1
1423,1151345461321,1151345461353,1151345461584,1423,1
1424,1151345650976,1151345651008,1151345651212,1424,1
1425,1151345713323,1151345713356,1151345713463,1425,1
1426,1151345837993,1151345838025,1151345838195,1426,1
1427,1151345963081,1151345963112,1151345963226,1427,1
1428,1151346088066,1151346088099,1151346088266,1428,1
1429,1151346213080,1151346213112,1151346213240,1429,1
1430,1151346338142,1151346338175,1151346338361,1430,1
1431,1151346463049,1151346463082,1151346463202,1431,1
1432,1151346588009,1151346588042,1151346588222,1432,1
1433,1151346713023,1151346713056,1151346713248,1433,1
1434,1151346837945,1151346837978,1151346838028,1434,1
1435,1151346963250,1151346963287,1151346963397,1435,1
1436,1151347088115,1151347088148,1151347088197,1436,1
1437,1151347213120,1151347213154,1151347213267,1437,1
1438,1151347338318,1151347338350,1151347338403,1438,1
1439,1151347463286,1151347463319,1151347463425,1439,1
1440,1151347588146,1151347588179,1151347588230,1440,1
1441,1151347713050,1151347713082,1151347713135,1441,1
1442,1151347837925,1151347837957,1151347838009,1442,1
1443,1151347955369,1151347955402,1151347955455,1443,1
1444,1151348093500,1151348093607,1151348093659,1444,1
1445,1151348264623,1151348264660,1151348264709,1445,1
1446,1151348337187,1151348337220,1151348337272,1446,1
1447,1151348461600,1151348461632,1151348461686,1447,1
1448,1151348586308,1151348586340,1151348586389,1448,1
1449,1151348711151,1151348711184,1151348711238,1449,1
1450,1151348836253,1151348836289,1151348836335,1450,1
1451,1151348961288,1151348961320,1151348961372,1451,1
1452,1151349085481,1151349085514,1151349085562,1452,1
1453,1151349247612,1151349247645,1151349247739,1453,1
1454,1151349338445,1151349338480,1151349338531,1454,1
1455,1151349461502,1151349461535,1151349461647,1455,1
1456,1151349586286,1151349586319,1151349586492,1456,1
1457,1151349711293,1151349711325,1151349711431,1457,1
1458,1151349836150,1151349836182,1151349836356,1458,1
1459,1151349961059,1151349961092,1151349961204,1459,1
1460,1151350086253,1151350086286,1151350086459,1460,1
1461,1151350210242,1151350210275,1151350210436,1461,1
1462,1151350343527,1151350343560,1151350343651,1462,1
1463,1151350461244,1151350461277,1151350461450,1463,1
1464,1151350586494,1151350586526,1151350586576,1464,1
1465,1151350711209,1151350711241,1151350711405,1465,1
1466,1151350835435,1151350835467,1151350835521,1466,1
1467,1151350964414,1151350964447,1151350964655,1467,1
1468,1151351086279,1151351086311,1151351086475,1468,1
1469,1151351211481,1151351211513,1151351211690,1469,1
1470,1151351336222,1151351336254,1151351336306,1470,1
1471,1151351460407,1151351460440,1151351460560,1471,1
1472,1151351594549,1151351594581,1151351594676,1472,1
1473,1151351711203,1151351711235,1151351711343,1473,1
1474,1151351840905,1151351840938,1151351840993,1474,1
1475,1151352049254,1151352049370,1151352049550,1475,1
1476,1151352089750,1151352089783,1151352089832,1476,1
1477,1151352211262,1151352211295,1151352211403,1477,1
1478,1151352336228,1151352336261,1151352336315,1478,1
1479,1151352461167,1151352461199,1151352461303,1479,1
1480,1151352586135,1151352586167,1151352586217,1480,1
1481,1151352730984,1151352731016,1151352731187,1481,1
1482,1151352836464,1151352836496,1151352836550,1482,1
1483,1151352960348,1151352960381,1151352960493,1483,1
1484,1151353113371,1151353113405,1151353113497,1484,1
1485,1151353210391,1151353210423,1151353210478,1485,1
1486,1151353353573,1151353353606,1151353353655,1486,1
1487,1151353498638,1151353498670,1151353498821,1487,1
1488,1151353586968,1151353587000,1151353587053,1488,1
1489,1151353711930,1151353711962,1151353712153,1489,1
1490,1151353836305,1151353836337,1151353836394,1490,1
1491,1151353961332,1151353961364,1151353961542,1491,1
1492,1151354085328,1151354085361,1151354085416,1492,1
1493,1151354218140,1151354218174,1151354218383,1493,1
1494,1151354336311,1151354336344,1151354336399,1494,1
1495,1151354461279,1151354461311,1151354461480,1495,1
1496,1151354586289,1151354586321,1151354586488,1496,1
1497,1151354711217,1151354711249,1151354711371,1497,1
1498,1151354836192,1151354836225,1151354836397,1498,1
1499,1151354961384,1151354961417,1151354961526,1499,1
1500,1151355086232,1151355086265,1151355086433,1500,1
1501,1151355255140,1151355255172,1151355255386,1501,1
1502,1151355357924,1151355357956,1151355358127,1502,1
1503,1151355460352,1151355460383,1151355460502,1503,1
1504,1151355597245,1151355597278,1151355597370,1504,1
1505,1151355713277,1151355713310,1151355713428,1505,1
1506,1151355838280,1151355838313,1151355838375,1506,1
1507,1151356028567,1151356028671,1151356028800,1507,1
1508,1151356086536,1151356086569,1151356086618,1508,1
1509,1151356211342,1151356211374,1151356211486,1509,1
1510,1151356336349,1151356336382,1151356336431,1510,1
1511,1151356461215,1151356461248,1151356461353,1511,1
1512,1151356586183,1151356586219,1151356586268,1512,1
1513,1151356711243,1151356711275,1151356711384,1513,1
1514,1151356836420,1151356836454,1151356836506,1514,1
1515,1151356961203,1151356961236,1151356961350,1515,1
1516,1151357086185,1151357086217,1151357086266,1516,1
1517,1151357210389,1151357210422,1151357210539,1517,1
1518,1151357338174,1151357338207,1151357338266,1518,1
1519,1151357509823,1151357509859,1151357509982,1519,1
1520,1151357585977,1151357586009,1151357586062,1520,1
1521,1151357761437,1151357761470,1151357761697,1521,1
1522,1151357836476,1151357836509,1151357836560,1522,1
1523,1151357961471,1151357961503,1151357961695,1523,1
1524,1151358086275,1151358086307,1151358086360,1524,1
1525,1151358211408,1151358211440,1151358211688,1525,1
1526,1151358336358,1151358336390,1151358336578,1526,1
1527,1151358461303,1151358461336,1151358461451,1527,1
1528,1151358586271,1151358586304,1151358586482,1528,1
1529,1151358711243,1151358711276,1151358711400,1529,1
1530,1151358836278,1151358836310,1151358836497,1530,1
1531,1151358961436,1151358961469,1151358961656,1531,1
1532,1151359086215,1151359086247,1151359086297,1532,1
1533,1151359211238,1151359211271,1151359211442,1533,1
1534,1151359336384,1151359336416,1151359336465,1534,1
1535,1151359460287,1151359460320,1151359460490,1535,1
1536,1151359682100,1151359682132,1151359682340,1536,1
1537,1151359713729,1151359713762,1151359713862,1537,1
1538,1151359837658,1151359837690,1151359837746,1538,1
1539,1151359955472,1151359955503,1151359955556,1539,1
1540,1151360092219,1151360092250,1151360092303,1540,1
1541,1151360210916,1151360210948,1151360211118,1541,1
1542,1151360335963,1151360335994,1151360336051,1542,1
1543,1151360460928,1151360460961,1151360461137,1543,1
1544,1151360585010,1151360585044,1151360585098,1544,1
1545,1151360741277,1151360741310,1151360741544,1545,1
1546,1151360835950,1151360835981,1151360836029,1546,1
1547,1151360960777,1151360960808,1151360960988,1547,1
1548,1151361085007,1151361085038,1151361085093,1548,1
1549,1151361238024,1151361238055,1151361238263,1549,1
1550,1151361439389,1151361439421,1151361439549,1550,1
1551,1151361515941,1151361515977,1151361516183,1551,1
1552,1151361587815,1151361587846,1151361587894,1552,1
1553,1151361713222,1151361713331,1151361713516,1553,1
1554,1151361840899,1151361840937,1151361841058,1554,1
1555,1151361964145,1151361964177,1151361964224,1555,1
1556,1151362087785,1151362087816,1151362087985,1556,1
1557,1151362212800,1151362212832,1151362212952,1557,1
1558,1151362337635,1151362337668,1151362337846,1558,1
1559,1151362462534,1151362462566,1151362462743,1559,1
1560,1151362587507,1151362587538,1151362587585,1560,1
1561,1151362712561,1151362712591,1151362712777,1561,1
1562,1151362837598,1151362837629,1151362837677,1562,1
1563,1151362962472,1151362962505,1151362962685,1563,1
1564,1151363214096,1151363214131,1151363214302,1564,1
1565,1151363222554,1151363222585,1151363222694,1565,1
1566,1151363358987,1151363359020,1151363359187,1566,1
1567,1151363462657,1151363462691,1151363462797,1567,1
1568,1151363594019,1151363594052,1151363594211,1568,1
1569,1151363712844,1151363712877,1151363713042,1569,1
1570,1151363837474,1151363837508,1151363837554,1570,1
1571,1151363955086,1151363955117,1151363955223,1571,1
1572,1151364087401,1151364087434,1151364087487,1572,1
1573,1151364211474,1151364211506,1151364211616,1573,1
1574,1151364336258,1151364336290,1151364336338,1574,1
1575,1151364461213,1151364461246,1151364461369,1575,1
1576,1151364587743,1151364587776,1151364587828,1576,1
1577,1151364802661,1151364802697,1151364802785,1577,1
1578,1151364837254,1151364837287,1151364837336,1578,1
1579,1151364961370,1151364961403,1151364961452,1579,1
1580,1151365086275,1151365086308,1151365086357,1580,1
1581,1151365210661,1151365210694,1151365210743,1581,1
1582,1151365338918,1151365338951,1151365339002,1582,1
1583,1151365461411,1151365461444,1151365461493,1583,1
1584,1151365586230,1151365586262,1151365586311,1584,1
1585,1151365711262,1151365711295,1151365711405,1585,1
1586,1151365836186,1151365836219,1151365836267,1586,1
1587,1151365960268,1151365960300,1151365960406,1587,1
1588,1151366216797,1151366216898,1151366217116,1588,1
1589,1151366226088,1151366226120,1151366226237,1589,1
1590,1151366339862,1151366339893,1151366339940,1590,1
1591,1151366462688,1151366462721,1151366462897,1591,1
1592,1151366587584,1151366587616,1151366587667,1592,1
1593,1151366712571,1151366712603,1151366712768,1593,1
1594,1151366837435,1151366837466,1151366837518,1594,1
1595,1151366962564,1151366962596,1151366962772,1595,1
1596,1151367087566,1151367087597,1151367087770,1596,1
1597,1151367213130,1151367213164,1151367213288,1597,1
1598,1151367338371,1151367338403,1151367338588,1598,1
1599,1151367463140,1151367463173,1151367463299,1599,1
1600,1151367690159,1151367690192,1151367690377,1600,1
1601,1151367715392,1151367715423,1151367715597,1601,1
1602,1151367896405,1151367896437,1151367896649,1602,1
1603,1151367955776,1151367955809,1151367955930,1603,1
1604,1151368093981,1151368094014,1151368094061,1604,1
1605,1151368211428,1151368211461,1151368211680,1605,1
1606,1151368336419,1151368336451,1151368336504,1606,1
1607,1151368532400,1151368532435,1151368532740,1607,1
1608,1151368610285,1151368610319,1151368610413,1608,1
1609,1151368716144,1151368716178,1151368716330,1609,1
1610,1151368860505,1151368860537,1151368860635,1610,1
1611,1151368966396,1151368966430,1151368966525,1611,1
1612,1151369118174,1151369118208,1151369118301,1612,1
1613,1151369219313,1151369219346,1151369219441,1613,1
1614,1151369405681,1151369405714,1151369405811,1614,1
1615,1151369496712,1151369496745,1151369496839,1615,1
1616,1151369670442,1151369670475,1151369670569,1616,1
1617,1151369714944,1151369714977,1151369715025,1617,1
1618,1151369838121,1151369838154,1151369838208,1618,1
1619,1151369976373,1151369976409,1151369976509,1619,1
1620,1151370090440,1151370090472,1151370090520,1620,1
1621,1151370215490,1151370215595,1151370215705,1621,1
1622,1151370339861,1151370339895,1151370339942,1622,1
1623,1151370464796,1151370464832,1151370464996,1623,1
1624,1151370589422,1151370589456,1151370589509,1624,1
1625,1151370714157,1151370714190,1151370714361,1625,1
1626,1151370839123,1151370839160,1151370839329,1626,1
1627,1151370963743,1151370963778,1151370963883,1627,1
1628,1151371088683,1151371088715,1151371088889,1628,1
1629,1151371213657,1151371213690,1151371213804,1629,1
1630,1151371338657,1151371338690,1151371338861,1630,1
1631,1151371463271,1151371463304,1151371463477,1631,1
1632,1151371588646,1151371588679,1151371588737,1632,1
1633,1151371713203,1151371713235,1151371713418,1633,1
1634,1151371866133,1151371866165,1151371866215,1634,1
1635,1151371955851,1151371955884,1151371956075,1635,1
1636,1151372093873,1151372093910,1151372094087,1636,1
1637,1151372211632,1151372211665,1151372211779,1637,1
1638,1151372336403,1151372336440,1151372336493,1638,1
1639,1151372462037,1151372462074,1151372462180,1639,1
1640,1151372586632,1151372586665,1151372586719,1640,1
1641,1151372711499,1151372711535,1151372711641,1641,1
1642,1151372836369,1151372836403,1151372836452,1642,1
1643,1151372961358,1151372961389,1151372961496,1643,1
1644,1151373086416,1151373086449,1151373086498,1644,1
1645,1151373210356,1151373210389,1151373210499,1645,1
1646,1151373342463,1151373342496,1151373342544,1646,1
1647,1151373463152,1151373463184,1151373463233,1647,1
1648,1151373588066,1151373588099,1151373588151,1648,1
1649,1151373713032,1151373713064,1151373713116,1649,1
1650,1151373837979,1151373838012,1151373838062,1650,1
1651,1151373963189,1151373963222,1151373963271,1651,1
1652,1151374088133,1151374088166,1151374088214,1652,1
1653,1151374212943,1151374212977,1151374213210,1653,1
1654,1151374337937,1151374338038,1151374338150,1654,1
1655,1151374462640,1151374462673,1151374462926,1655,1
1656,1151374587629,1151374587661,1151374587842,1656,1
1657,1151374712570,1151374712601,1151374712723,1657,1
1658,1151374927258,1151374927289,1151374927469,1658,1
1659,1151374962886,1151374962918,1151374963053,1659,1
1660,1151375087634,1151375087665,1151375087863,1660,1
1661,1151375212510,1151375212545,1151375212619,1661,1
1662,1151375337614,1151375337645,1151375337806,1662,1
1663,1151375496858,1151375496889,1151375497061,1663,1
1664,1151375587765,1151375587796,1151375587849,1664,1
1665,1151375712766,1151375712798,1151375712975,1665,1
1666,1151375859146,1151375859177,1151375859229,1666,1
1667,1151375955039,1151375955071,1151375955248,1667,1
1668,1151376228697,1151376228799,1151376229018,1668,1
1669,1151376237511,1151376237543,1151376237670,1669,1
1670,1151376337075,1151376337108,1151376337155,1670,1
1671,1151376461507,1151376461540,1151376461805,1671,1
1672,1151376597708,1151376597740,1151376597835,1672,1
1673,1151376711644,1151376711676,1151376712019,1673,1
1674,1151376835607,1151376835639,1151376835693,1674,1
1675,1151376968197,1151376968231,1151376968529,1675,1
1676,1151377086301,1151377086334,1151377086386,1676,1
1677,1151377210330,1151377210363,1151377210618,1677,1
1678,1151377363320,1151377363353,1151377363408,1678,1
1679,1151377461524,1151377461558,1151377461809,1679,1
1680,1151377586401,1151377586436,1151377586487,1680,1
1681,1151377711248,1151377711281,1151377711523,1681,1
1682,1151377836320,1151377836353,1151377836406,1682,1
1683,1151377961307,1151377961343,1151377961661,1683,1
1684,1151378086389,1151378086422,1151378086474,1684,1
1685,1151378211304,1151378211337,1151378211597,1685,1
1686,1151378336382,1151378336414,1151378336466,1686,1
1687,1151378461262,1151378461295,1151378461659,1687,1
1688,1151378586570,1151378586603,1151378586713,1688,1
1689,1151378711263,1151378711296,1151378711484,1689,1
1690,1151378836373,1151378836405,1151378836458,1690,1
1691,1151378961669,1151378961702,1151378961815,1691,1
1692,1151379086328,1151379086361,1151379086409,1692,1
1693,1151379211252,1151379211285,1151379211454,1693,1
1694,1151379336241,1151379336275,1151379336446,1694,1
1695,1151379461256,1151379461289,1151379461396,1695,1
1696,1151379585386,1151379585419,1151379585469,1696,1
1697,1151379717011,1151379717043,1151379717259,1697,1
1698,1151379865742,1151379865775,1151379865990,1698,1
1699,1151379955412,1151379955445,1151379955546,1699,1
1700,1151380093123,1151380093225,1151380093393,1700,1
1701,1151380211517,1151380211549,1151380211664,1701,1
1702,1151380381960,1151380381992,1151380382223,1702,1
1703,1151380483921,1151380483954,1151380484114,1703,1
1704,1151380593133,1151380593165,1151380593258,1704,1
1705,1151381628636,1151381628736,1151381629218,1705,1
1706,1151381629389,1151381629434,1151381629475,1706,1
1707,1151381629509,1151381629542,1151381629651,1707,1
1708,1151381634346,1151381634378,1151381634420,1708,1
1709,1151381634451,1151381634484,1151381634596,1709,1
1710,1151381634628,1151381634661,1151381634702,1710,1
1711,1151381634734,1151381634767,1151381635006,1711,1
1712,1151381635037,1151381635070,1151381635111,1712,1
1713,1151381776683,1151381776715,1151381776826,1713,1
1714,1151381836063,1151381836095,1151381836142,1714,1
1715,1151381972257,1151381972291,1151381972593,1715,1
1716,1151382095407,1151382095439,1151382095531,1716,1
1717,1151382213272,1151382213305,1151382213544,1717,1
1718,1151382337994,1151382338026,1151382338079,1718,1
1719,1151382462909,1151382462942,1151382462991,1719,1
1720,1151382588012,1151382588044,1151382588093,1720,1
1721,1151382713148,1151382713181,1151382713239,1721,1
1722,1151382838290,1151382838322,1151382838435,1722,1
1723,1151382962977,1151382963012,1151382963176,1723,1
1724,1151383088227,1151383088259,1151383088314,1724,1
1725,1151383213007,1151383213039,1151383213224,1725,1
1726,1151383338237,1151383338270,1151383338321,1726,1
1727,1151383462537,1151383462568,1151383462744,1727,1
1728,1151383587537,1151383587569,1151383587621,1728,1
1729,1151383718008,1151383718039,1151383718225,1729,1
1730,1151383873329,1151383873360,1151383873548,1730,1
1731,1151383955160,1151383955190,1151383955298,1731,1
1732,1151384093850,1151384093953,1151384094124,1732,1
1733,1151384211494,1151384211526,1151384211638,1733,1
1734,1151384336148,1151384336181,1151384336353,1734,1
1735,1151384461323,1151384461356,1151384461527,1735,1
1736,1151384601060,1151384601093,1151384601261,1736,1
1737,1151384846120,1151384846152,1151384846300,1737,1
1738,1151384846364,1151384846396,1151384846437,1738,1
1739,1151384961800,1151384961832,1151384961901,1739,1
1740,1151385086283,1151385086316,1151385086370,1740,1
1741,1151385210590,1151385210623,1151385210676,1741,1
1742,1151385357374,1151385357406,1151385357461,1742,1
1743,1151385461284,1151385461317,1151385461601,1743,1
1744,1151385586268,1151385586300,1151385586349,1744,1
1745,1151385711576,1151385711610,1151385711840,1745,1
1746,1151385835436,1151385835469,1151385835517,1746,1
1747,1151385969254,1151385969287,1151385969410,1747,1
1748,1151386086221,1151386086253,1151386086302,1748,1
1749,1151386210544,1151386210577,1151386210683,1749,1
1750,1151386344163,1151386344196,1151386344290,1750,1
1751,1151386461244,1151386461277,1151386461528,1751,1
1752,1151386586201,1151386586233,1151386586287,1752,1
1753,1151386711106,1151386711139,1151386711250,1753,1
1754,1151386836482,1151386836515,1151386836627,1754,1
1755,1151386961229,1151386961262,1151386961315,1755,1
1756,1151387086174,1151387086205,1151387086371,1756,1
1757,1151387211153,1151387211185,1151387211302,1757,1
1758,1151387336132,1151387336165,1151387336340,1758,1
1759,1151387461144,1151387461176,1151387461348,1759,1
1760,1151387586221,1151387586254,1151387586312,1760,1
1761,1151387710371,1151387710404,1151387710588,1761,1
1762,1151387860326,1151387860359,1151387860455,1762,1
1763,1151388085352,1151388085474,1151388085711,1763,1
1764,1151388093404,1151388093437,1151388093615,1764,1
1765,1151388211613,1151388211646,1151388211750,1765,1
1766,1151388336682,1151388336716,1151388336890,1766,1
1767,1151388461434,1151388461467,1151388461567,1767,1
1768,1151388585570,1151388585602,1151388585766,1768,1
1769,1151388744112,1151388744145,1151388744346,1769,1
1770,1151388836591,1151388836626,1151388836683,1770,1
1771,1151388961155,1151388961188,1151388961290,1771,1
1772,1151389086192,1151389086224,1151389086274,1772,1
1773,1151389210321,1151389210353,1151389210466,1773,1
1774,1151389340834,1151389340866,1151389340920,1774,1
1775,1151389462797,1151389462830,1151389462949,1775,1
1776,1151389587933,1151389587966,1151389588015,1776,1
1777,1151389712710,1151389712744,1151389712869,1777,1
1778,1151389840153,1151389840185,1151389840236,1778,1
1779,1151389963005,1151389963037,1151389963158,1779,1
1780,1151390087969,1151390088002,1151390088050,1780,1
1781,1151390213177,1151390213211,1151390213396,1781,1
1782,1151390338059,1151390338094,1151390338148,1782,1
1783,1151390463147,1151390463183,1151390463445,1783,1
1784,1151390588064,1151390588097,1151390588150,1784,1
1785,1151390712941,1151390712978,1151390713225,1785,1
1786,1151390837908,1151390837941,1151390837994,1786,1
1787,1151390963153,1151390963188,1151390963425,1787,1
1788,1151391088394,1151391088427,1151391088544,1788,1
1789,1151391213034,1151391213070,1151391213254,1789,1
1790,1151391337925,1151391337958,1151391338007,1790,1
1791,1151391463130,1151391463164,1151391463332,1791,1
1792,1151391588056,1151391588092,1151391588147,1792,1
1793,1151391713124,1151391713156,1151391713262,1793,1
1794,1151391837927,1151391837960,1151391838012,1794,1
1795,1151391964297,1151391964329,1151391964410,1795,1
1796,1151392185370,1151392185405,1151392185483,1796,1
1797,1151392212463,1151392212496,1151392212548,1797,1
1798,1151392344165,1151392344209,1151392344388,1798,1
1799,1151392461904,1151392461937,1151392462055,1799,1
1800,1151392586248,1151392586281,1151392586462,1800,1
1801,1151392711323,1151392711356,1151392711405,1801,1
1802,1151392836207,1151392836240,1151392836412,1802,1
1803,1151392961408,1151392961442,1151392961550,1803,1
1804,1151393086207,1151393086240,1151393086417,1804,1
1805,1151393210289,1151393210322,1151393210488,1805,1
1806,1151393357023,1151393357056,1151393357111,1806,1
1807,1151393463240,1151393463273,1151393463458,1807,1
1808,1151393588477,1151393588511,1151393588694,1808,1
1809,1151393713230,1151393713262,1151393713371,1809,1
1810,1151393838027,1151393838061,1151393838110,1810,1
1811,1151393963004,1151393963035,1151393963082,1811,1
1812,1151394088013,1151394088048,1151394088095,1812,1
1813,1151394212986,1151394213019,1151394213069,1813,1
1814,1151394338000,1151394338033,1151394338082,1814,1
1815,1151394463018,1151394463050,1151394463096,1815,1
1816,1151394588205,1151394588239,1151394588288,1816,1
1817,1151394713216,1151394713251,1151394713300,1817,1
1818,1151394838466,1151394838499,1151394838547,1818,1
1819,1151394963100,1151394963131,1151394963177,1819,1
1820,1151395088117,1151395088150,1151395088200,1820,1
1821,1151395212708,1151395212739,1151395212853,1821,1
1822,1151395337558,1151395337589,1151395337640,1822,1
1823,1151395462527,1151395462558,1151395462728,1823,1
1824,1151395587593,1151395587626,1151395587673,1824,1
1825,1151395712764,1151395712796,1151395712972,1825,1
1826,1151395837527,1151395837559,1151395837608,1826,1
1827,1151395955061,1151395955092,1151395955259,1827,1
1828,1151396092370,1151396092479,1151396092650,1828,1
1829,1151396210918,1151396210949,1151396211065,1829,1
1830,1151396335722,1151396335753,1151396335924,1830,1
1831,1151396460741,1151396460774,1151396460822,1831,1
1832,1151396585821,1151396585854,1151396586035,1832,1
1833,1151396711057,1151396711089,1151396711268,1833,1
1834,1151396835866,1151396835899,1151396835947,1834,1
1835,1151396960906,1151396960938,1151396961046,1835,1
1836,1151397086186,1151397086218,1151397086396,1836,1
1837,1151397210038,1151397210068,1151397210175,1837,1
1838,1151397338438,1151397338470,1151397338522,1838,1
1839,1151397462413,1151397462444,1151397462549,1839,1
1840,1151397587312,1151397587344,1151397587393,1840,1
1841,1151397712500,1151397712532,1151397712639,1841,1
1842,1151397837315,1151397837348,1151397837397,1842,1
1843,1151397962175,1151397962207,1151397962254,1843,1
1844,1151398087197,1151398087228,1151398087275,1844,1
1845,1151398212247,1151398212279,1151398212327,1845,1
1846,1151398337323,1151398337355,1151398337405,1846,1
1847,1151398462052,1151398462084,1151398462131,1847,1
1848,1151398587211,1151398587244,1151398587293,1848,1
1849,1151398712243,1151398712276,1151398712325,1849,1
1850,1151398837373,1151398837405,1151398837454,1850,1
1851,1151398962280,1151398962312,1151398962362,1851,1
1852,1151399087442,1151399087475,1151399087528,1852,1
1853,1151399212307,1151399212341,1151399212390,1853,1
1854,1151399337679,1151399337711,1151399337823,1854,1
1855,1151399462266,1151399462299,1151399462346,1855,1
1856,1151399587184,1151399587216,1151399587397,1856,1
1857,1151399712284,1151399712316,1151399712431,1857,1
1858,1151399837681,1151399837712,1151399837882,1858,1
1859,1151399955138,1151399955169,1151399955352,1859,1
1860,1151400114003,1151400114038,1151400114087,1860,1
1861,1151400218567,1151400218598,1151400218700,1861,1
1862,1151400369650,1151400369681,1151400369895,1862,1
1863,1151400465261,1151400465292,1151400465422,1863,1
1864,1151400617102,1151400617134,1151400617301,1864,1
1865,1151400714625,1151400714657,1151400714817,1865,1
1866,1151400835760,1151400835790,1151400835842,1866,1
1867,1151400960952,1151400960984,1151400961144,1867,1
1868,1151401085753,1151401085785,1151401085833,1868,1
1869,1151401209891,1151401209924,1151401210105,1869,1
1870,1151401352886,1151401352918,1151401353096,1870,1
1871,1151401460853,1151401460884,1151401461008,1871,1
1872,1151401585828,1151401585861,1151401585908,1872,1
1873,1151401710749,1151401710780,1151401710900,1873,1
1874,1151401835787,1151401835819,1151401835867,1874,1
1875,1151401960883,1151401960915,1151401961023,1875,1
1876,1151402085807,1151402085839,1151402085887,1876,1
1877,1151402211289,1151402211321,1151402211439,1877,1
1878,1151402336203,1151402336237,1151402336286,1878,1
1879,1151402461228,1151402461261,1151402461365,1879,1
1880,1151402586253,1151402586286,1151402586339,1880,1
1881,1151402711233,1151402711265,1151402711316,1881,1
1882,1151402836211,1151402836243,1151402836294,1882,1
1883,1151402961351,1151402961383,1151402961436,1883,1
1884,1151403086238,1151403086272,1151403086319,1884,1
1885,1151403211191,1151403211223,1151403211272,1885,1
1886,1151403336187,1151403336220,1151403336268,1886,1
1887,1151403461286,1151403461319,1151403461368,1887,1
1888,1151403585694,1151403585727,1151403585838,1888,1
1889,1151403719405,1151403719438,1151403719656,1889,1
1890,1151403875768,1151403875800,1151403875894,1890,1
1891,1151403955656,1151403955688,1151403955874,1891,1
1892,1151404092990,1151404093096,1151404093148,1892,1
1893,1151404211408,1151404211441,1151404211611,1893,1
1894,1151404336428,1151404336460,1151404336631,1894,1
1895,1151404461434,1151404461467,1151404461580,1895,1
1896,1151404586205,1151404586237,1151404586410,1896,1
1897,1151404711306,1151404711339,1151404711452,1897,1
1898,1151404836344,1151404836377,1151404836552,1898,1
1899,1151404961273,1151404961307,1151404961407,1899,1
1900,1151405086872,1151405086905,1151405087076,1900,1
1901,1151405210434,1151405210467,1151405210650,1901,1
1902,1151405339999,1151405340035,1151405340215,1902,1
1903,1151405463176,1151405463211,1151405463333,1903,1
1904,1151405587980,1151405588014,1151405588066,1904,1
1905,1151405713000,1151405713032,1151405713152,1905,1
1906,1151405837962,1151405837995,1151405838048,1906,1
1907,1151405962961,1151405962994,1151405963107,1907,1
1908,1151406087982,1151406088014,1151406088069,1908,1
1909,1151406212963,1151406212996,1151406213283,1909,1
1910,1151406337951,1151406337984,1151406338037,1910,1
1911,1151406463100,1151406463133,1151406463292,1911,1
1912,1151406588061,1151406588094,1151406588161,1912,1
1913,1151406713003,1151406713035,1151406713218,1913,1
1914,1151406912964,1151406912997,1151406913063,1914,1
1915,1151406963182,1151406963214,1151406963396,1915,1
1916,1151407087947,1151407087978,1151407088032,1916,1
1917,1151407213123,1151407213156,1151407213318,1917,1
1918,1151407338127,1151407338159,1151407338207,1918,1
1919,1151407463099,1151407463131,1151407463303,1919,1
1920,1151407588042,1151407588075,1151407588134,1920,1
1921,1151407713322,1151407713355,1151407713602,1921,1
1922,1151407837892,1151407837924,1151407837975,1922,1
1923,1151407955379,1151407955411,1151407955579,1923,1
1924,1151408092653,1151408092759,1151408092926,1924,1
1925,1151408429924,1151408429957,1151408430130,1925,1
1926,1151408430164,1151408430197,1151408430238,1926,1
1927,1151408466393,1151408466426,1151408466543,1927,1
1928,1151408780348,1151408780379,1151408780564,1928,1
1929,1151408780600,1151408780633,1151408780735,1929,1
1930,1151408841901,1151408841935,1151408841983,1930,1
1931,1151408966140,1151408966173,1151408966348,1931,1
1932,1151409094419,1151409094451,1151409094501,1932,1
1933,1151409219565,1151409219597,1151409219771,1933,1
1934,1151409353128,1151409353160,1151409353328,1934,1
1935,1151409563081,1151409563114,1151409563231,1935,1
1936,1151409590478,1151409590511,1151409590564,1936,1
1937,1151409713317,1151409713351,1151409713403,1937,1
1938,1151409882473,1151409882505,1151409882645,1938,1
1939,1151409970569,1151409970604,1151409970720,1939,1
1940,1151410090464,1151410090497,1151410090545,1940,1
1941,1151410214941,1151410214974,1151410215099,1941,1
1942,1151410339919,1151410339958,1151410340008,1942,1
1943,1151410464591,1151410464623,1151410464672,1943,1
1944,1151410589343,1151410589375,1151410589423,1944,1
1945,1151410713931,1151410713963,1151410714021,1945,1
1946,1151410839019,1151410839051,1151410839099,1946,1
1947,1151410963885,1151410963918,1151410963971,1947,1
1948,1151411307366,1151411307399,1151411307467,1948,1
1949,1151411307504,1151411307538,1151411307580,1949,1
1950,1151411345268,1151411345301,1151411345357,1950,1
1951,1151411470103,1151411470136,1151411470185,1951,1
1952,1151411595395,1151411595427,1151411595482,1952,1
1953,1151411718173,1151411718207,1151411718256,1953,1
1954,1151411913244,1151411913277,1151411913393,1954,1
1955,1151411956386,1151411956419,1151411956471,1955,1
1956,1151412093623,1151412093728,1151412093894,1956,1
1957,1151412211876,1151412211909,1151412212026,1957,1
1958,1151412336524,1151412336558,1151412336736,1958,1
1959,1151412461755,1151412461788,1151412461970,1959,1
1960,1151412806249,1151412806281,1151412806528,1960,1
1961,1151412806584,1151412806626,1151412806733,1961,1
1962,1151412841936,1151412841969,1151412842018,1962,1
1963,1151412966913,1151412966947,1151412967120,1963,1
1964,1151413091081,1151413091114,1151413091294,1964,1
1965,1151413254336,1151413254369,1151413254527,1965,1
1966,1151413338588,1151413338620,1151413338788,1966,1
1967,1151413466870,1151413466902,1151413467009,1967,1
1968,1151413586480,1151413586512,1151413586682,1968,1
1969,1151413712063,1151413712096,1151413712266,1969,1
1970,1151413835417,1151413835455,1151413835508,1970,1
1971,1151414015094,1151414015127,1151414015299,1971,1
1972,1151414086898,1151414086931,1151414086979,1972,1
1973,1151414211386,1151414211418,1151414211529,1973,1
1974,1151414336159,1151414336191,1151414336240,1974,1
1975,1151414562929,1151414562983,1151414563136,1975,1
1976,1151414587611,1151414587643,1151414587693,1976,1
1977,1151414758201,1151414758232,1151414758388,1977,1
1978,1151414841840,1151414841872,1151414841926,1978,1
1979,1151414966293,1151414966326,1151414966433,1979,1
1980,1151415146625,1151415146658,1151415146753,1980,1
1981,1151415211586,1151415211618,1151415211732,1981,1
1982,1151415341778,1151415341811,1151415341864,1982,1
1983,1151415461354,1151415461387,1151415461552,1983,1
1984,1151415586553,1151415586587,1151415586640,1984,1
1985,1151415710497,1151415710530,1151415710645,1985,1
1986,1151415876988,1151415877021,1151415877115,1986,1
1987,1151415954533,1151415954565,1151415954636,1987,1
1988,1151416094440,1151416094474,1151416094565,1988,1
1989,1151416211878,1151416211980,1151416212222,1989,1
1990,1151416336419,1151416336453,1151416336506,1990,1
1991,1151416461315,1151416461347,1151416461517,1991,1
1992,1151416586384,1151416586416,1151416586472,1992,1
1993,1151416755158,1151416755190,1151416755358,1993,1
1994,1151416836386,1151416836420,1151416836585,1994,1
1995,1151416961258,1151416961291,1151416961393,1995,1
1996,1151417085271,1151417085303,1151417085459,1996,1
1997,1151417288428,1151417288462,1151417288690,1997,1
1998,1151417707149,1151417707181,1151417707407,1998,1
1999,1151417707608,1151417707640,1151417707760,1999,1
2000,1151417707792,1151417707825,1151417707866,2000,1
2001,1151417716057,1151417716090,1151417716226,2001,1
2002,1151417836634,1151417836666,1151417836724,2002,1
2003,1151417966995,1151417967026,1151417967197,2003,1
2004,1151418086594,1151418086627,1151418086804,2004,1
2005,1151418211232,1151418211264,1151418211380,2005,1
2006,1151418336283,1151418336316,1151418336361,2006,1
2007,1151418461301,1151418461333,1151418461378,2007,1
2008,1151418586291,1151418586324,1151418586370,2008,1
2009,1151418710529,1151418710561,1151418710612,2009,1
2010,1151418842843,1151418842899,1151418842994,2010,1
2011,1151418961473,1151418961505,1151418961675,2011,1
2012,1151419086242,1151419086276,1151419086323,2012,1
2013,1151419211313,1151419211346,1151419211396,2013,1
2014,1151419336300,1151419336331,1151419336383,2014,1
2015,1151419460308,1151419460340,1151419460390,2015,1
2016,1151419594645,1151419594676,1151419594770,2016,1
2017,1151419711274,1151419711307,1151419711385,2017,1
2018,1151419874259,1151419874292,1151419874384,2018,1
2019,1151419955516,1151419955548,1151419955606,2019,1
2020,1151420093615,1151420093648,1151420093695,2020,1
2021,1151420211792,1151420211825,1151420211939,2021,1
2022,1151420336431,1151420336463,1151420336515,2022,1
2023,1151420461385,1151420461417,1151420461592,2023,1
2024,1151420586160,1151420586193,1151420586371,2024,1
2025,1151420711329,1151420711363,1151420711478,2025,1
2026,1151420836396,1151420836429,1151420836598,2026,1
2027,1151421245220,1151421245256,1151421245425,2027,1
2028,1151421252449,1151421252482,1151421252531,2028,1
2029,1151421252567,1151421252615,1151421252730,2029,1
2030,1151421348727,1151421348761,1151421348810,2030,1
2031,1151421463060,1151421463092,1151421463276,2031,1
2032,1151421588141,1151421588174,1151421588223,2032,1
2033,1151421713201,1151421713233,1151421713417,2033,1
2034,1151421838343,1151421838376,1151421838427,2034,1
2035,1151421985815,1151421985848,1151421986022,2035,1
2036,1151422088293,1151422088325,1151422088373,2036,1
2037,1151422213123,1151422213156,1151422213417,2037,1
2038,1151422337934,1151422337966,1151422338020,2038,1
2039,1151422463029,1151422463062,1151422463255,2039,1
2040,1151422588067,1151422588099,1151422588154,2040,1
2041,1151422713110,1151422713144,1151422713385,2041,1
2042,1151422838092,1151422838125,1151422838176,2042,1
2043,1151422963109,1151422963142,1151422963321,2043,1
2044,1151423088131,1151423088165,1151423088225,2044,1
2045,1151423213109,1151423213145,1151423213391,2045,1
2046,1151423338019,1151423338052,1151423338106,2046,1
2047,1151423463093,1151423463126,1151423463175,2047,1
2048,1151423587945,1151423587978,1151423588032,2048,1
2049,1151423713069,1151423713102,1151423713162,2049,1
2050,1151423838077,1151423838110,1151423838160,2050,1
2051,1151423955325,1151423955357,1151423955406,2051,1
2052,1151424092743,1151424092777,1151424092830,2052,1
2053,1151424211386,1151424211419,1151424211479,2053,1
2054,1151424336795,1151424336901,1151424337016,2054,1
2055,1151424461168,1151424461201,1151424461254,2055,1
2056,1151424586434,1151424586468,1151424586637,2056,1
2057,1151424710428,1151424710461,1151424710569,2057,1
2058,1151424844225,1151424844261,1151424844470,2058,1
2059,1151424961803,1151424961837,1151424961947,2059,1
2060,1151425086451,1151425086484,1151425086651,2060,1
2061,1151425246721,1151425246753,1151425246928,2061,1
2062,1151425336960,1151425336992,1151425337043,2062,1
2063,1151425506865,1151425506918,1151425507135,2063,1
2064,1151425763116,1151425763149,1151425763325,2064,1
2065,1151425763389,1151425763436,1151425763555,2065,1
2066,1151425841434,1151425841466,1151425841643,2066,1
2067,1151425966422,1151425966455,1151425966579,2067,1
2068,1151426091589,1151426091622,1151426091807,2068,1
2069,1151426233431,1151426233464,1151426233667,2069,1
2070,1151426336358,1151426336390,1151426336443,2070,1
2071,1151426465702,1151426465735,1151426465847,2071,1
2072,1151426586199,1151426586232,1151426586281,2072,1
2073,1151426711244,1151426711276,1151426711380,2073,1
2074,1151426836322,1151426836355,1151426836403,2074,1
2075,1151426961259,1151426961292,1151426961403,2075,1
2076,1151427086439,1151427086471,1151427086529,2076,1
2077,1151427211326,1151427211359,1151427211473,2077,1
2078,1151427336194,1151427336227,1151427336280,2078,1
2079,1151427462272,1151427462306,1151427462421,2079,1
2080,1151427591271,1151427591302,1151427591352,2080,1
2081,1151427709869,1151427709901,1151427710024,2081,1
2082,1151427841807,1151427841839,1151427841930,2082,1
2083,1151427964307,1151427964338,1151427964504,2083,1
2084,1151428092282,1151428092313,1151428092366,2084,1
2085,1151428210985,1151428211016,1151428211121,2085,1
2086,1151428335921,1151428335952,1151428335997,2086,1
2087,1151428460764,1151428460796,1151428460896,2087,1
2088,1151428586558,1151428586660,1151428586767,2088,1
2089,1151428711241,1151428711273,1151428711442,2089,1
2090,1151428836254,1151428836286,1151428836334,2090,1
2091,1151429180887,1151429180920,1151429181097,2091,1
2092,1151429181134,1151429181166,1151429181207,2092,1
2093,1151429210832,1151429210864,1151429210980,2093,1
2094,1151429348272,1151429348305,1151429348477,2094,1
2095,1151429461387,1151429461419,1151429461528,2095,1
2096,1151429586320,1151429586353,1151429586521,2096,1
2097,1151429711367,1151429711399,1151429711516,2097,1
2098,1151429836366,1151429836399,1151429836573,2098,1
2099,1151429977116,1151429977147,1151429977266,2099,1
2100,1151430096827,1151430096859,1151430097081,2100,1
2101,1151430213164,1151430213196,1151430213373,2101,1
2102,1151430338038,1151430338070,1151430338245,2102,1
2103,1151430462913,1151430462945,1151430463065,2103,1
2104,1151430587686,1151430587719,1151430587765,2104,1
2105,1151430712807,1151430712839,1151430712958,2105,1
2106,1151430837719,1151430837752,1151430837804,2106,1
2107,1151430963114,1151430963147,1151430963273,2107,1
2108,1151431088231,1151431088264,1151431088309,2108,1
2109,1151431213121,1151431213154,1151431213264,2109,1
2110,1151431338092,1151431338124,1151431338171,2110,1
2111,1151431463154,1151431463187,1151431463233,2111,1
2112,1151431588140,1151431588172,1151431588221,2112,1
2113,1151431713145,1151431713178,1151431713227,2113,1
2114,1151431838494,1151431838526,1151431838572,2114,1
2115,1151431955514,1151431955547,1151431955591,2115,1
2116,1151432087781,1151432087814,1151432087857,2116,1
2117,1151432211635,1151432211669,1151432211717,2117,1
2118,1151432336456,1151432336488,1151432336535,2118,1
2119,1151432461253,1151432461285,1151432461331,2119,1
2120,1151432586155,1151432586192,1151432586241,2120,1
2121,1151432711574,1151432711677,1151432711793,2121,1
2122,1151432836357,1151432836389,1151432836444,2122,1
2123,1151432961242,1151432961275,1151432961459,2123,1
2124,1151433086209,1151433086244,1151433086431,2124,1
2125,1151433210453,1151433210489,1151433210600,2125,1
2126,1151433348847,1151433348880,1151433349085,2126,1
2127,1151433463113,1151433463149,1151433463254,2127,1
2128,1151433588148,1151433588181,1151433588343,2128,1
2129,1151433713041,1151433713073,1151433713178,2129,1
2130,1151433837950,1151433837983,1151433838147,2130,1
2131,1151433963017,1151433963052,1151433963229,2131,1
2132,1151434088128,1151434088160,1151434088209,2132,1
2133,1151434213005,1151434213038,1151434213216,2133,1
2134,1151434337970,1151434338006,1151434338054,2134,1
2135,1151434463271,1151434463303,1151434463487,2135,1
2136,1151434588342,1151434588374,1151434588423,2136,1
2137,1151434713114,1151434713147,1151434713258,2137,1
2138,1151434838043,1151434838075,1151434838125,2138,1
2139,1151435127434,1151435127470,1151435127587,2139,1
2140,1151435127624,1151435127656,1151435127699,2140,1
2141,1151435213655,1151435213687,1151435213790,2141,1
2142,1151435338159,1151435338192,1151435338245,2142,1
2143,1151435463204,1151435463236,1151435463343,2143,1
2144,1151435588133,1151435588169,1151435588224,2144,1
2145,1151435713094,1151435713129,1151435713236,2145,1
2146,1151435838137,1151435838173,1151435838227,2146,1
2147,1151435955379,1151435955412,1151435955526,2147,1
2148,1151436093037,1151436093071,1151436093121,2148,1
2149,1151436211515,1151436211547,1151436211663,2149,1
2150,1151436336467,1151436336499,1151436336546,2150,1
2151,1151436461390,1151436461422,1151436461473,2151,1
2152,1151436586641,1151436586674,1151436586722,2152,1
2153,1151436711396,1151436711429,1151436711474,2153,1
2154,1151436836680,1151436836782,1151436836901,2154,1
2155,1151436961278,1151436961312,1151436961364,2155,1
2156,1151437086303,1151437086338,1151437086516,2156,1
2157,1151437210401,1151437210433,1151437210529,2157,1
2158,1151437338686,1151437338719,1151437338880,2158,1
2159,1151437463368,1151437463399,1151437463563,2159,1
2160,1151437588229,1151437588261,1151437588315,2160,1
2161,1151437713200,1151437713232,1151437713400,2161,1
2162,1151437838173,1151437838205,1151437838259,2162,1
2163,1151437963019,1151437963052,1151437963222,2163,1
2164,1151438088182,1151438088214,1151438088268,2164,1
2165,1151438213437,1151438213469,1151438214082,2165,1
2166,1151438338255,1151438338287,1151438338468,2166,1
2167,1151438463173,1151438463205,1151438463261,2167,1
2168,1151438588145,1151438588178,1151438588353,2168,1
2169,1151438713043,1151438713076,1151438713269,2169,1
2170,1151438838218,1151438838251,1151438838304,2170,1
2171,1151438963174,1151438963207,1151438963317,2171,1
2172,1151439135450,1151439135483,1151439135536,2172,1
2173,1151439213092,1151439213124,1151439213178,2173,1
2174,1151439337964,1151439337999,1151439338050,2174,1
2175,1151439462877,1151439462909,1151439462961,2175,1
2176,1151439588120,1151439588153,1151439588206,2176,1
2177,1151439713447,1151439713480,1151439713529,2177,1
2178,1151439837985,1151439838017,1151439838067,2178,1
2179,1151439955423,1151439955456,1151439955512,2179,1
2180,1151440129777,1151440129810,1151440129900,2180,1
2181,1151440211246,1151440211278,1151440211332,2181,1
2182,1151440336281,1151440336313,1151440336361,2182,1
2183,1151440461250,1151440461282,1151440461335,2183,1
2184,1151440586447,1151440586480,1151440586529,2184,1
2185,1151440712633,1151440712665,1151440712718,2185,1
2186,1151440836317,1151440836350,1151440836404,2186,1
2187,1151440961302,1151440961334,1151440961387,2187,1
2188,1151441085770,1151441085802,1151441085923,2188,1
2189,1151441415238,1151441415270,1151441415476,2189,1
2190,1151441415538,1151441415570,1151441415612,2190,1
2191,1151441466457,1151441466491,1151441466599,2191,1
2192,1151441591635,1151441591668,1151441591722,2192,1
2193,1151441716384,1151441716416,1151441716588,2193,1
2194,1151441840716,1151441840748,1151441840912,2194,1
2195,1151441967432,1151441967466,1151441967582,2195,1
2196,1151442086319,1151442086352,1151442086519,2196,1
2197,1151442211137,1151442211171,1151442211292,2197,1
2198,1151442336276,1151442336309,1151442336486,2198,1
2199,1151442461235,1151442461268,1151442461321,2199,1
2200,1151442586200,1151442586232,1151442586404,2200,1
2201,1151442711281,1151442711314,1151442711496,2201,1
2202,1151442850122,1151442850156,1151442850332,2202,1
2203,1151442961289,1151442961321,1151442961435,2203,1
2204,1151443086203,1151443086235,1151443086283,2204,1
2205,1151443211200,1151443211233,1151443211333,2205,1
2206,1151443336271,1151443336304,1151443336352,2206,1
2207,1151443460405,1151443460441,1151443460546,2207,1
2208,1151443593112,1151443593145,1151443593235,2208,1
2209,1151443761382,1151443761415,1151443761568,2209,1
2210,1151443838235,1151443838268,1151443838318,2210,1
2211,1151443955458,1151443955492,1151443955594,2211,1
2212,1151444127752,1151444127784,1151444127874,2212,1
2213,1151444211249,1151444211280,1151444211394,2213,1
2214,1151444335795,1151444335827,1151444335873,2214,1
2215,1151444488145,1151444488177,1151444488301,2215,1
2216,1151444586281,1151444586315,1151444586364,2216,1
2217,1151444711279,1151444711311,1151444711364,2217,1
2218,1151444836288,1151444836321,1151444836374,2218,1
2219,1151444961333,1151444961366,1151444961422,2219,1
2220,1151445086319,1151445086351,1151445086403,2220,1
2221,1151445210652,1151445210758,1151445210879,2221,1
2222,1151445339873,1151445339906,1151445339953,2222,1
2223,1151445463109,1151445463141,1151445463308,2223,1
2224,1151445588013,1151445588046,1151445588209,2224,1
2225,1151445712546,1151445712577,1151445712676,2225,1
2226,1151445837486,1151445837518,1151445837673,2226,1
2227,1151445962691,1151445962723,1151445962823,2227,1
2228,1151446087579,1151446087611,1151446087770,2228,1
2229,1151446212502,1151446212534,1151446212635,2229,1
2230,1151446337419,1151446337452,1151446337613,2230,1
2231,1151446462562,1151446462594,1151446462769,2231,1
2232,1151446587590,1151446587621,1151446587673,2232,1
2233,1151446712409,1151446712442,1151446712551,2233,1
2234,1151446837362,1151446837393,1151446837444,2234,1
2235,1151446962629,1151446962662,1151446962778,2235,1
2236,1151447087678,1151447087710,1151447087757,2236,1
2237,1151447212448,1151447212479,1151447212593,2237,1
2238,1151447337438,1151447337470,1151447337519,2238,1
2239,1151447462444,1151447462475,1151447462525,2239,1
2240,1151447593747,1151447593778,1151447593831,2240,1
2241,1151447712475,1151447712507,1151447712558,2241,1
2242,1151447837571,1151447837602,1151447837648,2242,1
2243,1151447954980,1151447955011,1151447955064,2243,1
2244,1151448092089,1151448092120,1151448092167,2244,1
2245,1151448237439,1151448237472,1151448237560,2245,1
2246,1151448336223,1151448336254,1151448336301,2246,1
2247,1151448460830,1151448460862,1151448460909,2247,1
2248,1151448585771,1151448585803,1151448585850,2248,1
2249,1151448710730,1151448710763,1151448710814,2249,1
2250,1151448835759,1151448835791,1151448835838,2250,1
2251,1151448960708,1151448960740,1151448960792,2251,1
2252,1151449085828,1151449085860,1151449085908,2252,1
2253,1151449209910,1151449209941,1151449209993,2253,1
2254,1151449338188,1151449338220,1151449338272,2254,1
2255,1151449461129,1151449461233,1151449461345,2255,1
2256,1151449585810,1151449585843,1151449586023,2256,1
2257,1151449711009,1151449711041,1151449711152,2257,1
2258,1151449835053,1151449835084,1151449835259,2258,1
2259,1151450112753,1151450112784,1151450113005,2259,1
2260,1151450113063,1151450113096,1151450113137,2260,1
2261,1151450216177,1151450216209,1151450216381,2261,1
2262,1151450340481,1151450340513,1151450340563,2262,1
2263,1151450464592,1151450464624,1151450464791,2263,1
2264,1151450594033,1151450594065,1151450594112,2264,1
2265,1151450718260,1151450718291,1151450718461,2265,1
2266,1151450838658,1151450838690,1151450838855,2266,1
2267,1151450963282,1151450963315,1151450963416,2267,1
2268,1151451087897,1151451087928,1151451088094,2268,1
2269,1151451213298,1151451213331,1151451213518,2269,1
2270,1151451382414,1151451382446,1151451382543,2270,1
2271,1151451462557,1151451462590,1151451462643,2271,1
2272,1151451590579,1151451590612,1151451590701,2272,1
2273,1151451712609,1151451712641,1151451712691,2273,1
2274,1151451837220,1151451837252,1151451837302,2274,1
2275,1151451955344,1151451955376,1151451955446,2275,1
2276,1151452095259,1151452095292,1151452095388,2276,1
2277,1151452212090,1151452212123,1151452212316,2277,1
2278,1151452341471,1151452341504,1151452341559,2278,1
2279,1151452493026,1151452493059,1151452493296,2279,1
2280,1151452587100,1151452587133,1151452587180,2280,1
2281,1151452730213,1151452730245,1151452730423,2281,1
2282,1151452836729,1151452836761,1151452836815,2282,1
2283,1151452961410,1151452961443,1151452961553,2283,1
2284,1151453086493,1151453086526,1151453086575,2284,1
2285,1151453210515,1151453210548,1151453210628,2285,1
2286,1151453337624,1151453337658,1151453337712,2286,1
2287,1151453461403,1151453461436,1151453461556,2287,1
2288,1151453586771,1151453586874,1151453586991,2288,1
2289,1151453711287,1151453711321,1151453711402,2289,1
2290,1151453836214,1151453836246,1151453836418,2290,1
2291,1151453961218,1151453961250,1151453961431,2291,1
2292,1151454086105,1151454086139,1151454086189,2292,1
2293,1151454211257,1151454211289,1151454211535,2293,1
2294,1151454336421,1151454336453,1151454336506,2294,1
2295,1151454460308,1151454460340,1151454460519,2295,1
2296,1151454595128,1151454595161,1151454595381,2296,1
2297,1151454711397,1151454711429,1151454711477,2297,1
2298,1151454836278,1151454836310,1151454836486,2298,1
2299,1151454961208,1151454961240,1151454961359,2299,1
2300,1151455086233,1151455086266,1151455086450,2300,1
2301,1151455211395,1151455211428,1151455211535,2301,1
2302,1151455337711,1151455337744,1151455337908,2302,1
2303,1151455460868,1151455460902,1151455461007,2303,1
2304,1151455641234,1151455641267,1151455641362,2304,1
2305,1151455713520,1151455713553,1151455713654,2305,1
2306,1151455838256,1151455838289,1151455838334,2306,1
2307,1151455955414,1151455955447,1151455955553,2307,1
2308,1151456093368,1151456093401,1151456093451,2308,1
2309,1151456211432,1151456211464,1151456211510,2309,1
2310,1151456336314,1151456336346,1151456336394,2310,1
2311,1151456461561,1151456461594,1151456461640,2311,1
2312,1151456586343,1151456586376,1151456586423,2312,1
2313,1151456711393,1151456711426,1151456711471,2313,1
2314,1151456836431,1151456836463,1151456836509,2314,1
2315,1151456961324,1151456961356,1151456961402,2315,1
2316,1151457086344,1151457086376,1151457086424,2316,1
2317,1151457210460,1151457210493,1151457210540,2317,1
2318,1151457343079,1151457343111,1151457343164,2318,1
2319,1151457461299,1151457461332,1151457461380,2319,1
2320,1151457586351,1151457586383,1151457586433,2320,1
2321,1151457711631,1151457711664,1151457711777,2321,1
2322,1151457835332,1151457835364,1151457835414,2322,1
2323,1151458019417,1151458019473,1151458019685,2323,1
2324,1151458086317,1151458086350,1151458086409,2324,1
2325,1151458210782,1151458210814,1151458210999,2325,1
2326,1151458335768,1151458335800,1151458335979,2326,1
2327,1151458460749,1151458460781,1151458460889,2327,1
2328,1151458585957,1151458585989,1151458586161,2328,1
2329,1151458710735,1151458710767,1151458710888,2329,1
2330,1151458835834,1151458835865,1151458836046,2330,1
2331,1151458961348,1151458961379,1151458961560,2331,1
2332,1151459085774,1151459085806,1151459085854,2332,1
2333,1151459210767,1151459210798,1151459210969,2333,1
2334,1151459335899,1151459335932,1151459335985,2334,1
2335,1151459459941,1151459459973,1151459460151,2335,1
2336,1151459587995,1151459588026,1151459588247,2336,1
2337,1151459712530,1151459712561,1151459712669,2337,1
2338,1151459837619,1151459837650,1151459837698,2338,1
2339,1151459955114,1151459955145,1151459955195,2339,1
2340,1151460092149,1151460092180,1151460092232,2340,1
2341,1151460210827,1151460210859,1151460210930,2341,1
2342,1151460335810,1151460335841,1151460335895,2342,1
2343,1151460460842,1151460460875,1151460460998,2343,1
2344,1151460585753,1151460585784,1151460585831,2344,1
2345,1151460710829,1151460710861,1151460710935,2345,1
2346,1151460835855,1151460835886,1151460835939,2346,1
2347,1151460960881,1151460960912,1151460961099,2347,1
2348,1151461084887,1151461084918,1151461084970,2348,1
2349,1151461239799,1151461239830,1151461239919,2349,1
2350,1151461336498,1151461336528,1151461336576,2350,1
2351,1151461460845,1151461460876,1151461460922,2351,1
2352,1151461674165,1151461674199,1151461674283,2352,1
2353,1151461799617,1151461799648,1151461799761,2353,1
2354,1151461838141,1151461838244,1151461838364,2354,1
2355,1151461962698,1151461962729,1151461962916,2355,1
2356,1151462087524,1151462087555,1151462087717,2356,1
2357,1151462212669,1151462212700,1151462212810,2357,1
2358,1151462341163,1151462341203,1151462341389,2358,1
2359,1151462464514,1151462464546,1151462464650,2359,1
2360,1151462587576,1151462587607,1151462587773,2360,1
2361,1151462712614,1151462712646,1151462712820,2361,1
2362,1151462837526,1151462837558,1151462837605,2362,1
2363,1151462962610,1151462962642,1151462962810,2363,1
2364,1151463087587,1151463087619,1151463087665,2364,1
2365,1151463212521,1151463212553,1151463212730,2365,1
2366,1151463432102,1151463432133,1151463432327,2366,1
2367,1151463462688,1151463462719,1151463462831,2367,1
2368,1151463592690,1151463592721,1151463592894,2368,1
2369,1151463712864,1151463712896,1151463713085,2369,1
2370,1151463837844,1151463837875,1151463837919,2370,1
2371,1151463955187,1151463955219,1151463955341,2371,1
2372,1151464087568,1151464087600,1151464087645,2372,1
2373,1151464211021,1151464211053,1151464211156,2373,1
2374,1151464335752,1151464335783,1151464335828,2374,1
2375,1151464460783,1151464460814,1151464460925,2375,1
2376,1151464585979,1151464586009,1151464586059,2376,1
2377,1151464710776,1151464710807,1151464710851,2377,1
2378,1151464835940,1151464835972,1151464836022,2378,1
2379,1151465035415,1151465035446,1151465035751,2379,1
2380,1151465085974,1151465086006,1151465086054,2380,1
2381,1151465210092,1151465210124,1151465210171,2381,1
2382,1151465348457,1151465348490,1151465348542,2382,1
2383,1151465499249,1151465499279,1151465499518,2383,1
2384,1151465586446,1151465586479,1151465586531,2384,1
2385,1151465710946,1151465710978,1151465711158,2385,1
2386,1151465835861,1151465835893,1151465835940,2386,1
2387,1151465959986,1151465960018,1151465960102,2387,1
2388,1151466094724,1151466094828,1151466094977,2388,1
2389,1151466210926,1151466210957,1151466211132,2389,1
2390,1151466408292,1151466408322,1151466408404,2390,1
2391,1151466461143,1151466461176,1151466461357,2391,1
2392,1151466585823,1151466585855,1151466585908,2392,1
2393,1151466710909,1151466710941,1151466711109,2393,1
2394,1151466835811,1151466835842,1151466835894,2394,1
2395,1151466960956,1151466960990,1151466961166,2395,1
2396,1151467086233,1151467086266,1151467086436,2396,1
2397,1151467211471,1151467211504,1151467211618,2397,1
2398,1151467336317,1151467336350,1151467336527,2398,1
2399,1151467461360,1151467461392,1151467461519,2399,1
2400,1151467585419,1151467585453,1151467585638,2400,1
2401,1151467717325,1151467717357,1151467717574,2401,1
2402,1151468050141,1151468050195,1151468050438,2402,1
2403,1151468050531,1151468050569,1151468050704,2403,1
2404,1151468087423,1151468087455,1151468087509,2404,1
2405,1151468215933,1151468215966,1151468216016,2405,1
2406,1151468343997,1151468344030,1151468344086,2406,1
2407,1151468467872,1151468467905,1151468467958,2407,1
2408,1151468608051,1151468608084,1151468608176,2408,1
2409,1151468807609,1151468807647,1151468807732,2409,1
2410,1151468840602,1151468840635,1151468840683,2410,1
2411,1151468963957,1151468963989,1151468964048,2411,1
2412,1151469088837,1151469088870,1151469088918,2412,1
2413,1151469212367,1151469212400,1151469212519,2413,1
2414,1151469401184,1151469401217,1151469401309,2414,1
2415,1151469463315,1151469463347,1151469463469,2415,1
2416,1151469587857,1151469587889,1151469587943,2416,1
2417,1151469711663,1151469711694,1151469711820,2417,1
2418,1151469977272,1151469977304,1151469977399,2418,1
2419,1151469977600,1151469977631,1151469977739,2419,1
2420,1151470093723,1151470093756,1151470093804,2420,1
2421,1151470217207,1151470217239,1151470217585,2421,1
2422,1151470342106,1151470342138,1151470342187,2422,1
2423,1151470467216,1151470467249,1151470467489,2423,1
2424,1151470591700,1151470591732,1151470591909,2424,1
2425,1151470712819,1151470712852,1151470712969,2425,1
2426,1151470837234,1151470837265,1151470837442,2426,1
2427,1151470961939,1151470961972,1151470962092,2427,1
2428,1151471086954,1151471086988,1151471087171,2428,1
2429,1151471211894,1151471211927,1151471212039,2429,1
2430,1151471336963,1151471336996,1151471337169,2430,1
2431,1151471461856,1151471461892,1151471462060,2431,1
2432,1151471586436,1151471586473,1151471586527,2432,1
2433,1151471710716,1151471710748,1151471710869,2433,1
2434,1151472234357,1151472234461,1151472234702,2434,1
2435,1151472234799,1151472234832,1151472234873,2435,1
2436,1151472234906,1151472234957,1151472234999,2436,1
2437,1151472235030,1151472235182,1151472235289,2437,1
2438,1151472565061,1151472565094,1151472565222,2438,1
2439,1151472565412,1151472565444,1151472565627,2439,1
2440,1151472590040,1151472590072,1151472590121,2440,1
2441,1151472718827,1151472718861,1151472718977,2441,1
2442,1151472840998,1151472841032,1151472841081,2442,1
2443,1151472964720,1151472964753,1151472964926,2443,1
2444,1151473093964,1151473093997,1151473094050,2444,1
2445,1151473245713,1151473245745,1151473245839,2445,1
2446,1151473341647,1151473341679,1151473341731,2446,1
2447,1151473465003,1151473465036,1151473465147,2447,1
2448,1151473657940,1151473657973,1151473658070,2448,1
2449,1151473713898,1151473713932,1151473714035,2449,1
2450,1151473837225,1151473837258,1151473837311,2450,1
2451,1151473973591,1151473973624,1151473973785,2451,1
2452,1151474087915,1151474087948,1151474088000,2452,1
2453,1151474212720,1151474212752,1151474212872,2453,1
2454,1151474337908,1151474337941,1151474338059,2454,1
2455,1151474462580,1151474462613,1151474462737,2455,1
2456,1151474587327,1151474587361,1151474587549,2456,1
2457,1151474711914,1151474711947,1151474712067,2457,1
2458,1151474836905,1151474836939,1151474837119,2458,1
2459,1151475063700,1151475063733,1151475063906,2459,1
2460,1151475088573,1151475088606,1151475088664,2460,1
2461,1151475230408,1151475230440,1151475230608,2461,1
2462,1151475336533,1151475336566,1151475336613,2462,1
2463,1151475461520,1151475461552,1151475461719,2463,1
2464,1151475586440,1151475586474,1151475586527,2464,1
2465,1151475710353,1151475710385,1151475710571,2465,1
2466,1151475872216,1151475872250,1151475872460,2466,1
2467,1151475955612,1151475955644,1151475955756,2467,1
2468,1151476189240,1151476189350,1151476189568,2468,1
2469,1151476234756,1151476234799,1151476234925,2469,1
2470,1151476387356,1151476387389,1151476387488,2470,1
2471,1151476461260,1151476461293,1151476461349,2471,1
2472,1151476586445,1151476586478,1151476586534,2472,1
2473,1151476711509,1151476711542,1151476711596,2473,1
2474,1151476836270,1151476836302,1151476836356,2474,1
2475,1151476961158,1151476961190,1151476961246,2475,1
2476,1151477086360,1151477086392,1151477086445,2476,1
2477,1151477210423,1151477210455,1151477210631,2477,1
2478,1151477349845,1151477349878,1151477349929,2478,1
2479,1151477461628,1151477461661,1151477461767,2479,1
2480,1151477586509,1151477586542,1151477586589,2480,1
2481,1151477710927,1151477710959,1151477711158,2481,1
2482,1151477835812,1151477835844,1151477835891,2482,1
2483,1151477960884,1151477960915,1151477961027,2483,1
2484,1151478085862,1151478085897,1151478085944,2484,1
2485,1151478210799,1151478210832,1151478210997,2485,1
2486,1151478335724,1151478335759,1151478335812,2486,1
2487,1151478460957,1151478460989,1151478461159,2487,1
2488,1151478586062,1151478586097,1151478586208,2488,1
2489,1151478710808,1151478710839,1151478711008,2489,1
2490,1151478835798,1151478835834,1151478835884,2490,1
2491,1151478960845,1151478960876,1151478961043,2491,1
2492,1151479085820,1151479085851,1151479085900,2492,1
2493,1151479210785,1151479210818,1151479210998,2493,1
2494,1151479335749,1151479335782,1151479335966,2494,1
2495,1151479460800,1151479460832,1151479460947,2495,1
2496,1151479585979,1151479586011,1151479586057,2496,1
2497,1151479709999,1151479710034,1151479710211,2497,1
2498,1151479875955,1151479875987,1151479876217,2498,1
2499,1151479955106,1151479955138,1151479955242,2499,1
2500,1151480092398,1151480092505,1151480092679,2500,1
2501,1151480211425,1151480211457,1151480211559,2501,1
2502,1151480336432,1151480336465,1151480336634,2502,1
2503,1151480461819,1151480461850,1151480462012,2503,1
2504,1151480586448,1151480586480,1151480586535,2504,1
2505,1151480711368,1151480711400,1151480711503,2505,1
2506,1151480836191,1151480836224,1151480836277,2506,1
2507,1151480961192,1151480961226,1151480961343,2507,1
2508,1151481086178,1151481086211,1151481086261,2508,1
2509,1151481210683,1151481210715,1151481210769,2509,1
2510,1151481338115,1151481338147,1151481338200,2510,1
2511,1151481461454,1151481461488,1151481461540,2511,1
2512,1151481586272,1151481586304,1151481586357,2512,1
2513,1151481711092,1151481711125,1151481711174,2513,1
2514,1151481836281,1151481836313,1151481836362,2514,1
2515,1151481961175,1151481961206,1151481961255,2515,1
2516,1151482086378,1151482086412,1151482086460,2516,1
2517,1151482211322,1151482211353,1151482211404,2517,1
2518,1151482336131,1151482336164,1151482336212,2518,1
2519,1151482461228,1151482461261,1151482461315,2519,1
2520,1151482585818,1151482585851,1151482585898,2520,1
2521,1151482711355,1151482711388,1151482711555,2521,1
2522,1151482836309,1151482836341,1151482836388,2522,1
2523,1151482961333,1151482961365,1151482961533,2523,1
2524,1151483086191,1151483086224,1151483086277,2524,1
2525,1151483211301,1151483211333,1151483211512,2525,1
2526,1151483336130,1151483336164,1151483336214,2526,1
2527,1151483461314,1151483461347,1151483461462,2527,1
2528,1151483586253,1151483586285,1151483586467,2528,1
2529,1151483711446,1151483711478,1151483711597,2529,1
2530,1151483835346,1151483835379,1151483835557,2530,1
2531,1151483977189,1151483977223,1151483977391,2531,1
2532,1151484093490,1151484093599,1151484093778,2532,1
2533,1151484211358,1151484211391,1151484211508,2533,1
2534,1151484335415,1151484335449,1151484335624,2534,1
2535,1151484481443,1151484481475,1151484481692,2535,1
2536,1151484605292,1151484605324,1151484605496,2536,1
2537,1151484711379,1151484711412,1151484711519,2537,1
2538,1151484836357,1151484836390,1151484836442,2538,1
2539,1151484960372,1151484960406,1151484960459,2539,1
2540,1151485116121,1151485116153,1151485116252,2540,1
2541,1151485211059,1151485211091,1151485211145,2541,1
2542,1151485337689,1151485337721,1151485337771,2542,1
2543,1151485461370,1151485461402,1151485461452,2543,1
2544,1151485586334,1151485586368,1151485586421,2544,1
2545,1151485711252,1151485711286,1151485711338,2545,1
2546,1151485835442,1151485835475,1151485835528,2546,1
2547,1151485970473,1151485970505,1151485970598,2547,1
2548,1151486086381,1151486086413,1151486086466,2548,1
2549,1151486245737,1151486245771,1151486246117,2549,1
2550,1151486336356,1151486336388,1151486336437,2550,1
2551,1151486461236,1151486461269,1151486461444,2551,1
2552,1151486586360,1151486586392,1151486586445,2552,1
2553,1151486711098,1151486711131,1151486711312,2553,1
2554,1151486836794,1151486836826,1151486836947,2554,1
2555,1151486960404,1151486960436,1151486960626,2555,1
2556,1151487118009,1151487118041,1151487118269,2556,1
2557,1151487211590,1151487211623,1151487211677,2557,1
2558,1151487336290,1151487336322,1151487336492,2558,1
2559,1151487461373,1151487461407,1151487461570,2559,1
2560,1151487586318,1151487586349,1151487586399,2560,1
2561,1151487710562,1151487710596,1151487710762,2561,1
2562,1151487845012,1151487845044,1151487845137,2562,1
2563,1151487955669,1151487955701,1151487955869,2563,1
2564,1151488092225,1151488092330,1151488092492,2564,1
2565,1151488335997,1151488336065,1151488336323,2565,1
2566,1151488336386,1151488336419,1151488336460,2566,1
2567,1151488467512,1151488467543,1151488467679,2567,1
2568,1151488589749,1151488589783,1151488589964,2568,1
2569,1151488742124,1151488742157,1151488742372,2569,1
2570,1151488836234,1151488836266,1151488836320,2570,1
2571,1151488965646,1151488965680,1151488965796,2571,1
2572,1151489089571,1151489089603,1151489089653,2572,1
2573,1151489213292,1151489213324,1151489213426,2573,1
2574,1151489339614,1151489339646,1151489339760,2574,1
2575,1151489523497,1151489523530,1151489523688,2575,1
2576,1151489588756,1151489588789,1151489588843,2576,1
2577,1151489713085,1151489713117,1151489713219,2577,1
2578,1151489836735,1151489836767,1151489836820,2578,1
2579,1151489970918,1151489970951,1151489971096,2579,1
2580,1151490089055,1151490089088,1151490089137,2580,1
2581,1151490213550,1151490213584,1151490213697,2581,1
2582,1151490338487,1151490338520,1151490338568,2582,1
2583,1151490463519,1151490463552,1151490463676,2583,1
2584,1151490588233,1151490588266,1151490588313,2584,1
2585,1151490713376,1151490713409,1151490713518,2585,1
2586,1151490838210,1151490838243,1151490838292,2586,1
2587,1151490963163,1151490963196,1151490963277,2587,1
2588,1151491088479,1151491088512,1151491088624,2588,1
2589,1151491212825,1151491212858,1151491213042,2589,1
2590,1151491338169,1151491338201,1151491338257,2590,1
2591,1151491463078,1151491463111,1151491463280,2591,1
2592,1151491588027,1151491588059,1151491588107,2592,1
2593,1151491712837,1151491712870,1151491713041,2593,1
2594,1151491840137,1151491840171,1151491840339,2594,1
2595,1151491955571,1151491955604,1151491955659,2595,1
2596,1151492093555,1151492093662,1151492093829,2596,1
2597,1151492211758,1151492211791,1151492211914,2597,1
2598,1151492336268,1151492336302,1151492336487,2598,1
2599,1151492461443,1151492461476,1151492461599,2599,1
2600,1151492586351,1151492586384,1151492586571,2600,1
2601,1151492711647,1151492711680,1151492711800,2601,1
2602,1151492855398,1151492855430,1151492855610,2602,1
2603,1151492961381,1151492961414,1151492961467,2603,1
2604,1151493085319,1151493085351,1151493085400,2604,1
2605,1151493233839,1151493233871,1151493233965,2605,1
2606,1151493338663,1151493338696,1151493338749,2606,1
2607,1151493463120,1151493463153,1151493463202,2607,1
2608,1151493588173,1151493588205,1151493588254,2608,1
2609,1151493713107,1151493713141,1151493713192,2609,1
2610,1151493838229,1151493838262,1151493838310,2610,1
2611,1151493963006,1151493963039,1151493963088,2611,1
2612,1151494087928,1151494087961,1151494088009,2612,1
2613,1151494213207,1151494213240,1151494213294,2613,1
2614,1151494338074,1151494338108,1151494338155,2614,1
2615,1151494463030,1151494463062,1151494463111,2615,1
2616,1151494587899,1151494587933,1151494587986,2616,1
2617,1151494712955,1151494712987,1151494713041,2617,1
2618,1151494837982,1151494838015,1151494838068,2618,1
2619,1151494962843,1151494962875,1151494962926,2619,1
2620,1151495087911,1151495087944,1151495087996,2620,1
2621,1151495213259,1151495213291,1151495213402,2621,1
2622,1151495337914,1151495337946,1151495337994,2622,1
2623,1151495463045,1151495463077,1151495463264,2623,1
2624,1151495588029,1151495588063,1151495588116,2624,1
2625,1151495713035,1151495713068,1151495713236,2625,1
2626,1151495837913,1151495837945,1151495838113,2626,1
2627,1151495955269,1151495955301,1151495955414,2627,1
2628,1151496092595,1151496092699,1151496092876,2628,1
2629,1151496211356,1151496211388,1151496211499,2629,1
2630,1151496336359,1151496336392,1151496336564,2630,1
2631,1151496461392,1151496461424,1151496461587,2631,1
2632,1151496586172,1151496586204,1151496586253,2632,1
2633,1151496711304,1151496711337,1151496711446,2633,1
2634,1151496836153,1151496836186,1151496836236,2634,1
2635,1151496961180,1151496961212,1151496961323,2635,1
2636,1151497086793,1151497086825,1151497086993,2636,1
2637,1151497210362,1151497210395,1151497210508,2637,1
2638,1151497338471,1151497338503,1151497338553,2638,1
2639,1151497463287,1151497463319,1151497463439,2639,1
2640,1151497588089,1151497588122,1151497588170,2640,1
2641,1151497713103,1151497713136,1151497713188,2641,1
2642,1151497838019,1151497838052,1151497838099,2642,1
2643,1151497963137,1151497963170,1151497963224,2643,1
2644,1151498087998,1151498088031,1151498088078,2644,1
2645,1151498212956,1151498212989,1151498213042,2645,1
2646,1151498337943,1151498337976,1151498338024,2646,1
2647,1151498463168,1151498463202,1151498463249,2647,1
2648,1151498588091,1151498588124,1151498588170,2648,1
2649,1151498713114,1151498713147,1151498713200,2649,1
2650,1151498837785,1151498837817,1151498837861,2650,1
2651,1151498962711,1151498962743,1151498962789,2651,1
2652,1151499088120,1151499088152,1151499088201,2652,1
2653,1151499213000,1151499213032,1151499213079,2653,1
2654,1151499338237,1151499338270,1151499338383,2654,1
2655,1151499463247,1151499463280,1151499463328,2655,1
2656,1151499588037,1151499588070,1151499588253,2656,1
2657,1151499712510,1151499712543,1151499712667,2657,1
2658,1151499837525,1151499837556,1151499837746,2658,1
2659,1151499955135,1151499955166,1151499955339,2659,1
2660,1151500092353,1151500092385,1151500092435,2660,1
2661,1151500211033,1151500211063,1151500211229,2661,1
2662,1151500336122,1151500336154,1151500336201,2662,1
2663,1151500461014,1151500461046,1151500461208,2663,1
2664,1151500585837,1151500585870,1151500585918,2664,1
2665,1151500710821,1151500710853,1151500711013,2665,1
2666,1151500835836,1151500835869,1151500836036,2666,1
2667,1151500960825,1151500960857,1151500960967,2667,1
2668,1151501085897,1151501085929,1151501086104,2668,1
2669,1151501211177,1151501211209,1151501211392,2669,1
2670,1151501336218,1151501336251,1151501336298,2670,1
2671,1151501469629,1151501469660,1151501469840,2671,1
2672,1151501585902,1151501585934,1151501585984,2672,1
2673,1151501710252,1151501710285,1151501710335,2673,1
2674,1151501866176,1151501866207,1151501866297,2674,1
2675,1151501961041,1151501961073,1151501961120,2675,1
2676,1151502084895,1151502084926,1151502084983,2676,1
2677,1151502240934,1151502240967,1151502241288,2677,1
2678,1151502335862,1151502335895,1151502335947,2678,1
2679,1151502460718,1151502460749,1151502460798,2679,1
2680,1151502628266,1151502628298,1151502628386,2680,1
2681,1151502711198,1151502711229,1151502711281,2681,1
2682,1151502835878,1151502835912,1151502835960,2682,1
2683,1151502960886,1151502960918,1151502960977,2683,1
2684,1151503085771,1151503085802,1151503085856,2684,1
2685,1151503210789,1151503210821,1151503210867,2685,1
2686,1151503335807,1151503335840,1151503335895,2686,1
2687,1151503460824,1151503460856,1151503460907,2687,1
2688,1151503586066,1151503586097,1151503586215,2688,1
2689,1151503710121,1151503710152,1151503710207,2689,1
2690,1151503900870,1151503900904,1151503901121,2690,1
2691,1151503955353,1151503955385,1151503955558,2691,1
2692,1151504092235,1151504092343,1151504092390,2692,1
2693,1151504210853,1151504210884,1151504211054,2693,1
2694,1151504335786,1151504335818,1151504335865,2694,1
2695,1151504460680,1151504460713,1151504460881,2695,1
2696,1151504585781,1151504585813,1151504585980,2696,1
2697,1151504710944,1151504710976,1151504711082,2697,1
2698,1151504835772,1151504835805,1151504835985,2698,1
2699,1151504960957,1151504960988,1151504961102,2699,1
2700,1151505085701,1151505085732,1151505085902,2700,1
2701,1151505209890,1151505209922,1151505210104,2701,1
2702,1151505355046,1151505355078,1151505355255,2702,1
2703,1151505462681,1151505462713,1151505462828,2703,1
2704,1151505587556,1151505587587,1151505587635,2704,1
2705,1151505712588,1151505712620,1151505712730,2705,1
2706,1151505837519,1151505837551,1151505837598,2706,1
2707,1151505962581,1151505962613,1151505962660,2707,1
2708,1151506087564,1151506087597,1151506087643,2708,1
2709,1151506212358,1151506212388,1151506212436,2709,1
2710,1151506337538,1151506337570,1151506337619,2710,1
2711,1151506462505,1151506462537,1151506462584,2711,1
2712,1151506587421,1151506587452,1151506587501,2712,1
2713,1151506712456,1151506712487,1151506712597,2713,1
2714,1151506837667,1151506837698,1151506837749,2714,1
2715,1151506962553,1151506962585,1151506962637,2715,1
2716,1151507087513,1151507087545,1151507087592,2716,1
2717,1151507212475,1151507212508,1151507212559,2717,1
2718,1151507337469,1151507337500,1151507337547,2718,1
2719,1151507462512,1151507462544,1151507462596,2719,1
2720,1151507587521,1151507587553,1151507587604,2720,1
2721,1151507712699,1151507712730,1151507712842,2721,1
2722,1151507837587,1151507837619,1151507837670,2722,1
2723,1151507955106,1151507955138,1151507955328,2723,1
2724,1151508092097,1151508092202,1151508092387,2724,1
2725,1151508210861,1151508210893,1151508211001,2725,1
2726,1151508335776,1151508335807,1151508335975,2726,1
2727,1151508460709,1151508460740,1151508460841,2727,1
2728,1151508585916,1151508585949,1151508586111,2728,1
2729,1151508710778,1151508710811,1151508710990,2729,1
2730,1151508835872,1151508835904,1151508835950,2730,1
2731,1151508960723,1151508960754,1151508960916,2731,1
2732,1151509085961,1151509085992,1151509086037,2732,1
2733,1151509209905,1151509209937,1151509210116,2733,1
2734,1151509336235,1151509336266,1151509336313,2734,1
2735,1151509461411,1151509461442,1151509461622,2735,1
2736,1151509586281,1151509586313,1151509586360,2736,1
2737,1151509710965,1151509710998,1151509711108,2737,1
2738,1151509835838,1151509835868,1151509835916,2738,1
2739,1151509961127,1151509961159,1151509961206,2739,1
2740,1151510085914,1151510085946,1151510085997,2740,1
2741,1151510210944,1151510210976,1151510211030,2741,1
2742,1151510335736,1151510335767,1151510335817,2742,1
2743,1151510459927,1151510459959,1151510460012,2743,1
2744,1151510922183,1151510922216,1151510922334,2744,1
2745,1151510922389,1151510922419,1151510922460,2745,1
2746,1151510922491,1151510922523,1151510922563,2746,1
2747,1151510968267,1151510968299,1151510968367,2747,1
2748,1151511117056,1151511117088,1151511117180,2748,1
2749,1151511216618,1151511216651,1151511216714,2749,1
2750,1151511341962,1151511341993,1151511342041,2750,1
2751,1151511470213,1151511470245,1151511470313,2751,1
2752,1151511590066,1151511590098,1151511590150,2752,1
2753,1151511716581,1151511716614,1151511716660,2753,1
2754,1151511840079,1151511840111,1151511840161,2754,1
2755,1151511957192,1151511957224,1151511957277,2755,1
2756,1151512093796,1151512093828,1151512093880,2756,1
2757,1151512211481,1151512211512,1151512211565,2757,1
2758,1151512344513,1151512344545,1151512344637,2758,1
2759,1151512462507,1151512462539,1151512462591,2759,1
2760,1151512586746,1151512586778,1151512586824,2760,1
2761,1151512712022,1151512712054,1151512712114,2761,1
2762,1151512843055,1151512843089,1151512843136,2762,1
2763,1151512961720,1151512961752,1151512961802,2763,1
2764,1151513085559,1151513085591,1151513085644,2764,1
2765,1151513239273,1151513239305,1151513239398,2765,1
2766,1151513338503,1151513338536,1151513338587,2766,1
2767,1151513461053,1151513461086,1151513461134,2767,1
2768,1151513586061,1151513586092,1151513586139,2768,1
2769,1151513711022,1151513711054,1151513711101,2769,1
2770,1151513835842,1151513835873,1151513835920,2770,1
2771,1151513960780,1151513960812,1151513960865,2771,1
2772,1151514085890,1151514085921,1151514085970,2772,1
2773,1151514210845,1151514210876,1151514211093,2773,1
2774,1151514337159,1151514337261,1151514337372,2774,1
2775,1151514461420,1151514461453,1151514461759,2775,1
2776,1151514586368,1151514586400,1151514586581,2776,1
2777,1151514741306,1151514741339,1151514741569,2777,1
2778,1151514836533,1151514836565,1151514836615,2778,1
2779,1151514961404,1151514961438,1151514961613,2779,1
2780,1151515086308,1151515086340,1151515086390,2780,1
2781,1151515211350,1151515211383,1151515211553,2781,1
2782,1151515336400,1151515336432,1151515336481,2782,1
2783,1151515461410,1151515461441,1151515461621,2783,1
2784,1151515586362,1151515586395,1151515586575,2784,1
2785,1151515777602,1151515777634,1151515777806,2785,1
2786,1151515959348,1151515959380,1151515959480,2786,1
2787,1151515960297,1151515960329,1151515960442,2787,1
2788,1151516092996,1151516093028,1151516093078,2788,1
2789,1151516212044,1151516212150,1151516212339,2789,1
2790,1151517607512,1151517607596,1151517608004,2790,1
2791,1151517608166,1151517608199,1151517608312,2791,1
2792,1151517608344,1151517608377,1151517608418,2792,1
2793,1151517608450,1151517608496,1151517608606,2793,1
2794,1151517608640,1151517608672,1151517608714,2794,1
2795,1151517608771,1151517608804,1151517608912,2795,1
2796,1151517608944,1151517608977,1151517609018,2796,1
2797,1151517609050,1151517609084,1151517609186,2797,1
2798,1151517609218,1151517609252,1151517609292,2798,1
2799,1151517609345,1151517609379,1151517609478,2799,1
2800,1151517609510,1151517609544,1151517609585,2800,1
2801,1151517713870,1151517713902,1151517714011,2801,1
2802,1151517836753,1151517836786,1151517836945,2802,1
2803,1151517972403,1151517972437,1151517972613,2803,1
2804,1151518119093,1151518119125,1151518119341,2804,1
2805,1151518211442,1151518211474,1151518211635,2805,1
2806,1151518336629,1151518336661,1151518336714,2806,1
2807,1151518461349,1151518461382,1151518461488,2807,1
2808,1151518586395,1151518586427,1151518586478,2808,1
2809,1151518711343,1151518711375,1151518711482,2809,1
2810,1151518836332,1151518836365,1151518836420,2810,1
2811,1151518960415,1151518960447,1151518960546,2811,1
2812,1151519094305,1151519094337,1151519094431,2812,1
2813,1151519211339,1151519211373,1151519211493,2813,1
2814,1151519644698,1151519644731,1151519644853,2814,1
2815,1151519645058,1151519645090,1151519645199,2815,1
2816,1151519645235,1151519645401,1151519645444,2816,1
2817,1151519712271,1151519712304,1151519712424,2817,1
2818,1151519877367,1151519877401,1151519877494,2818,1
2819,1151519955510,1151519955542,1151519955620,2819,1
2820,1151520093360,1151520093393,1151520093436,2820,1
2821,1151520211427,1151520211459,1151520211576,2821,1
2822,1151520336404,1151520336437,1151520336487,2822,1
2823,1151520462234,1151520462340,1151520462467,2823,1
2824,1151520618805,1151520618838,1151520618929,2824,1
2825,1151520779953,1151520779985,1151520780200,2825,1
2826,1151520865821,1151520865853,1151520865946,2826,1
2827,1151520961401,1151520961433,1151520961540,2827,1
2828,1151521085298,1151521085331,1151521085384,2828,1
2829,1151521273861,1151521273894,1151521274010,2829,1
2830,1151521338553,1151521338586,1151521338640,2830,1
2831,1151521461573,1151521461605,1151521461679,2831,1
2832,1151522041040,1151522041091,1151522041331,2832,1
2833,1151522050346,1151522050378,1151522050498,2833,1
2834,1151522050533,1151522050566,1151522050608,2834,1
2835,1151522050664,1151522050697,1151522050819,2835,1
2836,1151522088326,1151522088360,1151522088541,2836,1
2837,1151522211354,1151522211386,1151522211499,2837,1
2838,1151522336295,1151522336328,1151522336496,2838,1
2839,1151522461212,1151522461245,1151522461361,2839,1
2840,1151522586424,1151522586457,1151522586631,2840,1
2841,1151522711315,1151522711348,1151522711523,2841,1
2842,1151522836212,1151522836244,1151522836295,2842,1
2843,1151522961166,1151522961201,1151522961319,2843,1
2844,1151523086561,1151523086594,1151523086764,2844,1
2845,1151523211253,1151523211285,1151523211405,2845,1
2846,1151523336148,1151523336184,1151523336233,2846,1
2847,1151523460358,1151523460394,1151523460448,2847,1
2848,1151523600379,1151523600412,1151523600507,2848,1
2849,1151523713430,1151523713463,1151523713517,2849,1
2850,1151523837953,1151523837986,1151523838039,2850,1
2851,1151523955376,1151523955409,1151523955461,2851,1
2852,1151524092902,1151524092938,1151524092990,2852,1
2853,1151524211006,1151524211037,1151524211090,2853,1
2854,1151524336154,1151524336187,1151524336305,2854,1
2855,1151524460759,1151524460791,1151524460895,2855,1
2856,1151524585895,1151524585927,1151524586092,2856,1
2857,1151524709894,1151524709925,1151524710034,2857,1
2858,1151524842647,1151524842680,1151524842892,2858,1
2859,1151524960834,1151524960865,1151524961030,2859,1
2860,1151525084942,1151525084973,1151525085026,2860,1
2861,1151525270907,1151525270939,1151525271160,2861,1
2862,1151525337042,1151525337073,1151525337123,2862,1
2863,1151525460976,1151525461007,1151525461200,2863,1
2864,1151525709858,1151525709911,1151525710150,2864,1
2865,1151525710207,1151525710239,1151525710341,2865,1
2866,1151525835469,1151525835501,1151525835668,2866,1
2867,1151526234026,1151526234057,1151526234291,2867,1
2868,1151526234347,1151526234387,1151526234427,2868,1
2869,1151526234460,1151526234596,1151526234710,2869,1
2870,1151526342458,1151526342490,1151526342536,2870,1
2871,1151526467462,1151526467494,1151526467617,2871,1
2872,1151526591961,1151526591992,1151526592043,2872,1
2873,1151526717330,1151526717361,1151526717481,2873,1
2874,1151526839350,1151526839381,1151526839428,2874,1
2875,1151527037462,1151527037498,1151527037610,2875,1
2876,1151527086250,1151527086281,1151527086328,2876,1
2877,1151527210929,1151527210961,1151527211060,2877,1
2878,1151527335791,1151527335822,1151527335869,2878,1
2879,1151527460869,1151527460900,1151527461005,2879,1
2880,1151527590368,1151527590399,1151527590449,2880,1
2881,1151527712931,1151527712962,1151527713282,2881,1
2882,1151527860653,1151527860684,1151527860775,2882,1
2883,1151527980490,1151527980521,1151527980638,2883,1
2884,1151528094776,1151528094808,1151528094860,2884,1
2885,1151528213145,1151528213176,1151528213246,2885,1
2886,1151528337579,1151528337610,1151528337662,2886,1
2887,1151528462247,1151528462279,1151528462350,2887,1
2888,1151528587490,1151528587594,1151528587706,2888,1
2889,1151528712072,1151528712105,1151528712277,2889,1
2890,1151528836863,1151528836895,1151528836942,2890,1
2891,1151528961657,1151528961689,1151528961865,2891,1
2892,1151529085863,1151529085896,1151529085946,2892,1
2893,1151529269222,1151529269254,1151529269407,2893,1
2894,1151529349722,1151529349753,1151529349914,2894,1
2895,1151529461406,1151529461438,1151529461545,2895,1
2896,1151529586356,1151529586388,1151529586555,2896,1
2897,1151529711323,1151529711354,1151529711458,2897,1
2898,1151529836255,1151529836287,1151529836454,2898,1
2899,1151529961604,1151529961637,1151529961746,2899,1
2900,1151530086516,1151530086549,1151530086725,2900,1
2901,1151530211512,1151530211545,1151530211739,2901,1
2902,1151530336596,1151530336628,1151530336806,2902,1
2903,1151530461877,1151530461910,1151530462035,2903,1
2904,1151530586575,1151530586607,1151530586654,2904,1
2905,1151530711880,1151530711911,1151530712036,2905,1
2906,1151530835919,1151530835950,1151530835998,2906,1
2907,1151530961001,1151530961033,1151530961083,2907,1
2908,1151531085860,1151531085893,1151531085942,2908,1
2909,1151531210823,1151531210855,1151531210908,2909,1
2910,1151531336205,1151531336241,1151531336294,2910,1
2911,1151531461263,1151531461295,1151531461346,2911,1
2912,1151531586351,1151531586386,1151531586437,2912,1
2913,1151531711194,1151531711227,1151531711280,2913,1
2914,1151531835328,1151531835360,1151531835415,2914,1
2915,1151531978131,1151531978164,1151531978266,2915,1
2916,1151532092879,1151532092912,1151532092966,2916,1
2917,1151532212542,1151532212575,1151532212629,2917,1
2918,1151532336452,1151532336483,1151532336538,2918,1
2919,1151532461322,1151532461355,1151532461407,2919,1
2920,1151532586949,1151532586979,1151532587025,2920,1
2921,1151532710931,1151532711042,1151532711158,2921,1
2922,1151532835804,1151532835835,1151532835892,2922,1
2923,1151532960822,1151532960853,1151532960960,2923,1
2924,1151533084902,1151533084934,1151533085119,2924,1
2925,1151533288235,1151533288267,1151533288415,2925,1
2926,1151533339777,1151533339809,1151533339975,2926,1
2927,1151533462735,1151533462767,1151533462867,2927,1
2928,1151533587572,1151533587604,1151533587772,2928,1
2929,1151533712581,1151533712613,1151533712727,2929,1
2930,1151533837484,1151533837517,1151533837689,2930,1
2931,1151533962488,1151533962521,1151533962687,2931,1
2932,1151534087730,1151534087763,1151534087806,2932,1
2933,1151534212568,1151534212600,1151534212991,2933,1
2934,1151534337426,1151534337458,1151534337507,2934,1
2935,1151534462405,1151534462436,1151534462622,2935,1
2936,1151534587617,1151534587650,1151534587701,2936,1
2937,1151534712567,1151534712600,1151534712650,2937,1
2938,1151534837390,1151534837422,1151534837471,2938,1
2939,1151534962461,1151534962493,1151534962542,2939,1
2940,1151535087601,1151535087633,1151535087683,2940,1
2941,1151535212559,1151535212590,1151535212639,2941,1
2942,1151535337408,1151535337439,1151535337488,2942,1
2943,1151535462422,1151535462453,1151535462500,2943,1
2944,1151535587504,1151535587535,1151535587587,2944,1
2945,1151535712457,1151535712488,1151535712537,2945,1
2946,1151535837496,1151535837528,1151535837577,2946,1
2947,1151535955003,1151535955034,1151535955088,2947,1
2948,1151536092247,1151536092279,1151536092327,2948,1
2949,1151536210875,1151536210906,1151536210957,2949,1
2950,1151536335925,1151536335961,1151536336010,2950,1
2951,1151536460825,1151536460857,1151536460905,2951,1
2952,1151536585729,1151536585761,1151536585810,2952,1
2953,1151536710694,1151536710726,1151536710776,2953,1
2954,1151536836080,1151536836182,1151536836293,2954,1
2955,1151536960729,1151536960761,1151536960810,2955,1
2956,1151537084894,1151537084927,1151537085100,2956,1
2957,1151537261799,1151537261829,1151537261985,2957,1
2958,1151537338099,1151537338131,1151537338297,2958,1
2959,1151537460845,1151537460876,1151537460976,2959,1
2960,1151537585896,1151537585927,1151537586088,2960,1
2961,1151537710802,1151537710834,1151537710938,2961,1
2962,1151537835756,1151537835788,1151537835959,2962,1
2963,1151537959970,1151537960002,1151537960165,2963,1
2964,1151538158313,1151538158346,1151538158550,2964,1
2965,1151538212921,1151538212954,1151538213069,2965,1
2966,1151538337710,1151538337740,1151538337792,2966,1
2967,1151538462762,1151538462793,1151538462973,2967,1
2968,1151538587808,1151538587840,1151538588030,2968,1
2969,1151538712729,1151538712762,1151538712943,2969,1
2970,1151538837669,1151538837700,1151538837751,2970,1
2971,1151538962538,1151538962570,1151538962687,2971,1
2972,1151539087633,1151539087666,1151539087717,2972,1
2973,1151539212634,1151539212665,1151539212786,2973,1
2974,1151539337859,1151539337890,1151539337947,2974,1
2975,1151539462686,1151539462718,1151539462825,2975,1
2976,1151539587688,1151539587719,1151539587771,2976,1
2977,1151539712511,1151539712544,1151539712591,2977,1
2978,1151539837623,1151539837654,1151539837706,2978,1
2979,1151539955374,1151539955406,1151539955458,2979,1
2980,1151540109039,1151540109075,1151540109166,2980,1
2981,1151540211064,1151540211097,1151540211144,2981,1
2982,1151540336085,1151540336117,1151540336166,2982,1
2983,1151540460867,1151540460898,1151540460946,2983,1
2984,1151540585971,1151540586002,1151540586054,2984,1
2985,1151540710774,1151540710804,1151540710856,2985,1
2986,1151540835680,1151540835712,1151540835756,2986,1
2987,1151540960806,1151540960837,1151540960884,2987,1
2988,1151541085250,1151541085351,1151541085529,2988,1
2989,1151541274746,1151541274778,1151541274990,2989,1
2990,1151541336434,1151541336466,1151541336512,2990,1
2991,1151541461002,1151541461034,1151541461144,2991,1
2992,1151541585945,1151541585978,1151541586158,2992,1
2993,1151541709910,1151541709942,1151541710109,2993,1
2994,1151541845259,1151541845291,1151541845381,2994,1
2995,1151541962715,1151541962746,1151541962917,2995,1
2996,1151542087771,1151542087803,1151542087855,2996,1
2997,1151542212469,1151542212501,1151542212663,2997,1
2998,1151542337559,1151542337591,1151542337638,2998,1
2999,1151542462650,1151542462681,1151542462846,2999,1
3000,1151542587668,1151542587701,1151542587870,3000,1
3001,1151542712528,1151542712559,1151542712663,3001,1
3002,1151542837575,1151542837607,1151542837771,3002,1
3003,1151542963361,1151542963394,1151542963570,3003,1
3004,1151543088171,1151543088204,1151543088249,3004,1
3005,1151543213078,1151543213110,1151543213227,3005,1
3006,1151543338140,1151543338172,1151543338218,3006,1
3007,1151543463308,1151543463342,1151543463391,3007,1
3008,1151543588097,1151543588130,1151543588176,3008,1
3009,1151543713092,1151543713126,1151543713173,3009,1
3010,1151543838043,1151543838076,1151543838123,3010,1
3011,1151543955432,1151543955465,1151543955512,3011,1
3012,1151544093151,1151544093185,1151544093230,3012,1
3013,1151544211289,1151544211322,1151544211368,3013,1
3014,1151544336290,1151544336322,1151544336368,3014,1
3015,1151544461280,1151544461313,1151544461364,3015,1
3016,1151544586316,1151544586349,1151544586395,3016,1
3017,1151544711220,1151544711253,1151544711299,3017,1
3018,1151544836243,1151544836276,1151544836321,3018,1
3019,1151544961229,1151544961262,1151544961308,3019,1
3020,1151545130449,1151545130482,1151545130535,3020,1
3021,1151545242426,1151545242528,1151545242680,3021,1
3022,1151545338668,1151545338701,1151545338815,3022,1
3023,1151545497031,1151545497065,1151545497280,3023,1
3024,1151545586742,1151545586775,1151545586953,3024,1
3025,1151545711406,1151545711438,1151545711559,3025,1
3026,1151545836227,1151545836261,1151545836440,3026,1
3027,1151545961341,1151545961375,1151545961486,3027,1
3028,1151546086169,1151546086202,1151546086378,3028,1
3029,1151546211161,1151546211194,1151546211299,3029,1
3030,1151546336172,1151546336204,1151546336368,3030,1
3031,1151546461178,1151546461211,1151546461382,3031,1
3032,1151546586163,1151546586196,1151546586248,3032,1
3033,1151546711269,1151546711301,1151546711476,3033,1
3034,1151546836334,1151546836367,1151546836420,3034,1
3035,1151546961221,1151546961253,1151546961421,3035,1
3036,1151547086643,1151547086675,1151547086841,3036,1
3037,1151547211360,1151547211393,1151547211515,3037,1
3038,1151547336422,1151547336455,1151547336508,3038,1
3039,1151547461171,1151547461204,1151547461317,3039,1
3040,1151547586262,1151547586295,1151547586348,3040,1
3041,1151547711416,1151547711448,1151547711573,3041,1
3042,1151547835522,1151547835554,1151547835608,3042,1
3043,1151547995647,1151547995686,1151548090032,3043,1
3044,1151548100813,1151548100856,1151548100977,3044,1
3045,1151548243561,1151548243593,1151548243686,3045,1
3046,1151548336817,1151548336850,1151548336902,3046,1
3047,1151548461288,1151548461320,1151548461369,3047,1
3048,1151548586347,1151548586379,1151548586427,3048,1
3049,1151548767881,1151548767914,1151548767964,3049,1
3050,1151548836512,1151548836545,1151548836598,3050,1
3051,1151548961162,1151548961194,1151548961243,3051,1
3052,1151549085332,1151549085366,1151549085416,3052,1
3053,1151549229286,1151549229319,1151549229451,3053,1
3054,1151549338393,1151549338426,1151549338475,3054,1
3055,1151549461659,1151549461692,1151549461802,3055,1
3056,1151549586369,1151549586402,1151549586573,3056,1
3057,1151549711209,1151549711242,1151549711364,3057,1
3058,1151549836374,1151549836407,1151549836589,3058,1
3059,1151549961438,1151549961472,1151549961591,3059,1
3060,1151550086258,1151550086290,1151550086466,3060,1
3061,1151550211303,1151550211335,1151550211508,3061,1
3062,1151550336204,1151550336236,1151550336399,3062,1
3063,1151550461274,1151550461307,1151550461484,3063,1
3064,1151550586248,1151550586282,1151550586330,3064,1
3065,1151550711120,1151550711152,1151550711327,3065,1
3066,1151550836231,1151550836264,1151550836312,3066,1
3067,1151550961398,1151550961430,1151550961619,3067,1
3068,1151551086322,1151551086354,1151551086534,3068,1
3069,1151551211585,1151551211617,1151551211806,3069,1
3070,1151551336257,1151551336290,1151551336343,3070,1
3071,1151551461381,1151551461414,1151551461464,3071,1
3072,1151551586341,1151551586376,1151551586427,3072,1
3073,1151551711086,1151551711118,1151551711171,3073,1
3074,1151551939373,1151551939406,1151551939501,3074,1
3075,1151552061263,1151552061297,1151552061391,3075,1
3076,1151552086753,1151552086785,1151552086839,3076,1
3077,1151552211565,1151552211598,1151552211653,3077,1
3078,1151552555986,1151552556039,1151552556139,3078,1
3079,1151552556231,1151552556264,1151552556439,3079,1
3080,1151552591653,1151552591686,1151552591733,3080,1
3081,1151552735310,1151552735343,1151552735541,3081,1
3082,1151552841731,1151552841765,1151552841818,3082,1
3083,1151552964661,1151552964694,1151552964748,3083,1
3084,1151553136170,1151553136203,1151553136299,3084,1
3085,1151553231846,1151553231878,1151553232107,3085,1
3086,1151553340185,1151553340217,1151553340267,3086,1
3087,1151553466801,1151553466837,1151553467101,3087,1
3088,1151553587132,1151553587238,1151553587354,3088,1
3089,1151553711299,1151553711331,1151553711382,3089,1
3090,1151553836272,1151553836304,1151553836489,3090,1
3091,1151553961716,1151553961748,1151553961937,3091,1
3092,1151554085438,1151554085469,1151554085518,3092,1
3093,1151554217648,1151554217682,1151554217900,3093,1
3094,1151554339611,1151554339643,1151554339692,3094,1
3095,1151554502381,1151554502414,1151554502579,3095,1
3096,1151554589277,1151554589311,1151554589469,3096,1
3097,1151554713639,1151554713672,1151554713778,3097,1
3098,1151554838205,1151554838239,1151554838399,3098,1
3099,1151554962858,1151554962892,1151554963002,3099,1
3100,1151555087803,1151555087835,1151555087999,3100,1
3101,1151555265428,1151555265463,1151555265675,3101,1
3102,1151555342013,1151555342046,1151555342237,3102,1
3103,1151555461376,1151555461409,1151555461528,3103,1
3104,1151555590305,1151555590338,1151555590427,3104,1
3105,1151555711898,1151555711930,1151555712051,3105,1
3106,1151555898875,1151555898907,1151555898995,3106,1
3107,1151555955813,1151555955845,1151555955958,3107,1
3108,1151556093110,1151556093143,1151556093220,3108,1
3109,1151556255202,1151556255234,1151556255376,3109,1
3110,1151556336427,1151556336458,1151556336509,3110,1
3111,1151556461110,1151556461142,1151556461248,3111,1
3112,1151556585842,1151556585874,1151556585924,3112,1
3113,1151556761682,1151556761713,1151556761821,3113,1
3114,1151556836105,1151556836138,1151556836193,3114,1
3115,1151556960707,1151556960738,1151556960843,3115,1
3116,1151557085121,1151557085153,1151557085205,3116,1
3117,1151557229029,1151557229061,1151557229225,3117,1
3118,1151557339823,1151557339856,1151557339903,3118,1
3119,1151557460822,1151557460854,1151557460974,3119,1
3120,1151557585820,1151557585852,1151557585899,3120,1
3121,1151557711227,1151557711331,1151557711514,3121,1
3122,1151557835816,1151557835848,1151557835899,3122,1
3123,1151557959992,1151557960024,1151557960205,3123,1
3124,1151558092320,1151558092352,1151558092572,3124,1
3125,1151558280378,1151558280409,1151558280576,3125,1
3126,1151558337607,1151558337638,1151558337816,3126,1
3127,1151558462529,1151558462560,1151558462737,3127,1
3128,1151558587660,1151558587691,1151558587876,3128,1
3129,1151558712593,1151558712625,1151558712747,3129,1
3130,1151558837487,1151558837518,1151558837694,3130,1
3131,1151558962572,1151558962605,1151558962782,3131,1
3132,1151559087544,1151559087576,1151559087629,3132,1
3133,1151559212756,1151559212787,1151559212963,3133,1
3134,1151559337757,1151559337789,1151559337841,3134,1
3135,1151559462460,1151559462491,1151559462662,3135,1
3136,1151559587801,1151559587834,1151559587885,3136,1
3137,1151559712560,1151559712591,1151559712644,3137,1
3138,1151559837538,1151559837569,1151559837619,3138,1
3139,1151559955080,1151559955111,1151559955163,3139,1
3140,1151560092150,1151560092182,1151560092233,3140,1
3141,1151560210851,1151560210884,1151560210931,3141,1
3142,1151560336052,1151560336083,1151560336134,3142,1
3143,1151560460831,1151560460863,1151560460918,3143,1
3144,1151560585891,1151560585922,1151560585974,3144,1
3145,1151560710791,1151560710821,1151560710873,3145,1
3146,1151560834855,1151560834888,1151560834941,3146,1
3147,1151560964265,1151560964296,1151560964388,3147,1
3148,1151561084985,1151561085016,1151561085067,3148,1
3149,1151561268971,1151561269002,1151561269092,3149,1
3150,1151561336395,1151561336427,1151561336474,3150,1
3151,1151561497357,1151561497392,1151561497479,3151,1
3152,1151561587947,1151561587979,1151561588032,3152,1
3153,1151561712402,1151561712434,1151561712485,3153,1
3154,1151561837618,1151561837714,1151561837834,3154,1
3155,1151561963099,1151561963131,1151561963189,3155,1
3156,1151562088089,1151562088122,1151562088281,3156,1
3157,1151562212561,1151562212593,1151562212706,3157,1
3158,1151562341502,1151562341539,1151562341734,3158,1
3159,1151562463997,1151562464029,1151562464197,3159,1
3160,1151562587650,1151562587682,1151562587728,3160,1
3161,1151562712536,1151562712568,1151562712681,3161,1
3162,1151562837569,1151562837600,1151562837652,3162,1
3163,1151562962470,1151562962502,1151562962688,3163,1
3164,1151563087580,1151563087611,1151563087665,3164,1
3165,1151563212473,1151563212505,1151563212674,3165,1
3166,1151563374472,1151563374505,1151563374671,3166,1
3167,1151563462718,1151563462749,1151563462851,3167,1
3168,1151563608478,1151563608510,1151563608704,3168,1
3169,1151563712841,1151563712877,1151563713044,3169,1
3170,1151563837644,1151563837676,1151563837728,3170,1
3171,1151563955099,1151563955130,1151563955238,3171,1
3172,1151564092706,1151564092741,1151564092793,3172,1
3173,1151564210814,1151564210846,1151564210958,3173,1
3174,1151564336115,1151564336148,1151564336198,3174,1
3175,1151564461017,1151564461048,1151564461166,3175,1
3176,1151564586593,1151564586628,1151564586677,3176,1
3177,1151564710814,1151564710845,1151564710967,3177,1
3178,1151564835723,1151564835754,1151564835806,3178,1
3179,1151564960758,1151564960789,1151564960907,3179,1
3180,1151565084949,1151565084980,1151565085030,3180,1
3181,1151565338555,1151565338587,1151565338739,3181,1
3182,1151565338796,1151565338828,1151565338868,3182,1
3183,1151565466111,1151565466143,1151565466248,3183,1
3184,1151565591331,1151565591363,1151565591412,3184,1
3185,1151565716136,1151565716168,1151565716270,3185,1
3186,1151565840987,1151565841019,1151565841069,3186,1
3187,1151565966077,1151565966108,1151565966216,3187,1
3188,1151566092799,1151566092830,1151566092982,3188,1
3189,1151566210888,1151566210922,1151566211349,3189,1
3190,1151566335819,1151566335850,1151566335900,3190,1
3191,1151566636545,1151566636578,1151566636804,3191,1
3192,1151566636837,1151566636869,1151566636909,3192,1
3193,1151566711243,1151566711274,1151566711322,3193,1
3194,1151566836857,1151566836890,1151566837054,3194,1
3195,1151566960742,1151566960773,1151566960884,3195,1
3196,1151567085821,1151567085853,1151567086025,3196,1
3197,1151567210782,1151567210813,1151567210985,3197,1
3198,1151567335728,1151567335761,1151567335810,3198,1
3199,1151567460848,1151567460879,1151567461068,3199,1
3200,1151567591012,1151567591043,1151567591139,3200,1
3201,1151567709927,1151567709958,1151567710146,3201,1
3202,1151567858100,1151567858133,1151567858358,3202,1
3203,1151567955264,1151567955296,1151567955411,3203,1
3204,1151568266762,1151568266875,1151568267097,3204,1
3205,1151568267160,1151568267201,1151568267303,3205,1
3206,1151568336549,1151568336580,1151568336629,3206,1
3207,1151568460656,1151568460689,1151568460810,3207,1
3208,1151568603940,1151568603973,1151568604066,3208,1
3209,1151568711243,1151568711276,1151568711382,3209,1
3210,1151568836318,1151568836351,1151568836404,3210,1
3211,1151568961167,1151568961200,1151568961383,3211,1
3212,1151569085527,1151569085560,1151569085615,3212,1
3213,1151569369364,1151569369396,1151569369494,3213,1
3214,1151569369555,1151569369587,1151569369629,3214,1
3215,1151569462081,1151569462113,1151569462163,3215,1
3216,1151569586395,1151569586427,1151569586477,3216,1
3217,1151569711598,1151569711631,1151569711813,3217,1
3218,1151569835465,1151569835497,1151569835551,3218,1
3219,1151569989925,1151569989957,1151569990187,3219,1
3220,1151570086462,1151570086494,1151570086551,3220,1
3221,1151570211514,1151570211545,1151570211774,3221,1
3222,1151570336220,1151570336252,1151570336310,3222,1
3223,1151570461295,1151570461328,1151570461499,3223,1
3224,1151570586291,1151570586322,1151570586490,3224,1
3225,1151570711184,1151570711216,1151570711329,3225,1
3226,1151570836157,1151570836189,1151570836358,3226,1
3227,1151570961316,1151570961349,1151570961464,3227,1
3228,1151571086268,1151571086300,1151571086474,3228,1
3229,1151571211134,1151571211166,1151571211214,3229,1
3230,1151571336257,1151571336290,1151571336469,3230,1
3231,1151571461191,1151571461223,1151571461407,3231,1
3232,1151571586324,1151571586357,1151571586411,3232,1
3233,1151571710328,1151571710360,1151571710541,3233,1
3234,1151571880869,1151571880907,1151571881132,3234,1
3235,1151571956016,1151571956049,1151571956237,3235,1
3236,1151572093556,1151572093590,1151572093634,3236,1
3237,1151572260389,1151572260423,1151572260564,3237,1
3238,1151572336264,1151572336297,1151572336345,3238,1
3239,1151572461466,1151572461499,1151572461548,3239,1
3240,1151572586248,1151572586281,1151572586333,3240,1
3241,1151572711306,1151572711339,1151572711386,3241,1
3242,1151572836504,1151572836537,1151572836585,3242,1
3243,1151572961296,1151572961330,1151572961378,3243,1
3244,1151573085462,1151573085494,1151573085540,3244,1
3245,1151573232085,1151573232117,1151573232209,3245,1
3246,1151573340175,1151573340208,1151573340319,3246,1
3247,1151573461340,1151573461372,1151573461422,3247,1
3248,1151573586284,1151573586317,1151573586370,3248,1
3249,1151573710392,1151573710425,1151573710545,3249,1
3250,1151573843472,1151573843505,1151573843595,3250,1
3251,1151573980785,1151573980818,1151573980991,3251,1
3252,1151574088122,1151574088155,1151574088209,3252,1
3253,1151574213138,1151574213171,1151574213287,3253,1
3254,1151574338401,1151574338504,1151574338616,3254,1
3255,1151574462976,1151574463007,1151574463119,3255,1
3256,1151574588177,1151574588209,1151574588377,3256,1
3257,1151574712937,1151574712970,1151574713086,3257,1
3258,1151574838152,1151574838185,1151574838359,3258,1
3259,1151574963230,1151574963262,1151574963446,3259,1
3260,1151575207564,1151575207598,1151575207835,3260,1
3261,1151575216329,1151575216362,1151575216470,3261,1
3262,1151575338233,1151575338266,1151575338315,3262,1
3263,1151575463027,1151575463059,1151575463227,3263,1
3264,1151575588146,1151575588183,1151575588230,3264,1
3265,1151575713052,1151575713089,1151575713259,3265,1
3266,1151575859485,1151575859518,1151575859715,3266,1
3267,1151575955497,1151575955529,1151575955637,3267,1
3268,1151576232868,1151576232971,1151576233177,3268,1
3269,1151576241522,1151576241554,1151576241603,3269,1
3270,1151576336800,1151576336832,1151576336882,3270,1
3271,1151576461283,1151576461317,1151576461365,3271,1
3272,1151576586341,1151576586374,1151576586426,3272,1
3273,1151576711244,1151576711277,1151576711463,3273,1
3274,1151576839864,1151576839908,1151576839965,3274,1
3275,1151576979704,1151576979736,1151576979987,3275,1
3276,1151577085612,1151577085645,1151577085698,3276,1
3277,1151577238028,1151577238061,1151577238212,3277,1
3278,1151577403457,1151577403490,1151577403608,3278,1
3279,1151577461429,1151577461462,1151577461625,3279,1
3280,1151577586248,1151577586280,1151577586328,3280,1
3281,1151577711274,1151577711308,1151577711487,3281,1
3282,1151577836327,1151577836359,1151577836409,3282,1
3283,1151577961112,1151577961144,1151577961326,3283,1
3284,1151578086767,1151578086799,1151578086850,3284,1
3285,1151578211315,1151578211348,1151578211597,3285,1
3286,1151578336224,1151578336256,1151578336304,3286,1
3287,1151578461232,1151578461264,1151578461436,3287,1
3288,1151578586534,1151578586567,1151578586679,3288,1
3289,1151578711134,1151578711167,1151578711347,3289,1
3290,1151578836277,1151578836312,1151578836363,3290,1
3291,1151578961280,1151578961312,1151578961498,3291,1
3292,1151579086304,1151579086337,1151579086390,3292,1
3293,1151579211333,1151579211366,1151579211532,3293,1
3294,1151579336288,1151579336321,1151579336369,3294,1
3295,1151579461318,1151579461351,1151579461526,3295,1
3296,1151579586253,1151579586286,1151579586335,3296,1
3297,1151579710374,1151579710407,1151579710579,3297,1
3298,1151579874087,1151579874120,1151579874332,3298,1
3299,1151579955498,1151579955530,1151579955643,3299,1
3300,1151580093007,1151580093113,1151580093277,3300,1
3301,1151580211533,1151580211566,1151580211695,3301,1
3302,1151580336416,1151580336449,1151580336635,3302,1
3303,1151580461490,1151580461522,1151580461709,3303,1
3304,1151580586313,1151580586346,1151580586388,3304,1
3305,1151580711281,1151580711314,1151580711438,3305,1
3306,1151580836326,1151580836359,1151580836408,3306,1
3307,1151580961200,1151580961232,1151580961279,3307,1
3308,1151581086465,1151581086497,1151581086543,3308,1
3309,1151581254223,1151581254256,1151581254367,3309,1
3310,1151581339620,1151581339653,1151581339702,3310,1
3311,1151581462872,1151581462905,1151581462958,3311,1
3312,1151581587879,1151581587911,1151581587960,3312,1
3313,1151581712834,1151581712867,1151581713038,3313,1
3314,1151581837968,1151581838001,1151581838054,3314,1
3315,1151581962729,1151581962762,1151581962936,3315,1
3316,1151582087766,1151582087798,1151582087846,3316,1
3317,1151582212776,1151582212809,1151582213189,3317,1
3318,1151582339680,1151582339714,1151582339763,3318,1
3319,1151582463224,1151582463256,1151582463419,3319,1
3320,1151582588154,1151582588186,1151582588236,3320,1
3321,1151582713375,1151582713408,1151582713651,3321,1
3322,1151582837927,1151582837959,1151582838009,3322,1
3323,1151582963016,1151582963050,1151582963220,3323,1
3324,1151583088032,1151583088064,1151583088117,3324,1
3325,1151583212953,1151583212985,1151583213176,3325,1
3326,1151583338044,1151583338077,1151583338125,3326,1
3327,1151583463063,1151583463096,1151583463279,3327,1
3328,1151583588084,1151583588116,1151583588299,3328,1
3329,1151583713216,1151583713252,1151583713365,3329,1
3330,1151583838108,1151583838144,1151583838323,3330,1
3331,1151583955305,1151583955337,1151583955450,3331,1
3332,1151584093576,1151584093680,1151584093913,3332,1
3333,1151584211574,1151584211606,1151584211658,3333,1
3334,1151584336381,1151584336413,1151584336584,3334,1
3335,1151584461274,1151584461307,1151584461478,3335,1
3336,1151584602009,1151584602042,1151584602209,3336,1
3337,1151584711496,1151584711529,1151584711627,3337,1
3338,1151584836361,1151584836394,1151584836449,3338,1
3339,1151584961296,1151584961329,1151584961500,3339,1
3340,1151585252845,1151585252877,1151585252974,3340,1
3341,1151585253031,1151585253065,1151585253244,3341,1
3342,1151585338105,1151585338137,1151585338189,3342,1
3343,1151585466855,1151585466888,1151585467082,3343,1
3344,1151585586418,1151585586449,1151585586502,3344,1
3345,1151585711205,1151585711237,1151585711416,3345,1
3346,1151585836243,1151585836276,1151585836324,3346,1
3347,1151585967669,1151585967702,1151585967882,3347,1
3348,1151586086164,1151586086197,1151586086247,3348,1
3349,1151586346395,1151586346427,1151586346670,3349,1
3350,1151586346726,1151586346759,1151586346800,3350,1
3351,1151586461896,1151586461929,1151586462120,3351,1
3352,1151586586508,1151586586540,1151586586589,3352,1
3353,1151586711362,1151586711395,1151586711571,3353,1
3354,1151586836521,1151586836554,1151586836672,3354,1
3355,1151586961330,1151586961363,1151586961543,3355,1
3356,1151587086205,1151587086236,1151587086413,3356,1
3357,1151587211302,1151587211335,1151587211455,3357,1
3358,1151587336198,1151587336232,1151587336410,3358,1
3359,1151587461170,1151587461202,1151587461394,3359,1
3360,1151587585958,1151587585989,1151587586040,3360,1
3361,1151587709961,1151587709992,1151587710107,3361,1
3362,1151587873057,1151587873092,1151587873181,3362,1
3363,1151587955039,1151587955070,1151587955254,3363,1
3364,1151588092693,1151588092800,1151588092990,3364,1
3365,1151588210875,1151588210907,1151588211017,3365,1
3366,1151588335011,1151588335043,1151588335210,3366,1
3367,1151588547272,1151588547322,1151588547540,3367,1
3368,1151588585050,1151588585082,1151588585133,3368,1
3369,1151588740884,1151588740916,1151588741129,3369,1
3370,1151588835832,1151588835863,1151588835909,3370,1
3371,1151588961033,1151588961065,1151588961173,3371,1
3372,1151589085776,1151589085808,1151589085855,3372,1
3373,1151589210332,1151589210365,1151589210488,3373,1
3374,1151589340133,1151589340165,1151589340219,3374,1
3375,1151589463125,1151589463158,1151589463279,3375,1
3376,1151589588270,1151589588304,1151589588351,3376,1
3377,1151589712991,1151589713024,1151589713140,3377,1
3378,1151589837983,1151589838016,1151589838070,3378,1
3379,1151589963396,1151589963428,1151589963551,3379,1
3380,1151590088521,1151590088554,1151590088602,3380,1
3381,1151590212962,1151590212994,1151590213116,3381,1
3382,1151590337894,1151590337927,1151590337981,3382,1
3383,1151590462900,1151590462933,1151590463046,3383,1
3384,1151590588013,1151590588046,1151590588099,3384,1
3385,1151590713112,1151590713145,1151590713198,3385,1
3386,1151590838129,1151590838162,1151590838215,3386,1
3387,1151590963243,1151590963276,1151590963324,3387,1
3388,1151591088306,1151591088340,1151591088454,3388,1
3389,1151591213091,1151591213124,1151591213286,3389,1
3390,1151591338015,1151591338047,1151591338096,3390,1
3391,1151591462943,1151591462975,1151591463143,3391,1
3392,1151591587985,1151591588017,1151591588068,3392,1
3393,1151591713163,1151591713196,1151591713371,3393,1
3394,1151591837944,1151591837977,1151591838140,3394,1
3395,1151591955296,1151591955329,1151591955431,3395,1
3396,1151592093126,1151592093233,1151592093395,3396,1
3397,1151592211567,1151592211599,1151592211729,3397,1
3398,1151592336351,1151592336383,1151592336571,3398,1
3399,1151592461471,1151592461504,1151592461621,3399,1
3400,1151592586408,1151592586441,1151592586622,3400,1
3401,1151592711523,1151592711556,1151592711729,3401,1
3402,1151592836625,1151592836657,1151592836831,3402,1
3403,1151592961269,1151592961302,1151592961413,3403,1
3404,1151593086276,1151593086308,1151593086359,3404,1
3405,1151593210470,1151593210503,1151593210610,3405,1
3406,1151593336528,1151593336561,1151593336616,3406,1
3407,1151593461391,1151593461423,1151593461527,3407,1
3408,1151593586256,1151593586288,1151593586341,3408,1
3409,1151593711409,1151593711441,1151593711543,3409,1
3410,1151593836533,1151593836567,1151593836615,3410,1
3411,1151593967609,1151593967641,1151593967692,3411,1
3412,1151594086275,1151594086308,1151594086360,3412,1
3413,1151594211207,1151594211238,1151594211293,3413,1
3414,1151594336148,1151594336181,1151594336230,3414,1
3415,1151594461274,1151594461307,1151594461421,3415,1
3416,1151594586371,1151594586404,1151594586452,3416,1
3417,1151594711169,1151594711202,1151594711320,3417,1
3418,1151594836386,1151594836419,1151594836470,3418,1
3419,1151594961212,1151594961244,1151594961294,3419,1
3420,1151595085314,1151595085347,1151595085403,3420,1
3421,1151595218563,1151595218597,1151595218756,3421,1
3422,1151595336693,1151595336725,1151595336778,3422,1
3423,1151595460402,1151595460434,1151595460614,3423,1
3424,1151595593450,1151595593483,1151595593712,3424,1
3425,1151595710751,1151595710783,1151595710886,3425,1
3426,1151595871838,1151595871871,1151595872084,3426,1
3427,1151595955606,1151595955640,1151595955742,3427,1
3428,1151596093129,1151596093237,1151596093403,3428,1
3429,1151596210463,1151596210496,1151596210619,3429,1
3430,1151596343093,1151596343129,1151596343368,3430,1
3431,1151596461397,1151596461430,1151596461552,3431,1
3432,1151596586185,1151596586219,1151596586402,3432,1
3433,1151596711516,1151596711548,1151596711728,3433,1
3434,1151596836235,1151596836268,1151596836317,3434,1
3435,1151596961640,1151596961673,1151596961858,3435,1
3436,1151597087225,1151597087258,1151597087446,3436,1
3437,1151597210381,1151597210413,1151597210529,3437,1
3438,1151597339549,1151597339581,1151597339630,3438,1
3439,1151597461327,1151597461361,1151597461470,3439,1
3440,1151597586383,1151597586416,1151597586465,3440,1
3441,1151597711331,1151597711364,1151597711474,3441,1
3442,1151597836334,1151597836366,1151597836419,3442,1
3443,1151597961252,1151597961284,1151597961397,3443,1
3444,1151598086393,1151598086426,1151598086474,3444,1
3445,1151598211317,1151598211350,1151598211727,3445,1
3446,1151598336244,1151598336277,1151598336327,3446,1
3447,1151598461250,1151598461284,1151598461449,3447,1
3448,1151598586268,1151598586301,1151598586350,3448,1
3449,1151598711402,1151598711435,1151598711630,3449,1
3450,1151598836356,1151598836388,1151598836437,3450,1
3451,1151598961293,1151598961325,1151598961518,3451,1
3452,1151599086411,1151599086444,1151599086499,3452,1
3453,1151599211230,1151599211263,1151599211447,3453,1
3454,1151599336591,1151599336624,1151599336735,3454,1
3455,1151599461238,1151599461271,1151599461322,3455,1
3456,1151599585758,1151599585788,1151599585969,3456,1
3457,1151599709941,1151599709973,1151599710084,3457,1
3458,1151599843425,1151599843456,1151599843669,3458,1
3459,1151599955117,1151599955150,1151599955336,3459,1
3460,1151600092623,1151600092655,1151600092705,3460,1
3461,1151600210942,1151600210974,1151600211143,3461,1
3462,1151600335785,1151600335817,1151600335868,3462,1
3463,1151600460860,1151600460891,1151600461055,3463,1
3464,1151600585859,1151600585891,1151600585940,3464,1
3465,1151600710921,1151600710952,1151600711135,3465,1
3466,1151600835789,1151600835820,1151600836001,3466,1
3467,1151600960786,1151600960817,1151600960921,3467,1
3468,1151601085764,1151601085796,1151601085958,3468,1
3469,1151601210361,1151601210393,1151601210567,3469,1
3470,1151601336227,1151601336259,1151601336311,3470,1
3471,1151601460941,1151601460973,1151601461089,3471,1
3472,1151601585794,1151601585825,1151601585874,3472,1
3473,1151601711291,1151601711323,1151601711376,3473,1
3474,1151601836437,1151601836472,1151601836523,3474,1
3475,1151601961350,1151601961403,1151601961452,3475,1
3476,1151602086341,1151602086374,1151602086422,3476,1
3477,1151602210660,1151602210693,1151602210746,3477,1
3478,1151602406164,1151602406199,1151602406294,3478,1
3479,1151602463447,1151602463480,1151602463533,3479,1
3480,1151602588232,1151602588265,1151602588313,3480,1
3481,1151602713066,1151602713100,1151602713154,3481,1
3482,1151602838086,1151602838118,1151602838172,3482,1
3483,1151602963039,1151602963072,1151602963125,3483,1
3484,1151603088134,1151603088166,1151603088214,3484,1
3485,1151603213931,1151603213964,1151603214016,3485,1
3486,1151603337584,1151603337615,1151603337668,3486,1
3487,1151603462550,1151603462581,1151603462636,3487,1
3488,1151603587878,1151603587910,1151603588023,3488,1
3489,1151603712572,1151603712605,1151603712788,3489,1
3490,1151603837502,1151603837535,1151603837593,3490,1
3491,1151603955031,1151603955063,1151603955238,3491,1
3492,1151604092263,1151604092367,1151604092413,3492,1
3493,1151604211054,1151604211085,1151604211252,3493,1
3494,1151604335962,1151604335994,1151604336154,3494,1
3495,1151604460864,1151604460897,1151604461003,3495,1
3496,1151604585823,1151604585855,1151604586017,3496,1
3497,1151604710923,1151604710955,1151604711059,3497,1
3498,1151604835912,1151604835944,1151604836109,3498,1
3499,1151604960744,1151604960776,1151604960831,3499,1
3500,1151605085006,1151605085039,1151605085199,3500,1
3501,1151605238758,1151605238790,1151605239007,3501,1
3502,1151605336720,1151605336752,1151605336930,3502,1
3503,1151605460991,1151605461023,1151605461139,3503,1
3504,1151605585959,1151605585990,1151605586036,3504,1
3505,1151605711092,1151605711124,1151605711236,3505,1
3506,1151605835782,1151605835814,1151605835859,3506,1
3507,1151606083154,1151606083187,1151606083279,3507,1
3508,1151606091642,1151606091673,1151606091721,3508,1
3509,1151606212614,1151606212645,1151606212693,3509,1
3510,1151606337433,1151606337465,1151606337518,3510,1
3511,1151606462664,1151606462696,1151606462814,3511,1
3512,1151606587443,1151606587474,1151606587528,3512,1
3513,1151606712513,1151606712545,1151606712735,3513,1
3514,1151606837465,1151606837498,1151606837551,3514,1
3515,1151606962456,1151606962488,1151606962611,3515,1
3516,1151607087576,1151607087608,1151607087658,3516,1
3517,1151607212475,1151607212506,1151607212609,3517,1
3518,1151607337538,1151607337570,1151607337622,3518,1
3519,1151607462675,1151607462707,1151607462819,3519,1
3520,1151607587589,1151607587621,1151607587667,3520,1
3521,1151607712843,1151607712875,1151607713054,3521,1
3522,1151607837504,1151607837536,1151607837590,3522,1
3523,1151607955017,1151607955049,1151607955217,3523,1
3524,1151608092142,1151608092249,1151608092412,3524,1
3525,1151608210923,1151608210954,1151608211081,3525,1
3526,1151608335889,1151608335921,1151608336107,3526,1
3527,1151608461077,1151608461108,1151608461228,3527,1
3528,1151608585887,1151608585918,1151608586092,3528,1
3529,1151608710924,1151608710954,1151608711129,3529,1
3530,1151608836466,1151608836499,1151608836552,3530,1
3531,1151608961431,1151608961464,1151608961640,3531,1
3532,1151609086328,1151609086360,1151609086414,3532,1
3533,1151609210365,1151609210397,1151609210578,3533,1
3534,1151609337865,1151609337898,1151609337952,3534,1
3535,1151609498744,1151609498777,1151609498992,3535,1
3536,1151609588888,1151609588921,1151609588975,3536,1
3537,1151609713165,1151609713197,1151609713250,3537,1
3538,1151609838235,1151609838267,1151609838315,3538,1
3539,1151609972462,1151609972495,1151609972543,3539,1
3540,1151610088468,1151610088501,1151610088549,3540,1
3541,1151610213118,1151610213150,1151610213201,3541,1
3542,1151610338040,1151610338075,1151610338128,3542,1
3543,1151610462907,1151610462939,1151610462990,3543,1
3544,1151610588142,1151610588175,1151610588228,3544,1
3545,1151610712998,1151610713031,1151610713083,3545,1
3546,1151610837864,1151610837901,1151610837954,3546,1
3547,1151610962839,1151610962875,1151610962924,3547,1
3548,1151611088013,1151611088046,1151611088094,3548,1
3549,1151611213004,1151611213039,1151611213089,3549,1
3550,1151611338002,1151611338035,1151611338088,3550,1
3551,1151611462972,1151611463004,1151611463057,3551,1
3552,1151611587900,1151611587933,1151611587981,3552,1
3553,1151611713143,1151611713175,1151611713228,3553,1
3554,1151611838215,1151611838249,1151611838365,3554,1
3555,1151611955319,1151611955352,1151611955403,3555,1
3556,1151612092274,1151612092306,1151612092475,3556,1
3557,1151612210810,1151612210842,1151612210957,3557,1
3558,1151612337087,1151612337121,1151612337295,3558,1
3559,1151612460819,1151612460850,1151612461030,3559,1
3560,1151612585747,1151612585778,1151612585830,3560,1
3561,1151612710943,1151612710974,1151612711156,3561,1
3562,1151612835886,1151612835920,1151612835971,3562,1
3563,1151612960883,1151612960915,1151612961096,3563,1
3564,1151613085782,1151613085813,1151613085861,3564,1
3565,1151613209918,1151613209950,1151613210116,3565,1
3566,1151613337157,1151613337189,1151613337353,3566,1
3567,1151613460995,1151613461026,1151613461129,3567,1
3568,1151613585852,1151613585885,1151613586052,3568,1
3569,1151613711271,1151613711303,1151613711463,3569,1
3570,1151613835932,1151613835964,1151613836011,3570,1
3571,1151613960892,1151613960922,1151613961026,3571,1
3572,1151614085729,1151614085760,1151614085808,3572,1
3573,1151614210733,1151614210765,1151614211003,3573,1
3574,1151614335765,1151614335797,1151614335848,3574,1
3575,1151614466526,1151614466559,1151614466621,3575,1
3576,1151614585875,1151614585906,1151614585956,3576,1
3577,1151614747467,1151614747499,1151614747588,3577,1
3578,1151614835918,1151614835950,1151614835998,3578,1
3579,1151614960690,1151614960722,1151614960897,3579,1
3580,1151615085704,1151615085736,1151615085784,3580,1
3581,1151615210754,1151615210787,1151615210833,3581,1
3582,1151615336175,1151615336206,1151615336254,3582,1
3583,1151615584391,1151615584423,1151615584545,3583,1
3584,1151615592012,1151615592043,1151615592088,3584,1
3585,1151615710169,1151615710200,1151615710248,3585,1
3586,1151615872515,1151615872546,1151615872636,3586,1
3587,1151615955246,1151615955279,1151615955351,3587,1
3588,1151616092299,1151616092404,1151616092514,3588,1
3589,1151616210855,1151616210887,1151616211054,3589,1
3590,1151616335882,1151616335914,1151616335966,3590,1
3591,1151616460813,1151616460845,1151616461019,3591,1
3592,1151616585765,1151616585797,1151616585844,3592,1
3593,1151616710858,1151616710889,1151616711060,3593,1
3594,1151616835836,1151616835868,1151616836031,3594,1
3595,1151616960696,1151616960728,1151616960839,3595,1
3596,1151617085776,1151617085808,1151617085983,3596,1
3597,1151617209844,1151617209876,1151617209928,3597,1
3598,1151617337699,1151617337731,1151617337909,3598,1
3599,1151617460793,1151617460824,1151617460874,3599,1
3600,1151617585831,1151617585862,1151617586049,3600,1
3601,1151617710866,1151617710898,1151617711087,3601,1
3602,1151617835726,1151617835758,1151617835940,3602,1
3603,1151617960785,1151617960818,1151617960946,3603,1
3604,1151618085788,1151618085820,1151618085871,3604,1
3605,1151618293068,1151618293123,1151618293241,3605,1
3606,1151618336821,1151618336852,1151618336904,3606,1
3607,1151618460915,1151618460946,1151618460998,3607,1
3608,1151618585998,1151618586030,1151618586078,3608,1
3609,1151618710958,1151618710991,1151618711040,3609,1
3610,1151618835773,1151618835804,1151618835851,3610,1
3611,1151618960962,1151618960993,1151618961041,3611,1
3612,1151619085715,1151619085747,1151619085797,3612,1
3613,1151619210815,1151619210846,1151619210899,3613,1
3614,1151619335724,1151619335759,1151619335806,3614,1
3615,1151619461104,1151619461136,1151619461187,3615,1
3616,1151619585757,1151619585793,1151619585844,3616,1
3617,1151619710879,1151619710911,1151619710965,3617,1
3618,1151619873217,1151619873248,1151619873338,3618,1
3619,1151619955162,1151619955193,1151619955242,3619,1
3620,1151620092892,1151620092998,1151620093049,3620,1
3621,1151620211009,1151620211041,1151620211158,3621,1
3622,1151620334906,1151620334937,1151620334988,3622,1
3623,1151620462870,1151620462902,1151620463113,3623,1
3624,1151620585901,1151620585933,1151620586099,3624,1
3625,1151620710874,1151620710904,1151620711009,3625,1
3626,1151620835778,1151620835809,1151620835975,3626,1
3627,1151620961041,1151620961073,1151620961175,3627,1
3628,1151621086010,1151621086041,1151621086200,3628,1
3629,1151621209930,1151621209963,1151621210081,3629,1
3630,1151621336148,1151621336179,1151621336365,3630,1
3631,1151621461060,1151621461091,1151621461270,3631,1
3632,1151621586000,1151621586031,1151621586078,3632,1
3633,1151621710749,1151621710781,1151621710954,3633,1
3634,1151621835812,1151621835844,1151621835895,3634,1
3635,1151621959968,1151621960000,1151621960170,3635,1
3636,1151622094279,1151622094311,1151622094403,3636,1
3637,1151622212209,1151622212241,1151622212361,3637,1
3638,1151622337623,1151622337654,1151622337707,3638,1
3639,1151622462576,1151622462607,1151622462659,3639,1
3640,1151622587439,1151622587471,1151622587523,3640,1
3641,1151622712513,1151622712547,1151622712600,3641,1
3642,1151622837465,1151622837496,1151622837546,3642,1
3643,1151622962491,1151622962522,1151622962578,3643,1
3644,1151623087498,1151623087534,1151623087583,3644,1
3645,1151623212676,1151623212708,1151623212821,3645,1
3646,1151623337756,1151623337787,1151623337835,3646,1
3647,1151623462863,1151623462895,1151623462947,3647,1
3648,1151623587435,1151623587466,1151623587514,3648,1
3649,1151623712647,1151623712681,1151623712728,3649,1
3650,1151623837325,1151623837357,1151623837405,3650,1
3651,1151623954960,1151623954991,1151623955041,3651,1
3652,1151624092118,1151624092150,1151624092196,3652,1
3653,1151624210956,1151624210987,1151624211032,3653,1
3654,1151624336157,1151624336262,1151624336377,3654,1
3655,1151624460782,1151624460814,1151624460865,3655,1
3656,1151624586359,1151624586392,1151624586569,3656,1
3657,1151624710193,1151624710226,1151624710346,3657,1
3658,1151624844112,1151624844145,1151624844369,3658,1
3659,1151624961421,1151624961454,1151624961625,3659,1
3660,1151625086209,1151625086242,1151625086290,3660,1
3661,1151625210299,1151625210331,1151625210501,3661,1
3662,1151625336941,1151625336974,1151625337027,3662,1
3663,1151625461464,1151625461497,1151625461675,3663,1
3664,1151625586347,1151625586381,1151625586429,3664,1
3665,1151625710415,1151625710447,1151625710617,3665,1
3666,1151625976470,1151625976514,1151625976723,3666,1
3667,1151625976916,1151625976949,1151625977048,3667,1
3668,1151626092704,1151626092738,1151626092903,3668,1
3669,1151626238547,1151626238579,1151626238792,3669,1
3670,1151626341483,1151626341516,1151626341570,3670,1
3671,1151626466165,1151626466197,1151626466315,3671,1
3672,1151626589761,1151626589793,1151626589843,3672,1
3673,1151626713919,1151626713953,1151626714068,3673,1
3674,1151626838682,1151626838715,1151626838770,3674,1
3675,1151626963336,1151626963368,1151626963493,3675,1
3676,1151627087879,1151627087912,1151627087965,3676,1
3677,1151627212713,1151627212745,1151627212853,3677,1
3678,1151627337855,1151627337887,1151627337941,3678,1
3679,1151627462533,1151627462565,1151627462662,3679,1
3680,1151627587325,1151627587356,1151627587405,3680,1
3681,1151627711257,1151627711289,1151627711345,3681,1
3682,1151627845644,1151627845681,1151627845789,3682,1
3683,1151627956893,1151627956924,1151627956976,3683,1
3684,1151628093685,1151628093718,1151628093767,3684,1
3685,1151628211692,1151628211724,1151628211775,3685,1
3686,1151628336565,1151628336598,1151628336652,3686,1
3687,1151628461628,1151628461662,1151628461715,3687,1
3688,1151628937636,1151628937736,1151628938082,3688,1
3689,1151628938275,1151628938422,1151628938535,3689,1
3690,1151628938570,1151628938603,1151628938644,3690,1
3691,1151628964725,1151628964757,1151628964874,3691,1
3692,1151629086335,1151629086368,1151629086544,3692,1
3693,1151629210433,1151629210465,1151629210631,3693,1
3694,1151629340106,1151629340138,1151629340193,3694,1
3695,1151629461495,1151629461528,1151629461700,3695,1
3696,1151629586478,1151629586510,1151629586561,3696,1
3697,1151629711331,1151629711363,1151629711531,3697,1
3698,1151629836262,1151629836295,1151629836348,3698,1
3699,1151629961284,1151629961317,1151629961482,3699,1
3700,1151630086269,1151630086302,1151630086461,3700,1
3701,1151630211262,1151630211295,1151630211686,3701,1
3702,1151630336212,1151630336245,1151630336413,3702,1
3703,1151630461631,1151630461664,1151630461909,3703,1
3704,1151630586481,1151630586514,1151630586562,3704,1
3705,1151630711358,1151630711391,1151630711497,3705,1
3706,1151630836561,1151630836594,1151630836646,3706,1
3707,1151630961450,1151630961483,1151630961672,3707,1
3708,1151631086279,1151631086315,1151631086363,3708,1
3709,1151631211476,1151631211509,1151631211681,3709,1
3710,1151631336215,1151631336249,1151631336300,3710,1
3711,1151631461400,1151631461432,1151631461480,3711,1
3712,1151631586461,1151631586495,1151631586543,3712,1
3713,1151631710378,1151631710411,1151631710458,3713,1
3714,1151631855431,1151631855463,1151631855556,3714,1
3715,1151631955348,1151631955380,1151631955438,3715,1
3716,1151632093550,1151632093582,1151632093633,3716,1
3717,1151632211426,1151632211459,1151632211512,3717,1
3718,1151632336178,1151632336211,1151632336260,3718,1
3719,1151632461383,1151632461417,1151632461467,3719,1
3720,1151632586385,1151632586418,1151632586469,3720,1
3721,1151632711533,1151632711636,1151632711745,3721,1
3722,1151632836284,1151632836316,1151632836366,3722,1
3723,1151632961191,1151632961224,1151632961389,3723,1
3724,1151633086239,1151633086273,1151633086441,3724,1
3725,1151633209929,1151633209962,1151633210076,3725,1
3726,1151633336083,1151633336115,1151633336292,3726,1
3727,1151633460998,1151633461029,1151633461078,3727,1
3728,1151633585722,1151633585754,1151633585932,3728,1
3729,1151633711021,1151633711054,1151633711101,3729,1
3730,1151633836061,1151633836092,1151633836276,3730,1
3731,1151633961134,1151633961167,1151633961342,3731,1
3732,1151634085744,1151634085777,1151634085829,3732,1
3733,1151634210735,1151634210767,1151634210937,3733,1
3734,1151634336050,1151634336081,1151634336128,3734,1
3735,1151634460918,1151634460950,1151634461113,3735,1
3736,1151634586082,1151634586114,1151634586266,3736,1
3737,1151634711421,1151634711454,1151634711502,3737,1
3738,1151634835916,1151634835949,1151634835998,3738,1
3739,1151634961101,1151634961132,1151634961181,3739,1
3740,1151635085746,1151635085777,1151635085825,3740,1
3741,1151635210908,1151635210938,1151635210987,3741,1
3742,1151635335873,1151635335905,1151635335953,3742,1
3743,1151635461024,1151635461056,1151635461104,3743,1
3744,1151635649472,1151635649503,1151635649558,3744,1
3745,1151635711122,1151635711154,1151635711201,3745,1
3746,1151635869923,1151635869955,1151635870004,3746,1
3747,1151635954231,1151635954262,1151635954314,3747,1
3748,1151636093578,1151636093610,1151636093702,3748,1
3749,1151636210968,1151636211000,1151636211049,3749,1
3750,1151636335867,1151636335899,1151636335949,3750,1
3751,1151636460851,1151636460883,1151636460935,3751,1
3752,1151636585789,1151636585821,1151636585873,3752,1
3753,1151636815327,1151636815359,1151636815448,3753,1
3754,1151636838133,1151636838237,1151636838354,3754,1
3755,1151636961195,1151636961227,1151636961276,3755,1
3756,1151637085905,1151637085936,1151637086094,3756,1
3757,1151637210061,1151637210093,1151637210202,3757,1
3758,1151637338051,1151637338084,1151637338245,3758,1
3759,1151637460799,1151637460830,1151637460944,3759,1
3760,1151637585868,1151637585901,1151637586073,3760,1
3761,1151637759336,1151637759368,1151637759578,3761,1
3762,1151638095870,1151638095926,1151638096183,3762,1
3763,1151638096241,1151638096273,1151638096374,3763,1
3764,1151638096407,1151638096439,1151638096479,3764,1
3765,1151638211327,1151638211359,1151638211541,3765,1
3766,1151638335910,1151638335940,1151638335991,3766,1
3767,1151638460843,1151638460874,1151638461044,3767,1
3768,1151638585743,1151638585775,1151638585944,3768,1
3769,1151638728226,1151638728257,1151638728442,3769,1
3770,1151638835762,1151638835793,1151638835842,3770,1
3771,1151638960814,1151638960845,1151638960961,3771,1
3772,1151639085757,1151639085788,1151639085838,3772,1
3773,1151639210771,1151639210803,1151639210908,3773,1
3774,1151639335763,1151639335795,1151639335844,3774,1
3775,1151639460753,1151639460785,1151639460833,3775,1
3776,1151639585752,1151639585783,1151639585831,3776,1
3777,1151639709910,1151639709941,1151639709993,3777,1
3778,1151639868673,1151639868705,1151639868798,3778,1
3779,1151639954384,1151639954416,1151639954468,3779,1
3780,1151640136431,1151640136538,1151640136630,3780,1
3781,1151640211587,1151640211619,1151640211672,3781,1
3782,1151640336320,1151640336354,1151640336404,3782,1
3783,1151640461266,1151640461299,1151640461352,3783,1
3784,1151640586252,1151640586285,1151640586334,3784,1
3785,1151640711286,1151640711319,1151640711368,3785,1
3786,1151640836249,1151640836281,1151640836331,3786,1
3787,1151640961209,1151640961241,1151640961296,3787,1
3788,1151641085732,1151641085765,1151641085876,3788,1
3789,1151641278740,1151641278772,1151641278986,3789,1
3790,1151641338012,1151641338044,1151641338095,3790,1
3791,1151641461440,1151641461472,1151641461584,3791,1
3792,1151641586329,1151641586362,1151641586533,3792,1
3793,1151641711224,1151641711257,1151641711432,3793,1
3794,1151641836165,1151641836197,1151641836246,3794,1
3795,1151641961201,1151641961233,1151641961405,3795,1
3796,1151642086540,1151642086572,1151642086626,3796,1
3797,1151642211276,1151642211309,1151642211492,3797,1
3798,1151642336142,1151642336174,1151642336228,3798,1
3799,1151642461333,1151642461365,1151642461545,3799,1
3800,1151642586273,1151642586305,1151642586487,3800,1
3801,1151642711319,1151642711351,1151642711404,3801,1
3802,1151642836314,1151642836348,1151642836520,3802,1
3803,1151642961559,1151642961592,1151642961761,3803,1
3804,1151643086593,1151643086626,1151643086674,3804,1
3805,1151643211196,1151643211229,1151643211334,3805,1
3806,1151643336450,1151643336482,1151643336535,3806,1
3807,1151643461201,1151643461234,1151643461337,3807,1
3808,1151643586164,1151643586196,1151643586244,3808,1
3809,1151643711259,1151643711291,1151643711393,3809,1
3810,1151643835314,1151643835348,1151643835398,3810,1
3811,1151644088654,1151644088689,1151644088875,3811,1
3812,1151644088934,1151644088967,1151644089010,3812,1
3813,1151644212453,1151644212485,1151644212592,3813,1
3814,1151644336479,1151644336512,1151644336565,3814,1
3815,1151644461453,1151644461487,1151644461535,3815,1
3816,1151644586284,1151644586317,1151644586370,3816,1
3817,1151644711355,1151644711387,1151644711435,3817,1
3818,1151644836233,1151644836266,1151644836314,3818,1
3819,1151644961222,1151644961254,1151644961303,3819,1
3820,1151645085271,1151645085303,1151645085356,3820,1
3821,1151645247800,1151645247900,1151645248054,3821,1
3822,1151645337930,1151645337963,1151645338010,3822,1
3823,1151645461330,1151645461361,1151645461527,3823,1
3824,1151645586408,1151645586441,1151645586604,3824,1
3825,1151645711413,1151645711445,1151645711553,3825,1
3826,1151645836277,1151645836310,1151645836477,3826,1
3827,1151645960294,1151645960327,1151645960431,3827,1
3828,1151646122488,1151646122520,1151646122726,3828,1
3829,1151646211860,1151646211893,1151646212068,3829,1
3830,1151646336270,1151646336303,1151646336480,3830,1
3831,1151646461273,1151646461306,1151646461473,3831,1
3832,1151646586207,1151646586240,1151646586288,3832,1
3833,1151646711132,1151646711165,1151646711339,3833,1
3834,1151646836155,1151646836187,1151646836241,3834,1
3835,1151646961284,1151646961318,1151646961497,3835,1
3836,1151647086843,1151647086876,1151647086926,3836,1
3837,1151647211218,1151647211249,1151647211379,3837,1
3838,1151647336330,1151647336362,1151647336409,3838,1
3839,1151647461346,1151647461379,1151647461432,3839,1
3840,1151647586161,1151647586194,1151647586242,3840,1
3841,1151647710337,1151647710369,1151647710418,3841,1
3842,1151647845818,1151647845854,1151647845947,3842,1
3843,1151647955568,1151647955600,1151647955651,3843,1
3844,1151648151245,1151648151280,1151648151329,3844,1
3845,1151648262499,1151648262534,1151648262647,3845,1
3846,1151648337203,1151648337235,1151648337285,3846,1
3847,1151648461497,1151648461529,1151648461717,3847,1
3848,1151648586228,1151648586261,1151648586310,3848,1
3849,1151648711295,1151648711327,1151648711491,3849,1
3850,1151648836267,1151648836299,1151648836348,3850,1
3851,1151648961377,1151648961409,1151648961577,3851,1
3852,1151649086526,1151649086560,1151649086610,3852,1
3853,1151649210417,1151649210450,1151649210638,3853,1
3854,1151649338751,1151649338783,1151649338899,3854,1
3855,1151649549017,1151649549050,1151649549281,3855,1
3856,1151649586800,1151649586833,1151649586880,3856,1
3857,1151649711396,1151649711428,1151649711548,3857,1
3858,1151649836202,1151649836235,1151649836412,3858,1
3859,1151649961188,1151649961221,1151649961346,3859,1
3860,1151650086180,1151650086214,1151650086399,3860,1
3861,1151650211140,1151650211173,1151650211332,3861,1
3862,1151650335296,1151650335327,1151650335377,3862,1
3863,1151650513928,1151650513964,1151650514177,3863,1
3864,1151650586512,1151650586544,1151650586592,3864,1
3865,1151650711315,1151650711348,1151650711515,3865,1
3866,1151650836257,1151650836289,1151650836453,3866,1
3867,1151650961196,1151650961228,1151650961341,3867,1
3868,1151651086176,1151651086209,1151651086383,3868,1
3869,1151651211488,1151651211521,1151651211693,3869,1
3870,1151651335496,1151651335528,1151651335577,3870,1
3871,1151651497563,1151651497622,1151651497777,3871,1
3872,1151651587291,1151651587324,1151651587372,3872,1
3873,1151651710357,1151651710389,1151651710514,3873,1
3874,1151651845931,1151651845964,1151651846056,3874,1
3875,1151651955465,1151651955497,1151651955623,3875,1
3876,1151652093175,1151652093208,1151652093258,3876,1
3877,1151652211353,1151652211386,1151652211494,3877,1
3878,1151652342565,1151652342597,1151652342707,3878,1
3879,1151652518580,1151652518617,1151652518764,3879,1
3880,1151652586530,1151652586564,1151652586614,3880,1
3881,1151652717411,1151652717444,1151652717556,3881,1
3882,1151652836696,1151652836729,1151652836777,3882,1
3883,1151652961235,1151652961268,1151652961379,3883,1
3884,1151653086287,1151653086320,1151653086368,3884,1
3885,1151653210378,1151653210410,1151653210531,3885,1
3886,1151653338173,1151653338205,1151653338253,3886,1
3887,1151653508332,1151653508434,1151653508651,3887,1
3888,1151653587189,1151653587222,1151653587269,3888,1
3889,1151653711292,1151653711325,1151653711614,3889,1
3890,1151653843467,1151653843499,1151653843673,3890,1
3891,1151653960390,1151653960421,1151653960603,3891,1
3892,1151654160552,1151654160585,1151654160803,3892,1
3893,1151654211333,1151654211365,1151654211473,3893,1
3894,1151654336474,1151654336507,1151654336556,3894,1
3895,1151654460379,1151654460412,1151654460597,3895,1
3896,1151654594255,1151654594288,1151654594516,3896,1
3897,1151654711270,1151654711304,1151654711417,3897,1
3898,1151654836204,1151654836235,1151654836408,3898,1
3899,1151654961206,1151654961238,1151654961362,3899,1
3900,1151655086165,1151655086197,1151655086377,3900,1
3901,1151655211410,1151655211443,1151655211548,3901,1
3902,1151655336339,1151655336371,1151655336534,3902,1
3903,1151655460691,1151655460724,1151655460895,3903,1
3904,1151655588836,1151655588868,1151655588966,3904,1
3905,1151655721687,1151655721720,1151655721887,3905,1
3906,1151655863122,1151655863153,1151655863203,3906,1
3907,1151655955451,1151655955483,1151655955592,3907,1
3908,1151656093288,1151656093320,1151656093368,3908,1
3909,1151656211513,1151656211546,1151656211668,3909,1
3910,1151656336424,1151656336456,1151656336506,3910,1
3911,1151656461266,1151656461298,1151656461413,3911,1
3912,1151656586533,1151656586565,1151656586614,3912,1
3913,1151656711492,1151656711524,1151656711645,3913,1
3914,1151656836273,1151656836306,1151656836354,3914,1
3915,1151656961245,1151656961278,1151656961403,3915,1
3916,1151657086305,1151657086338,1151657086387,3916,1
3917,1151657225624,1151657225657,1151657225737,3917,1
3918,1151657336882,1151657336913,1151657336962,3918,1
3919,1151657541532,1151657541564,1151657541792,3919,1
3920,1151657586542,1151657586575,1151657586624,3920,1
3921,1151657711671,1151657711773,1151657712002,3921,1
3922,1151657836592,1151657836625,1151657836672,3922,1
3923,1151657961342,1151657961375,1151657961550,3923,1
3924,1151658103917,1151658103949,1151658104182,3924,1
3925,1151658271760,1151658271793,1151658271972,3925,1
3926,1151658336408,1151658336441,1151658336621,3926,1
3927,1151658927384,1151658927437,1151658927657,3927,1
3928,1151658927728,1151658927761,1151658927802,3928,1
3929,1151658927834,1151658927868,1151658928034,3929,1
3930,1151658928066,1151658928098,1151658928140,3930,1
3931,1151659170704,1151659170737,1151659170917,3931,1
3932,1151659170952,1151659170984,1151659171025,3932,1
3933,1151659216026,1151659216058,1151659216165,3933,1
3934,1151659410707,1151659410741,1151659410944,3934,1
3935,1151659539366,1151659539402,1151659539606,3935,1
3936,1151659656877,1151659656910,1151659657073,3936,1
3937,1151659711533,1151659711566,1151659711676,3937,1
3938,1151660099543,1151660099652,1151660099751,3938,1
3939,1151660099838,1151660099870,1151660099967,3939,1
3940,1151660108292,1151660108324,1151660108372,3940,1
3941,1151660215870,1151660215902,1151660216170,3941,1
3942,1151660425742,1151660425778,1151660425829,3942,1
3943,1151660465483,1151660465515,1151660465691,3943,1
3944,1151660593713,1151660593746,1151660593793,3944,1
3945,1151660719285,1151660719318,1151660719503,3945,1
3946,1151660844224,1151660844258,1151660844307,3946,1
3947,1151660964176,1151660964209,1151660964425,3947,1
3948,1151661166432,1151661166468,1151661166553,3948,1
3949,1151661254136,1151661254168,1151661254427,3949,1
3950,1151661342146,1151661342180,1151661342231,3950,1
3951,1151661502680,1151661502714,1151661502930,3951,1
3952,1151661776529,1151661776562,1151661776612,3952,1
3953,1151661776655,1151661776787,1151661776979,3953,1
3954,1151661844570,1151661844602,1151661844715,3954,1
3955,1151661968395,1151661968429,1151661968724,3955,1
3956,1151662092037,1151662092069,1151662092241,3956,1
3957,1151662316202,1151662316235,1151662316514,3957,1
3958,1151662401876,1151662401911,1151662401962,3958,1
3959,1151662500130,1151662500163,1151662500267,3959,1
3960,1151662588017,1151662588049,1151662588214,3960,1
3961,1151662718732,1151662718764,1151662718869,3961,1
3962,1151662837167,1151662837200,1151662837364,3962,1
3963,1151662962073,1151662962107,1151662962283,3963,1
3964,1151663275879,1151663275911,1151663276091,3964,1
3965,1151663276135,1151663276167,1151663276272,3965,1
3966,1151663356540,1151663356573,1151663356620,3966,1
3967,1151663535265,1151663535301,1151663535517,3967,1
3968,1151663594189,1151663594224,1151663594412,3968,1
3969,1151663806080,1151663806113,1151663806287,3969,1
3970,1151663839568,1151663839600,1151663839645,3970,1
3971,1151663961496,1151663961528,1151663961652,3971,1
3972,1151664094648,1151664094681,1151664094730,3972,1
3973,1151664212194,1151664212226,1151664212333,3973,1
3974,1151664336811,1151664336846,1151664336897,3974,1
3975,1151664467357,1151664467390,1151664467437,3975,1
3976,1151664587630,1151664587663,1151664587710,3976,1
3977,1151664781632,1151664781664,1151664781745,3977,1
3978,1151664836608,1151664836641,1151664836689,3978,1
3979,1151664961432,1151664961464,1151664961512,3979,1
3980,1151665086276,1151665086309,1151665086358,3980,1
3981,1151665210476,1151665210508,1151665210558,3981,1
3982,1151665338538,1151665338571,1151665338619,3982,1
3983,1151665534226,1151665534258,1151665534490,3983,1
3984,1151665586281,1151665586313,1151665586362,3984,1
3985,1151665711268,1151665711301,1151665711505,3985,1
3986,1151665836320,1151665836352,1151665836400,3986,1
3987,1151665960308,1151665960339,1151665960537,3987,1
3988,1151666095019,1151666095124,1151666095278,3988,1
3989,1151666248412,1151666248444,1151666248524,3989,1
3990,1151666336525,1151666336558,1151666336730,3990,1
3991,1151666460845,1151666460876,1151666460987,3991,1
3992,1151666585757,1151666585790,1151666585954,3992,1
3993,1151666875251,1151666875283,1151666875502,3993,1
3994,1151666875587,1151666875617,1151666875658,3994,1
3995,1151666965811,1151666965844,1151666966015,3995,1
3996,1151667089771,1151667089802,1151667089850,3996,1
3997,1151667218541,1151667218574,1151667218746,3997,1
3998,1151667343728,1151667343760,1151667343937,3998,1
3999,1151667470555,1151667470595,1151667470727,3999,1
4000,1151667590405,1151667590437,1151667590677,4000,1
4001,1151667713362,1151667713395,1151667713505,4001,1
4002,1151667837354,1151667837385,1151667837553,4002,1
4003,1151668151873,1151668151912,1151668152148,4003,1
4004,1151668152244,1151668152410,1151668152452,4004,1
4005,1151668219451,1151668219483,1151668219589,4005,1
4006,1151668516192,1151668516247,1151668516333,4006,1
4007,1151668516532,1151668516564,1151668516604,4007,1
4008,1151668610360,1151668610394,1151668610481,4008,1
4009,1151668718660,1151668718763,1151668718811,4009,1
4010,1151668842823,1151668842855,1151668842902,4010,1
4011,1151668962895,1151668962926,1151668963030,4011,1
4012,1151669087842,1151669087874,1151669087920,4012,1
4013,1151669211434,1151669211466,1151669211654,4013,1
4014,1151669339745,1151669339776,1151669339823,4014,1
4015,1151669460977,1151669461009,1151669461134,4015,1
4016,1151669650114,1151669650146,1151669650234,4016,1
4017,1151669712183,1151669712215,1151669712393,4017,1
4018,1151669835696,1151669835728,1151669835776,4018,1
4019,1151669983077,1151669983109,1151669983217,4019,1
4020,1151670087116,1151670087148,1151670087196,4020,1
4021,1151670212076,1151670212109,1151670212352,4021,1
4022,1151670336895,1151670336927,1151670336976,4022,1
4023,1151670466007,1151670466043,1151670466228,4023,1
4024,1151670586763,1151670586795,1151670586845,4024,1
4025,1151670711370,1151670711407,1151670711577,4025,1
4026,1151670836373,1151670836406,1151670836579,4026,1
4027,1151670961462,1151670961497,1151670961614,4027,1
4028,1151671086332,1151671086365,1151671086541,4028,1
4029,1151671211176,1151671211209,1151671211315,4029,1
4030,1151671336374,1151671336411,1151671336574,4030,1
4031,1151671749378,1151671749411,1151671749619,4031,1
4032,1151671749679,1151671749712,1151671749753,4032,1
4033,1151671749786,1151671749819,1151671749908,4033,1
4034,1151671868887,1151671868920,1151671868969,4034,1
4035,1151671961394,1151671961427,1151671961590,4035,1
4036,1151672086667,1151672086699,1151672086871,4036,1
4037,1151672216693,1151672216726,1151672216779,4037,1
4038,1151672340974,1151672341006,1151672341054,4038,1
4039,1151672464811,1151672464845,1151672465024,4039,1
4040,1151672589058,1151672589091,1151672589140,4040,1
4041,1151672783099,1151672783131,1151672783289,4041,1
4042,1151672875817,1151672875850,1151672875904,4042,1
4043,1151672963355,1151672963387,1151672963573,4043,1
4044,1151673087110,1151673087143,1151673087194,4044,1
4045,1151673340626,1151673340658,1151673340814,4045,1
4046,1151673340871,1151673340904,1151673340946,4046,1
4047,1151673463344,1151673463375,1151673463543,4047,1
4048,1151673587623,1151673587656,1151673587710,4048,1
4049,1151673711530,1151673711564,1151673711640,4049,1
4050,1151674085915,1151674085947,1151674086036,4050,1
4051,1151674086095,1151674086127,1151674086323,4051,1
4052,1151674094293,1151674094326,1151674094373,4052,1
4053,1151674217863,1151674217895,1151674217976,4053,1
4054,1151674342971,1151674343004,1151674343054,4054,1
4055,1151674468347,1151674468380,1151674468523,4055,1
4056,1151674594758,1151674594790,1151674594838,4056,1
4057,1151674717142,1151674717175,1151674717364,4057,1
4058,1151674837626,1151674837659,1151674837852,4058,1
4059,1151674962006,1151674962039,1151674962171,4059,1
4060,1151675087283,1151675087316,1151675087502,4060,1
4061,1151675304326,1151675304359,1151675304595,4061,1
4062,1151675337253,1151675337287,1151675337335,4062,1
4063,1151675591228,1151675591262,1151675591476,4063,1
4064,1151675600078,1151675600111,1151675600157,4064,1
4065,1151675713495,1151675713528,1151675713657,4065,1
4066,1151675910207,1151675910239,1151675910444,4066,1
4067,1151675955846,1151675955878,1151675956054,4067,1
4068,1151676215330,1151676215436,1151676215649,4068,1
4069,1151676215710,1151676215834,1151676215948,4069,1
4070,1151676337301,1151676337334,1151676337514,4070,1
4071,1151676461505,1151676461537,1151676461663,4071,1
4072,1151676585413,1151676585445,1151676585494,4072,1
4073,1151676838762,1151676838815,1151676839074,4073,1
4074,1151676846797,1151676846829,1151676846872,4074,1
4075,1151676990108,1151676990140,1151676990289,4075,1
4076,1151677091701,1151677091734,1151677091791,4076,1
4077,1151677252635,1151677252669,1151677252814,4077,1
4078,1151677349169,1151677349201,1151677349249,4078,1
4079,1151677466902,1151677466935,1151677467049,4079,1
4080,1151677591872,1151677591905,1151677591958,4080,1
4081,1151677718680,1151677718713,1151677718919,4081,1
4082,1151677835560,1151677835593,1151677835646,4082,1
4083,1151677967772,1151677967806,1151677968018,4083,1
4084,1151678086398,1151678086431,1151678086479,4084,1
4085,1151678211266,1151678211298,1151678211527,4085,1
4086,1151678336352,1151678336385,1151678336438,4086,1
4087,1151678461224,1151678461256,1151678461308,4087,1
4088,1151678585645,1151678585679,1151678585785,4088,1
4089,1151678716873,1151678716906,1151678717113,4089,1
4090,1151679147507,1151679147553,1151679147758,4090,1
4091,1151679147837,1151679147869,1151679147960,4091,1
4092,1151679147993,1151679148025,1151679148066,4092,1
4093,1151679221277,1151679221310,1151679221418,4093,1
4094,1151679345099,1151679345131,1151679345305,4094,1
4095,1151679744027,1151679744081,1151679744303,4095,1
4096,1151679744359,1151679744414,1151679744455,4096,1
4097,1151679749533,1151679749572,1151679749685,4097,1
4098,1151679882894,1151679882928,1151679883141,4098,1
4099,1151679966599,1151679966632,1151679966753,4099,1
4100,1151680114654,1151680114760,1151680114940,4100,1
4101,1151680220988,1151680221022,1151680221128,4101,1
4102,1151680343666,1151680343699,1151680343862,4102,1
4103,1151680464905,1151680464938,1151680465048,4103,1
4104,1151680588213,1151680588246,1151680588299,4104,1
4105,1151680756149,1151680756182,1151680756271,4105,1
4106,1151680839170,1151680839202,1151680839250,4106,1
4107,1151680963487,1151680963520,1151680963571,4107,1
4108,1151681088237,1151681088270,1151681088318,4108,1
4109,1151681212109,1151681212144,1151681212265,4109,1
4110,1151681342481,1151681342512,1151681342559,4110,1
4111,1151681527600,1151681527634,1151681527768,4111,1
4112,1151681587703,1151681587734,1151681587782,4112,1
4113,1151681711708,1151681711739,1151681712104,4113,1
4114,1151681835428,1151681835460,1151681835507,4114,1
4115,1151681971721,1151681971753,1151681972075,4115,1
4116,1151682088236,1151682088266,1151682088314,4116,1
4117,1151682213099,1151682213130,1151682213336,4117,1
4118,1151682337568,1151682337600,1151682337648,4118,1
4119,1151682462817,1151682462848,1151682463033,4119,1
4120,1151682587485,1151682587517,1151682587564,4120,1
4121,1151682713235,1151682713266,1151682713499,4121,1
4122,1151682837530,1151682837562,1151682837607,4122,1
4123,1151682968886,1151682968918,1151682969085,4123,1
4124,1151683087617,1151683087649,1151683087696,4124,1
4125,1151683212628,1151683212659,1151683212836,4125,1
4126,1151683337911,1151683337943,1151683337990,4126,1
4127,1151683462943,1151683462974,1151683463165,4127,1
4128,1151683595319,1151683595352,1151683595398,4128,1
4129,1151683712655,1151683712686,1151683712859,4129,1
4130,1151683837602,1151683837635,1151683837803,4130,1
4131,1151683955388,1151683955421,1151683955544,4131,1
4132,1151684086311,1151684086416,1151684086599,4132,1
4133,1151684227257,1151684227289,1151684227434,4133,1
4134,1151684336072,1151684336103,1151684336274,4134,1
4135,1151684460916,1151684460947,1151684461120,4135,1
4136,1151684602209,1151684602240,1151684602417,4136,1
4137,1151684710923,1151684710955,1151684711065,4137,1
4138,1151684836088,1151684836119,1151684836163,4138,1
4139,1151684960816,1151684960847,1151684960909,4139,1
4140,1151685085962,1151685085994,1151685086038,4140,1
4141,1151685501530,1151685501561,1151685501681,4141,1
4142,1151685501739,1151685501770,1151685501815,4142,1
4143,1151685501848,1151685501880,1151685501944,4143,1
4144,1151685587087,1151685587120,1151685587167,4144,1
4145,1151685711188,1151685711221,1151685711337,4145,1
4146,1151685835042,1151685835074,1151685835121,4146,1
4147,1151685969408,1151685969441,1151685969597,4147,1
4148,1151686086350,1151686086382,1151686086428,4148,1
4149,1151686258130,1151686258164,1151686258321,4149,1
4150,1151686336485,1151686336517,1151686336566,4150,1
4151,1151686460781,1151686460813,1151686460889,4151,1
4152,1151686585812,1151686585845,1151686585890,4152,1
4153,1151686710756,1151686710788,1151686710964,4153,1
4154,1151686836031,1151686836063,1151686836166,4154,1
4155,1151686960727,1151686960759,1151686960938,4155,1
4156,1151687085822,1151687085854,1151687086018,4156,1
4157,1151687211358,1151687211393,1151687211497,4157,1
4158,1151687336339,1151687336372,1151687336535,4158,1
4159,1151687461271,1151687461303,1151687461471,4159,1
4160,1151687586388,1151687586419,1151687586466,4160,1
4161,1151687710586,1151687710618,1151687710727,4161,1
4162,1151687844629,1151687844662,1151687844753,4162,1
4163,1151687955377,1151687955409,1151687955577,4163,1
4164,1151688093167,1151688093203,1151688093369,4164,1
4165,1151688211615,1151688211648,1151688211762,4165,1
4166,1151688336503,1151688336536,1151688336712,4166,1
4167,1151688460842,1151688460874,1151688460993,4167,1
4168,1151688585762,1151688585794,1151688585980,4168,1
4169,1151688751850,1151688751885,1151688752096,4169,1
4170,1151688952985,1151688953036,1151688953130,4170,1
4171,1151688953189,1151688953221,1151688953321,4171,1
4172,1151689086222,1151689086253,1151689086301,4172,1
4173,1151689210629,1151689210661,1151689210778,4173,1
4174,1151689339214,1151689339245,1151689339295,4174,1
4175,1151689461227,1151689461263,1151689461368,4175,1
4176,1151689610715,1151689610752,1151689610800,4176,1
4177,1151689711434,1151689711467,1151689711576,4177,1
4178,1151689835360,1151689835392,1151689835443,4178,1
4179,1151689969830,1151689969864,1151689969951,4179,1
4180,1151690091961,1151690091994,1151690092042,4180,1
4181,1151690216020,1151690216052,1151690216102,4181,1
4182,1151690340745,1151690340778,1151690340827,4182,1
4183,1151690465258,1151690465291,1151690465410,4183,1
4184,1151690590100,1151690590132,1151690590180,4184,1
4185,1151690714805,1151690714837,1151690714964,4185,1
4186,1151690839408,1151690839442,1151690839490,4186,1
4187,1151690964242,1151690964275,1151690964401,4187,1
4188,1151691089401,1151691089434,1151691089546,4188,1
4189,1151691213931,1151691213964,1151691214139,4189,1
4190,1151691339155,1151691339188,1151691339237,4190,1
4191,1151691464468,1151691464507,1151691464628,4191,1
4192,1151691596518,1151691596550,1151691596639,4192,1
4193,1151691714068,1151691714101,1151691714279,4193,1
4194,1151691838344,1151691838377,1151691838552,4194,1
4195,1151691958946,1151691958984,1151691959136,4195,1
4196,1151692117176,1151692117281,1151692117517,4196,1
4197,1151692217161,1151692217193,1151692217356,4197,1
4198,1151692336642,1151692336674,1151692336858,4198,1
4199,1151692461458,1151692461491,1151692461617,4199,1
4200,1151692585543,1151692585574,1151692585754,4200,1
4201,1151692749369,1151692749402,1151692749619,4201,1
4202,1151692836739,1151692836771,1151692836960,4202,1
4203,1151692961343,1151692961376,1151692961491,4203,1
4204,1151693086278,1151693086310,1151693086359,4204,1
4205,1151693210373,1151693210406,1151693210518,4205,1
4206,1151693348381,1151693348414,1151693348463,4206,1
4207,1151693461523,1151693461555,1151693461663,4207,1
4208,1151693586246,1151693586279,1151693586326,4208,1
4209,1151693711185,1151693711219,1151693711328,4209,1
4210,1151693836198,1151693836231,1151693836280,4210,1
4211,1151693961139,1151693961172,1151693961289,4211,1
4212,1151694086229,1151694086261,1151694086310,4212,1
4213,1151694211099,1151694211131,1151694211846,4213,1
4214,1151694336168,1151694336202,1151694336250,4214,1
4215,1151694461293,1151694461325,1151694461501,4215,1
4216,1151694640203,1151694640234,1151694640285,4216,1
4217,1151694711485,1151694711518,1151694711683,4217,1
4218,1151694837854,1151694837886,1151694837934,4218,1
4219,1151694961347,1151694961379,1151694961545,4219,1
4220,1151695086282,1151695086315,1151695086364,4220,1
4221,1151695211481,1151695211513,1151695211765,4221,1
4222,1151695336340,1151695336373,1151695336424,4222,1
4223,1151695460507,1151695460539,1151695460735,4223,1
4224,1151695591696,1151695591729,1151695591823,4224,1
4225,1151695713066,1151695713098,1151695713279,4225,1
4226,1151695838024,1151695838057,1151695838234,4226,1
4227,1151695955334,1151695955367,1151695955483,4227,1
4228,1151696094022,1151696094127,1151696094301,4228,1
4229,1151696211508,1151696211541,1151696211657,4229,1
4230,1151696336370,1151696336404,1151696336577,4230,1
4231,1151696461234,1151696461266,1151696461436,4231,1
4232,1151696586488,1151696586521,1151696586569,4232,1
4233,1151696711413,1151696711446,1151696711618,4233,1
4234,1151696836232,1151696836265,1151696836313,4234,1
4235,1151696961236,1151696961271,1151696961443,4235,1
4236,1151697085946,1151697085979,1151697086154,4236,1
4237,1151697247769,1151697247801,1151697247894,4237,1
4238,1151697338156,1151697338188,1151697338236,4238,1
4239,1151697461404,1151697461436,1151697461485,4239,1
4240,1151697586491,1151697586524,1151697586572,4240,1
4241,1151697711273,1151697711306,1151697711437,4241,1
4242,1151697835404,1151697835438,1151697835485,4242,1
4243,1151697972072,1151697972105,1151697972270,4243,1
4244,1151698088125,1151698088157,1151698088203,4244,1
4245,1151698213071,1151698213103,1151698213216,4245,1
4246,1151698338407,1151698338441,1151698338488,4246,1
4247,1151698463208,1151698463241,1151698463290,4247,1
4248,1151698588090,1151698588126,1151698588175,4248,1
4249,1151698713129,1151698713162,1151698713211,4249,1
4250,1151698838127,1151698838160,1151698838206,4250,1
4251,1151698962956,1151698962988,1151698963038,4251,1
4252,1151699088112,1151699088143,1151699088192,4252,1
4253,1151699213146,1151699213177,1151699213226,4253,1
4254,1151699338423,1151699338455,1151699338566,4254,1
4255,1151699463157,1151699463193,1151699463241,4255,1
4256,1151699588068,1151699588101,1151699588287,4256,1
4257,1151699713257,1151699713288,1151699713403,4257,1
4258,1151699838080,1151699838112,1151699838290,4258,1
4259,1151699955293,1151699955326,1151699955495,4259,1
4260,1151700093914,1151700093951,1151700093999,4260,1
4261,1151700211343,1151700211376,1151700211550,4261,1
4262,1151700586410,1151700586443,1151700586648,4262,1
4263,1151700586730,1151700586763,1151700586859,4263,1
4264,1151700594837,1151700594870,1151700595036,4264,1
4265,1151700711966,1151700711999,1151700712103,4265,1
4266,1151700836626,1151700836659,1151700836820,4266,1
4267,1151700961308,1151700961341,1151700961445,4267,1
4268,1151701086314,1151701086347,1151701086514,4268,1
4269,1151701210754,1151701210786,1151701210964,4269,1
4270,1151701337803,1151701337836,1151701337884,4270,1
4271,1151701461314,1151701461347,1151701461467,4271,1
4272,1151701586338,1151701586370,1151701586419,4272,1
4273,1151701711367,1151701711400,1151701711448,4273,1
4274,1151701836342,1151701836375,1151701836423,4274,1
4275,1151701961388,1151701961420,1151701961470,4275,1
4276,1151702104549,1151702104585,1151702104632,4276,1
4277,1151702211222,1151702211255,1151702211304,4277,1
4278,1151702336283,1151702336316,1151702336363,4278,1
4279,1151702461258,1151702461289,1151702461362,4279,1
4280,1151702645331,1151702645364,1151702645457,4280,1
4281,1151702711508,1151702711540,1151702711588,4281,1
4282,1151702836388,1151702836421,1151702836470,4282,1
4283,1151702961214,1151702961247,1151702961295,4283,1
4284,1151703086285,1151703086318,1151703086365,4284,1
4285,1151703217078,1151703217111,1151703217158,4285,1
4286,1151703336260,1151703336293,1151703336336,4286,1
4287,1151703461249,1151703461282,1151703461326,4287,1
4288,1151703586433,1151703586466,1151703586581,4288,1
4289,1151703710758,1151703710791,1151703710958,4289,1
4290,1151703874019,1151703874051,1151703874144,4290,1
4291,1151703954501,1151703954533,1151703954703,4291,1
4292,1151704093994,1151704094101,1151704094194,4292,1
4293,1151704211387,1151704211420,1151704211600,4293,1
4294,1151704336316,1151704336349,1151704336396,4294,1
4295,1151704461333,1151704461367,1151704461558,4295,1
4296,1151704586315,1151704586347,1151704586534,4296,1
4297,1151704711226,1151704711259,1151704711366,4297,1
4298,1151704836166,1151704836199,1151704836372,4298,1
4299,1151704961385,1151704961419,1151704961544,4299,1
4300,1151705086366,1151705086400,1151705086581,4300,1
4301,1151705210571,1151705210602,1151705210784,4301,1
4302,1151705360046,1151705360078,1151705360260,4302,1
4303,1151705463343,1151705463376,1151705463481,4303,1
4304,1151705588009,1151705588041,1151705588092,4304,1
4305,1151705713008,1151705713041,1151705713090,4305,1
4306,1151705837968,1151705838001,1151705838050,4306,1
4307,1151705962971,1151705963004,1151705963053,4307,1
4308,1151706087994,1151706088027,1151706088074,4308,1
4309,1151706212957,1151706212990,1151706213038,4309,1
4310,1151706338014,1151706338047,1151706338095,4310,1
4311,1151706463263,1151706463296,1151706463343,4311,1
4312,1151706588085,1151706588118,1151706588166,4312,1
4313,1151706712963,1151706712996,1151706713043,4313,1
4314,1151706838030,1151706838061,1151706838110,4314,1
4315,1151706963073,1151706963108,1151706963158,4315,1
4316,1151707088210,1151707088246,1151707088293,4316,1
4317,1151707213081,1151707213112,1151707213161,4317,1
4318,1151707337899,1151707337934,1151707337982,4318,1
4319,1151707463234,1151707463269,1151707463316,4319,1
4320,1151707587981,1151707588013,1151707588062,4320,1
4321,1151707713094,1151707713130,1151707713243,4321,1
4322,1151707837958,1151707837990,1151707838040,4322,1
4323,1151707955392,1151707955425,1151707955587,4323,1
4324,1151708092824,1151708092930,1151708093090,4324,1
4325,1151708211361,1151708211397,1151708211504,4325,1
4326,1151708336311,1151708336344,1151708336512,4326,1
4327,1151708461179,1151708461211,1151708461330,4327,1
4328,1151708586152,1151708586184,1151708586365,4328,1
4329,1151708711229,1151708711262,1151708711437,4329,1
4330,1151708836272,1151708836305,1151708836353,4330,1
4331,1151708961172,1151708961204,1151708961387,4331,1
4332,1151709086263,1151709086295,1151709086343,4332,1
4333,1151709210421,1151709210453,1151709210620,4333,1
4334,1151709336584,1151709336617,1151709336664,4334,1
4335,1151709480856,1151709480892,1151709481056,4335,1
4336,1151709586465,1151709586498,1151709586547,4336,1
4337,1151709711303,1151709711336,1151709711439,4337,1
4338,1151709836365,1151709836399,1151709836447,4338,1
4339,1151709961279,1151709961311,1151709961420,4339,1
4340,1151710086371,1151710086404,1151710086451,4340,1
4341,1151710211374,1151710211406,1151710211677,4341,1
4342,1151710336382,1151710336415,1151710336463,4342,1
4343,1151710461231,1151710461264,1151710461313,4343,1
4344,1151710585344,1151710585377,1151710585427,4344,1
4345,1151710803692,1151710803727,1151710803941,4345,1
4346,1151710838160,1151710838192,1151710838242,4346,1
4347,1151710962925,1151710962958,1151710963006,4347,1
4348,1151711087916,1151711087948,1151711087998,4348,1
4349,1151711213068,1151711213099,1151711213149,4349,1
4350,1151711337963,1151711337996,1151711338046,4350,1
4351,1151711462929,1151711462961,1151711463009,4351,1
4352,1151711587947,1151711587980,1151711588034,4352,1
4353,1151711713220,1151711713254,1151711713434,4353,1
4354,1151711838308,1151711838340,1151711838451,4354,1
4355,1151711955401,1151711955433,1151711955487,4355,1
4356,1151712092818,1151712092923,1151712093091,4356,1
4357,1151712211438,1151712211470,1151712211583,4357,1
4358,1151712336488,1151712336520,1151712336693,4358,1
4359,1151712461434,1151712461466,1151712461634,4359,1
4360,1151712585375,1151712585408,1151712585455,4360,1
4361,1151712727756,1151712727788,1151712727996,4361,1
4362,1151712836330,1151712836362,1151712836410,4362,1
4363,1151712961249,1151712961282,1151712961452,4363,1
4364,1151713086282,1151713086314,1151713086361,4364,1
4365,1151713210538,1151713210571,1151713210753,4365,1
4366,1151713337075,1151713337107,1151713337292,4366,1
4367,1151713462492,1151713462524,1151713462635,4367,1
4368,1151713585921,1151713585954,1151713586127,4368,1
4369,1151713711301,1151713711332,1151713711509,4369,1
4370,1151713835135,1151713835167,1151713835214,4370,1
4371,1151713968813,1151713968845,1151713969006,4371,1
4372,1151714086139,1151714086169,1151714086216,4372,1
4373,1151714293079,1151714293111,1151714293157,4373,1
4374,1151714336072,1151714336103,1151714336150,4374,1
4375,1151714461005,1151714461038,1151714461084,4375,1
4376,1151714585884,1151714585915,1151714585962,4376,1
4377,1151714742591,1151714742625,1151714742714,4377,1
4378,1151714835981,1151714836013,1151714836062,4378,1
4379,1151714960749,1151714960780,1151714960827,4379,1
4380,1151715085668,1151715085699,1151715085746,4380,1
4381,1151715210817,1151715210849,1151715210896,4381,1
4382,1151715371327,1151715371359,1151715371406,4382,1
4383,1151715460987,1151715461018,1151715461129,4383,1
4384,1151715585874,1151715585906,1151715585952,4384,1
4385,1151715709969,1151715710001,1151715710122,4385,1
4386,1151715873148,1151715873182,1151715873272,4386,1
4387,1151715955370,1151715955401,1151715955517,4387,1
4388,1151716092654,1151716092758,1151716092868,4388,1
4389,1151716210912,1151716210942,1151716211108,4389,1
4390,1151716335823,1151716335854,1151716335901,4390,1
4391,1151716460948,1151716460979,1151716461141,4391,1
4392,1151716585770,1151716585802,1151716585849,4392,1
4393,1151716710757,1151716710789,1151716710950,4393,1
4394,1151716834940,1151716834971,1151716835130,4394,1
4395,1151717082779,1151717082811,1151717083016,4395,1
4396,1151717090643,1151717090675,1151717090721,4396,1
4397,1151717215832,1151717215863,1151717215981,4397,1
4398,1151717354333,1151717354366,1151717354544,4398,1
4399,1151717466307,1151717466339,1151717466458,4399,1
4400,1151717591503,1151717591535,1151717591709,4400,1
4401,1151717715071,1151717715103,1151717715288,4401,1
4402,1151717836413,1151717836444,1151717836636,4402,1
4403,1151717961230,1151717961263,1151717961311,4403,1
4404,1151718086309,1151718086343,1151718086390,4404,1
4405,1151718211183,1151718211216,1151718211265,4405,1
4406,1151718335416,1151718335450,1151718335503,4406,1
4407,1151718544990,1151718545046,1151718545139,4407,1
4408,1151718586288,1151718586322,1151718586369,4408,1
4409,1151718719416,1151718719449,1151718719630,4409,1
4410,1151718836171,1151718836204,1151718836255,4410,1
4411,1151718961165,1151718961198,1151718961375,4411,1
4412,1151719086293,1151719086326,1151719086374,4412,1
4413,1151719211184,1151719211216,1151719211264,4413,1
4414,1151719336208,1151719336242,1151719336291,4414,1
4415,1151719460691,1151719460723,1151719460776,4415,1
4416,1151719593525,1151719593558,1151719593652,4416,1
4417,1151719711535,1151719711567,1151719711616,4417,1
4418,1151719872482,1151719872517,1151719872609,4418,1
4419,1151719955826,1151719955859,1151719955907,4419,1
4420,1151720093525,1151720093632,1151720093680,4420,1
4421,1151720211924,1151720211957,1151720212190,4421,1
4422,1151720336323,1151720336355,1151720336403,4422,1
4423,1151720461311,1151720461344,1151720461517,4423,1
4424,1151720586290,1151720586323,1151720586502,4424,1
4425,1151720711423,1151720711456,1151720711569,4425,1
4426,1151720836241,1151720836274,1151720836454,4426,1
4427,1151720961399,1151720961431,1151720961555,4427,1
4428,1151721086366,1151721086398,1151721086580,4428,1
4429,1151721210376,1151721210409,1151721210520,4429,1
4430,1151721339912,1151721339944,1151721340115,4430,1
4431,1151721463080,1151721463112,1151721463276,4431,1
4432,1151721588059,1151721588092,1151721588138,4432,1
4433,1151721713230,1151721713264,1151721713434,4433,1
4434,1151721838153,1151721838186,1151721838234,4434,1
4435,1151721963202,1151721963237,1151721963403,4435,1
4436,1151722088357,1151722088389,1151722088557,4436,1
4437,1151722212982,1151722213015,1151722213131,4437,1
4438,1151722338027,1151722338060,1151722338105,4438,1
4439,1151722462967,1151722463000,1151722463045,4439,1
4440,1151722588071,1151722588103,1151722588149,4440,1
4441,1151722713141,1151722713174,1151722713219,4441,1
4442,1151722838188,1151722838219,1151722838266,4442,1
4443,1151722963221,1151722963255,1151722963301,4443,1
4444,1151723088076,1151723088107,1151723088153,4444,1
4445,1151723213164,1151723213197,1151723213242,4445,1
4446,1151723338025,1151723338058,1151723338104,4446,1
4447,1151723462973,1151723463007,1151723463053,4447,1
4448,1151723587985,1151723588017,1151723588063,4448,1
4449,1151723713568,1151723713600,1151723713711,4449,1
4450,1151723838103,1151723838135,1151723838181,4450,1
4451,1151723955365,1151723955397,1151723955503,4451,1
4452,1151724093041,1151724093076,1151724093122,4452,1
4453,1151724211457,1151724211489,1151724211535,4453,1
4454,1151724336457,1151724336490,1151724336537,4454,1
4455,1151724461609,1151724461713,1151724461827,4455,1
4456,1151724586270,1151724586301,1151724586350,4456,1
4457,1151724710402,1151724710435,1151724710602,4457,1
4458,1151724845862,1151724845894,1151724846100,4458,1
4459,1151724961345,1151724961378,1151724961491,4459,1
4460,1151725086282,1151725086316,1151725086485,4460,1
4461,1151725210560,1151725210597,1151725210699,4461,1
4462,1151725336846,1151725336879,1151725337046,4462,1
4463,1151725461635,1151725461668,1151725461786,4463,1
4464,1151725586279,1151725586312,1151725586495,4464,1
4465,1151725711227,1151725711259,1151725711423,4465,1
4466,1151725836228,1151725836263,1151725836311,4466,1
4467,1151725960388,1151725960421,1151725960604,4467,1
4468,1151726243334,1151726243391,1151726243603,4468,1
4469,1151726243666,1151726243699,1151726244023,4469,1
4470,1151726342187,1151726342220,1151726342270,4470,1
4471,1151726466855,1151726466889,1151726467089,4471,1
4472,1151726594902,1151726594934,1151726594999,4472,1
4473,1151726715903,1151726715936,1151726716111,4473,1
4474,1151726840213,1151726840245,1151726840295,4474,1
4475,1151726964704,1151726964737,1151726964908,4475,1
4476,1151727151845,1151727151881,1151727151962,4476,1
4477,1151727214172,1151727214205,1151727214417,4477,1
4478,1151727338191,1151727338224,1151727338273,4478,1
4479,1151727462086,1151727462119,1151727462315,4479,1
4480,1151727705255,1151727705287,1151727705380,4480,1
4481,1151727705439,1151727705472,1151727705640,4481,1
4482,1151727906029,1151727906062,1151727906156,4482,1
4483,1151727961203,1151727961236,1151727961417,4483,1
4484,1151728098739,1151728098773,1151728098822,4484,1
4485,1151728218220,1151728218254,1151728218419,4485,1
4486,1151728338028,1151728338061,1151728338105,4486,1
4487,1151728462715,1151728462747,1151728462913,4487,1
4488,1151728587732,1151728587834,1151728587946,4488,1
4489,1151728712099,1151728712132,1151728712295,4489,1
4490,1151728837225,1151728837259,1151728837302,4490,1
4491,1151728962717,1151728962748,1151728962854,4491,1
4492,1151729085598,1151729085631,1151729085672,4492,1
4493,1151729240858,1151729240890,1151729241111,4493,1
4494,1151729348357,1151729348388,1151729348566,4494,1
4495,1151729461225,1151729461257,1151729461367,4495,1
4496,1151729626349,1151729626383,1151729626589,4496,1
4497,1151729713905,1151729713937,1151729714057,4497,1
4498,1151729837739,1151729837770,1151729837946,4498,1
4499,1151729962883,1151729962914,1151729963026,4499,1
4500,1151730087715,1151730087749,1151730087921,4500,1
4501,1151730212610,1151730212642,1151730212805,4501,1
4502,1151730338163,1151730338195,1151730338364,4502,1
4503,1151730462674,1151730462705,1151730462817,4503,1
4504,1151730587575,1151730587607,1151730587651,4504,1
4505,1151730712466,1151730712497,1151730712611,4505,1
4506,1151730837541,1151730837574,1151730837620,4506,1
4507,1151730962660,1151730962690,1151730962795,4507,1
4508,1151731087765,1151731087797,1151731087841,4508,1
4509,1151731212952,1151731212983,1151731213029,4509,1
4510,1151731337759,1151731337792,1151731337835,4510,1
4511,1151731462829,1151731462861,1151731462906,4511,1
4512,1151731587594,1151731587626,1151731587671,4512,1
4513,1151731712415,1151731712445,1151731712489,4513,1
4514,1151731874335,1151731874366,1151731874413,4514,1
4515,1151731955424,1151731955455,1151731955507,4515,1
4516,1151732093114,1151732093146,1151732093194,4516,1
4517,1151732210979,1151732211010,1151732211058,4517,1
4518,1151732335782,1151732335813,1151732335860,4518,1
4519,1151732461015,1151732461047,1151732461093,4519,1
4520,1151732584934,1151732584966,1151732585012,4520,1
4521,1151732749125,1151732749234,1151732750804,4521,1
4522,1151732842462,1151732842493,1151732842540,4522,1
4523,1151732960902,1151732960934,1151732961113,4523,1
4524,1151733091584,1151733091616,1151733091798,4524,1
4525,1151733231336,1151733231368,1151733231535,4525,1
4526,1151733337042,1151733337074,1151733337255,4526,1
4527,1151733460942,1151733460975,1151733461088,4527,1
4528,1151733585804,1151733585836,1151733586004,4528,1
4529,1151733710711,1151733710742,1151733710930,4529,1
4530,1151733835778,1151733835810,1151733835857,4530,1
4531,1151733967598,1151733967630,1151733967814,4531,1
4532,1151734085802,1151734085834,1151734085883,4532,1
4533,1151734209939,1151734209970,1151734210142,4533,1
4534,1151734344278,1151734344309,1151734344398,4534,1
4535,1151734463230,1151734463261,1151734463377,4535,1
4536,1151734588687,1151734588721,1151734588768,4536,1
4537,1151734712831,1151734712863,1151734712980,4537,1
4538,1151734837740,1151734837773,1151734837822,4538,1
4539,1151734962710,1151734962744,1151734962859,4539,1
4540,1151735087775,1151735087808,1151735087857,4540,1
4541,1151735212725,1151735212758,1151735212865,4541,1
4542,1151735337848,1151735337880,1151735337928,4542,1
4543,1151735462809,1151735462842,1151735462951,4543,1
4544,1151735587621,1151735587657,1151735587706,4544,1
4545,1151735713212,1151735713244,1151735713433,4545,1
4546,1151735838103,1151735838136,1151735838186,4546,1
4547,1151735955240,1151735955273,1151735955327,4547,1
4548,1151736093512,1151736093545,1151736093594,4548,1
4549,1151736211557,1151736211590,1151736211638,4549,1
4550,1151736336355,1151736336388,1151736336436,4550,1
4551,1151736461453,1151736461486,1151736461533,4551,1
4552,1151736586342,1151736586374,1151736586422,4552,1
4553,1151736711307,1151736711341,1151736711390,4553,1
4554,1151736836771,1151736836873,1151736836980,4554,1
4555,1151736961324,1151736961357,1151736961406,4555,1
4556,1151737086234,1151737086267,1151737086452,4556,1
4557,1151737210324,1151737210357,1151737210465,4557,1
4558,1151737338249,1151737338281,1151737338452,4558,1
4559,1151737498052,1151737498085,1151737498288,4559,1
4560,1151737588390,1151737588422,1151737588468,4560,1
4561,1151737713015,1151737713049,1151737713214,4561,1
4562,1151737838106,1151737838139,1151737838185,4562,1
4563,1151737963082,1151737963114,1151737963275,4563,1
4564,1151738088096,1151738088129,1151738088176,4564,1
4565,1151738212921,1151738212954,1151738213126,4565,1
4566,1151738338018,1151738338051,1151738338225,4566,1
4567,1151738463016,1151738463048,1151738463167,4567,1
4568,1151738588034,1151738588067,1151738588245,4568,1
4569,1151738713248,1151738713281,1151738713466,4569,1
4570,1151738837944,1151738837976,1151738838025,4570,1
4571,1151738962929,1151738962961,1151738963071,4571,1
4572,1151739088068,1151739088100,1151739088148,4572,1
4573,1151739213159,1151739213192,1151739213240,4573,1
4574,1151739338136,1151739338170,1151739338218,4574,1
4575,1151739462966,1151739462999,1151739463047,4575,1
4576,1151739588240,1151739588273,1151739588323,4576,1
4577,1151739712970,1151739713003,1151739713054,4577,1
4578,1151739837950,1151739837983,1151739838031,4578,1
4579,1151739955395,1151739955427,1151739955476,4579,1
4580,1151740093059,1151740093091,1151740093140,4580,1
4581,1151740211429,1151740211462,1151740211513,4581,1
4582,1151740336361,1151740336394,1151740336444,4582,1
4583,1151740461425,1151740461456,1151740461507,4583,1
4584,1151740586548,1151740586581,1151740586630,4584,1
4585,1151740711300,1151740711333,1151740711382,4585,1
4586,1151740836292,1151740836324,1151740836375,4586,1
4587,1151740961435,1151740961468,1151740961519,4587,1
4588,1151741086576,1151741086681,1151741086796,4588,1
4589,1151741210434,1151741210467,1151741210514,4589,1
4590,1151741338363,1151741338396,1151741338564,4590,1
4591,1151741463278,1151741463311,1151741463502,4591,1
4592,1151741588215,1151741588247,1151741588296,4592,1
4593,1151741713429,1151741713461,1151741713638,4593,1
4594,1151741838057,1151741838093,1151741838142,4594,1
4595,1151741963093,1151741963125,1151741963298,4595,1
4596,1151742088128,1151742088161,1151742088211,4596,1
4597,1151742213269,1151742213304,1151742213549,4597,1
4598,1151742338070,1151742338103,1151742338151,4598,1
4599,1151742463014,1151742463047,1151742463228,4599,1
4600,1151742588095,1151742588131,1151742588310,4600,1
4601,1151742713136,1151742713169,1151742713282,4601,1
4602,1151742837999,1151742838032,1151742838206,4602,1
4603,1151742963704,1151742963737,1151742963917,4603,1
4604,1151743088033,1151743088064,1151743088112,4604,1
4605,1151743213014,1151743213047,1151743213092,4605,1
4606,1151743338105,1151743338138,1151743338183,4606,1
4607,1151743463308,1151743463343,1151743463396,4607,1
4608,1151743588163,1151743588195,1151743588247,4608,1
4609,1151743713077,1151743713110,1151743713160,4609,1
4610,1151743838026,1151743838059,1151743838107,4610,1
4611,1151743955395,1151743955428,1151743955480,4611,1
4612,1151744093359,1151744093391,1151744093442,4612,1
4613,1151744211374,1151744211406,1151744211457,4613,1
4614,1151744336427,1151744336461,1151744336508,4614,1
4615,1151744461243,1151744461277,1151744461324,4615,1
4616,1151744586383,1151744586416,1151744586464,4616,1
4617,1151744711341,1151744711372,1151744711423,4617,1
4618,1151744836348,1151744836381,1151744836429,4618,1
4619,1151744961432,1151744961464,1151744961514,4619,1
4620,1151745086178,1151745086210,1151745086259,4620,1
4621,1151745210736,1151745210837,1151745210954,4621,1
4622,1151745338098,1151745338131,1151745338178,4622,1
4623,1151745463034,1151745463068,1151745463243,4623,1
4624,1151745587818,1151745587851,1151745588024,4624,1
4625,1151745712706,1151745712737,1151745712841,4625,1
4626,1151745837698,1151745837730,1151745837898,4626,1
4627,1151745962863,1151745962895,1151745962943,4627,1
4628,1151746087767,1151746087798,1151746087966,4628,1
4629,1151746212543,1151746212574,1151746212688,4629,1
4630,1151746337603,1151746337634,1151746337812,4630,1
4631,1151746462865,1151746462896,1151746462946,4631,1
4632,1151746587637,1151746587669,1151746587854,4632,1
4633,1151746712499,1151746712529,1151746712713,4633,1
4634,1151746837515,1151746837546,1151746837595,4634,1
4635,1151746962690,1151746962722,1151746962907,4635,1
4636,1151747087890,1151747087922,1151747088108,4636,1
4637,1151747212607,1151747212638,1151747212759,4637,1
4638,1151747337742,1151747337773,1151747337817,4638,1
4639,1151747462531,1151747462562,1151747462670,4639,1
4640,1151747587603,1151747587636,1151747587680,4640,1
4641,1151747712694,1151747712726,1151747712831,4641,1
4642,1151747837557,1151747837589,1151747837632,4642,1
4643,1151747955467,1151747955498,1151747955612,4643,1
4644,1151748092338,1151748092369,1151748092414,4644,1
4645,1151748284491,1151748284526,1151748284647,4645,1
4646,1151748336692,1151748336723,1151748336771,4646,1
4647,1151748460775,1151748460807,1151748460926,4647,1
4648,1151748584948,1151748584979,1151748585028,4648,1
4649,1151748712328,1151748712359,1151748712519,4649,1
4650,1151748940302,1151748940338,1151748940386,4650,1
4651,1151748968494,1151748968526,1151748968642,4651,1
4652,1151749086166,1151749086197,1151749086242,4652,1
4653,1151749210027,1151749210058,1151749210166,4653,1
4654,1151749337052,1151749337154,1151749337201,4654,1
4655,1151749460777,1151749460808,1151749460980,4655,1
4656,1151749585655,1151749585686,1151749585858,4656,1
4657,1151749710765,1151749710797,1151749710909,4657,1
4658,1151749841566,1151749841599,1151749841769,4658,1
4659,1151749959945,1151749959978,1151749960087,4659,1
4660,1151750094449,1151750094481,1151750094691,4660,1
4661,1151750212797,1151750212830,1151750213002,4661,1
4662,1151750338040,1151750338077,1151750338126,4662,1
4663,1151750462990,1151750463023,1151750463193,4663,1
4664,1151750587993,1151750588029,1151750588077,4664,1
4665,1151750712970,1151750713002,1151750713170,4665,1
4666,1151750837974,1151750838011,1151750838178,4666,1
4667,1151750962927,1151750962960,1151750963061,4667,1
4668,1151751088156,1151751088189,1151751088348,4668,1
4669,1151751213177,1151751213209,1151751213398,4669,1
4670,1151751338375,1151751338406,1151751338453,4670,1
4671,1151751462928,1151751462961,1151751463006,4671,1
4672,1151751593629,1151751593662,1151751593710,4672,1
4673,1151751712946,1151751712979,1151751713029,4673,1
4674,1151751837982,1151751838015,1151751838063,4674,1
4675,1151751955300,1151751955332,1151751955385,4675,1
4676,1151752165752,1151752165855,1151752165951,4676,1
4677,1151752211699,1151752211731,1151752211781,4677,1
4678,1151752343955,1151752343988,1151752344103,4678,1
4679,1151752461444,1151752461475,1151752461525,4679,1
4680,1151752586424,1151752586456,1151752586505,4680,1
4681,1151752730714,1151752730749,1151752730864,4681,1
4682,1151752836507,1151752836539,1151752836587,4682,1
4683,1151752961269,1151752961302,1151752961407,4683,1
4684,1151753085369,1151753085401,1151753085451,4684,1
4685,1151753345958,1151753345991,1151753346152,4685,1
4686,1151753346211,1151753346244,1151753346284,4686,1
4687,1151753466342,1151753466374,1151753466499,4687,1
4688,1151753591539,1151753591572,1151753591682,4688,1
4689,1151753717767,1151753717799,1151753717975,4689,1
4690,1151753840978,1151753841010,1151753841058,4690,1
4691,1151753968778,1151753968811,1151753969000,4691,1
4692,1151754089451,1151754089483,1151754089534,4692,1
4693,1151754213970,1151754214001,1151754214178,4693,1
4694,1151754372051,1151754372084,1151754372292,4694,1
4695,1151754463310,1151754463343,1151754463463,4695,1
4696,1151754616018,1151754616050,1151754616270,4696,1
4697,1151754713779,1151754713812,1151754713861,4697,1
4698,1151754838186,1151754838218,1151754838389,4698,1
4699,1151754962890,1151754962922,1151754963031,4699,1
4700,1151755087640,1151755087673,1151755087840,4700,1
4701,1151755212405,1151755212437,1151755212622,4701,1
4702,1151755336587,1151755336618,1151755336807,4702,1
4703,1151755558071,1151755558106,1151755558273,4703,1
4704,1151755588733,1151755588767,1151755588815,4704,1
4705,1151755713376,1151755713412,1151755713535,4705,1
4706,1151755838243,1151755838275,1151755838324,4706,1
4707,1151755955262,1151755955294,1151755955403,4707,1
4708,1151756093527,1151756093634,1151756093684,4708,1
4709,1151756211432,1151756211463,1151756211578,4709,1
4710,1151756336279,1151756336312,1151756336358,4710,1
4711,1151756460969,1151756461000,1151756461112,4711,1
4712,1151756586043,1151756586074,1151756586122,4712,1
4713,1151756710918,1151756710950,1151756711055,4713,1
4714,1151756835888,1151756835923,1151756835972,4714,1
4715,1151756960756,1151756960787,1151756960912,4715,1
4716,1151757084945,1151757084976,1151757085023,4716,1
4717,1151757241246,1151757241277,1151757241443,4717,1
4718,1151757339120,1151757339152,1151757339199,4718,1
4719,1151757460811,1151757460844,1151757460956,4719,1
4720,1151757585101,1151757585132,1151757585186,4720,1
4721,1151757756781,1151757756813,1151757757041,4721,1
4722,1151757836343,1151757836375,1151757836427,4722,1
4723,1151757961255,1151757961287,1151757961465,4723,1
4724,1151758086275,1151758086307,1151758086487,4724,1
4725,1151758211162,1151758211193,1151758211533,4725,1
4726,1151758336181,1151758336214,1151758336389,4726,1
4727,1151758461403,1151758461436,1151758461545,4727,1
4728,1151758586285,1151758586318,1151758586499,4728,1
4729,1151758711217,1151758711249,1151758711374,4729,1
4730,1151758836152,1151758836184,1151758836365,4730,1
4731,1151758961103,1151758961136,1151758961326,4731,1
4732,1151759086182,1151759086214,1151759086264,4732,1
4733,1151759211357,1151759211389,1151759211560,4733,1
4734,1151759336230,1151759336262,1151759336311,4734,1
4735,1151759460409,1151759460442,1151759460612,4735,1
4736,1151759596448,1151759596483,1151759596575,4736,1
4737,1151759713050,1151759713083,1151759713133,4737,1
4738,1151759838068,1151759838099,1151759838148,4738,1
4739,1151759955324,1151759955356,1151759955404,4739,1
4740,1151760093095,1151760093127,1151760093175,4740,1
4741,1151760211229,1151760211261,1151760211312,4741,1
4742,1151760336302,1151760336334,1151760336383,4742,1
4743,1151760461321,1151760461353,1151760461544,4743,1
4744,1151760586244,1151760586277,1151760586324,4744,1
4745,1151760711200,1151760711233,1151760711410,4745,1
4746,1151760835564,1151760835597,1151760835644,4746,1
4747,1151760960805,1151760960835,1151760961012,4747,1
4748,1151761084955,1151761084987,1151761085040,4748,1
4749,1151761236988,1151761237019,1151761237248,4749,1
4750,1151761414055,1151761414087,1151761414179,4750,1
4751,1151761493956,1151761493989,1151761494078,4751,1
4752,1151761586272,1151761586303,1151761586350,4752,1
4753,1151761710776,1151761710808,1151761710855,4753,1
4754,1151761836219,1151761836323,1151761836433,4754,1
4755,1151761960877,1151761960909,1151761961080,4755,1
4756,1151762086190,1151762086222,1151762086394,4756,1
4757,1151762211262,1151762211294,1151762211415,4757,1
4758,1151762389040,1151762389076,1151762389259,4758,1
4759,1151762461942,1151762461975,1151762462167,4759,1
4760,1151762586575,1151762586606,1151762586655,4760,1
4761,1151762711164,1151762711196,1151762711376,4761,1
4762,1151762836201,1151762836233,1151762836281,4762,1
4763,1151762961273,1151762961306,1151762961486,4763,1
4764,1151763086342,1151763086375,1151763086422,4764,1
4765,1151763211088,1151763211120,1151763211291,4765,1
4766,1151763350563,1151763350595,1151763350773,4766,1
4767,1151763461189,1151763461221,1151763461338,4767,1
4768,1151763592173,1151763592206,1151763592374,4768,1
4769,1151763711604,1151763711637,1151763711806,4769,1
4770,1151763838281,1151763838321,1151763838374,4770,1
4771,1151764267606,1151764267716,1151764267974,4771,1
4772,1151764268058,1151764268230,1151764268271,4772,1
4773,1151764268304,1151764268441,1151764268550,4773,1
4774,1151764337443,1151764337474,1151764337522,4774,1
4775,1151764461377,1151764461410,1151764461540,4775,1
4776,1151764586658,1151764586691,1151764586740,4776,1
4777,1151764711400,1151764711432,1151764711624,4777,1
4778,1151764836403,1151764836436,1151764836483,4778,1
4779,1151764961187,1151764961220,1151764961337,4779,1
4780,1151765086259,1151765086292,1151765086340,4780,1
4781,1151765210386,1151765210418,1151765210536,4781,1
4782,1151765339530,1151765339563,1151765339610,4782,1
4783,1151765461183,1151765461215,1151765461382,4783,1
4784,1151765618212,1151765618244,1151765618295,4784,1
4785,1151765771217,1151765771248,1151765771490,4785,1
4786,1151765846556,1151765846591,1151765846642,4786,1
4787,1151765963095,1151765963127,1151765963242,4787,1
4788,1151766101862,1151766101906,1151766102073,4788,1
4789,1151766213671,1151766213704,1151766213864,4789,1
4790,1151766338010,1151766338042,1151766338199,4790,1
4791,1151766462965,1151766462997,1151766463168,4791,1
4792,1151766588018,1151766588051,1151766588101,4792,1
4793,1151766712931,1151766712964,1151766713128,4793,1
4794,1151766838328,1151766838360,1151766838411,4794,1
4795,1151767091088,1151767091123,1151767091303,4795,1
4796,1151767099690,1151767099722,1151767099770,4796,1
4797,1151767213273,1151767213306,1151767213429,4797,1
4798,1151767338030,1151767338063,1151767338242,4798,1
4799,1151767462994,1151767463027,1151767463142,4799,1
4800,1151767593383,1151767593416,1151767593595,4800,1
4801,1151767712939,1151767712972,1151767713147,4801,1
4802,1151767846889,1151767846921,1151767847104,4802,1
4803,1151767955395,1151767955428,1151767955482,4803,1
4804,1151768093396,1151768093428,1151768093478,4804,1
4805,1151768211438,1151768211471,1151768211519,4805,1
4806,1151768335433,1151768335466,1151768335516,4806,1
4807,1151768467453,1151768467486,1151768467577,4807,1
4808,1151768724238,1151768724272,1151768724363,4808,1
4809,1151768724423,1151768724465,1151768724507,4809,1
4810,1151768841701,1151768841733,1151768841783,4810,1
4811,1151768967742,1151768967847,1151768967896,4811,1
4812,1151769091854,1151769091887,1151769091936,4812,1
4813,1151769215172,1151769215206,1151769215256,4813,1
4814,1151769345438,1151769345470,1151769345523,4814,1
4815,1151769557307,1151769557340,1151769557502,4815,1
4816,1151769586435,1151769586468,1151769586516,4816,1
4817,1151769711172,1151769711204,1151769711332,4817,1
4818,1151769835342,1151769835374,1151769835422,4818,1
4819,1151769973179,1151769973212,1151769973377,4819,1
4820,1151770088147,1151770088179,1151770088228,4820,1
4821,1151770213299,1151770213332,1151770213506,4821,1
4822,1151770338027,1151770338059,1151770338108,4822,1
4823,1151770463068,1151770463101,1151770463271,4823,1
4824,1151770588098,1151770588130,1151770588294,4824,1
4825,1151770713044,1151770713077,1151770713186,4825,1
4826,1151770837929,1151770837965,1151770838138,4826,1
4827,1151770962955,1151770962988,1151770963106,4827,1
4828,1151771088189,1151771088221,1151771088403,4828,1
4829,1151771213062,1151771213098,1151771213283,4829,1
4830,1151771338081,1151771338115,1151771338162,4830,1
4831,1151771462950,1151771462984,1151771463099,4831,1
4832,1151771587954,1151771587990,1151771588040,4832,1
4833,1151771712984,1151771713020,1151771713201,4833,1
4834,1151771852459,1151771852492,1151771852674,4834,1
4835,1151771955852,1151771955884,1151771956076,4835,1
4836,1151772093619,1151772093651,1151772093699,4836,1
4837,1151772211376,1151772211407,1151772211456,4837,1
4838,1151772336270,1151772336303,1151772336351,4838,1
4839,1151772461269,1151772461303,1151772461350,4839,1
4840,1151772586268,1151772586301,1151772586349,4840,1
4841,1151772711256,1151772711288,1151772711337,4841,1
4842,1151772836199,1151772836232,1151772836283,4842,1
4843,1151772961273,1151772961305,1151772961354,4843,1
4844,1151773086810,1151773086842,1151773086891,4844,1
4845,1151773210533,1151773210565,1151773210613,4845,1
4846,1151773340391,1151773340427,1151773340476,4846,1
4847,1151773463006,1151773463039,1151773463088,4847,1
4848,1151773588068,1151773588102,1151773588151,4848,1
4849,1151773713022,1151773713056,1151773713104,4849,1
4850,1151773838004,1151773838037,1151773838084,4850,1
4851,1151773962924,1151773962956,1151773963004,4851,1
4852,1151774087904,1151774087940,1151774087989,4852,1
4853,1151774213156,1151774213187,1151774213375,4853,1
4854,1151774356747,1151774356848,1151774356959,4854,1
4855,1151774463113,1151774463146,1151774463262,4855,1
4856,1151774587877,1151774587910,1151774588083,4856,1
4857,1151774712909,1151774712943,1151774713066,4857,1
4858,1151774838106,1151774838138,1151774838315,4858,1
4859,1151774962837,1151774962870,1151774963060,4859,1
4860,1151775088270,1151775088306,1151775088355,4860,1
4861,1151775213100,1151775213137,1151775213306,4861,1
4862,1151775517322,1151775517355,1151775517553,4862,1
4863,1151775517587,1151775517620,1151775517720,4863,1
4864,1151775588522,1151775588556,1151775588608,4864,1
4865,1151775713246,1151775713279,1151775713446,4865,1
4866,1151775861594,1151775861627,1151775861790,4866,1
4867,1151775955389,1151775955422,1151775955525,4867,1
4868,1151776219679,1151776219781,1151776219976,4868,1
4869,1151776228335,1151776228370,1151776228483,4869,1
4870,1151776336864,1151776336896,1151776336944,4870,1
4871,1151776742549,1151776742594,1151776742815,4871,1
4872,1151776742880,1151776742911,1151776742953,4872,1
4873,1151776742987,1151776743020,1151776743200,4873,1
4874,1151776842392,1151776842426,1151776842474,4874,1
4875,1151776965795,1151776965828,1151776966018,4875,1
4876,1151777094990,1151777095022,1151777095071,4876,1
4877,1151777218788,1151777218822,1151777218996,4877,1
4878,1151777344876,1151777344908,1151777344954,4878,1
4879,1151777464035,1151777464066,1151777464224,4879,1
4880,1151777588478,1151777588510,1151777588557,4880,1
4881,1151777713249,1151777713281,1151777713455,4881,1
4882,1151777837672,1151777837703,1151777837750,4882,1
4883,1151777977456,1151777977489,1151777977665,4883,1
4884,1151778087758,1151778087789,1151778087837,4884,1
4885,1151778212052,1151778212084,1151778212250,4885,1
4886,1151778337365,1151778337397,1151778337444,4886,1
4887,1151778462048,1151778462080,1151778462127,4887,1
4888,1151778586316,1151778586348,1151778586529,4888,1
4889,1151778729252,1151778729284,1151778729509,4889,1
4890,1151778836909,1151778836940,1151778836988,4890,1
4891,1151778961723,1151778961754,1151778961933,4891,1
4892,1151779086301,1151779086333,1151779086379,4892,1
4893,1151779211386,1151779211417,1151779211587,4893,1
4894,1151779336357,1151779336389,1151779336554,4894,1
4895,1151779461263,1151779461295,1151779461404,4895,1
4896,1151779586099,1151779586130,1151779586302,4896,1
4897,1151779710239,1151779710270,1151779710380,4897,1
4898,1151779863961,1151779863993,1151779864211,4898,1
4899,1151779979551,1151779979582,1151779979803,4899,1
4900,1151780092609,1151780092712,1151780092759,4900,1
4901,1151780210945,1151780210978,1151780211161,4901,1
4902,1151780336114,1151780336147,1151780336328,4902,1
4903,1151780461011,1151780461042,1151780461167,4903,1
4904,1151780585999,1151780586030,1151780586079,4904,1
4905,1151780710948,1151780710978,1151780711091,4905,1
4906,1151780835941,1151780835975,1151780836022,4906,1
4907,1151780960817,1151780960849,1151780960971,4907,1
4908,1151781085829,1151781085860,1151781085907,4908,1
4909,1151781210006,1151781210037,1151781210158,4909,1
4910,1151781337873,1151781337905,1151781337954,4910,1
4911,1151781460936,1151781460968,1151781461072,4911,1
4912,1151781585854,1151781585886,1151781585932,4912,1
4913,1151781711010,1151781711041,1151781711148,4913,1
4914,1151781834912,1151781834947,1151781834996,4914,1
4915,1151781969079,1151781969110,1151781969200,4915,1
4916,1151782087545,1151782087577,1151782087622,4916,1
4917,1151782212506,1151782212538,1151782212586,4917,1
4918,1151782337543,1151782337575,1151782337623,4918,1
4919,1151782462549,1151782462580,1151782462627,4919,1
4920,1151782587918,1151782587950,1151782587996,4920,1
4921,1151782713002,1151782713034,1151782713081,4921,1
4922,1151782837451,1151782837483,1151782837531,4922,1
4923,1151782963071,1151782963103,1151782963151,4923,1
4924,1151783088242,1151783088275,1151783088390,4924,1
4925,1151783213031,1151783213064,1151783213236,4925,1
4926,1151783338119,1151783338151,1151783338198,4926,1
4927,1151783463061,1151783463094,1151783463271,4927,1
4928,1151783588210,1151783588242,1151783588289,4928,1
4929,1151783713022,1151783713054,1151783713234,4929,1
4930,1151783838110,1151783838143,1151783838191,4930,1
4931,1151783955322,1151783955354,1151783955544,4931,1
4932,1151784093241,1151784093342,1151784093391,4932,1
4933,1151784210913,1151784210944,1151784211107,4933,1
4934,1151784335815,1151784335847,1151784336012,4934,1
4935,1151784460856,1151784460888,1151784460995,4935,1
4936,1151784585790,1151784585821,1151784585984,4936,1
4937,1151784710964,1151784710995,1151784711094,4937,1
4938,1151784835841,1151784835872,1151784836036,4938,1
4939,1151784960900,1151784960932,1151784961103,4939,1
4940,1151785085790,1151785085822,1151785085865,4940,1
4941,1151785209897,1151785209928,1151785210045,4941,1
4942,1151785336079,1151785336111,1151785336156,4942,1
4943,1151785461037,1151785461069,1151785461189,4943,1
4944,1151785585912,1151785585943,1151785585991,4944,1
4945,1151785710919,1151785710950,1151785711064,4945,1
4946,1151785835762,1151785835793,1151785835840,4946,1
4947,1151785960911,1151785960944,1151785960992,4947,1
4948,1151786085803,1151786085836,1151786085883,4948,1
4949,1151786209929,1151786209960,1151786210007,4949,1
4950,1151786338051,1151786338083,1151786338174,4950,1
4951,1151786461072,1151786461105,1151786461152,4951,1
4952,1151786585755,1151786585787,1151786585833,4952,1
4953,1151786711031,1151786711062,1151786711109,4953,1
4954,1151786836067,1151786836099,1151786836207,4954,1
4955,1151786961145,1151786961176,1151786961224,4955,1
4956,1151787085887,1151787085917,1151787086094,4956,1
4957,1151787210811,1151787210843,1151787210958,4957,1
4958,1151787335788,1151787335819,1151787335997,4958,1
4959,1151787460977,1151787461008,1151787461193,4959,1
4960,1151787655183,1151787655218,1151787655304,4960,1
4961,1151787711200,1151787711232,1151787711406,4961,1
4962,1151787872691,1151787872725,1151787872816,4962,1
4963,1151787955972,1151787956005,1151787956189,4963,1
4964,1151788093015,1151788093050,1151788093098,4964,1
4965,1151788217846,1151788217879,1151788218055,4965,1
4966,1151788336413,1151788336445,1151788336620,4966,1
4967,1151788461390,1151788461423,1151788461526,4967,1
4968,1151788586160,1151788586193,1151788586353,4968,1
4969,1151788712427,1151788712460,1151788712632,4969,1
4970,1151788836416,1151788836449,1151788836499,4970,1
4971,1151788960398,1151788960430,1151788960542,4971,1
4972,1151789176629,1151789176661,1151789176791,4972,1
4973,1151789211032,1151789211065,1151789211186,4973,1
4974,1151789341471,1151789341503,1151789341552,4974,1
4975,1151789463314,1151789463347,1151789463465,4975,1
4976,1151789588139,1151789588171,1151789588222,4976,1
4977,1151789713244,1151789713276,1151789713400,4977,1
4978,1151789902600,1151789902635,1151789902688,4978,1
4979,1151789963443,1151789963477,1151789963595,4979,1
4980,1151790088161,1151790088195,1151790088243,4980,1
4981,1151790213028,1151790213061,1151790213361,4981,1
4982,1151790337965,1151790337997,1151790338046,4982,1
4983,1151790463120,1151790463152,1151790463332,4983,1
4984,1151790588025,1151790588059,1151790588108,4984,1
4985,1151790713033,1151790713065,1151790713253,4985,1
4986,1151790837907,1151790837938,1151790837987,4986,1
4987,1151790963144,1151790963176,1151790963380,4987,1
4988,1151791088292,1151791088325,1151791088442,4988,1
4989,1151791212916,1151791212949,1151791213116,4989,1
4990,1151791337910,1151791337943,1151791337990,4990,1
4991,1151791463021,1151791463053,1151791463166,4991,1
4992,1151791594056,1151791594089,1151791594146,4992,1
4993,1151791713073,1151791713106,1151791713259,4993,1
4994,1151791838039,1151791838073,1151791838231,4994,1
4995,1151791955445,1151791955478,1151791955584,4995,1
4996,1151792141386,1151792141490,1151792141657,4996,1
4997,1151792212139,1151792212171,1151792212221,4997,1
4998,1151792336407,1151792336441,1151792336622,4998,1
4999,1151792461319,1151792461352,1151792461472,4999,1
5000,1151792585389,1151792585421,1151792585600,5000,1
5001,1151792738409,1151792738441,1151792738670,5001,1
5002,1151792836713,1151792836745,1151792836928,5002,1
5003,1151792961341,1151792961374,1151792961484,5003,1
5004,1151793086526,1151793086558,1151793086603,5004,1
5005,1151793209954,1151793209986,1151793210092,5005,1
5006,1151793338834,1151793338869,1151793338918,5006,1
5007,1151793462582,1151793462614,1151793462718,5007,1
5008,1151793587639,1151793587670,1151793587716,5008,1
5009,1151793712748,1151793712783,1151793712893,5009,1
5010,1151793837578,1151793837614,1151793837660,5010,1
5011,1151793962505,1151793962537,1151793962584,5011,1
5012,1151794087698,1151794087729,1151794087775,5012,1
5013,1151794212637,1151794212668,1151794212715,5013,1
5014,1151794337598,1151794337629,1151794337676,5014,1
5015,1151794462541,1151794462573,1151794462621,5015,1
5016,1151794587566,1151794587599,1151794587645,5016,1
5017,1151794712464,1151794712497,1151794712543,5017,1
5018,1151794837470,1151794837501,1151794837548,5018,1
5019,1151794963069,1151794963103,1151794963152,5019,1
5020,1151795088099,1151795088131,1151795088179,5020,1
5021,1151795213284,1151795213316,1151795213429,5021,1
5022,1151795338026,1151795338058,1151795338106,5022,1
5023,1151795463005,1151795463037,1151795463207,5023,1
5024,1151795588081,1151795588114,1151795588161,5024,1
5025,1151795713109,1151795713142,1151795713312,5025,1
5026,1151795838004,1151795838036,1151795838209,5026,1
5027,1151795955488,1151795955521,1151795955626,5027,1
5028,1151796093068,1151796093175,1151796093343,5028,1
5029,1151796211541,1151796211573,1151796211691,5029,1
5030,1151796336358,1151796336392,1151796336571,5030,1
5031,1151796461378,1151796461414,1151796461587,5031,1
5032,1151796585730,1151796585763,1151796585812,5032,1
5033,1151796756248,1151796756281,1151796756517,5033,1
5034,1151796836575,1151796836607,1151796836653,5034,1
5035,1151796961355,1151796961388,1151796961575,5035,1
5036,1151797086783,1151797086816,1151797086997,5036,1
5037,1151797210515,1151797210547,1151797210651,5037,1
5038,1151797336624,1151797336657,1151797336706,5038,1
5039,1151797461328,1151797461360,1151797461470,5039,1
5040,1151797586293,1151797586325,1151797586375,5040,1
5041,1151797711356,1151797711388,1151797711501,5041,1
5042,1151797835451,1151797835483,1151797835533,5042,1
5043,1151797969351,1151797969384,1151797969478,5043,1
5044,1151798086688,1151798086720,1151798086768,5044,1
5045,1151798211220,1151798211254,1151798211303,5045,1
5046,1151798336571,1151798336604,1151798336651,5046,1
5047,1151798524189,1151798524222,1151798524437,5047,1
5048,1151798588296,1151798588329,1151798588377,5048,1
5049,1151798713247,1151798713279,1151798713328,5049,1
5050,1151798838202,1151798838235,1151798838283,5050,1
5051,1151798963068,1151798963101,1151798963148,5051,1
5052,1151799089678,1151799089711,1151799089761,5052,1
5053,1151799213193,1151799213226,1151799213275,5053,1
5054,1151799338600,1151799338632,1151799338745,5054,1
5055,1151799463510,1151799463542,1151799463592,5055,1
5056,1151799588016,1151799588048,1151799588226,5056,1
5057,1151799713059,1151799713092,1151799713139,5057,1
5058,1151799838083,1151799838116,1151799838300,5058,1
5059,1151799955300,1151799955333,1151799955509,5059,1
5060,1151800092946,1151800093052,1151800093100,5060,1
5061,1151800211337,1151800211370,1151800211530,5061,1
5062,1151800336215,1151800336248,1151800336298,5062,1
5063,1151800461431,1151800461463,1151800461634,5063,1
5064,1151800585516,1151800585548,1151800585596,5064,1
5065,1151800743603,1151800743636,1151800743844,5065,1
5066,1151800836689,1151800836721,1151800836893,5066,1
5067,1151800961559,1151800961591,1151800961694,5067,1
5068,1151801086565,1151801086597,1151801086761,5068,1
5069,1151801210759,1151801210791,1151801210900,5069,1
5070,1151801338259,1151801338291,1151801338340,5070,1
5071,1151801497640,1151801497674,1151801497828,5071,1
5072,1151801586951,1151801586984,1151801587031,5072,1
5073,1151801711270,1151801711304,1151801711352,5073,1
5074,1151801835490,1151801835523,1151801835570,5074,1
5075,1151801969555,1151801969588,1151801969681,5075,1
5076,1151802088025,1151802088057,1151802088106,5076,1
5077,1151802213040,1151802213073,1151802213123,5077,1
5078,1151802338061,1151802338093,1151802338141,5078,1
5079,1151802463160,1151802463193,1151802463241,5079,1
5080,1151802588003,1151802588035,1151802588082,5080,1
5081,1151802712961,1151802712993,1151802713042,5081,1
5082,1151802837966,1151802837999,1151802838047,5082,1
5083,1151802962990,1151802963022,1151802963070,5083,1
5084,1151803087951,1151803087983,1151803088033,5084,1
5085,1151803212984,1151803213016,1151803213065,5085,1
5086,1151803337407,1151803337438,1151803337485,5086,1
5087,1151803520952,1151803520982,1151803521236,5087,1
5088,1151803587905,1151803587937,1151803587981,5088,1
5089,1151803712583,1151803712615,1151803712792,5089,1
5090,1151803837434,1151803837467,1151803837512,5090,1
5091,1151803955117,1151803955149,1151803955330,5091,1
5092,1151804092134,1151804092241,1151804092289,5092,1
5093,1151804210865,1151804210896,1151804211065,5093,1
5094,1151804335805,1151804335837,1151804335996,5094,1
5095,1151804460750,1151804460781,1151804460901,5095,1
5096,1151804586020,1151804586052,1151804586233,5096,1
5097,1151804710724,1151804710756,1151804710804,5097,1
5098,1151804835684,1151804835716,1151804835879,5098,1
5099,1151804960767,1151804960800,1151804960848,5099,1
5100,1151805085771,1151805085802,1151805085968,5100,1
5101,1151805209982,1151805210014,1151805210193,5101,1
5102,1151805347376,1151805347408,1151805347592,5102,1
5103,1151805509912,1151805509948,1151805510063,5103,1
5104,1151805587774,1151805587805,1151805587853,5104,1
5105,1151805712335,1151805712367,1151805712487,5105,1
5106,1151805837288,1151805837320,1151805837368,5106,1
5107,1151805962476,1151805962508,1151805962556,5107,1
5108,1151806087866,1151806087899,1151806087947,5108,1
5109,1151806212725,1151806212760,1151806212946,5109,1
5110,1151806337661,1151806337693,1151806337742,5110,1
5111,1151806462178,1151806462209,1151806462399,5111,1
5112,1151806587137,1151806587173,1151806587224,5112,1
5113,1151806712615,1151806712647,1151806712813,5113,1
5114,1151806837500,1151806837532,1151806837578,5114,1
5115,1151806962682,1151806962717,1151806962887,5115,1
5116,1151807087535,1151807087567,1151807087613,5116,1
5117,1151807212475,1151807212509,1151807212692,5117,1
5118,1151807337363,1151807337395,1151807337441,5118,1
5119,1151807462484,1151807462516,1151807462568,5119,1
5120,1151807587463,1151807587494,1151807587542,5120,1
5121,1151807713210,1151807713244,1151807713357,5121,1
5122,1151807837679,1151807837710,1151807837757,5122,1
5123,1151807955207,1151807955240,1151807955287,5123,1
5124,1151808092154,1151808092185,1151808092235,5124,1
5125,1151808211337,1151808211369,1151808211414,5125,1
5126,1151808336303,1151808336334,1151808336380,5126,1
5127,1151808461743,1151808461777,1151808461826,5127,1
5128,1151808586466,1151808586498,1151808586547,5128,1
5129,1151808711368,1151808711402,1151808711450,5129,1
5130,1151808836318,1151808836351,1151808836399,5130,1
5131,1151808961199,1151808961231,1151808961281,5131,1
5132,1151809086424,1151809086459,1151809086507,5132,1
5133,1151809210375,1151809210407,1151809210457,5133,1
5134,1151809351789,1151809351822,1151809351991,5134,1
5135,1151809465100,1151809465132,1151809465250,5135,1
5136,1151809588070,1151809588102,1151809588278,5136,1
5137,1151809735046,1151809735080,1151809735248,5137,1
5138,1151809838182,1151809838214,1151809838262,5138,1
5139,1151809963021,1151809963053,1151809963220,5139,1
5140,1151810087946,1151810087978,1151810088026,5140,1
5141,1151810213107,1151810213140,1151810213320,5141,1
5142,1151810338047,1151810338079,1151810338127,5142,1
5143,1151810463108,1151810463140,1151810463319,5143,1
5144,1151810588028,1151810588061,1151810588109,5144,1
5145,1151810713197,1151810713229,1151810713358,5145,1
5146,1151810838229,1151810838261,1151810838433,5146,1
5147,1151810963281,1151810963314,1151810963494,5147,1
5148,1151811088832,1151811088864,1151811089044,5148,1
5149,1151811213042,1151811213074,1151811213183,5149,1
5150,1151811338147,1151811338181,1151811338225,5150,1
5151,1151811463034,1151811463067,1151811463114,5151,1
5152,1151811588170,1151811588203,1151811588250,5152,1
5153,1151811713071,1151811713104,1151811713150,5153,1
5154,1151811838072,1151811838104,1151811838213,5154,1
5155,1151811955689,1151811955721,1151811955770,5155,1
5156,1151812093300,1151812093336,1151812093502,5156,1
5157,1151812211480,1151812211512,1151812211629,5157,1
5158,1151812336378,1151812336411,1151812336595,5158,1
5159,1151812461525,1151812461558,1151812461732,5159,1
5160,1151812586397,1151812586430,1151812586475,5160,1
5161,1151814474467,1151814474553,1151814475040,5161,1
5162,1151814475429,1151814475463,1151814475505,5162,1
5163,1151814475678,1151814475711,1151814475814,5163,1
5164,1151814475846,1151814475969,1151814476010,5164,1
5165,1151814476043,1151814476190,1151814476280,5165,1
5166,1151814476313,1151814476346,1151814476387,5166,1
5167,1151814476444,1151814476478,1151814476574,5167,1
5168,1151814476606,1151814476639,1151814476681,5168,1
5169,1151814476713,1151814476753,1151814476847,5169,1
5170,1151814476880,1151814476913,1151814476955,5170,1
5171,1151814477093,1151814477126,1151814477233,5171,1
5172,1151814477265,1151814477299,1151814477340,5172,1
5173,1151814477372,1151814477405,1151814477499,5173,1
5174,1151814477532,1151814477566,1151814477606,5174,1
5175,1151814477639,1151814477672,1151814477763,5175,1
5176,1151814595701,1151814595733,1151814595783,5176,1
5177,1151814716996,1151814717029,1151814717141,5177,1
5178,1151814840985,1151814841018,1151814841064,5178,1
5179,1151814965470,1151814965503,1151814965571,5179,1
5180,1151815094902,1151815094934,1151815094985,5180,1
5181,1151815215002,1151815215033,1151815215223,5181,1
5182,1151815339040,1151815339073,1151815339121,5182,1
5183,1151815525591,1151815525624,1151815525817,5183,1
5184,1151815588602,1151815588634,1151815588684,5184,1
5185,1151815712513,1151815712545,1151815712616,5185,1
5186,1151815888055,1151815888088,1151815888181,5186,1
5187,1151816358686,1151816358792,1151816359044,5187,1
5188,1151816359205,1151816359238,1151816359279,5188,1
5189,1151816359312,1151816359458,1151816359553,5189,1
5190,1151816359585,1151816359618,1151816359659,5190,1
5191,1151816471345,1151816471377,1151816471493,5191,1
5192,1151816593283,1151816593315,1151816593484,5192,1
5193,1151816720461,1151816720494,1151816720670,5193,1
5194,1151816842221,1151816842254,1151816842303,5194,1
5195,1151816967866,1151816967899,1151816968082,5195,1
5196,1151817088564,1151817088597,1151817088648,5196,1
5197,1151817274743,1151817274775,1151817275087,5197,1
5198,1151817350187,1151817350219,1151817350268,5198,1
5199,1151817461965,1151817461999,1151817462126,5199,1
5200,1151817762290,1151817762330,1151817762554,5200,1
5201,1151817762617,1151817762650,1151817762766,5201,1
5202,1151817843237,1151817843269,1151817843320,5202,1
5203,1151817967005,1151817967037,1151817967230,5203,1
5204,1151818104527,1151818104559,1151818104740,5204,1
5205,1151818218310,1151818218344,1151818218395,5205,1
5206,1151818342715,1151818342747,1151818342798,5206,1
5207,1151818462648,1151818462682,1151818462735,5207,1
5208,1151818586511,1151818586544,1151818586597,5208,1
5209,1151818791259,1151818791294,1151818791541,5209,1
5210,1151818837262,1151818837295,1151818837343,5210,1
5211,1151818962130,1151818962163,1151818962355,5211,1
5212,1151819087070,1151819087103,1151819087156,5212,1
5213,1151819211842,1151819211874,1151819212055,5213,1
5214,1151819336758,1151819336790,1151819336842,5214,1
5215,1151819461682,1151819461715,1151819461895,5215,1
5216,1151819586581,1151819586613,1151819586662,5216,1
5217,1151819710710,1151819710743,1151819710916,5217,1
5218,1151819879722,1151819879754,1151819879845,5218,1
5219,1151820017707,1151820017813,1151820018059,5219,1
5220,1151820087665,1151820087697,1151820087747,5220,1
5221,1151820211874,1151820211906,1151820212037,5221,1
5222,1151820336631,1151820336663,1151820336712,5222,1
5223,1151820461655,1151820461689,1151820461853,5223,1
5224,1151820586488,1151820586521,1151820586693,5224,1
5225,1151820711574,1151820711606,1151820711718,5225,1
5226,1151820836385,1151820836417,1151820836590,5226,1
5227,1151820961296,1151820961330,1151820961434,5227,1
5228,1151821086252,1151821086285,1151821086448,5228,1
5229,1151821210518,1151821210551,1151821210672,5229,1
5230,1151821341408,1151821341441,1151821341625,5230,1
5231,1151821463189,1151821463222,1151821463402,5231,1
5232,1151821588219,1151821588252,1151821588305,5232,1
5233,1151821713167,1151821713199,1151821713380,5233,1
5234,1151821838325,1151821838358,1151821838412,5234,1
5235,1151821963200,1151821963230,1151821963405,5235,1
5236,1151822088524,1151822088561,1151822088726,5236,1
5237,1151822205367,1151822205400,1151822205747,5237,1
5238,1151822423761,1151822423794,1151822423888,5238,1
5239,1151822463887,1151822463920,1151822464116,5239,1
5240,1151822586356,1151822586389,1151822586451,5240,1
5241,1151822711347,1151822711381,1151822711564,5241,1
5242,1151822836474,1151822836508,1151822836560,5242,1
5243,1151822961408,1151822961441,1151822961624,5243,1
5244,1151823086143,1151823086176,1151823086229,5244,1
5245,1151823211271,1151823211303,1151823211487,5245,1
5246,1151823336322,1151823336355,1151823336403,5246,1
5247,1151823460470,1151823460502,1151823460715,5247,1
5248,1151823593339,1151823593371,1151823593463,5248,1
5249,1151823711327,1151823711359,1151823711581,5249,1
5250,1151823835407,1151823835440,1151823835493,5250,1
5251,1151823983805,1151823983838,1151823984057,5251,1
5252,1151824093428,1151824093464,1151824093512,5252,1
5253,1151824211346,1151824211379,1151824211561,5253,1
5254,1151824335886,1151824335990,1151824336101,5254,1
5255,1151824496244,1151824496276,1151824496484,5255,1
5256,1151824586251,1151824586284,1151824586464,5256,1
5257,1151824711327,1151824711359,1151824711475,5257,1
5258,1151824836524,1151824836556,1151824836746,5258,1
5259,1151824961304,1151824961338,1151824961522,5259,1
5260,1151825086157,1151825086189,1151825086243,5260,1
5261,1151825210363,1151825210394,1151825210567,5261,1
5262,1151825339813,1151825339845,1151825339897,5262,1
5263,1151825461321,1151825461353,1151825461517,5263,1
5264,1151825586380,1151825586413,1151825586464,5264,1
5265,1151825711307,1151825711340,1151825711510,5265,1
5266,1151825836179,1151825836211,1151825836381,5266,1
5267,1151825961167,1151825961200,1151825961249,5267,1
5268,1151826086281,1151826086313,1151826086485,5268,1
5269,1151826210695,1151826210727,1151826210907,5269,1
5270,1151826399037,1151826399100,1151826399211,5270,1
5271,1151826461736,1151826461769,1151826461888,5271,1
5272,1151826586445,1151826586479,1151826586527,5272,1
5273,1151826711261,1151826711292,1151826711400,5273,1
5274,1151826836272,1151826836305,1151826836354,5274,1
5275,1151826961260,1151826961293,1151826961410,5275,1
5276,1151827086255,1151827086286,1151827086338,5276,1
5277,1151827211195,1151827211228,1151827211331,5277,1
5278,1151827336125,1151827336156,1151827336205,5278,1
5279,1151827461346,1151827461377,1151827461485,5279,1
5280,1151827586182,1151827586214,1151827586264,5280,1
5281,1151827710359,1151827710392,1151827710499,5281,1
5282,1151827862612,1151827862644,1151827862732,5282,1
5283,1151828045258,1151828045297,1151828045506,5283,1
5284,1151828089290,1151828089322,1151828089370,5284,1
5285,1151828211236,1151828211270,1151828211394,5285,1
5286,1151828336274,1151828336307,1151828336355,5286,1
5287,1151828461326,1151828461359,1151828461409,5287,1
5288,1151828586517,1151828586551,1151828586668,5288,1
5289,1151828711412,1151828711444,1151828711627,5289,1
5290,1151828836336,1151828836369,1151828836417,5290,1
5291,1151828962040,1151828962073,1151828962244,5291,1
5292,1151829085882,1151829085913,1151829085960,5292,1
5293,1151829210107,1151829210139,1151829210325,5293,1
5294,1151829343413,1151829343445,1151829343607,5294,1
5295,1151829460799,1151829460830,1151829460927,5295,1
5296,1151829585743,1151829585775,1151829585938,5296,1
5297,1151829710853,1151829710886,1151829710989,5297,1
5298,1151829835749,1151829835781,1151829835936,5298,1
5299,1151829961172,1151829961205,1151829961312,5299,1
5300,1151830085351,1151830085384,1151830085557,5300,1
5301,1151830232765,1151830232798,1151830233011,5301,1
5302,1151830336762,1151830336795,1151830336974,5302,1
5303,1151830461274,1151830461308,1151830461415,5303,1
5304,1151830586350,1151830586382,1151830586432,5304,1
5305,1151830711230,1151830711263,1151830711372,5305,1
5306,1151830836691,1151830836724,1151830836772,5306,1
5307,1151830961291,1151830961325,1151830961428,5307,1
5308,1151831086214,1151831086246,1151831086294,5308,1
5309,1151831211316,1151831211349,1151831211471,5309,1
5310,1151831336315,1151831336348,1151831336394,5310,1
5311,1151831461442,1151831461475,1151831461520,5311,1
5312,1151831586259,1151831586291,1151831586337,5312,1
5313,1151831711303,1151831711336,1151831711382,5313,1
5314,1151831835697,1151831835730,1151831835777,5314,1
5315,1151832026297,1151832026331,1151832026421,5315,1
5316,1151832086623,1151832086655,1151832086702,5316,1
5317,1151832211241,1151832211274,1151832211324,5317,1
5318,1151832336276,1151832336308,1151832336360,5318,1
5319,1151832461290,1151832461323,1151832461374,5319,1
5320,1151832586289,1151832586321,1151832586369,5320,1
5321,1151832711406,1151832711506,1151832711615,5321,1
5322,1151832836206,1151832836239,1151832836288,5322,1
5323,1151832961371,1151832961404,1151832961572,5323,1
5324,1151833086339,1151833086372,1151833086542,5324,1
5325,1151833210505,1151833210537,1151833210659,5325,1
5326,1151833347548,1151833347582,1151833347768,5326,1
5327,1151833461188,1151833461220,1151833461269,5327,1
5328,1151833586310,1151833586342,1151833586519,5328,1
5329,1151833711322,1151833711355,1151833711406,5329,1
5330,1151833836388,1151833836420,1151833836611,5330,1
5331,1151833961292,1151833961324,1151833961502,5331,1
5332,1151834086362,1151834086395,1151834086448,5332,1
5333,1151834211244,1151834211276,1151834211442,5333,1
5334,1151834336138,1151834336171,1151834336218,5334,1
5335,1151834461402,1151834461435,1151834461601,5335,1
5336,1151834586609,1151834586642,1151834586685,5336,1
5337,1151834711212,1151834711244,1151834711350,5337,1
5338,1151834836246,1151834836279,1151834836328,5338,1
5339,1151834961290,1151834961323,1151834961432,5339,1
5340,1151835086258,1151835086291,1151835086339,5340,1
5341,1151835211337,1151835211369,1151835211418,5341,1
5342,1151835336157,1151835336189,1151835336237,5342,1
5343,1151835461280,1151835461313,1151835461362,5343,1
5344,1151835586276,1151835586308,1151835586356,5344,1
5345,1151835711307,1151835711340,1151835711388,5345,1
5346,1151835835350,1151835835383,1151835835434,5346,1
5347,1151836027972,1151836028005,1151836028123,5347,1
5348,1151836086783,1151836086816,1151836086863,5348,1
5349,1151836211381,1151836211413,1151836211464,5349,1
5350,1151836336275,1151836336309,1151836336356,5350,1
5351,1151836461115,1151836461147,1151836461196,5351,1
5352,1151836586212,1151836586243,1151836586292,5352,1
5353,1151836711250,1151836711284,1151836711332,5353,1
5354,1151836836590,1151836836692,1151836836802,5354,1
5355,1151836961197,1151836961229,1151836961277,5355,1
5356,1151837086344,1151837086378,1151837086542,5356,1
5357,1151837210407,1151837210440,1151837210555,5357,1
5358,1151837338064,1151837338096,1151837338269,5358,1
5359,1151837461359,1151837461392,1151837461580,5359,1
5360,1151837586319,1151837586352,1151837586400,5360,1
5361,1151837711468,1151837711500,1151837711669,5361,1
5362,1151837836301,1151837836334,1151837836382,5362,1
5363,1151837961262,1151837961293,1151837961478,5363,1
5364,1151838086421,1151838086454,1151838086502,5364,1
5365,1151838211340,1151838211372,1151838211610,5365,1
5366,1151838336414,1151838336446,1151838336616,5366,1
5367,1151838461372,1151838461404,1151838461455,5367,1
5368,1151838586317,1151838586353,1151838586526,5368,1
5369,1151838711556,1151838711589,1151838711778,5369,1
5370,1151838836285,1151838836318,1151838836367,5370,1
5371,1151838961287,1151838961319,1151838961449,5371,1
5372,1151839086340,1151839086373,1151839086424,5372,1
5373,1151839211430,1151839211461,1151839211571,5373,1
5374,1151839336273,1151839336307,1151839336353,5374,1
5375,1151839461322,1151839461355,1151839461468,5375,1
5376,1151839660974,1151839661009,1151839661062,5376,1
5377,1151839711836,1151839711868,1151839711975,5377,1
5378,1151839835400,1151839835433,1151839835481,5378,1
5379,1151840024774,1151840024807,1151840024959,5379,1
5380,1151840117578,1151840117611,1151840117661,5380,1
5381,1151840211631,1151840211663,1151840211772,5381,1
5382,1151840336531,1151840336564,1151840336617,5382,1
5383,1151840461231,1151840461264,1151840461375,5383,1
5384,1151840586331,1151840586363,1151840586412,5384,1
5385,1151840711195,1151840711227,1151840711339,5385,1
5386,1151840836304,1151840836336,1151840836385,5386,1
5387,1151840961281,1151840961314,1151840961431,5387,1
5388,1151841086774,1151841086880,1151841086995,5388,1
5389,1151841210348,1151841210381,1151841210488,5389,1
5390,1151841347594,1151841347626,1151841347791,5390,1
5391,1151841514689,1151841514725,1151841514895,5391,1
5392,1151841589150,1151841589185,1151841589233,5392,1
5393,1151841713027,1151841713060,1151841713229,5393,1
5394,1151841837935,1151841837970,1151841838019,5394,1
5395,1151842027893,1151842027925,1151842028109,5395,1
5396,1151842088138,1151842088170,1151842088330,5396,1
5397,1151842212909,1151842212941,1151842213066,5397,1
5398,1151842338227,1151842338259,1151842338443,5398,1
5399,1151842463003,1151842463035,1151842463153,5399,1
5400,1151842588075,1151842588107,1151842588289,5400,1
5401,1151842713134,1151842713168,1151842713349,5401,1
5402,1151842861567,1151842861599,1151842861786,5402,1
5403,1151842963305,1151842963338,1151842963453,5403,1
5404,1151843088047,1151843088080,1151843088123,5404,1
5405,1151843213053,1151843213086,1151843213195,5405,1
5406,1151843338155,1151843338188,1151843338233,5406,1
5407,1151843463033,1151843463066,1151843463113,5407,1
5408,1151843594873,1151843594906,1151843594955,5408,1
5409,1151843713049,1151843713082,1151843713132,5409,1
5410,1151843837993,1151843838028,1151843838079,5410,1
5411,1151843986244,1151843986277,1151843986326,5411,1
5412,1151844093923,1151844093960,1151844094007,5412,1
5413,1151844211456,1151844211488,1151844211538,5413,1
5414,1151844336445,1151844336477,1151844336525,5414,1
5415,1151844461371,1151844461403,1151844461452,5415,1
5416,1151844586364,1151844586397,1151844586444,5416,1
5417,1151844711195,1151844711228,1151844711275,5417,1
5418,1151844836291,1151844836324,1151844836372,5418,1
5419,1151844961372,1151844961404,1151844961529,5419,1
5420,1151845086348,1151845086381,1151845086430,5420,1
5421,1151845210681,1151845210785,1151845210954,5421,1
5422,1151845341887,1151845341920,1151845341969,5422,1
5423,1151845462997,1151845463030,1151845463209,5423,1
5424,1151845587912,1151845587945,1151845587993,5424,1
5425,1151845712819,1151845712851,1151845713023,5425,1
5426,1151845837722,1151845837755,1151845837919,5426,1
5427,1151845962748,1151845962780,1151845962890,5427,1
5428,1151846087752,1151846087784,1151846087952,5428,1
5429,1151846212968,1151846213000,1151846213112,5429,1
5430,1151846337906,1151846337939,1151846338099,5430,1
5431,1151846462790,1151846462822,1151846462934,5431,1
5432,1151846587839,1151846587872,1151846588051,5432,1
5433,1151846712917,1151846712952,1151846713117,5433,1
5434,1151846837762,1151846837795,1151846837845,5434,1
5435,1151846962769,1151846962802,1151846962968,5435,1
5436,1151847088179,1151847088212,1151847088381,5436,1
5437,1151847212771,1151847212803,1151847212918,5437,1
5438,1151847340461,1151847340494,1151847340541,5438,1
5439,1151847463068,1151847463101,1151847463221,5439,1
5440,1151847588201,1151847588234,1151847588281,5440,1
5441,1151847713238,1151847713271,1151847713381,5441,1
5442,1151847838068,1151847838100,1151847838145,5442,1
5443,1151847988880,1151847988912,1151847989027,5443,1
5444,1151848093170,1151848093203,1151848093250,5444,1
5445,1151848241736,1151848241768,1151848241908,5445,1
5446,1151848336801,1151848336833,1151848336883,5446,1
5447,1151848461358,1151848461392,1151848461488,5447,1
5448,1151848586431,1151848586464,1151848586514,5448,1
5449,1151848711294,1151848711327,1151848711376,5449,1
5450,1151848836321,1151848836355,1151848836403,5450,1
5451,1151848961325,1151848961357,1151848961406,5451,1
5452,1151849086140,1151849086173,1151849086221,5452,1
5453,1151849210734,1151849210766,1151849210814,5453,1
5454,1151849348257,1151849348361,1151849348530,5454,1
5455,1151849461367,1151849461400,1151849461448,5455,1
5456,1151849586451,1151849586484,1151849586662,5456,1
5457,1151849711529,1151849711561,1151849711681,5457,1
5458,1151849836268,1151849836300,1151849836482,5458,1
5459,1151849961290,1151849961322,1151849961440,5459,1
5460,1151850086378,1151850086409,1151850086588,5460,1
5461,1151850211314,1151850211346,1151850211511,5461,1
5462,1151850336250,1151850336283,1151850336332,5462,1
5463,1151850461212,1151850461245,1151850461406,5463,1
5464,1151850586302,1151850586334,1151850586383,5464,1
5465,1151850711703,1151850711735,1151850711908,5465,1
5466,1151850836274,1151850836306,1151850836481,5466,1
5467,1151850961270,1151850961303,1151850961350,5467,1
5468,1151851086260,1151851086293,1151851086462,5468,1
5469,1151851211385,1151851211418,1151851211593,5469,1
5470,1151851336222,1151851336255,1151851336302,5470,1
5471,1151851460489,1151851460521,1151851460638,5471,1
5472,1151851633397,1151851633429,1151851633520,5472,1
5473,1151851713204,1151851713236,1151851713281,5473,1
5474,1151851838160,1151851838197,1151851838245,5474,1
5475,1151852040701,1151852040743,1151852040815,5475,1
5476,1151852087229,1151852087262,1151852087310,5476,1
5477,1151852211556,1151852211588,1151852211638,5477,1
5478,1151852341893,1151852341926,1151852341976,5478,1
5479,1151852461386,1151852461418,1151852461464,5479,1
5480,1151852585416,1151852585449,1151852585496,5480,1
5481,1151852758549,1151852758601,1151852758717,5481,1
5482,1151852837666,1151852837699,1151852837747,5482,1
5483,1151852961513,1151852961546,1151852961595,5483,1
5484,1151853086181,1151853086213,1151853086270,5484,1
5485,1151853210460,1151853210492,1151853210543,5485,1
5486,1151853337966,1151853337997,1151853338046,5486,1
5487,1151853461255,1151853461288,1151853461338,5487,1
5488,1151853586538,1151853586569,1151853586679,5488,1
5489,1151853711403,1151853711437,1151853711615,5489,1
5490,1151853836369,1151853836405,1151853836453,5490,1
5491,1151853961298,1151853961331,1151853961511,5491,1
5492,1151854086177,1151854086209,1151854086257,5492,1
5493,1151854211347,1151854211379,1151854211775,5493,1
5494,1151854336422,1151854336453,1151854336627,5494,1
5495,1151854461382,1151854461415,1151854461609,5495,1
5496,1151854586323,1151854586356,1151854586536,5496,1
5497,1151854710439,1151854710472,1151854710595,5497,1
5498,1151854843654,1151854843686,1151854843913,5498,1
5499,1151854961409,1151854961442,1151854961565,5499,1
5500,1151855086251,1151855086283,1151855086466,5500,1
5501,1151855211194,1151855211226,1151855211395,5501,1
5502,1151855336671,1151855336707,1151855336879,5502,1
5503,1151855460280,1151855460317,1151855460369,5503,1
5504,1151855593923,1151855593955,1151855594051,5504,1
5505,1151855710539,1151855710571,1151855710624,5505,1
5506,1151856263316,1151856263420,1151856263535,5506,1
5507,1151856263624,1151856263658,1151856263826,5507,1
5508,1151856263860,1151856264038,1151856264080,5508,1
5509,1151856264113,1151856264145,1151856264187,5509,1
5510,1151856881992,1151856882050,1151856882300,5510,1
5511,1151856882574,1151856882607,1151856882791,5511,1
5512,1151856882823,1151856883080,1151856883121,5512,1
5513,1151856883153,1151856883307,1151856883420,5513,1
5514,1151856883452,1151856883484,1151856883526,5514,1
5515,1151856969350,1151856969383,1151856969561,5515,1
5516,1151857090981,1151857091014,1151857091061,5516,1
5517,1151857270046,1151857270079,1151857270159,5517,1
5518,1151857349760,1151857349792,1151857349840,5518,1
5519,1151857465365,1151857465398,1151857465594,5519,1
5520,1151857589558,1151857589590,1151857589646,5520,1
5521,1151857714163,1151857714196,1151857714370,5521,1
5522,1151857937284,1151857937317,1151857937434,5522,1
5523,1151857963076,1151857963108,1151857963283,5523,1
5524,1151858161396,1151858161498,1151858161652,5524,1
5525,1151858213563,1151858213596,1151858213805,5525,1
5526,1151858337939,1151858337971,1151858338020,5526,1
5527,1151858462590,1151858462623,1151858462815,5527,1
5528,1151858587381,1151858587414,1151858587462,5528,1
5529,1151858712151,1151858712184,1151858712443,5529,1
5530,1151858837372,1151858837404,1151858837452,5530,1
5531,1151858961954,1151858961986,1151858962167,5531,1
5532,1151859086910,1151859086944,1151859086991,5532,1
5533,1151859211828,1151859211859,1151859212051,5533,1
5534,1151859336865,1151859336897,1151859336948,5534,1
5535,1151859460786,1151859460819,1151859461020,5535,1
5536,1151859592171,1151859592204,1151859592426,5536,1
5537,1151859713226,1151859713262,1151859713369,5537,1
5538,1151859837982,1151859838015,1151859838180,5538,1
5539,1151860024782,1151860024815,1151860024989,5539,1
5540,1151860087006,1151860087109,1151860087158,5540,1
5541,1151860211383,1151860211415,1151860211596,5541,1
5542,1151860336457,1151860336488,1151860336538,5542,1
5543,1151860461343,1151860461376,1151860461565,5543,1
5544,1151860586392,1151860586424,1151860586473,5544,1
5545,1151860711249,1151860711283,1151860711469,5545,1
5546,1151860835800,1151860835832,1151860835879,5546,1
5547,1151860960949,1151860960980,1151860961157,5547,1
5548,1151861085087,1151861085119,1151861085295,5548,1
5549,1151861249485,1151861249516,1151861249738,5549,1
5550,1151861337777,1151861337810,1151861337856,5550,1
5551,1151861800684,1151861800726,1151861800990,5551,1
5552,1151861801097,1151861801142,1151861801184,5552,1
5553,1151861801217,1151861801259,1151861801360,5553,1
5554,1151861884328,1151861884361,1151861884512,5554,1
5555,1151861965667,1151861965700,1151861965814,5555,1
5556,1151862157236,1151862157269,1151862157480,5556,1
5557,1151862213610,1151862213643,1151862213750,5557,1
5558,1151862404454,1151862404490,1151862404696,5558,1
5559,1151862463560,1151862463592,1151862463757,5559,1
5560,1151862592773,1151862592806,1151862592855,5560,1
5561,1151862713367,1151862713400,1151862713570,5561,1
5562,1151862838492,1151862838525,1151862838575,5562,1
5563,1151862982564,1151862982600,1151862982812,5563,1
5564,1151863088052,1151863088084,1151863088132,5564,1
5565,1151863213060,1151863213093,1151863213279,5565,1
5566,1151863360528,1151863360562,1151863360743,5566,1
5567,1151863463254,1151863463287,1151863463404,5567,1
5568,1151863592899,1151863592933,1151863593114,5568,1
5569,1151863716559,1151863716591,1151863716779,5569,1
5570,1151863840596,1151863840629,1151863840675,5570,1
5571,1151863996316,1151863996348,1151863996462,5571,1
5572,1151864096291,1151864096324,1151864096373,5572,1
5573,1151864213219,1151864213251,1151864213352,5573,1
5574,1151864438561,1151864438595,1151864438675,5574,1
5575,1151864463765,1151864463798,1151864463901,5575,1
5576,1151864588170,1151864588204,1151864588252,5576,1
5577,1151864712120,1151864712153,1151864712264,5577,1
5578,1151864836304,1151864836337,1151864836388,5578,1
5579,1151865020591,1151865020624,1151865020778,5579,1
5580,1151865087326,1151865087358,1151865087408,5580,1
5581,1151865211022,1151865211054,1151865211256,5581,1
5582,1151865345906,1151865345938,1151865345986,5582,1
5583,1151865506291,1151865506324,1151865506449,5583,1
5584,1151865587001,1151865587035,1151865587083,5584,1
5585,1151865711844,1151865711877,1151865712048,5585,1
5586,1151865837030,1151865837063,1151865837110,5586,1
5587,1151865960543,1151865960575,1151865960770,5587,1
5588,1151866140103,1151866140205,1151866140358,5588,1
5589,1151866213507,1151866213540,1151866213711,5589,1
5590,1151866337878,1151866337911,1151866337959,5590,1
5591,1151866462919,1151866462951,1151866463116,5591,1
5592,1151866588013,1151866588046,1151866588093,5592,1
5593,1151866712804,1151866712836,1151866713013,5593,1
5594,1151866837832,1151866837864,1151866838035,5594,1
5595,1151866962848,1151866962881,1151866963001,5595,1
5596,1151867087739,1151867087771,1151867087948,5596,1
5597,1151867265468,1151867265501,1151867265712,5597,1
5598,1151867338081,1151867338113,1151867338161,5598,1
5599,1151867463155,1151867463187,1151867463301,5599,1
5600,1151867594816,1151867594850,1151867595017,5600,1
5601,1151867712869,1151867712902,1151867713093,5601,1
5602,1151867837983,1151867838016,1151867838201,5602,1
5603,1151867980780,1151867980814,1151867980862,5603,1
5604,1151868094111,1151868094143,1151868094190,5604,1
5605,1151868211750,1151868211782,1151868211831,5605,1
5606,1151868336434,1151868336465,1151868336516,5606,1
5607,1151868460538,1151868460570,1151868460684,5607,1
5608,1151868709175,1151868709207,1151868709300,5608,1
5609,1151868709359,1151868709489,1151868709592,5609,1
5610,1151868911512,1151868911547,1151868911596,5610,1
5611,1151868966791,1151868966824,1151868966933,5611,1
5612,1151869094233,1151869094337,1151869094385,5612,1
5613,1151869214818,1151869214851,1151869214972,5613,1
5614,1151869345486,1151869345517,1151869345565,5614,1
5615,1151869461139,1151869461172,1151869461289,5615,1
5616,1151869585544,1151869585577,1151869585630,5616,1
5617,1151869809393,1151869809426,1151869809598,5617,1
5618,1151869835787,1151869835820,1151869835869,5618,1
5619,1151869980812,1151869980845,1151869981004,5619,1
5620,1151870133787,1151870133818,1151870133911,5620,1
5621,1151870213629,1151870213662,1151870213997,5621,1
5622,1151870337957,1151870337990,1151870338038,5622,1
5623,1151870463132,1151870463167,1151870463355,5623,1
5624,1151870587944,1151870587977,1151870588154,5624,1
5625,1151870713050,1151870713083,1151870713209,5625,1
5626,1151870838071,1151870838103,1151870838292,5626,1
5627,1151870962989,1151870963021,1151870963146,5627,1
5628,1151871087891,1151871087924,1151871088112,5628,1
5629,1151871213193,1151871213225,1151871213408,5629,1
5630,1151871337896,1151871337929,1151871337977,5630,1
5631,1151871462894,1151871462927,1151871463048,5631,1
5632,1151871587954,1151871587986,1151871588038,5632,1
5633,1151871713201,1151871713234,1151871713343,5633,1
5634,1151871867052,1151871867085,1151871867256,5634,1
5635,1151872030962,1151872031081,1151872031326,5635,1
5636,1151872088647,1151872088680,1151872088728,5636,1
5637,1151872210894,1151872210926,1151872211042,5637,1
5638,1151876714250,1151876714342,1151876714683,5638,1
5639,1151876714995,1151876715027,1151876715175,5639,1
5640,1151876715206,1151876715348,1151876715388,5640,1
5641,1151876715420,1151876715470,1151876715655,5641,1
5642,1151876715687,1151876715718,1151876715758,5642,1
5643,1151876715935,1151876715966,1151876716327,5643,1
5644,1151876716359,1151876716390,1151876716430,5644,1
5645,1151876716461,1151876716614,1151876716668,5645,1
5646,1151876716699,1151876716732,1151876716772,5646,1
5647,1151876716912,1151876716943,1151876717090,5647,1
5648,1151876717122,1151876717245,1151876717285,5648,1
5649,1151876717316,1151876717347,1151876717521,5649,1
5650,1151876717553,1151876717584,1151876717624,5650,1
5651,1151876717682,1151876717714,1151876717879,5651,1
5652,1151876717911,1151876717943,1151876717983,5652,1
5653,1151876718014,1151876718046,1151876718200,5653,1
5654,1151876718232,1151876718263,1151876718303,5654,1
5655,1151876718334,1151876718367,1151876718522,5655,1
5656,1151876718553,1151876718585,1151876718625,5656,1
5657,1151876718656,1151876718687,1151876718727,5657,1
5658,1151876718759,1151876718792,1151876718832,5658,1
5659,1151876718862,1151876718894,1151876718934,5659,1
5660,1151876718964,1151876718996,1151876719037,5660,1
5661,1151876719067,1151876719099,1151876719139,5661,1
5662,1151876719169,1151876719200,1151876719240,5662,1
5663,1151876719273,1151876719304,1151876719344,5663,1
5664,1151876719374,1151876719406,1151876719446,5664,1
5665,1151876719476,1151876719509,1151876719548,5665,1
5666,1151876719579,1151876719611,1151876719651,5666,1
5667,1151876719681,1151876719713,1151876719753,5667,1
5668,1151876719784,1151876719816,1151876719856,5668,1
5669,1151876719887,1151876719919,1151876719959,5669,1
5670,1151876719989,1151876720021,1151876720066,5670,1
5671,1151876720096,1151876720128,1151876720168,5671,1
5672,1151876720199,1151876720231,1151876720271,5672,1
5673,1151876720301,1151876720333,1151876720373,5673,1
5674,1151876845788,1151876845820,1151876845869,5674,1
5675,1151876966507,1151876966538,1151876966585,5675,1
5676,1151877093096,1151877093127,1151877093173,5676,1
5677,1151877215229,1151877215261,1151877215308,5677,1
5678,1151877347669,1151877347701,1151877347748,5678,1
5679,1151877461285,1151877461317,1151877461365,5679,1
5680,1151877624947,1151877624981,1151877625064,5680,1
5681,1151877712752,1151877712858,1151877713021,5681,1
5682,1151877836342,1151877836375,1151877836428,5682,1
5683,1151877960625,1151877960659,1151877960822,5683,1
5684,1151878190200,1151878190233,1151878190442,5684,1
5685,1151878213635,1151878213668,1151878213776,5685,1
5686,1151878335525,1151878335557,1151878335611,5686,1
5687,1151878504738,1151878504771,1151878504926,5687,1
5688,1151878589870,1151878589903,1151878589954,5688,1
5689,1151878778169,1151878778202,1151878778424,5689,1
5690,1151878839378,1151878839410,1151878839461,5690,1
5691,1151878963556,1151878963590,1151878963754,5691,1
5692,1151879120532,1151879120565,1151879120659,5692,1
5693,1151879246335,1151879246368,1151879246545,5693,1
5694,1151879339076,1151879339108,1151879339157,5694,1
5695,1151879462967,1151879463000,1151879463186,5695,1
5696,1151879587718,1151879587751,1151879587939,5696,1
5697,1151879711673,1151879711706,1151879711825,5697,1
5698,1151881264847,1151881264980,1151881265315,5698,1
5699,1151881265525,1151881265557,1151881265629,5699,1
5700,1151881265661,1151881265807,1151881265849,5700,1
5701,1151881265880,1151881266021,1151881266088,5701,1
5702,1151881266120,1151881266153,1151881266196,5702,1
5703,1151881266370,1151881266402,1151881266453,5703,1
5704,1151881266486,1151881266632,1151881266673,5704,1
5705,1151881266704,1151881266819,1151881266999,5705,1
5706,1151881267030,1151881267062,1151881267104,5706,1
5707,1151881267255,1151881267287,1151881267463,5707,1
5708,1151881267495,1151881267629,1151881267670,5708,1
5709,1151881267702,1151881268022,1151881268188,5709,1
5710,1151881358394,1151881358426,1151881358480,5710,1
5711,1151881519878,1151881519922,1151881520047,5711,1
5712,1151881596705,1151881596738,1151881596790,5712,1
5713,1151881933931,1151881933967,1151881934244,5713,1
5714,1151881934304,1151881934337,1151881934379,5714,1
5715,1151881970845,1151881970877,1151881971068,5715,1
5716,1151882260156,1151882260188,1151882260333,5716,1
5717,1151882260394,1151882260437,1151882260680,5717,1
5718,1151882342597,1151882342629,1151882342682,5718,1
5719,1151882499178,1151882499210,1151882499444,5719,1
5720,1151882595097,1151882595130,1151882595183,5720,1
5721,1151882719149,1151882719182,1151882719358,5721,1
5722,1151882841826,1151882841858,1151882841907,5722,1
5723,1151882962899,1151882962932,1151882963283,5723,1
5724,1151883087428,1151883087461,1151883087510,5724,1
5725,1151883212221,1151883212253,1151883212307,5725,1
5726,1151883337251,1151883337283,1151883337337,5726,1
5727,1151883460934,1151883460970,1151883461023,5727,1
5728,1151883590076,1151883590109,1151883590201,5728,1
5729,1151883719178,1151883719211,1151883719306,5729,1
5730,1151883894174,1151883894207,1151883894302,5730,1
5731,1151883956425,1151883956459,1151883956511,5731,1
5732,1151884159646,1151884159679,1151884159770,5732,1
5733,1151884212103,1151884212135,1151884212183,5733,1
5734,1151884375279,1151884375316,1151884375366,5734,1
5735,1151884607791,1151884607825,1151884608022,5735,1
5736,1151884616212,1151884616244,1151884616294,5736,1
5737,1151884718182,1151884718215,1151884718385,5737,1
5738,1151886834454,1151886834599,1151886834999,5738,1
5739,1151886835205,1151886835249,1151886835357,5739,1
5740,1151886835397,1151886835566,1151886835614,5740,1
5741,1151886835650,1151886835703,1151886835824,5741,1
5742,1151886835867,1151886835909,1151886835955,5742,1
5743,1151886836024,1151886836062,1151886836179,5743,1
5744,1151886836217,1151886836268,1151886836319,5744,1
5745,1151886836360,1151886836397,1151886836620,5745,1
5746,1151886836666,1151886836706,1151886836751,5746,1
5747,1151886836817,1151886836860,1151886837047,5747,1
5748,1151886837088,1151886837128,1151886837177,5748,1
5749,1151886837216,1151886837255,1151886837543,5749,1
5750,1151886837586,1151886837624,1151886837670,5750,1
5751,1151886837729,1151886837768,1151886837948,5751,1
5752,1151886837989,1151886838028,1151886838076,5752,1
5753,1151886838116,1151886838157,1151886838346,5753,1
5754,1151886838387,1151886838431,1151886838482,5754,1
5755,1151887022941,1151887022978,1151887023148,5755,1
5756,1151887092438,1151887092471,1151887092521,5756,1
5757,1151887216856,1151887216891,1151887217075,5757,1
5758,1151887342352,1151887342383,1151887342432,5758,1
5759,1151887467957,1151887467990,1151887468178,5759,1
5760,1151887587135,1151887587167,1151887587343,5760,1
5761,1151887710455,1151887710488,1151887710595,5761,1
5762,1151888036389,1151888036431,1151888036744,5762,1
5763,1151888036949,1151888036983,1151888037086,5763,1
5764,1151888175035,1151888175068,1151888175272,5764,1
5765,1151888215019,1151888215050,1151888215103,5765,1
5766,1151888339903,1151888339935,1151888340107,5766,1
5767,1151888663559,1151888663590,1151888663796,5767,1
5768,1151888663857,1151888663991,1151888664032,5768,1
5769,1151888718909,1151888718941,1151888719117,5769,1
5770,1151888843711,1151888843741,1151888843788,5770,1
5771,1151888969022,1151888969053,1151888969235,5771,1
5772,1151889095871,1151889095904,1151889095953,5772,1
5773,1151889217031,1151889217063,1151889217229,5773,1
5774,1151889420594,1151889420626,1151889420837,5774,1
5775,1151889464431,1151889464463,1151889464573,5775,1
5776,1151889588520,1151889588551,1151889588729,5776,1
5777,1151889713661,1151889713693,1151889713857,5777,1
5778,1151889836884,1151889836916,1151889836960,5778,1
5779,1151889970313,1151889970344,1151889970500,5779,1
5780,1151890174308,1151890174340,1151890174445,5780,1
5781,1151890213028,1151890213060,1151890213187,5781,1
5782,1151890336488,1151890336520,1151890336573,5782,1
5783,1151890499777,1151890499809,1151890500027,5783,1
5784,1151890589652,1151890589683,1151890589732,5784,1
5785,1151890713859,1151890713890,1151890714104,5785,1
5786,1151890838399,1151890838430,1151890838479,5786,1
5787,1151890963535,1151890963566,1151890963759,5787,1
5788,1151891088454,1151891088486,1151891088592,5788,1
5789,1151891278570,1151891278617,1151891278790,5789,1
5790,1151891338954,1151891338985,1151891339035,5790,1
5791,1151891463196,1151891463228,1151891463399,5791,1
5792,1151891596488,1151891596520,1151891596569,5792,1
5793,1151891713179,1151891713211,1151891713382,5793,1
5794,1151891837609,1151891837641,1151891837811,5794,1
5795,1151891955104,1151891955137,1151891955237,5795,1
5796,1151892149793,1151892149896,1151892150123,5796,1
5797,1151892211598,1151892211629,1151892211752,5797,1
5798,1151892336016,1151892336048,1151892336233,5798,1
5799,1151892460970,1151892461002,1151892461124,5799,1
5800,1151892584952,1151892584985,1151892585158,5800,1
5801,1151892745384,1151892745416,1151892745637,5801,1
5802,1151892836585,1151892836617,1151892836796,5802,1
5803,1151892960907,1151892960940,1151892961059,5803,1
5804,1151893086094,1151893086125,1151893086175,5804,1
5805,1151893210101,1151893210133,1151893210241,5805,1
5806,1151893345525,1151893345556,1151893345607,5806,1
5807,1151893461052,1151893461083,1151893461196,5807,1
5808,1151893586269,1151893586302,1151893586350,5808,1
5809,1151893711593,1151893711626,1151893711740,5809,1
5810,1151893835439,1151893835472,1151893835522,5810,1
5811,1151893981643,1151893981677,1151893981826,5811,1
5812,1151894165455,1151894165487,1151894165597,5812,1
5813,1151894211615,1151894211650,1151894211751,5813,1
5814,1151894335469,1151894335501,1151894335553,5814,1
5815,1151894515945,1151894515978,1151894516123,5815,1
5816,1151894588306,1151894588339,1151894588389,5816,1
5817,1151894713229,1151894713265,1151894713374,5817,1
5818,1151894838343,1151894838376,1151894838427,5818,1
5819,1151894963359,1151894963392,1151894963498,5819,1
5820,1151895088195,1151895088228,1151895088281,5820,1
5821,1151895213289,1151895213321,1151895213495,5821,1
5822,1151895338165,1151895338197,1151895338248,5822,1
5823,1151895462694,1151895462725,1151895462922,5823,1
5824,1151895588176,1151895588208,1151895588258,5824,1
5825,1151895713311,1151895713344,1151895713455,5825,1
5826,1151895838241,1151895838273,1151895838447,5826,1
5827,1151895955329,1151895955361,1151895955478,5827,1
5828,1151896184560,1151896184667,1151896184878,5828,1
5829,1151896211924,1151896211957,1151896212059,5829,1
5830,1151896336355,1151896336387,1151896336557,5830,1
5831,1151896461211,1151896461244,1151896461403,5831,1
5832,1151896586186,1151896586220,1151896586269,5832,1
5833,1151896711122,1151896711155,1151896711318,5833,1
5834,1151896836667,1151896836700,1151896836749,5834,1
5835,1151896961201,1151896961234,1151896961396,5835,1
5836,1151897085770,1151897085803,1151897085972,5836,1
5837,1151897272768,1151897272800,1151897272962,5837,1
5838,1151897338209,1151897338241,1151897338292,5838,1
5839,1151897461415,1151897461448,1151897461569,5839,1
5840,1151897586412,1151897586444,1151897586492,5840,1
5841,1151897711293,1151897711325,1151897711451,5841,1
5842,1151897835419,1151897835451,1151897835499,5842,1
5843,1151897968666,1151897968700,1151897968853,5843,1
5844,1151898136228,1151898136261,1151898136380,5844,1
5845,1151898211755,1151898211787,1151898211899,5845,1
5846,1151898335582,1151898335614,1151898335664,5846,1
5847,1151898507248,1151898507280,1151898507430,5847,1
5848,1151898587825,1151898587858,1151898587909,5848,1
5849,1151898712706,1151898712739,1151898712857,5849,1
5850,1151898837859,1151898837892,1151898837941,5850,1
5851,1151898962981,1151898963014,1151898963125,5851,1
5852,1151899087826,1151899087860,1151899087911,5852,1
5853,1151899212712,1151899212745,1151899212821,5853,1
5854,1151899337898,1151899337930,1151899338042,5854,1
5855,1151899463110,1151899463143,1151899463227,5855,1
5856,1151899588110,1151899588142,1151899588329,5856,1
5857,1151899712992,1151899713024,1151899713073,5857,1
5858,1151899837917,1151899837950,1151899838126,5858,1
5859,1151899955474,1151899955507,1151899955697,5859,1
5860,1151900165266,1151900165372,1151900165473,5860,1
5861,1151900212702,1151900212734,1151900212905,5861,1
5862,1151900336421,1151900336454,1151900336504,5862,1
5863,1151900461333,1151900461366,1151900461530,5863,1
5864,1151900586348,1151900586381,1151900586431,5864,1
5865,1151900711248,1151900711280,1151900711445,5865,1
5866,1151900836310,1151900836343,1151900836510,5866,1
5867,1151900961286,1151900961317,1151900961431,5867,1
5868,1151901086412,1151901086444,1151901086618,5868,1
5869,1151901210816,1151901210849,1151901211098,5869,1
5870,1151901348055,1151901348088,1151901348200,5870,1
5871,1151901479951,1151901479989,1151901480123,5871,1
5872,1151901586869,1151901586901,1151901586953,5872,1
5873,1151901731597,1151901731629,1151901731816,5873,1
5874,1151901836311,1151901836344,1151901836398,5874,1
5875,1151901969096,1151901969131,1151901969256,5875,1
5876,1151902178622,1151902178656,1151902178768,5876,1
5877,1151902212392,1151902212424,1151902212671,5877,1
5878,1151902335870,1151902335903,1151902335954,5878,1
5879,1151902501145,1151902501178,1151902501338,5879,1
5880,1151902586553,1151902586585,1151902586635,5880,1
5881,1151902788615,1151902788648,1151902788769,5881,1
5882,1151902836960,1151902836993,1151902837041,5882,1
5883,1151902961419,1151902961451,1151902961578,5883,1
5884,1151903085391,1151903085424,1151903085475,5884,1
5885,1151903268443,1151903268476,1151903268603,5885,1
5886,1151903336328,1151903336361,1151903336409,5886,1
5887,1151903461405,1151903461437,1151903461552,5887,1
5888,1151903586551,1151903586583,1151903586700,5888,1
5889,1151903710656,1151903710691,1151903710861,5889,1
5890,1151903898071,1151903898103,1151903898212,5890,1
5891,1151903955152,1151903955183,1151903955359,5891,1
5892,1151904144823,1151904144927,1151904145140,5892,1
5893,1151904211602,1151904211633,1151904211759,5893,1
5894,1151904335962,1151904335993,1151904336044,5894,1
5895,1151904460930,1151904460961,1151904461143,5895,1
5896,1151904585761,1151904585793,1151904585966,5896,1
5897,1151904710843,1151904710874,1151904710999,5897,1
5898,1151904835812,1151904835844,1151904836026,5898,1
5899,1151904960749,1151904960781,1151904960892,5899,1
5900,1151905085858,1151905085888,1151905086066,5900,1
5901,1151905210092,1151905210124,1151905210294,5901,1
5902,1151905359140,1151905359172,1151905359343,5902,1
5903,1151905460953,1151905460985,1151905461034,5903,1
5904,1151905585883,1151905585915,1151905585964,5904,1
5905,1151905710886,1151905710917,1151905710967,5905,1
5906,1151905835992,1151905836024,1151905836074,5906,1
5907,1151905959900,1151905959931,1151905959980,5907,1
5908,1151906143282,1151906143314,1151906143398,5908,1
5909,1151906210868,1151906210900,1151906210948,5909,1
5910,1151906335195,1151906335227,1151906335276,5910,1
5911,1151906500358,1151906500393,1151906500476,5911,1
5912,1151906587973,1151906588005,1151906588056,5912,1
5913,1151906712594,1151906712626,1151906712677,5913,1
5914,1151906837637,1151906837669,1151906837718,5914,1
5915,1151906962578,1151906962610,1151906962660,5915,1
5916,1151907087506,1151907087536,1151907087588,5916,1
5917,1151907212567,1151907212600,1151907212649,5917,1
5918,1151907337800,1151907337831,1151907337882,5918,1
5919,1151907462633,1151907462665,1151907462716,5919,1
5920,1151907587534,1151907587565,1151907587615,5920,1
5921,1151907712899,1151907712931,1151907713037,5921,1
5922,1151907866422,1151907866457,1151907866614,5922,1
5923,1151907955306,1151907955337,1151907955437,5923,1
5924,1151908202602,1151908202709,1151908202925,5924,1
5925,1151908202984,1151908203015,1151908203055,5925,1
5926,1151908336922,1151908336954,1151908337142,5926,1
5927,1151908460893,1151908460926,1151908460974,5927,1
5928,1151908585945,1151908585976,1151908586157,5928,1
5929,1151908710858,1151908710889,1151908711072,5929,1
5930,1151908835837,1151908835869,1151908835918,5930,1
5931,1151908960845,1151908960877,1151908961052,5931,1
5932,1151909126102,1151909126149,1151909126208,5932,1
5933,1151909643908,1151909643941,1151909644110,5933,1
5934,1151909644146,1151909644179,1151909644221,5934,1
5935,1151909644382,1151909644415,1151909644522,5935,1
5936,1151909644555,1151909644700,1151909644741,5936,1
5937,1151909712747,1151909712780,1151909712890,5937,1
5938,1151909836477,1151909836510,1151909836559,5938,1
5939,1151909960645,1151909960678,1151909960783,5939,1
5940,1151910137806,1151910137840,1151910137978,5940,1
5941,1151910211719,1151910211752,1151910211877,5941,1
5942,1151910335319,1151910335351,1151910335401,5942,1
5943,1151910512453,1151910512487,1151910512636,5943,1
5944,1151910588409,1151910588441,1151910588493,5944,1
5945,1151910713025,1151910713056,1151910713176,5945,1
5946,1151910837912,1151910837945,1151910837995,5946,1
5947,1151910962980,1151910963012,1151910963123,5947,1
5948,1151911088012,1151911088044,1151911088095,5948,1
5949,1151911212916,1151911212948,1151911213162,5949,1
5950,1151911341291,1151911341324,1151911341372,5950,1
5951,1151911462930,1151911462962,1151911463142,5951,1
5952,1151911594946,1151911594978,1151911595029,5952,1
5953,1151911713141,1151911713173,1151911713360,5953,1
5954,1151911913937,1151911913970,1151911914080,5954,1
5955,1151911955376,1151911955410,1151911955598,5955,1
5956,1151912288365,1151912288472,1151912288711,5956,1
5957,1151912288773,1151912288805,1151912288901,5957,1
5958,1151912342770,1151912342803,1151912342851,5958,1
5959,1151912466353,1151912466386,1151912466553,5959,1
5960,1151912591883,1151912591917,1151912591971,5960,1
5961,1151912716393,1151912716426,1151912716603,5961,1
5962,1151912841608,1151912841642,1151912841694,5962,1
5963,1151912961260,1151912961292,1151912961475,5963,1
5964,1151913086261,1151913086294,1151913086343,5964,1
5965,1151913210293,1151913210325,1151913210511,5965,1
5966,1151913391405,1151913391437,1151913391655,5966,1
5967,1151913461342,1151913461375,1151913461424,5967,1
5968,1151913773839,1151913773872,1151913774060,5968,1
5969,1151913774094,1151913774126,1151913774233,5969,1
5970,1151913841976,1151913842008,1151913842062,5970,1
5971,1151913965519,1151913965552,1151913965681,5971,1
5972,1151914141071,1151914141103,1151914141215,5972,1
5973,1151914219166,1151914219199,1151914219306,5973,1
5974,1151914343899,1151914343932,1151914343981,5974,1
5975,1151914495050,1151914495082,1151914495235,5975,1
5976,1151914589649,1151914589682,1151914589730,5976,1
5977,1151914743902,1151914743934,1151914744076,5977,1
5978,1151914839580,1151914839611,1151914839663,5978,1
5979,1151914963432,1151914963464,1151914963574,5979,1
5980,1151915094657,1151915094689,1151915094740,5980,1
5981,1151915213512,1151915213546,1151915213672,5981,1
5982,1151915338261,1151915338293,1151915338342,5982,1
5983,1151915463078,1151915463110,1151915463227,5983,1
5984,1151915587335,1151915587368,1151915587422,5984,1
5985,1151915711082,1151915711113,1151915711165,5985,1
5986,1151915957952,1151915957983,1151915958073,5986,1
5987,1151915958943,1151915958975,1151915959019,5987,1
5988,1151916153270,1151916153373,1151916153514,5988,1
5989,1151916211666,1151916211698,1151916211867,5989,1
5990,1151916336296,1151916336328,1151916336380,5990,1
5991,1151916460246,1151916460277,1151916460441,5991,1
5992,1151916601463,1151916601494,1151916601578,5992,1
5993,1151916792873,1151916792904,1151916793065,5993,1
5994,1151916836395,1151916836427,1151916836596,5994,1
5995,1151916961077,1151916961110,1151916961211,5995,1
5996,1151917107853,1151917107885,1151917108052,5996,1
5997,1151917210169,1151917210200,1151917210323,5997,1
5998,1151917336504,1151917336536,1151917336716,5998,1
5999,1151917460802,1151917460834,1151917460955,5999,1
6000,1151917584914,1151917584946,1151917585126,6000,1
6001,1151917729773,1151917729806,1151917730051,6001,1
6002,1151917836969,1151917837000,1151917837174,6002,1
6003,1151917960411,1151917960444,1151917960559,6003,1
6004,1151918137551,1151918137583,1151918137670,6004,1
6005,1151918211338,1151918211371,1151918211769,6005,1
6006,1151918335344,1151918335377,1151918335426,6006,1
6007,1151918645793,1151918645826,1151918646047,6007,1
6008,1151918646110,1151918646143,1151918646185,6008,1
6009,1151918717631,1151918717664,1151918717869,6009,1
6010,1151918841233,1151918841265,1151918841316,6010,1
6011,1151919025931,1151919025968,1151919026193,6011,1
6012,1151919090501,1151919090534,1151919090588,6012,1
6013,1151919218828,1151919218860,1151919219049,6013,1
6014,1151919339097,1151919339129,1151919339177,6014,1
6015,1151919462882,1151919462915,1151919463113,6015,1
6016,1151919591827,1151919591860,1151919591952,6016,1
6017,1151919713163,1151919713196,1151919713396,6017,1
6018,1151919872180,1151919872212,1151919872304,6018,1
6019,1151919956592,1151919956623,1151919956953,6019,1
6020,1151920161648,1151920161754,1151920161912,6020,1
6021,1151920212779,1151920212811,1151920212983,6021,1
6022,1151920336487,1151920336520,1151920336568,6022,1
6023,1151920461418,1151920461450,1151920461638,6023,1
6024,1151920586413,1151920586446,1151920586497,6024,1
6025,1151920761507,1151920761539,1151920761735,6025,1
6026,1151920836281,1151920836313,1151920836361,6026,1
6027,1151920961437,1151920961469,1151920961643,6027,1
6028,1151921086128,1151921086159,1151921086332,6028,1
6029,1151921210174,1151921210205,1151921210335,6029,1
6030,1151921345290,1151921345322,1151921345502,6030,1
6031,1151921461198,1151921461229,1151921461350,6031,1
6032,1151921586009,1151921586041,1151921586216,6032,1
6033,1151921710931,1151921710963,1151921711144,6033,1
6034,1151921835961,1151921835992,1151921836045,6034,1
6035,1151922347448,1151922347480,1151922347710,6035,1
6036,1151922347771,1151922347925,1151922347966,6036,1
6037,1151922347999,1151922348181,1151922348287,6037,1
6038,1151922348318,1151922348349,1151922348390,6038,1
6039,1151922492764,1151922492797,1151922493017,6039,1
6040,1151922587902,1151922587934,1151922587981,6040,1
6041,1151922712686,1151922712717,1151922712885,6041,1
6042,1151922837526,1151922837558,1151922837607,6042,1
6043,1151922962447,1151922962479,1151922962641,6043,1
6044,1151923087731,1151923087763,1151923087809,6044,1
6045,1151923212467,1151923212498,1151923212678,6045,1
6046,1151923337470,1151923337503,1151923337550,6046,1
6047,1151923462555,1151923462586,1151923462767,6047,1
6048,1151923587455,1151923587486,1151923587533,6048,1
6049,1151923712646,1151923712678,1151923712848,6049,1
6050,1151923837550,1151923837582,1151923837631,6050,1
6051,1151923955049,1151923955082,1151923955269,6051,1
6052,1151924146179,1151924146211,1151924146301,6052,1
6053,1151924211468,1151924211500,1151924211816,6053,1
6054,1151924336224,1151924336324,1151924336435,6054,1
6055,1151924460891,1151924460921,1151924461093,6055,1
6056,1151924585908,1151924585940,1151924586109,6056,1
6057,1151924709847,1151924709879,1151924709995,6057,1
6058,1151924843686,1151924843718,1151924843940,6058,1
6059,1151924960895,1151924960926,1151924961032,6059,1
6060,1151925085036,1151925085068,1151925085235,6060,1
6061,1151925333916,1151925333951,1151925334168,6061,1
6062,1151925341866,1151925341899,1151925341943,6062,1
6063,1151925461293,1151925461325,1151925461521,6063,1
6064,1151925585848,1151925585881,1151925585928,6064,1
6065,1151925710868,1151925710900,1151925711071,6065,1
6066,1151926045426,1151926045462,1151926045678,6066,1
6067,1151926052994,1151926053027,1151926053166,6067,1
6068,1151926126029,1151926126062,1151926126287,6068,1
6069,1151926211771,1151926211804,1151926211976,6069,1
6070,1151926335848,1151926335880,1151926335932,6070,1
6071,1151926611252,1151926611284,1151926611410,6071,1
6072,1151926611469,1151926611501,1151926611543,6072,1
6073,1151926711751,1151926711784,1151926711977,6073,1
6074,1151926836416,1151926836448,1151926836497,6074,1
6075,1151926961376,1151926961409,1151926961537,6075,1
6076,1151927086351,1151927086385,1151927086433,6076,1
6077,1151927218331,1151927218363,1151927218680,6077,1
6078,1151927336349,1151927336382,1151927336431,6078,1
6079,1151927461377,1151927461410,1151927461586,6079,1
6080,1151927592268,1151927592300,1151927592350,6080,1
6081,1151927710523,1151927710556,1151927710761,6081,1
6082,1151927865463,1151927865496,1151927865590,6082,1
6083,1151927954812,1151927954845,1151927955036,6083,1
6084,1151928210741,1151928210777,1151928210868,6084,1
6085,1151928218902,1151928218934,1151928219131,6085,1
6086,1151928336965,1151928336998,1151928337049,6086,1
6087,1151928461395,1151928461429,1151928461611,6087,1
6088,1151928586733,1151928586834,1151928586944,6088,1
6089,1151928711497,1151928711529,1151928711712,6089,1
6090,1151928836128,1151928836160,1151928836212,6090,1
6091,1151928961177,1151928961209,1151928961399,6091,1
6092,1151929085326,1151929085358,1151929085412,6092,1
6093,1151929340556,1151929340590,1151929340810,6093,1
6094,1151929340872,1151929340905,1151929340947,6094,1
6095,1151929501677,1151929501709,1151929501860,6095,1
6096,1151929586788,1151929586821,1151929586989,6096,1
6097,1151929711473,1151929711505,1151929711613,6097,1
6098,1151929836267,1151929836299,1151929836467,6098,1
6099,1151930276937,1151930276973,1151930277190,6099,1
6100,1151930277246,1151930277382,1151930277423,6100,1
6101,1151930277456,1151930277584,1151930277690,6101,1
6102,1151930336214,1151930336247,1151930336424,6102,1
6103,1151930507611,1151930507644,1151930507809,6103,1
6104,1151930595108,1151930595141,1151930595194,6104,1
6105,1151930717072,1151930717105,1151930717215,6105,1
6106,1151930841798,1151930841830,1151930841881,6106,1
6107,1151930966250,1151930966283,1151930966405,6107,1
6108,1151931090877,1151931090910,1151931090960,6108,1
6109,1151931215431,1151931215464,1151931215568,6109,1
6110,1151931340622,1151931340654,1151931340704,6110,1
6111,1151931464986,1151931465018,1151931465132,6111,1
6112,1151931589379,1151931589411,1151931589461,6112,1
6113,1151931714492,1151931714525,1151931714579,6113,1
6114,1151931839212,1151931839245,1151931839298,6114,1
6115,1151931956344,1151931956376,1151931956427,6115,1
6116,1151932142362,1151932142399,1151932142482,6116,1
6117,1151932213110,1151932213143,1151932213196,6117,1
6118,1151932337000,1151932337034,1151932337081,6118,1
6119,1151932461957,1151932461989,1151932462040,6119,1
6120,1151932586328,1151932586360,1151932586408,6120,1
6121,1151932711713,1151932711814,1151932711924,6121,1
6122,1151932836296,1151932836329,1151932836380,6122,1
6123,1151932966585,1151932966627,1151932966812,6123,1
6124,1151933087472,1151933087505,1151933087682,6124,1
6125,1151933260391,1151933260423,1151933260529,6125,1
6126,1151933339889,1151933339922,1151933340082,6126,1
6127,1151933461349,1151933461382,1151933461482,6127,1
6128,1151933586331,1151933586364,1151933586522,6128,1
6129,1151933711482,1151933711515,1151933711624,6129,1
6130,1151933836330,1151933836363,1151933836523,6130,1
6131,1151933967814,1151933967846,1151933968019,6131,1
6132,1151934086453,1151934086485,1151934086533,6132,1
6133,1151934211304,1151934211337,1151934211563,6133,1
6134,1151934335394,1151934335427,1151934335480,6134,1
6135,1151934515685,1151934515719,1151934515891,6135,1
6136,1151934588482,1151934588515,1151934588563,6136,1
6137,1151934713047,1151934713080,1151934713143,6137,1
6138,1151934838085,1151934838119,1151934838166,6138,1
6139,1151934962969,1151934963001,1151934963055,6139,1
6140,1151935087958,1151935087991,1151935088044,6140,1
6141,1151935213030,1151935213062,1151935213112,6141,1
6142,1151935338072,1151935338105,1151935338153,6142,1
6143,1151935463144,1151935463177,1151935463233,6143,1
6144,1151935752994,1151935753027,1151935753080,6144,1
6145,1151935757446,1151935757478,1151935757652,6145,1
6146,1151935838447,1151935838480,1151935838531,6146,1
6147,1151935955450,1151935955484,1151935955534,6147,1
6148,1151936157198,1151936157231,1151936157320,6148,1
6149,1151936211537,1151936211570,1151936211749,6149,1
6150,1151936336305,1151936336338,1151936336391,6150,1
6151,1151936461219,1151936461252,1151936461423,6151,1
6152,1151936586147,1151936586180,1151936586229,6152,1
6153,1151936711380,1151936711412,1151936711462,6153,1
6154,1151936836691,1151936836724,1151936836839,6154,1
6155,1151936961281,1151936961314,1151936961366,6155,1
6156,1151937086243,1151937086275,1151937086446,6156,1
6157,1151937210339,1151937210372,1151937210493,6157,1
6158,1151937347973,1151937348006,1151937348185,6158,1
6159,1151937462970,1151937463001,1151937463186,6159,1
6160,1151937587675,1151937587708,1151937587756,6160,1
6161,1151937711413,1151937711446,1151937711638,6161,1
6162,1151937836289,1151937836322,1151937836375,6162,1
6163,1151937961318,1151937961349,1151937961532,6163,1
6164,1151938086416,1151938086449,1151938086496,6164,1
6165,1151938211312,1151938211345,1151938211539,6165,1
6166,1151938335423,1151938335456,1151938335512,6166,1
6167,1151938500887,1151938500922,1151938501130,6167,1
6168,1151938588079,1151938588110,1151938588162,6168,1
6169,1151938713033,1151938713065,1151938713231,6169,1
6170,1151938840074,1151938840107,1151938840274,6170,1
6171,1151938963338,1151938963371,1151938963476,6171,1
6172,1151939088100,1151939088132,1151939088181,6172,1
6173,1151939213089,1151939213122,1151939213235,6173,1
6174,1151939338305,1151939338340,1151939338388,6174,1
6175,1151939463128,1151939463161,1151939463279,6175,1
6176,1151939588001,1151939588034,1151939588082,6176,1
6177,1151939713181,1151939713213,1151939713326,6177,1
6178,1151939838234,1151939838269,1151939838317,6178,1
6179,1151939955416,1151939955448,1151939955559,6179,1
6180,1151940208400,1151940208432,1151940208525,6180,1
6181,1151940208585,1151940208618,1151940208659,6181,1
6182,1151940343040,1151940343072,1151940343161,6182,1
6183,1151940460851,1151940460882,1151940460930,6183,1
6184,1151940585758,1151940585790,1151940585839,6184,1
6185,1151940710872,1151940710904,1151940711063,6185,1
6186,1151940835710,1151940835742,1151940835787,6186,1
6187,1151940960825,1151940960857,1151940961022,6187,1
6188,1151941086273,1151941086376,1151941086485,6188,1
6189,1151941209845,1151941209876,1151941210057,6189,1
6190,1151941337206,1151941337238,1151941337287,6190,1
6191,1151941461390,1151941461423,1151941461607,6191,1
6192,1151941586264,1151941586296,1151941586347,6192,1
6193,1151941711179,1151941711210,1151941711377,6193,1
6194,1151941836342,1151941836374,1151941836425,6194,1
6195,1151941960512,1151941960544,1151941960726,6195,1
6196,1151942096534,1151942096567,1151942096783,6196,1
6197,1151942211497,1151942211529,1151942211655,6197,1
6198,1151942335410,1151942335442,1151942335622,6198,1
6199,1151942503386,1151942503418,1151942503648,6199,1
6200,1151942588261,1151942588294,1151942588344,6200,1
6201,1151942712929,1151942712963,1151942713090,6201,1
6202,1151942858970,1151942859004,1151942859184,6202,1
6203,1151942963194,1151942963228,1151942963407,6203,1
6204,1151943088122,1151943088155,1151943088204,6204,1
6205,1151943212852,1151943212884,1151943213075,6205,1
6206,1151943338107,1151943338139,1151943338187,6206,1
6207,1151943462977,1151943463009,1151943463196,6207,1
6208,1151943587974,1151943588007,1151943588055,6208,1
6209,1151943713175,1151943713207,1151943713275,6209,1
6210,1151943838043,1151943838075,1151943838123,6210,1
6211,1151943955329,1151943955362,1151943955412,6211,1
6212,1151944167273,1151944167306,1151944167401,6212,1
6213,1151944211967,1151944212000,1151944212048,6213,1
6214,1151944336276,1151944336309,1151944336362,6214,1
6215,1151944461394,1151944461427,1151944461480,6215,1
6216,1151944586350,1151944586383,1151944586436,6216,1
6217,1151944711228,1151944711261,1151944711314,6217,1
6218,1151944836190,1151944836223,1151944836274,6218,1
6219,1151944961219,1151944961250,1151944961303,6219,1
6220,1151945086364,1151945086396,1151945086449,6220,1
6221,1151945210719,1151945210822,1151945210933,6221,1
6222,1151945337584,1151945337616,1151945337667,6222,1
6223,1151945461456,1151945461489,1151945461661,6223,1
6224,1151945586283,1151945586315,1151945586363,6224,1
6225,1151945711253,1151945711286,1151945711461,6225,1
6226,1151945836272,1151945836305,1151945836472,6226,1
6227,1151945961219,1151945961252,1151945961305,6227,1
6228,1151946086436,1151946086468,1151946086639,6228,1
6229,1151946211234,1151946211267,1151946211390,6229,1
6230,1151946335395,1151946335428,1151946335612,6230,1
6231,1151946500025,1151946500062,1151946500240,6231,1
6232,1151946588501,1151946588534,1151946588714,6232,1
6233,1151946713036,1151946713069,1151946713179,6233,1
6234,1151946838003,1151946838035,1151946838210,6234,1
6235,1151946962913,1151946962945,1151946963069,6235,1
6236,1151947107913,1151947107945,1151947108127,6236,1
6237,1151947213263,1151947213296,1151947213397,6237,1
6238,1151947338015,1151947338047,1151947338100,6238,1
6239,1151947462963,1151947462995,1151947463103,6239,1
6240,1151947588113,1151947588146,1151947588196,6240,1
6241,1151947713037,1151947713070,1151947713119,6241,1
6242,1151947838068,1151947838100,1151947838149,6242,1
6243,1151947955360,1151947955392,1151947955445,6243,1
6244,1151948157292,1151948157327,1151948157377,6244,1
6245,1151948255047,1151948255080,1151948255309,6245,1
6246,1151948336647,1151948336680,1151948336733,6246,1
6247,1151948461354,1151948461386,1151948461573,6247,1
6248,1151948586222,1151948586254,1151948586302,6248,1
6249,1151948711318,1151948711351,1151948711522,6249,1
6250,1151948836238,1151948836271,1151948836321,6250,1
6251,1151948961287,1151948961321,1151948961369,6251,1
6252,1151949086268,1151949086301,1151949086352,6252,1
6253,1151949210422,1151949210456,1151949210509,6253,1
6254,1151949349301,1151949349406,1151949349518,6254,1
6255,1151949461355,1151949461388,1151949461436,6255,1
6256,1151949586198,1151949586231,1151949586395,6256,1
6257,1151949711380,1151949711413,1151949711518,6257,1
6258,1151949836203,1151949836236,1151949836401,6258,1
6259,1151949961207,1151949961238,1151949961352,6259,1
6260,1151950087237,1151950087269,1151950087432,6260,1
6261,1151950211155,1151950211188,1151950211628,6261,1
6262,1151950336336,1151950336368,1151950336416,6262,1
6263,1151950461263,1151950461296,1151950461470,6263,1
6264,1151950586385,1151950586418,1151950586471,6264,1
6265,1151950710478,1151950710511,1151950710692,6265,1
6266,1151951038864,1151951038898,1151951039120,6266,1
6267,1151951039180,1151951039213,1151951039338,6267,1
6268,1151951095639,1151951095671,1151951095864,6268,1
6269,1151951211771,1151951211803,1151951211968,6269,1
6270,1151951343315,1151951343348,1151951343401,6270,1
6271,1151951466027,1151951466060,1151951466171,6271,1
6272,1151951590989,1151951591021,1151951591072,6272,1
6273,1151951713537,1151951713569,1151951713755,6273,1
6274,1151951896732,1151951896766,1151951896858,6274,1
6275,1151951957630,1151951957662,1151951957716,6275,1
6276,1151952137110,1151952137145,1151952137247,6276,1
6277,1151952213887,1151952213919,1151952213969,6277,1
6278,1151952344024,1151952344057,1151952344110,6278,1
6279,1151952463497,1151952463530,1151952463718,6279,1
6280,1151952587900,1151952587932,1151952587983,6280,1
6281,1151952729376,1151952729408,1151952729581,6281,1
6282,1151952955078,1151952955111,1151952955204,6282,1
6283,1151952955265,1151952955298,1151952955470,6283,1
6284,1151953087864,1151953087896,1151953087944,6284,1
6285,1151953210962,1151953210994,1151953211179,6285,1
6286,1151953338927,1151953338959,1151953339009,6286,1
6287,1151953461748,1151953461780,1151953461986,6287,1
6288,1151953587079,1151953587183,1151953587297,6288,1
6289,1151953711430,1151953711462,1151953711635,6289,1
6290,1151953836393,1151953836425,1151953836474,6290,1
6291,1151953961420,1151953961452,1151953961622,6291,1
6292,1151954086381,1151954086414,1151954086461,6292,1
6293,1151954211231,1151954211264,1151954211460,6293,1
6294,1151954336285,1151954336317,1151954336504,6294,1
6295,1151954461300,1151954461333,1151954461452,6295,1
6296,1151954586380,1151954586412,1151954586595,6296,1
6297,1151954711297,1151954711330,1151954711453,6297,1
6298,1151954836397,1151954836430,1151954836609,6298,1
6299,1151954994532,1151954994565,1151954994788,6299,1
6300,1151955086716,1151955086749,1151955086797,6300,1
6301,1151955211227,1151955211260,1151955211370,6301,1
6302,1151955336536,1151955336569,1151955336745,6302,1
6303,1151955460539,1151955460571,1151955460621,6303,1
6304,1151955596709,1151955596742,1151955596835,6304,1
6305,1151955713294,1151955713326,1151955713376,6305,1
6306,1151955871879,1151955871912,1151955871964,6306,1
6307,1151955955438,1151955955471,1151955955523,6307,1
6308,1151956170364,1151956170420,1151956170515,6308,1
6309,1151956211823,1151956211855,1151956211907,6309,1
6310,1151956336334,1151956336366,1151956336415,6310,1
6311,1151956461215,1151956461246,1151956461363,6311,1
6312,1151956586449,1151956586482,1151956586533,6312,1
6313,1151956711278,1151956711311,1151956711431,6313,1
6314,1151956836220,1151956836253,1151956836301,6314,1
6315,1151956961117,1151956961150,1151956961275,6315,1
6316,1151957086260,1151957086293,1151957086342,6316,1
6317,1151957210314,1151957210346,1151957210451,6317,1
6318,1151957338290,1151957338324,1151957338376,6318,1
6319,1151957461420,1151957461454,1151957461567,6319,1
6320,1151957586299,1151957586331,1151957586376,6320,1
6321,1151957711810,1151957711843,1151957712014,6321,1
6322,1151957836308,1151957836341,1151957836389,6322,1
6323,1151957961367,1151957961400,1151957961573,6323,1
6324,1151958173780,1151958173816,1151958174025,6324,1
6325,1151958212401,1151958212434,1151958212540,6325,1
6326,1151958336363,1151958336397,1151958336563,6326,1
6327,1151958461279,1151958461312,1151958461425,6327,1
6328,1151958586307,1151958586340,1151958586508,6328,1
6329,1151958711416,1151958711448,1151958711557,6329,1
6330,1151958836254,1151958836286,1151958836456,6330,1
6331,1151958961159,1151958961192,1151958961360,6331,1
6332,1151959086183,1151959086215,1151959086263,6332,1
6333,1151959211452,1151959211485,1151959211665,6333,1
6334,1151959336411,1151959336444,1151959336496,6334,1
6335,1151959460785,1151959460818,1151959460931,6335,1
6336,1151959590959,1151959590991,1151959591082,6336,1
6337,1151959713045,1151959713077,1151959713190,6337,1
6338,1151959838146,1151959838179,1151959838232,6338,1
6339,1151959955278,1151959955311,1151959955363,6339,1
6340,1151960097068,1151960097106,1151960097162,6340,1
6341,1151960212062,1151960212095,1151960212145,6341,1
6342,1151960336444,1151960336478,1151960336526,6342,1
6343,1151960461398,1151960461431,1151960461483,6343,1
6344,1151960586232,1151960586264,1151960586317,6344,1
6345,1151960711184,1151960711218,1151960711271,6345,1
6346,1151960836491,1151960836522,1151960836574,6346,1
6347,1151960960358,1151960960391,1151960960502,6347,1
6348,1151961134227,1151961134259,1151961134357,6348,1
6349,1151961247857,1151961247889,1151961248051,6349,1
6350,1151961338480,1151961338512,1151961338563,6350,1
6351,1151961497860,1151961497892,1151961498061,6351,1
6352,1151961588476,1151961588507,1151961588558,6352,1
6353,1151961713170,1151961713203,1151961713381,6353,1
6354,1151961838666,1151961838768,1151961838887,6354,1
6355,1151961962979,1151961963011,1151961963187,6355,1
6356,1151962088181,1151962088213,1151962088397,6356,1
6357,1151962212926,1151962212958,1151962213069,6357,1
6358,1151962337979,1151962338012,1151962338184,6358,1
6359,1151962468607,1151962468640,1151962468802,6359,1
6360,1151962588052,1151962588085,1151962588134,6360,1
6361,1151962713082,1151962713115,1151962713286,6361,1
6362,1151962838014,1151962838048,1151962838099,6362,1
6363,1151962963389,1151962963422,1151962963587,6363,1
6364,1151963088059,1151963088091,1151963088139,6364,1
6365,1151963212996,1151963213029,1151963213201,6365,1
6366,1151963351338,1151963351371,1151963351540,6366,1
6367,1151963463016,1151963463050,1151963463174,6367,1
6368,1151963592967,1151963593002,1151963593184,6368,1
6369,1151963713319,1151963713352,1151963713468,6369,1
6370,1151963838122,1151963838154,1151963838201,6370,1
6371,1151963955479,1151963955511,1151963955631,6371,1
6372,1151964086976,1151964087008,1151964087057,6372,1
6373,1151964211264,1151964211296,1151964211347,6373,1
6374,1151964336210,1151964336243,1151964336296,6374,1
6375,1151964461227,1151964461260,1151964461313,6375,1
6376,1151964679350,1151964679383,1151964679437,6376,1
6377,1151964711309,1151964711341,1151964711394,6377,1
6378,1151964836361,1151964836395,1151964836443,6378,1
6379,1151964961521,1151964961553,1151964961606,6379,1
6380,1151965086265,1151965086297,1151965086344,6380,1
6381,1151965210489,1151965210521,1151965210570,6381,1
6382,1151965424724,1151965424758,1151965424852,6382,1
6383,1151965461685,1151965461717,1151965461770,6383,1
6384,1151965586482,1151965586514,1151965586564,6384,1
6385,1151965711340,1151965711372,1151965711426,6385,1
6386,1151965836418,1151965836450,1151965836500,6386,1
6387,1151965960446,1151965960480,1151965960551,6387,1
6388,1151966096415,1151966096447,1151966096603,6388,1
6389,1151966211406,1151966211438,1151966211680,6389,1
6390,1151966336263,1151966336295,1151966336343,6390,1
6391,1151966461296,1151966461328,1151966461507,6391,1
6392,1151966586099,1151966586131,1151966586179,6392,1
6393,1151966711309,1151966711341,1151966711523,6393,1
6394,1151966836417,1151966836449,1151966836628,6394,1
6395,1151966961162,1151966961195,1151966961319,6395,1
6396,1151967086299,1151967086333,1151967086519,6396,1
6397,1151967211259,1151967211291,1151967211401,6397,1
6398,1151967457688,1151967457720,1151967457887,6398,1
6399,1151967458070,1151967458102,1151967458201,6399,1
6400,1151967591726,1151967591758,1151967591928,6400,1
6401,1151967713775,1151967713808,1151967713977,6401,1
6402,1151967924980,1151967925013,1151967925234,6402,1
6403,1151967958272,1151967958305,1151967958414,6403,1
6404,1151968095522,1151968095553,1151968095602,6404,1
6405,1151968337047,1151968337080,1151968337241,6405,1
6406,1151968344999,1151968345032,1151968345078,6406,1
6407,1151968462230,1151968462262,1151968462386,6407,1
6408,1151968605072,1151968605104,1151968605196,6408,1
6409,1151968712998,1151968713030,1151968713151,6409,1
6410,1151968837158,1151968837190,1151968837238,6410,1
6411,1151968965440,1151968965479,1151968965615,6411,1
6412,1151969092939,1151969092971,1151969093022,6412,1
6413,1151969211980,1151969212012,1151969212117,6413,1
6414,1151969338688,1151969338789,1151969338837,6414,1
6415,1151969472478,1151969472511,1151969472747,6415,1
6416,1151969587134,1151969587166,1151969587214,6416,1
6417,1151969711596,1151969711628,1151969711805,6417,1
6418,1151969834909,1151969834942,1151969834989,6418,1
6419,1151969971931,1151969971963,1151969972188,6419,1
6420,1151970087760,1151970087791,1151970087839,6420,1
6421,1151970212797,1151970212830,1151970213071,6421,1
6422,1151970337096,1151970337128,1151970337177,6422,1
6423,1151970462895,1151970462927,1151970463097,6423,1
6424,1151970587521,1151970587554,1151970587720,6424,1
6425,1151970712635,1151970712666,1151970712775,6425,1
6426,1151970837586,1151970837617,1151970837781,6426,1
6427,1151970968587,1151970968618,1151970968733,6427,1
6428,1151971087439,1151971087471,1151971087638,6428,1
6429,1151971212513,1151971212545,1151971212713,6429,1
6430,1151971337629,1151971337661,1151971337707,6430,1
6431,1151971462577,1151971462609,1151971462719,6431,1
6432,1151971587539,1151971587572,1151971587619,6432,1
6433,1151971712709,1151971712742,1151971712853,6433,1
6434,1151971864589,1151971864620,1151971864783,6434,1
6435,1151971955679,1151971955711,1151971955882,6435,1
6436,1151972137085,1151972137117,1151972137168,6436,1
6437,1151972211031,1151972211064,1151972211111,6437,1
6438,1151972336054,1151972336088,1151972336132,6438,1
6439,1151972461008,1151972461040,1151972461086,6439,1
6440,1151972585710,1151972585741,1151972585787,6440,1
6441,1151972710773,1151972710803,1151972710847,6441,1
6442,1151972835995,1151972836027,1151972836076,6442,1
6443,1151972960752,1151972960783,1151972960895,6443,1
6444,1151973086831,1151973086864,1151973086910,6444,1
6445,1151973210426,1151973210459,1151973210571,6445,1
6446,1151973338550,1151973338581,1151973338630,6446,1
6447,1151973461324,1151973461356,1151973461466,6447,1
6448,1151973586428,1151973586460,1151973586514,6448,1
6449,1151973711365,1151973711398,1151973711507,6449,1
6450,1151973835636,1151973835669,1151973835720,6450,1
6451,1151973971677,1151973971710,1151973971804,6451,1
6452,1151974111802,1151974111835,1151974111885,6452,1
6453,1151974213670,1151974213703,1151974213752,6453,1
6454,1151974338470,1151974338503,1151974338551,6454,1
6455,1151974463525,1151974463628,1151974463740,6455,1
6456,1151974588256,1151974588289,1151974588455,6456,1
6457,1151974713060,1151974713092,1151974713195,6457,1
6458,1151974837959,1151974837990,1151974838155,6458,1
6459,1151974963125,1151974963158,1151974963269,6459,1
6460,1151975088338,1151975088370,1151975088547,6460,1
6461,1151975213000,1151975213036,1151975213225,6461,1
6462,1151975338065,1151975338097,1151975338145,6462,1
6463,1151975463372,1151975463405,1151975463592,6463,1
6464,1151975588206,1151975588239,1151975588288,6464,1
6465,1151975773033,1151975773088,1151975773271,6465,1
6466,1151975882824,1151975882856,1151975883036,6466,1
6467,1151975955475,1151975955508,1151975955627,6467,1
6468,1151976239375,1151976239476,1151976239698,6468,1
6469,1151976239784,1151976239935,1151976240035,6469,1
6470,1151976336813,1151976336845,1151976336894,6470,1
6471,1151976461504,1151976461536,1151976461657,6471,1
6472,1151976587317,1151976587349,1151976587400,6472,1
6473,1151976711306,1151976711338,1151976711447,6473,1
6474,1151976835550,1151976835582,1151976835635,6474,1
6475,1151976971381,1151976971414,1151976971574,6475,1
6476,1151977086491,1151977086525,1151977086575,6476,1
6477,1151977210391,1151977210424,1151977210551,6477,1
6478,1151977354099,1151977354132,1151977354182,6478,1
6479,1151977461406,1151977461439,1151977461556,6479,1
6480,1151977586369,1151977586403,1151977586455,6480,1
6481,1151977711577,1151977711610,1151977711737,6481,1
6482,1151977835306,1151977835338,1151977835394,6482,1
6483,1151977968524,1151977968557,1151977968710,6483,1
6484,1151978086609,1151978086642,1151978086691,6484,1
6485,1151978211316,1151978211349,1151978211459,6485,1
6486,1151978336216,1151978336249,1151978336298,6486,1
6487,1151978461245,1151978461277,1151978461383,6487,1
6488,1151978586096,1151978586129,1151978586241,6488,1
6489,1151978718248,1151978718281,1151978718488,6489,1
6490,1151978836627,1151978836659,1151978836708,6490,1
6491,1151978961249,1151978961283,1151978961454,6491,1
6492,1151979161577,1151979161610,1151979161813,6492,1
6493,1151979211487,1151979211520,1151979211647,6493,1
6494,1151979336572,1151979336606,1151979336792,6494,1
6495,1151979461285,1151979461318,1151979461442,6495,1
6496,1151979586168,1151979586202,1151979586379,6496,1
6497,1151979710634,1151979710666,1151979710782,6497,1
6498,1151979898163,1151979898196,1151979898417,6498,1
6499,1151979955528,1151979955561,1151979955671,6499,1
6500,1151980093290,1151980093391,1151980093567,6500,1
6501,1151980211296,1151980211328,1151980211492,6501,1
6502,1151980337141,1151980337174,1151980337340,6502,1
6503,1151980461398,1151980461430,1151980461503,6503,1
6504,1151980586315,1151980586347,1151980586401,6504,1
6505,1151980711457,1151980711489,1151980711541,6505,1
6506,1151980836370,1151980836401,1151980836454,6506,1
6507,1151980961354,1151980961386,1151980961439,6507,1
6508,1151981086358,1151981086390,1151981086440,6508,1
6509,1151981210421,1151981210455,1151981210506,6509,1
6510,1151981339185,1151981339218,1151981339266,6510,1
6511,1151981461485,1151981461517,1151981461566,6511,1
6512,1151981586322,1151981586354,1151981586403,6512,1
6513,1151981711246,1151981711279,1151981711330,6513,1
6514,1151981835491,1151981835524,1151981835573,6514,1
6515,1151981968992,1151981969026,1151981969188,6515,1
6516,1151982086377,1151982086409,1151982086463,6516,1
6517,1151982211289,1151982211321,1151982211788,6517,1
6518,1151982336375,1151982336408,1151982336459,6518,1
6519,1151982461372,1151982461404,1151982461458,6519,1
6520,1151982586196,1151982586228,1151982586278,6520,1
6521,1151982711412,1151982711445,1151982711559,6521,1
6522,1151982836392,1151982836425,1151982836475,6522,1
6523,1151982961328,1151982961361,1151982961539,6523,1
6524,1151983086300,1151983086332,1151983086508,6524,1
6525,1151983211184,1151983211216,1151983211319,6525,1
6526,1151983335786,1151983335817,1151983335982,6526,1
6527,1151983460896,1151983460927,1151983461032,6527,1
6528,1151983585908,1151983585939,1151983585990,6528,1
6529,1151983710074,1151983710105,1151983710275,6529,1
6530,1151983844854,1151983844885,1151983845094,6530,1
6531,1151983955166,1151983955198,1151983955305,6531,1
6532,1151984092382,1151984092485,1151984092649,6532,1
6533,1151984210794,1151984210825,1151984210948,6533,1
6534,1151984335934,1151984335966,1151984336147,6534,1
6535,1151984461053,1151984461084,1151984461197,6535,1
6536,1151984586403,1151984586434,1151984586615,6536,1
6537,1151984710941,1151984710972,1151984711104,6537,1
6538,1151984835869,1151984835901,1151984835948,6538,1
6539,1151984960983,1151984961015,1151984961063,6539,1
6540,1151985085847,1151985085880,1151985085931,6540,1
6541,1151985210030,1151985210062,1151985210111,6541,1
6542,1151985336113,1151985336145,1151985336196,6542,1
6543,1151985460983,1151985461015,1151985461067,6543,1
6544,1151985586026,1151985586059,1151985586105,6544,1
6545,1151985710825,1151985710856,1151985710903,6545,1
6546,1151985835948,1151985835979,1151985836031,6546,1
6547,1151985961042,1151985961074,1151985961126,6547,1
6548,1151986085933,1151986085965,1151986086012,6548,1
6549,1151986251528,1151986251562,1151986251644,6549,1
6550,1151986336754,1151986336785,1151986336832,6550,1
6551,1151986460782,1151986460813,1151986460863,6551,1
6552,1151986585725,1151986585756,1151986585804,6552,1
6553,1151986710935,1151986710967,1151986711016,6553,1
6554,1151986836045,1151986836079,1151986836187,6554,1
6555,1151986960822,1151986960853,1151986960902,6555,1
6556,1151987085888,1151987085919,1151987086099,6556,1
6557,1151987216242,1151987216273,1151987216378,6557,1
6558,1151987335811,1151987335844,1151987336012,6558,1
6559,1151987460668,1151987460700,1151987460865,6559,1
6560,1151987585801,1151987585832,1151987585879,6560,1
6561,1151987710027,1151987710058,1151987710224,6561,1
6562,1151987843275,1151987843307,1151987843398,6562,1
6563,1151987955035,1151987955067,1151987955245,6563,1
6564,1151988092795,1151988092899,1151988093075,6564,1
6565,1151988211016,1151988211048,1151988211177,6565,1
6566,1151988335957,1151988335990,1151988336168,6566,1
6567,1151988460873,1151988460905,1151988461022,6567,1
6568,1151988585958,1151988585990,1151988586182,6568,1
6569,1151988711042,1151988711073,1151988711252,6569,1
6570,1151988835846,1151988835877,1151988835925,6570,1
6571,1151988961272,1151988961304,1151988961358,6571,1
6572,1151989086670,1151989086704,1151989086752,6572,1
6573,1151989210373,1151989210405,1151989210453,6573,1
6574,1151989348905,1151989348938,1151989348988,6574,1
6575,1151989460375,1151989460407,1151989460457,6575,1
6576,1151989648990,1151989649046,1151989649137,6576,1
6577,1151989713164,1151989713195,1151989713246,6577,1
6578,1151989837751,1151989837783,1151989837832,6578,1
6579,1151989968385,1151989968418,1151989968470,6579,1
6580,1151990087788,1151990087823,1151990087871,6580,1
6581,1151990240679,1151990240711,1151990240821,6581,1
6582,1151990339699,1151990339732,1151990339785,6582,1
6583,1151990463170,1151990463201,1151990463568,6583,1
6584,1151990588077,1151990588110,1151990588163,6584,1
6585,1151990713064,1151990713097,1151990713204,6585,1
6586,1151990838078,1151990838111,1151990838164,6586,1
6587,1151990963015,1151990963047,1151990963157,6587,1
6588,1151991088343,1151991088376,1151991088485,6588,1
6589,1151991213103,1151991213135,1151991213307,6589,1
6590,1151991338148,1151991338181,1151991338227,6590,1
6591,1151991462963,1151991462995,1151991463105,6591,1
6592,1151991587906,1151991587940,1151991587986,6592,1
6593,1151991712995,1151991713026,1151991713208,6593,1
6594,1151991837999,1151991838031,1151991838212,6594,1
6595,1151991955312,1151991955345,1151991955467,6595,1
6596,1151992412803,1151992412906,1151992413134,6596,1
6597,1151992413196,1151992413229,1151992413319,6597,1
6598,1151992413351,1151992413386,1151992413426,6598,1
6599,1151992461776,1151992461809,1151992461884,6599,1
6600,1151992585519,1151992585550,1151992585718,6600,1
6601,1151992747576,1151992747608,1151992747822,6601,1
6602,1151992853717,1151992853749,1151992853925,6602,1
6603,1151992961498,1151992961534,1151992961643,6603,1
6604,1151993086315,1151993086348,1151993086396,6604,1
6605,1151993210380,1151993210413,1151993210524,6605,1
6606,1151993349896,1151993349928,1151993349978,6606,1
6607,1151993461582,1151993461614,1151993462007,6607,1
6608,1151993586461,1151993586493,1151993586543,6608,1
6609,1151993711319,1151993711351,1151993711406,6609,1
6610,1151993835318,1151993835350,1151993835404,6610,1
6611,1151993971449,1151993971482,1151993971802,6611,1
6612,1151994088107,1151994088141,1151994088193,6612,1
6613,1151994212971,1151994213003,1151994213056,6613,1
6614,1151994338057,1151994338090,1151994338137,6614,1
6615,1151994463091,1151994463123,1151994463240,6615,1
6616,1151994588077,1151994588110,1151994588163,6616,1
6617,1151994713110,1151994713143,1151994713249,6617,1
6618,1151994837951,1151994837983,1151994838036,6618,1
6619,1151994963053,1151994963086,1151994963347,6619,1
6620,1151995088003,1151995088036,1151995088087,6620,1
6621,1151995213259,1151995213291,1151995213479,6621,1
6622,1151995338027,1151995338061,1151995338111,6622,1
6623,1151995463494,1151995463527,1151995463718,6623,1
6624,1151995588189,1151995588221,1151995588271,6624,1
6625,1151995712932,1151995712964,1151995713147,6625,1
6626,1151995837936,1151995837969,1151995838153,6626,1
6627,1151995955547,1151995955579,1151995955699,6627,1
6628,1151996232439,1151996232543,1151996232773,6628,1
6629,1151996240737,1151996240769,1151996240951,6629,1
6630,1151996336855,1151996336889,1151996336942,6630,1
6631,1151996461611,1151996461644,1151996461811,6631,1
6632,1151996586226,1151996586259,1151996586309,6632,1
6633,1151996711219,1151996711252,1151996711417,6633,1
6634,1151996836157,1151996836189,1151996836237,6634,1
6635,1151996961227,1151996961260,1151996961430,6635,1
6636,1151997086652,1151997086684,1151997086858,6636,1
6637,1151997210393,1151997210426,1151997210545,6637,1
6638,1151997337704,1151997337736,1151997337786,6638,1
6639,1151997461268,1151997461301,1151997461422,6639,1
6640,1151997586321,1151997586353,1151997586401,6640,1
6641,1151997711367,1151997711399,1151997711523,6641,1
6642,1151997836248,1151997836279,1151997836328,6642,1
6643,1151997961219,1151997961251,1151997961372,6643,1
6644,1151998086266,1151998086298,1151998086346,6644,1
6645,1151998211287,1151998211320,1151998211625,6645,1
6646,1151998336233,1151998336265,1151998336316,6646,1
6647,1151998461219,1151998461252,1151998461470,6647,1
6648,1151998586347,1151998586379,1151998586429,6648,1
6649,1151998711245,1151998711277,1151998711631,6649,1
6650,1151998836351,1151998836383,1151998836434,6650,1
6651,1151998961350,1151998961383,1151998961635,6651,1
6652,1151999086446,1151999086479,1151999086529,6652,1
6653,1151999210855,1151999210886,1151999211116,6653,1
6654,1151999335913,1151999335945,1151999335994,6654,1
6655,1151999588945,1151999588981,1151999589126,6655,1
6656,1151999597127,1151999597159,1151999597203,6656,1
6657,1151999742987,1151999743018,1151999743239,6657,1
6658,1151999838022,1151999838053,1151999838101,6658,1
6659,1151999955242,1151999955273,1151999955448,6659,1
6660,1152000092307,1152000092435,1152000092501,6660,1
6661,1152000210721,1152000210752,1152000210932,6661,1
6662,1152000335844,1152000335876,1152000336046,6662,1
6663,1152000460067,1152000460098,1152000460200,6663,1
6664,1152000665524,1152000665557,1152000665761,6664,1
6665,1152000711031,1152000711062,1152000711172,6665,1
6666,1152000835724,1152000835756,1152000835928,6666,1
6667,1152000960615,1152000960647,1152000960755,6667,1
6668,1152001085704,1152001085736,1152001085902,6668,1
6669,1152001209980,1152001210012,1152001210197,6669,1
6670,1152001357655,1152001357687,1152001357865,6670,1
6671,1152001462565,1152001462597,1152001462709,6671,1
6672,1152001585842,1152001585874,1152001585927,6672,1
6673,1152001710918,1152001710950,1152001711061,6673,1
6674,1152001834907,1152001834938,1152001834987,6674,1
6675,1152001982732,1152001982764,1152001982922,6675,1
6676,1152002087641,1152002087673,1152002087716,6676,1
6677,1152002212549,1152002212585,1152002212689,6677,1
6678,1152002337430,1152002337463,1152002337509,6678,1
6679,1152002462405,1152002462439,1152002462552,6679,1
6680,1152002587456,1152002587488,1152002587536,6680,1
6681,1152002713039,1152002713072,1152002713188,6681,1
6682,1152002837376,1152002837408,1152002837456,6682,1
6683,1152002962464,1152002962496,1152002962615,6683,1
6684,1152003087437,1152003087469,1152003087521,6684,1
6685,1152003212419,1152003212451,1152003212568,6685,1
6686,1152003337450,1152003337482,1152003337534,6686,1
6687,1152003462374,1152003462405,1152003462530,6687,1
6688,1152003587693,1152003587725,1152003587837,6688,1
6689,1152003712525,1152003712557,1152003712677,6689,1
6690,1152003837613,1152003837645,1152003837815,6690,1
6691,1152003955064,1152003955096,1152003955287,6691,1
6692,1152004092408,1152004092520,1152004092579,6692,1
6693,1152004210934,1152004210978,1152004211149,6693,1
6694,1152004335796,1152004335839,1152004335887,6694,1
6695,1152004522578,1152004522622,1152004522803,6695,1
6696,1152004586623,1152004586654,1152004586828,6696,1
6697,1152004711501,1152004711534,1152004711649,6697,1
6698,1152004836606,1152004836639,1152004836815,6698,1
6699,1152004961337,1152004961369,1152004961418,6699,1
6700,1152005086316,1152005086349,1152005086521,6700,1
6701,1152005210493,1152005210526,1152005210649,6701,1
6702,1152005360858,1152005360891,1152005361070,6702,1
6703,1152005461530,1152005461563,1152005461678,6703,1
6704,1152005586393,1152005586426,1152005586476,6704,1
6705,1152005711328,1152005711360,1152005711410,6705,1
6706,1152005836353,1152005836385,1152005836438,6706,1
6707,1152005960476,1152005960508,1152005960627,6707,1
6708,1152006095139,1152006095171,1152006095264,6708,1
6709,1152006213122,1152006213154,1152006213273,6709,1
6710,1152006343589,1152006343622,1152006343674,6710,1
6711,1152006463146,1152006463177,1152006463289,6711,1
6712,1152006588132,1152006588164,1152006588215,6712,1
6713,1152006712940,1152006712972,1152006713095,6713,1
6714,1152006837998,1152006838031,1152006838082,6714,1
6715,1152006963188,1152006963221,1152006963271,6715,1
6716,1152007087971,1152007088003,1152007088056,6716,1
6717,1152007212940,1152007212973,1152007213023,6717,1
6718,1152007337970,1152007338002,1152007338054,6718,1
6719,1152007462922,1152007462955,1152007463006,6719,1
6720,1152007587803,1152007587836,1152007587885,6720,1
6721,1152007718703,1152007718736,1152007718848,6721,1
6722,1152007837922,1152007837955,1152007838004,6722,1
6723,1152007955441,1152007955486,1152007955654,6723,1
6724,1152008092635,1152008092738,1152008092900,6724,1
6725,1152008211374,1152008211407,1152008211516,6725,1
6726,1152008336272,1152008336304,1152008336478,6726,1
6727,1152008461407,1152008461440,1152008461491,6727,1
6728,1152008586162,1152008586195,1152008586376,6728,1
6729,1152008711436,1152008711469,1152008711599,6729,1
6730,1152008836273,1152008836306,1152008836486,6730,1
6731,1152008961208,1152008961240,1152008961419,6731,1
6732,1152009086365,1152009086398,1152009086451,6732,1
6733,1152009210328,1152009210361,1152009210534,6733,1
6734,1152009346994,1152009347026,1152009347075,6734,1
6735,1152009461536,1152009461570,1152009461673,6735,1
6736,1152009586491,1152009586523,1152009586687,6736,1
6737,1152009710712,1152009710744,1152009710918,6737,1
6738,1152009842159,1152009842191,1152009842310,6738,1
6739,1152009978522,1152009978554,1152009978649,6739,1
6740,1152010088162,1152010088194,1152010088243,6740,1
6741,1152010212718,1152010212751,1152010212802,6741,1
6742,1152010337975,1152010338007,1152010338055,6742,1
6743,1152010462994,1152010463031,1152010463079,6743,1
6744,1152010587972,1152010588005,1152010588053,6744,1
6745,1152010712933,1152010712965,1152010713018,6745,1
6746,1152010838012,1152010838044,1152010838093,6746,1
6747,1152010963035,1152010963068,1152010963118,6747,1
6748,1152011088146,1152011088181,1152011088229,6748,1
6749,1152011213032,1152011213064,1152011213111,6749,1
6750,1152011338025,1152011338058,1152011338106,6750,1
6751,1152011463181,1152011463212,1152011463264,6751,1
6752,1152011593863,1152011593895,1152011593945,6752,1
6753,1152011713030,1152011713063,1152011713110,6753,1
6754,1152011838306,1152011838340,1152011838451,6754,1
6755,1152011955366,1152011955399,1152011955448,6755,1
6756,1152012092560,1152012092662,1152012092830,6756,1
6757,1152012211785,1152012211817,1152012211942,6757,1
6758,1152012336681,1152012336713,1152012336902,6758,1
6759,1152012461201,1152012461235,1152012461416,6759,1
6760,1152012586165,1152012586196,1152012586246,6760,1
6761,1152012711391,1152012711424,1152012711547,6761,1
6762,1152012836373,1152012836405,1152012836453,6762,1
6763,1152012961236,1152012961269,1152012961528,6763,1
6764,1152013086032,1152013086064,1152013086112,6764,1
6765,1152013210528,1152013210560,1152013210734,6765,1
6766,1152013337279,1152013337311,1152013337361,6766,1
6767,1152013461318,1152013461351,1152013461520,6767,1
6768,1152013586275,1152013586309,1152013586471,6768,1
6769,1152013711390,1152013711424,1152013711530,6769,1
6770,1152013836199,1152013836232,1152013836401,6770,1
6771,1152013961533,1152013961566,1152013961678,6771,1
6772,1152014086358,1152014086391,1152014086560,6772,1
6773,1152014215475,1152014215516,1152014215826,6773,1
6774,1152014337755,1152014337789,1152014337836,6774,1
6775,1152014461274,1152014461306,1152014461490,6775,1
6776,1152014586220,1152014586252,1152014586301,6776,1
6777,1152014758328,1152014758361,1152014758611,6777,1
6778,1152014836208,1152014836240,1152014836288,6778,1
6779,1152014961195,1152014961227,1152014961397,6779,1
6780,1152015086309,1152015086341,1152015086390,6780,1
6781,1152015212157,1152015212189,1152015212375,6781,1
6782,1152015395011,1152015395042,1152015395089,6782,1
6783,1152015460996,1152015461027,1152015461247,6783,1
6784,1152015585703,1152015585735,1152015585787,6784,1
6785,1152015709928,1152015709960,1152015710132,6785,1
6786,1152015872829,1152015872860,1152015872949,6786,1
6787,1152015955136,1152015955179,1152015955358,6787,1
6788,1152016092479,1152016092580,1152016092690,6788,1
6789,1152016210943,1152016210974,1152016211130,6789,1
6790,1152016334948,1152016334983,1152016335146,6790,1
6791,1152016516391,1152016516423,1152016516642,6791,1
6792,1152016585865,1152016585897,1152016585944,6792,1
6793,1152016710715,1152016710748,1152016710919,6793,1
6794,1152016835789,1152016835820,1152016835870,6794,1
6795,1152016960835,1152016960868,1152016961033,6795,1
6796,1152017085860,1152017085892,1152017085938,6796,1
6797,1152017210044,1152017210076,1152017210257,6797,1
6798,1152017347726,1152017347756,1152017347935,6798,1
6799,1152017461154,1152017461187,1152017461310,6799,1
6800,1152017585951,1152017585982,1152017586164,6800,1
6801,1152017710874,1152017710905,1152017711022,6801,1
6802,1152017835794,1152017835825,1152017836004,6802,1
6803,1152017960138,1152017960170,1152017960348,6803,1
6804,1152018093068,1152018093101,1152018093191,6804,1
6805,1152018270348,1152018270380,1152018270532,6805,1
6806,1152018335924,1152018335956,1152018336004,6806,1
6807,1152018460906,1152018460937,1152018461038,6807,1
6808,1152018585917,1152018585948,1152018585994,6808,1
6809,1152018710854,1152018710887,1152018710986,6809,1
6810,1152018835703,1152018835736,1152018835783,6810,1
6811,1152018960731,1152018960763,1152018960876,6811,1
6812,1152019085867,1152019085898,1152019085945,6812,1
6813,1152019210807,1152019210840,1152019210949,6813,1
6814,1152019336034,1152019336066,1152019336113,6814,1
6815,1152019467569,1152019467600,1152019467722,6815,1
6816,1152019586104,1152019586136,1152019586182,6816,1
6817,1152019710899,1152019710931,1152019711047,6817,1
6818,1152019871656,1152019871687,1152019871779,6818,1
6819,1152019955212,1152019955244,1152019955292,6819,1
6820,1152020092924,1152020093032,1152020093079,6820,1
6821,1152020210870,1152020210901,1152020211016,6821,1
6822,1152020335835,1152020335866,1152020335913,6822,1
6823,1152020460777,1152020460809,1152020460985,6823,1
6824,1152020585975,1152020586007,1152020586171,6824,1
6825,1152020710968,1152020711000,1152020711105,6825,1
6826,1152020836241,1152020836274,1152020836437,6826,1
6827,1152020961271,1152020961303,1152020961410,6827,1
6828,1152021086362,1152021086395,1152021086554,6828,1
6829,1152021210597,1152021210630,1152021210754,6829,1
6830,1152021340612,1152021340645,1152021340831,6830,1
6831,1152021463060,1152021463094,1152021463275,6831,1
6832,1152021680110,1152021680142,1152021680320,6832,1
6833,1152021713008,1152021713041,1152021713156,6833,1
6834,1152021837898,1152021837930,1152021837980,6834,1
6835,1152021970770,1152021970802,1152021970986,6835,1
6836,1152022088225,1152022088258,1152022088442,6836,1
6837,1152022213083,1152022213116,1152022213242,6837,1
6838,1152022337991,1152022338023,1152022338070,6838,1
6839,1152022463108,1152022463142,1152022463258,6839,1
6840,1152022587996,1152022588029,1152022588075,6840,1
6841,1152022713072,1152022713105,1152022713229,6841,1
6842,1152022838181,1152022838214,1152022838259,6842,1
6843,1152022963088,1152022963122,1152022963242,6843,1
6844,1152023088005,1152023088037,1152023088083,6844,1
6845,1152023213045,1152023213077,1152023213122,6845,1
6846,1152023338191,1152023338224,1152023338268,6846,1
6847,1152023463041,1152023463074,1152023463118,6847,1
6848,1152023588071,1152023588104,1152023588152,6848,1
6849,1152023713138,1152023713171,1152023713218,6849,1
6850,1152023838067,1152023838099,1152023838145,6850,1
6851,1152023955284,1152023955317,1152023955361,6851,1
6852,1152024092763,1152024092796,1152024092844,6852,1
6853,1152024211392,1152024211425,1152024211474,6853,1
6854,1152024337048,1152024337152,1152024337263,6854,1
6855,1152024461279,1152024461312,1152024461360,6855,1
6856,1152024586168,1152024586200,1152024586384,6856,1
6857,1152024710330,1152024710363,1152024710482,6857,1
6858,1152024844123,1152024844157,1152024844388,6858,1
6859,1152024961803,1152024961836,1152024962007,6859,1
6860,1152025086328,1152025086360,1152025086410,6860,1
6861,1152025210343,1152025210376,1152025210547,6861,1
6862,1152025347949,1152025347982,1152025348030,6862,1
6863,1152025517574,1152025517609,1152025517779,6863,1
6864,1152025586971,1152025587004,1152025587054,6864,1
6865,1152025711331,1152025711363,1152025711526,6865,1
6866,1152025836450,1152025836483,1152025836648,6866,1
6867,1152025961350,1152025961384,1152025961497,6867,1
6868,1152026086081,1152026086112,1152026086288,6868,1
6869,1152026211328,1152026211361,1152026211543,6869,1
6870,1152026336383,1152026336416,1152026336462,6870,1
6871,1152026461318,1152026461350,1152026461471,6871,1
6872,1152026585294,1152026585326,1152026585374,6872,1
6873,1152026836848,1152026836880,1152026837033,6873,1
6874,1152026843794,1152026843827,1152026843874,6874,1
6875,1152027169010,1152027169043,1152027169201,6875,1
6876,1152027169264,1152027169418,1152027169459,6876,1
6877,1152027216483,1152027216517,1152027216622,6877,1
6878,1152027341965,1152027341998,1152027342046,6878,1
6879,1152027466355,1152027466387,1152027466498,6879,1
6880,1152027590637,1152027590669,1152027590719,6880,1
6881,1152027715116,1152027715149,1152027715251,6881,1
6882,1152027844469,1152027844502,1152027844593,6882,1
6883,1152027973627,1152027973660,1152027973822,6883,1
6884,1152028095489,1152028095521,1152028095571,6884,1
6885,1152028213803,1152028213836,1152028213952,6885,1
6886,1152028338236,1152028338270,1152028338320,6886,1
6887,1152028463159,1152028463191,1152028463314,6887,1
6888,1152028588195,1152028588297,1152028588407,6888,1
6889,1152028712790,1152028712823,1152028712996,6889,1
6890,1152028837281,1152028837314,1152028837362,6890,1
6891,1152028962237,1152028962270,1152028962443,6891,1
6892,1152029087181,1152029087213,1152029087261,6892,1
6893,1152029211409,1152029211441,1152029211607,6893,1
6894,1152029338527,1152029338559,1152029338716,6894,1
6895,1152029461766,1152029461798,1152029461907,6895,1
6896,1152029586766,1152029586799,1152029586968,6896,1
6897,1152029711411,1152029711443,1152029711554,6897,1
6898,1152029836445,1152029836478,1152029836644,6898,1
6899,1152029961384,1152029961416,1152029961520,6899,1
6900,1152030085339,1152030085372,1152030085529,6900,1
6901,1152030236781,1152030236813,1152030237026,6901,1
6902,1152030405629,1152030405663,1152030405869,6902,1
6903,1152030461357,1152030461390,1152030461492,6903,1
6904,1152030586338,1152030586371,1152030586418,6904,1
6905,1152030711539,1152030711572,1152030711677,6905,1
6906,1152030836217,1152030836249,1152030836298,6906,1
6907,1152030961138,1152030961171,1152030961281,6907,1
6908,1152031086325,1152031086358,1152031086409,6908,1
6909,1152031211409,1152031211441,1152031211565,6909,1
6910,1152031336281,1152031336314,1152031336362,6910,1
6911,1152031461161,1152031461194,1152031461317,6911,1
6912,1152031586107,1152031586139,1152031586192,6912,1
6913,1152031711386,1152031711418,1152031711466,6913,1
6914,1152031911191,1152031911222,1152031911312,6914,1
6915,1152031955068,1152031955100,1152031955152,6915,1
6916,1152032092778,1152032092810,1152032092858,6916,1
6917,1152032210932,1152032210963,1152032211009,6917,1
6918,1152032335815,1152032335846,1152032335892,6918,1
6919,1152032460805,1152032460838,1152032460884,6919,1
6920,1152032585814,1152032585845,1152032585891,6920,1
6921,1152032710956,1152032711060,1152032711172,6921,1
6922,1152032836009,1152032836040,1152032836088,6922,1
6923,1152032960716,1152032960749,1152032960794,6923,1
6924,1152033085877,1152033085909,1152033086073,6924,1
6925,1152033210055,1152033210086,1152033210213,6925,1
6926,1152033339161,1152033339193,1152033339373,6926,1
6927,1152033462635,1152033462666,1152033462715,6927,1
6928,1152033587633,1152033587664,1152033587849,6928,1
6929,1152033712543,1152033712574,1152033712622,6929,1
6930,1152033837474,1152033837506,1152033837675,6930,1
6931,1152033967561,1152033967593,1152033967774,6931,1
6932,1152034087465,1152034087496,1152034087543,6932,1
6933,1152034212851,1152034212883,1152034213048,6933,1
6934,1152034337555,1152034337587,1152034337634,6934,1
6935,1152034462546,1152034462578,1152034462741,6935,1
6936,1152034587416,1152034587447,1152034587613,6936,1
6937,1152034730798,1152034730829,1152034730995,6937,1
6938,1152034837518,1152034837549,1152034837595,6938,1
6939,1152034962441,1152034962472,1152034962587,6939,1
6940,1152035087618,1152035087651,1152035087696,6940,1
6941,1152035212825,1152035212857,1152035212904,6941,1
6942,1152035337405,1152035337437,1152035337481,6942,1
6943,1152035462429,1152035462461,1152035462504,6943,1
6944,1152035587542,1152035587573,1152035587620,6944,1
6945,1152035712453,1152035712484,1152035712531,6945,1
6946,1152035899795,1152035899827,1152035899875,6946,1
6947,1152035955210,1152035955241,1152035955288,6947,1
6948,1152036092420,1152036092453,1152036092499,6948,1
6949,1152036237348,1152036237380,1152036237427,6949,1
6950,1152036336021,1152036336053,1152036336096,6950,1
6951,1152036461055,1152036461086,1152036461133,6951,1
6952,1152036586308,1152036586341,1152036586389,6952,1
6953,1152036711269,1152036711301,1152036711350,6953,1
6954,1152036836790,1152036836892,1152036837005,6954,1
6955,1152036961289,1152036961322,1152036961372,6955,1
6956,1152037086319,1152037086352,1152037086517,6956,1
6957,1152037210338,1152037210371,1152037210491,6957,1
6958,1152037340171,1152037340202,1152037340383,6958,1
6959,1152037463163,1152037463195,1152037463371,6959,1
6960,1152037588018,1152037588053,1152037588101,6960,1
6961,1152037712990,1152037713023,1152037713202,6961,1
6962,1152037838011,1152037838043,1152037838091,6962,1
6963,1152037963002,1152037963034,1152037963216,6963,1
6964,1152038088071,1152038088104,1152038088154,6964,1
6965,1152038213054,1152038213087,1152038213199,6965,1
6966,1152038338007,1152038338040,1152038338215,6966,1
6967,1152038463157,1152038463193,1152038463302,6967,1
6968,1152038588082,1152038588115,1152038588283,6968,1
6969,1152038713329,1152038713362,1152038713548,6969,1
6970,1152038838059,1152038838091,1152038838137,6970,1
6971,1152038963083,1152038963115,1152038963233,6971,1
6972,1152039087996,1152039088028,1152039088074,6972,1
6973,1152039213167,1152039213199,1152039213244,6973,1
6974,1152039338056,1152039338088,1152039338132,6974,1
6975,1152039463172,1152039463205,1152039463249,6975,1
6976,1152039587922,1152039587956,1152039588002,6976,1
6977,1152039712894,1152039712927,1152039712975,6977,1
6978,1152039837965,1152039837997,1152039838044,6978,1
6979,1152039955320,1152039955353,1152039955399,6979,1
6980,1152040144997,1152040145029,1152040145139,6980,1
6981,1152040211763,1152040211796,1152040211845,6981,1
6982,1152040336288,1152040336321,1152040336369,6982,1
6983,1152040463004,1152040463036,1152040463085,6983,1
6984,1152040586319,1152040586351,1152040586402,6984,1
6985,1152040711258,1152040711290,1152040711339,6985,1
6986,1152040836109,1152040836142,1152040836189,6986,1
6987,1152040961165,1152040961198,1152040961245,6987,1
6988,1152041086461,1152041086570,1152041086743,6988,1
6989,1152041210318,1152041210352,1152041210398,6989,1
6990,1152041339539,1152041339572,1152041339739,6990,1
6991,1152041463033,1152041463064,1152041463232,6991,1
6992,1152041588347,1152041588380,1152041588427,6992,1
6993,1152041713261,1152041713293,1152041713465,6993,1
6994,1152041838004,1152041838040,1152041838087,6994,1
6995,1152041962996,1152041963029,1152041963192,6995,1
6996,1152042087928,1152042087960,1152042088116,6996,1
6997,1152042213385,1152042213417,1152042213536,6997,1
6998,1152042338006,1152042338039,1152042338214,6998,1
6999,1152042463370,1152042463403,1152042463523,6999,1
7000,1152042588093,1152042588126,1152042588311,7000,1
7001,1152042712952,1152042712988,1152042713169,7001,1
7002,1152042851848,1152042851881,1152042852058,7002,1
7003,1152042963020,1152042963054,1152042963174,7003,1
7004,1152043088077,1152043088110,1152043088158,7004,1
7005,1152043212926,1152043212958,1152043213008,7005,1
7006,1152043338098,1152043338130,1152043338179,7006,1
7007,1152043463055,1152043463088,1152043463135,7007,1
7008,1152043594673,1152043594705,1152043594753,7008,1
7009,1152043713049,1152043713082,1152043713130,7009,1
7010,1152043838054,1152043838087,1152043838138,7010,1
7011,1152043955320,1152043955353,1152043955406,7011,1
7012,1152044134714,1152044134746,1152044134794,7012,1
7013,1152044211565,1152044211597,1152044211647,7013,1
7014,1152044336225,1152044336259,1152044336307,7014,1
7015,1152044461535,1152044461568,1152044461617,7015,1
7016,1152044586409,1152044586442,1152044586489,7016,1
7017,1152044711364,1152044711396,1152044711444,7017,1
7018,1152044836409,1152044836441,1152044836491,7018,1
7019,1152044961208,1152044961241,1152044961291,7019,1
7020,1152045086183,1152045086215,1152045086263,7020,1
7021,1152045210708,1152045210809,1152045210918,7021,1
7022,1152045338303,1152045338336,1152045338384,7022,1
7023,1152045461443,1152045461476,1152045461641,7023,1
7024,1152045586357,1152045586389,1152045586550,7024,1
7025,1152045711880,1152045711914,1152045712014,7025,1
7026,1152045836219,1152045836252,1152045836415,7026,1
7027,1152045961236,1152045961269,1152045961380,7027,1
7028,1152046085357,1152046085390,1152046085558,7028,1
7029,1152046255452,1152046255486,1152046255838,7029,1
7030,1152046335530,1152046335563,1152046335613,7030,1
7031,1152046504705,1152046504738,1152046504958,7031,1
7032,1152046588175,1152046588209,1152046588257,7032,1
7033,1152046713106,1152046713139,1152046713312,7033,1
7034,1152046838052,1152046838084,1152046838261,7034,1
7035,1152046962957,1152046962990,1152046963102,7035,1
7036,1152047105592,1152047105625,1152047105808,7036,1
7037,1152047213187,1152047213218,1152047213328,7037,1
7038,1152047337994,1152047338026,1152047338075,7038,1
7039,1152047463036,1152047463069,1152047463266,7039,1
7040,1152047594327,1152047594359,1152047594412,7040,1
7041,1152047713045,1152047713077,1152047713240,7041,1
7042,1152047838123,1152047838156,1152047838204,7042,1
7043,1152047955322,1152047955354,1152047955520,7043,1
7044,1152048092713,1152048092744,1152048092794,7044,1
7045,1152048252155,1152048252187,1152048252408,7045,1
7046,1152048336768,1152048336801,1152048336851,7046,1
7047,1152048461423,1152048461454,1152048461634,7047,1
7048,1152048586242,1152048586276,1152048586325,7048,1
7049,1152048711420,1152048711451,1152048711651,7049,1
7050,1152048836186,1152048836219,1152048836267,7050,1
7051,1152048961235,1152048961267,1152048961486,7051,1
7052,1152049086248,1152049086281,1152049086329,7052,1
7053,1152049210444,1152049210477,1152049210662,7053,1
7054,1152049347986,1152049348086,1152049348197,7054,1
7055,1152049461383,1152049461416,1152049461588,7055,1
7056,1152049586255,1152049586288,1152049586452,7056,1
7057,1152049711294,1152049711326,1152049711436,7057,1
7058,1152049836249,1152049836281,1152049836450,7058,1
7059,1152049961708,1152049961741,1152049961849,7059,1
7060,1152050085401,1152050085433,1152050085600,7060,1
7061,1152050231482,1152050231515,1152050231742,7061,1
7062,1152050346314,1152050346346,1152050346435,7062,1
7063,1152050463007,1152050463039,1152050463218,7063,1
7064,1152050588136,1152050588169,1152050588217,7064,1
7065,1152050713102,1152050713135,1152050713318,7065,1
7066,1152050838067,1152050838099,1152050838273,7066,1
7067,1152050963082,1152050963115,1152050963243,7067,1
7068,1152051088284,1152051088316,1152051088502,7068,1
7069,1152051213214,1152051213248,1152051213413,7069,1
7070,1152051338185,1152051338218,1152051338264,7070,1
7071,1152051463089,1152051463122,1152051463236,7071,1
7072,1152051588208,1152051588241,1152051588291,7072,1
7073,1152051712951,1152051712983,1152051713091,7073,1
7074,1152051837955,1152051837988,1152051838036,7074,1
7075,1152051955286,1152051955318,1152051955432,7075,1
7076,1152052092989,1152052093022,1152052093066,7076,1
7077,1152052351794,1152052351825,1152052351914,7077,1
7078,1152052351977,1152052352010,1152052352052,7078,1
7079,1152052461612,1152052461645,1152052461693,7079,1
7080,1152052586506,1152052586539,1152052586589,7080,1
7081,1152052717858,1152052717893,1152052718005,7081,1
7082,1152052836737,1152052836769,1152052836817,7082,1
7083,1152052961400,1152052961433,1152052961560,7083,1
7084,1152053085657,1152053085690,1152053085737,7084,1
7085,1152053243980,1152053244012,1152053244162,7085,1
7086,1152053337793,1152053337825,1152053337936,7086,1
7087,1152053461274,1152053461307,1152053461420,7087,1
7088,1152053586527,1152053586559,1152053586674,7088,1
7089,1152053711310,1152053711343,1152053711521,7089,1
7090,1152053836215,1152053836247,1152053836296,7090,1
7091,1152053961158,1152053961192,1152053961306,7091,1
7092,1152054163840,1152054163872,1152054164083,7092,1
7093,1152054211417,1152054211449,1152054211553,7093,1
7094,1152054392537,1152054392570,1152054392796,7094,1
7095,1152054461334,1152054461367,1152054461472,7095,1
7096,1152054586296,1152054586329,1152054586491,7096,1
7097,1152054711356,1152054711389,1152054711498,7097,1
7098,1152054836320,1152054836352,1152054836514,7098,1
7099,1152054961397,1152054961430,1152054961538,7099,1
7100,1152055086334,1152055086368,1152055086530,7100,1
7101,1152055211332,1152055211365,1152055211486,7101,1
7102,1152055358725,1152055358758,1152055358937,7102,1
7103,1152055564235,1152055564269,1152055564426,7103,1
7104,1152055596424,1152055596457,1152055596504,7104,1
7105,1152055713169,1152055713203,1152055713325,7105,1
7106,1152055838004,1152055838036,1152055838087,7106,1
7107,1152055955376,1152055955408,1152055955523,7107,1
7108,1152056093223,1152056093256,1152056093304,7108,1
7109,1152056211728,1152056211761,1152056211867,7109,1
7110,1152056336282,1152056336314,1152056336360,7110,1
7111,1152056461595,1152056461628,1152056461730,7111,1
7112,1152056586359,1152056586392,1152056586440,7112,1
7113,1152056711469,1152056711502,1152056711606,7113,1
7114,1152056836286,1152056836320,1152056836368,7114,1
7115,1152056961450,1152056961483,1152056961532,7115,1
7116,1152057085440,1152057085473,1152057085523,7116,1
7117,1152057256641,1152057256674,1152057256762,7117,1
7118,1152057337077,1152057337110,1152057337159,7118,1
7119,1152057512120,1152057512152,1152057512243,7119,1
7120,1152057586381,1152057586413,1152057586462,7120,1
7121,1152057711609,1152057711712,1152057711828,7121,1
7122,1152057836306,1152057836338,1152057836385,7122,1
7123,1152057961333,1152057961365,1152057961551,7123,1
7124,1152058086213,1152058086247,1152058086431,7124,1
7125,1152058277857,1152058277892,1152058277999,7125,1
7126,1152058336658,1152058336691,1152058336859,7126,1
7127,1152058461262,1152058461295,1152058461414,7127,1
7128,1152058586240,1152058586275,1152058586456,7128,1
7129,1152058711594,1152058711626,1152058711733,7129,1
7130,1152058836514,1152058836547,1152058836712,7130,1
7131,1152058961121,1152058961153,1152058961321,7131,1
7132,1152059086285,1152059086318,1152059086366,7132,1
7133,1152059211276,1152059211308,1152059211492,7133,1
7134,1152059336526,1152059336559,1152059336607,7134,1
7135,1152059461387,1152059461419,1152059461533,7135,1
7136,1152059586510,1152059586543,1152059586594,7136,1
7137,1152059711267,1152059711300,1152059711425,7137,1
7138,1152059835386,1152059835418,1152059835469,7138,1
7139,1152059992165,1152059992198,1152059992295,7139,1
7140,1152060092979,1152060093014,1152060093066,7140,1
7141,1152060211363,1152060211396,1152060211445,7141,1
7142,1152060336480,1152060336514,1152060336562,7142,1
7143,1152060461472,1152060461506,1152060461556,7143,1
7144,1152060586476,1152060586513,1152060586562,7144,1
7145,1152060711424,1152060711459,1152060711507,7145,1
7146,1152060836435,1152060836468,1152060836516,7146,1
7147,1152060961304,1152060961336,1152060961384,7147,1
7148,1152061085471,1152061085504,1152061085554,7148,1
7149,1152061339848,1152061339880,1152061339976,7149,1
7150,1152061347889,1152061347922,1152061347970,7150,1
7151,1152061584535,1152061584569,1152061584663,7151,1
7152,1152061592439,1152061592471,1152061592519,7152,1
7153,1152061717662,1152061717695,1152061717745,7153,1
7154,1152061842003,1152061842105,1152061842210,7154,1
7155,1152061967131,1152061967163,1152061967334,7155,1
7156,1152062090661,1152062090694,1152062090872,7156,1
7157,1152062211502,1152062211535,1152062211835,7157,1
7158,1152062336425,1152062336476,1152062336643,7158,1
7159,1152062467815,1152062467848,1152062468008,7159,1
7160,1152062586212,1152062586246,1152062586293,7160,1
7161,1152062711292,1152062711324,1152062711487,7161,1
7162,1152062836200,1152062836233,1152062836282,7162,1
7163,1152062961160,1152062961191,1152062961367,7163,1
7164,1152063085782,1152063085814,1152063085861,7164,1
7165,1152063210926,1152063210958,1152063211143,7165,1
7166,1152063362463,1152063362494,1152063362676,7166,1
7167,1152063460930,1152063460961,1152063461012,7167,1
7168,1152063593581,1152063593613,1152063593849,7168,1
7169,1152063711248,1152063711279,1152063711466,7169,1
7170,1152063916740,1152063916772,1152063916861,7170,1
7171,1152063955199,1152063955230,1152063955352,7171,1
7172,1152064092924,1152064092956,1152064093003,7172,1
7173,1152064211276,1152064211308,1152064211354,7173,1
7174,1152064336264,1152064336296,1152064336342,7174,1
7175,1152064461021,1152064461053,1152064461213,7175,1
7176,1152064587471,1152064587502,1152064587546,7176,1
7177,1152064711012,1152064711045,1152064711228,7177,1
7178,1152064884927,1152064884958,1152064885005,7178,1
7179,1152064960911,1152064960943,1152064961123,7179,1
7180,1152065089331,1152065089373,1152065089426,7180,1
7181,1152068656181,1152068656290,1152068656719,7181,1
7182,1152068657105,1152068657149,1152068657200,7182,1
7183,1152068657356,1152068657393,1152068657511,7183,1
7184,1152068657555,1152068657663,1152068657708,7184,1
7185,1152068657741,1152068657893,1152068658069,7185,1
7186,1152068658101,1152068658133,1152068658173,7186,1
7187,1152068658233,1152068658273,1152068658462,7187,1
7188,1152068658506,1152068658639,1152068658833,7188,1
7189,1152068658866,1152068659017,1152068659201,7189,1
7190,1152068659232,1152068659265,1152068659305,7190,1
7191,1152068659478,1152068659509,1152068659779,7191,1
7192,1152068659811,1152068659959,1152068659999,7192,1
7193,1152068660031,1152068660174,1152068660338,7193,1
7194,1152068660370,1152068660402,1152068660442,7194,1
7195,1152068660475,1152068660506,1152068660681,7195,1
7196,1152068660712,1152068660744,1152068660785,7196,1
7197,1152068660816,1152068660847,1152068660994,7197,1
7198,1152068661025,1152068661057,1152068661098,7198,1
7199,1152068661131,1152068661162,1152068661317,7199,1
7200,1152068661347,1152068661378,1152068661418,7200,1
7201,1152068661451,1152068661483,1152068661523,7201,1
7202,1152068661553,1152068661585,1152068661625,7202,1
7203,1152068661656,1152068661687,1152068661727,7203,1
7204,1152068661758,1152068661791,1152068661831,7204,1
7205,1152068661861,1152068661892,1152068661932,7205,1
7206,1152068661963,1152068661995,1152068662036,7206,1
7207,1152068662066,1152068662098,1152068662138,7207,1
7208,1152068662168,1152068662200,1152068662240,7208,1
7209,1152068712292,1152068712324,1152068712487,7209,1
7210,1152068836295,1152068836327,1152068836369,7210,1
7211,1152068961181,1152068961214,1152068961376,7211,1
7212,1152069085863,1152069085894,1152069085937,7212,1
7213,1152069427890,1152069427932,1152069428149,7213,1
7214,1152069428212,1152069428244,1152069428284,7214,1
7215,1152069462130,1152069462161,1152069462280,7215,1
7216,1152069586225,1152069586257,1152069586444,7216,1
7217,1152069710860,1152069710892,1152069711005,7217,1
7218,1152069835142,1152069835175,1152069835345,7218,1
7219,1152069987332,1152069987364,1152069987590,7219,1
7220,1152070115054,1152070115086,1152070115318,7220,1
7221,1152070212792,1152070212825,1152070212936,7221,1
7222,1152070337336,1152070337369,1152070337534,7222,1
7223,1152070462445,1152070462477,1152070462582,7223,1
7224,1152070587458,1152070587489,1152070587651,7224,1
7225,1152070712214,1152070712245,1152070712357,7225,1
7226,1152070837761,1152070837793,1152070837963,7226,1
7227,1152070962849,1152070962880,1152070963060,7227,1
7228,1152071087802,1152071087835,1152071087882,7228,1
7229,1152071212631,1152071212662,1152071212833,7229,1
7230,1152071338127,1152071338158,1152071338206,7230,1
7231,1152071462810,1152071462841,1152071462953,7231,1
7232,1152071587741,1152071587773,1152071587941,7232,1
7233,1152071712611,1152071712642,1152071712742,7233,1
7234,1152071855095,1152071855128,1152071855296,7234,1
7235,1152071955815,1152071955848,1152071956039,7235,1
7236,1152072094076,1152072094112,1152072094161,7236,1
7237,1152072211411,1152072211447,1152072211498,7237,1
7238,1152072336416,1152072336448,1152072336499,7238,1
7239,1152072461434,1152072461467,1152072461518,7239,1
7240,1152072586290,1152072586326,1152072586376,7240,1
7241,1152072711388,1152072711420,1152072711468,7241,1
7242,1152072836774,1152072836810,1152072836861,7242,1
7243,1152072961545,1152072961577,1152072961627,7243,1
7244,1152073086220,1152073086253,1152073086303,7244,1
7245,1152073210700,1152073210733,1152073210782,7245,1
7246,1152073342135,1152073342167,1152073342215,7246,1
7247,1152073463383,1152073463416,1152073463528,7247,1
7248,1152073588046,1152073588079,1152073588126,7248,1
7249,1152073713085,1152073713119,1152073713227,7249,1
7250,1152073838045,1152073838079,1152073838129,7250,1
7251,1152073963086,1152073963119,1152073963170,7251,1
7252,1152074088204,1152074088238,1152074088288,7252,1
7253,1152074212986,1152074213019,1152074213072,7253,1
7254,1152074338245,1152074338346,1152074338461,7254,1
7255,1152074463091,1152074463123,1152074463171,7255,1
7256,1152074587998,1152074588031,1152074588204,7256,1
7257,1152074712943,1152074712974,1152074713093,7257,1
7258,1152074838113,1152074838146,1152074838317,7258,1
7259,1152074963085,1152074963117,1152074963237,7259,1
7260,1152075088237,1152075088270,1152075088464,7260,1
7261,1152075213313,1152075213348,1152075213459,7261,1
7262,1152075338267,1152075338300,1152075338464,7262,1
7263,1152075488406,1152075488439,1152075488613,7263,1
7264,1152075588547,1152075588580,1152075588628,7264,1
7265,1152075921759,1152075921792,1152075921987,7265,1
7266,1152075922053,1152075922086,1152075922127,7266,1
7267,1152075956022,1152075956056,1152075956170,7267,1
7268,1152076238721,1152076238824,1152076239028,7268,1
7269,1152076247501,1152076247534,1152076247660,7269,1
7270,1152076337044,1152076337078,1152076337126,7270,1
7271,1152076461420,1152076461453,1152076461502,7271,1
7272,1152076606796,1152076606830,1152076606911,7272,1
7273,1152076711401,1152076711434,1152076711520,7273,1
7274,1152076835409,1152076835442,1152076835496,7274,1
7275,1152076967886,1152076967918,1152076968143,7275,1
7276,1152077086179,1152077086212,1152077086264,7276,1
7277,1152077210613,1152077210646,1152077210848,7277,1
7278,1152077338600,1152077338633,1152077338682,7278,1
7279,1152077461264,1152077461296,1152077461349,7279,1
7280,1152077586196,1152077586229,1152077586278,7280,1
7281,1152077711271,1152077711304,1152077711479,7281,1
7282,1152077836432,1152077836465,1152077836514,7282,1
7283,1152077961350,1152077961383,1152077961558,7283,1
7284,1152078086319,1152078086351,1152078086404,7284,1
7285,1152078211399,1152078211433,1152078211852,7285,1
7286,1152078336264,1152078336297,1152078336346,7286,1
7287,1152078461341,1152078461375,1152078461551,7287,1
7288,1152078585915,1152078585947,1152078586060,7288,1
7289,1152078718310,1152078718342,1152078718562,7289,1
7290,1152078835828,1152078835861,1152078835908,7290,1
7291,1152078961202,1152078961234,1152078961420,7291,1
7292,1152079085757,1152079085789,1152079085835,7292,1
7293,1152079210732,1152079210764,1152079210936,7293,1
7294,1152079335827,1152079335859,1152079336027,7294,1
7295,1152079460707,1152079460738,1152079460861,7295,1
7296,1152079592833,1152079592865,1152079593047,7296,1
7297,1152079710189,1152079710220,1152079710326,7297,1
7298,1152079868147,1152079868178,1152079868383,7298,1
7299,1152079955519,1152079955551,1152079955602,7299,1
7300,1152080092408,1152080092508,1152080092684,7300,1
7301,1152080210042,1152080210073,1152080210248,7301,1
7302,1152080390311,1152080390343,1152080390557,7302,1
7303,1152080461089,1152080461121,1152080461242,7303,1
7304,1152080585966,1152080585997,1152080586045,7304,1
7305,1152080710813,1152080710844,1152080710969,7305,1
7306,1152080837465,1152080837497,1152080837549,7306,1
7307,1152080960749,1152080960781,1152080960902,7307,1
7308,1152081085683,1152081085715,1152081085762,7308,1
7309,1152081209961,1152081209992,1152081210110,7309,1
7310,1152081337238,1152081337269,1152081337316,7310,1
7311,1152081460835,1152081460867,1152081460970,7311,1
7312,1152081585812,1152081585845,1152081585897,7312,1
7313,1152081710869,1152081710901,1152081711013,7313,1
7314,1152081834909,1152081834940,1152081834988,7314,1
7315,1152081968139,1152081968172,1152081968323,7315,1
7316,1152082086125,1152082086156,1152082086204,7316,1
7317,1152082210745,1152082210777,1152082210888,7317,1
7318,1152082335848,1152082335879,1152082335926,7318,1
7319,1152082461004,1152082461035,1152082461155,7319,1
7320,1152082585783,1152082585815,1152082585861,7320,1
7321,1152082711027,1152082711058,1152082711241,7321,1
7322,1152082835784,1152082835816,1152082835862,7322,1
7323,1152082960760,1152082960792,1152082960975,7323,1
7324,1152083085652,1152083085684,1152083085859,7324,1
7325,1152083210738,1152083210770,1152083210880,7325,1
7326,1152083335724,1152083335756,1152083335914,7326,1
7327,1152083460890,1152083460926,1152083460973,7327,1
7328,1152083585811,1152083585843,1152083586003,7328,1
7329,1152083709982,1152083710013,1152083710065,7329,1
7330,1152083844280,1152083844311,1152083844522,7330,1
7331,1152083955500,1152083955531,1152083955634,7331,1
7332,1152084092350,1152084092454,1152084092617,7332,1
7333,1152084210837,1152084210868,1152084210919,7333,1
7334,1152084335847,1152084335878,1152084336048,7334,1
7335,1152084460805,1152084460837,1152084460885,7335,1
7336,1152084586462,1152084586493,1152084586664,7336,1
7337,1152084711123,1152084711154,1152084711269,7337,1
7338,1152084835775,1152084835808,1152084835855,7338,1
7339,1152084960747,1152084960779,1152084960828,7339,1
7340,1152085085948,1152085085980,1152085086026,7340,1
7341,1152085209871,1152085209902,1152085209952,7341,1
7342,1152085337148,1152085337179,1152085337226,7342,1
7343,1152085509112,1152085509148,1152085509367,7343,1
7344,1152085586571,1152085586605,1152085586655,7344,1
7345,1152085711444,1152085711477,1152085711551,7345,1
7346,1152085835308,1152085835341,1152085835392,7346,1
7347,1152085967882,1152085967915,1152085968163,7347,1
7348,1152086086442,1152086086474,1152086086523,7348,1
7349,1152086272468,1152086272503,1152086272714,7349,1
7350,1152086336873,1152086336906,1152086336954,7350,1
7351,1152086460379,1152086460412,1152086460489,7351,1
7352,1152086637234,1152086637266,1152086637356,7352,1
7353,1152086711651,1152086711684,1152086712008,7353,1
7354,1152086836830,1152086836863,1152086836977,7354,1
7355,1152086961514,1152086961546,1152086961754,7355,1
7356,1152087086360,1152087086394,1152087086567,7356,1
7357,1152087211306,1152087211338,1152087211463,7357,1
7358,1152087336404,1152087336437,1152087336617,7358,1
7359,1152087461216,1152087461249,1152087461362,7359,1
7360,1152087586476,1152087586510,1152087586679,7360,1
7361,1152087710629,1152087710662,1152087710852,7361,1
7362,1152087844586,1152087844619,1152087844708,7362,1
7363,1152087955424,1152087955456,1152087955633,7363,1
7364,1152088093719,1152088093822,1152088093869,7364,1
7365,1152088211328,1152088211360,1152088211523,7365,1
7366,1152088336327,1152088336358,1152088336525,7366,1
7367,1152088461239,1152088461272,1152088461384,7367,1
7368,1152088586200,1152088586232,1152088586405,7368,1
7369,1152088711602,1152088711635,1152088711807,7369,1
7370,1152088836268,1152088836300,1152088836351,7370,1
7371,1152088961301,1152088961334,1152088961444,7371,1
7372,1152089086231,1152089086264,1152089086311,7372,1
7373,1152089290293,1152089290350,1152089290463,7373,1
7374,1152089344958,1152089344991,1152089345104,7374,1
7375,1152089461278,1152089461309,1152089461361,7375,1
7376,1152089586321,1152089586354,1152089586402,7376,1
7377,1152089710361,1152089710395,1152089710443,7377,1
7378,1152089866302,1152089866336,1152089866427,7378,1
7379,1152089975795,1152089975827,1152089976038,7379,1
7380,1152090088002,1152090088034,1152090088086,7380,1
7381,1152090212789,1152090212822,1152090213001,7381,1
7382,1152090337840,1152090337872,1152090337923,7382,1
7383,1152090462646,1152090462678,1152090462853,7383,1
7384,1152090587680,1152090587713,1152090587762,7384,1
7385,1152090712746,1152090712779,1152090713031,7385,1
7386,1152090839719,1152090839755,1152090839805,7386,1
7387,1152090963126,1152090963159,1152090963341,7387,1
7388,1152091088344,1152091088379,1152091088493,7388,1
7389,1152091212979,1152091213012,1152091213195,7389,1
7390,1152091337955,1152091337987,1152091338038,7390,1
7391,1152091462891,1152091462923,1152091463095,7391,1
7392,1152091588211,1152091588243,1152091588296,7392,1
7393,1152091713035,1152091713066,1152091713246,7393,1
7394,1152091838225,1152091838259,1152091838434,7394,1
7395,1152091955347,1152091955379,1152091955487,7395,1
7396,1152092092920,1152092093025,1152092093195,7396,1
7397,1152092211444,1152092211477,1152092211573,7397,1
7398,1152092369950,1152092369983,1152092370160,7398,1
7399,1152092461925,1152092461958,1152092462062,7399,1
7400,1152092585469,1152092585502,1152092585661,7400,1
7401,1152092744606,1152092744640,1152092744850,7401,1
7402,1152092836576,1152092836609,1152092836781,7402,1
7403,1152092961391,1152092961424,1152092961524,7403,1
7404,1152093086235,1152093086267,1152093086315,7404,1
7405,1152093256226,1152093256258,1152093256381,7405,1
7406,1152093341673,1152093341705,1152093341756,7406,1
7407,1152093463225,1152093463258,1152093463311,7407,1
7408,1152093588093,1152093588126,1152093588179,7408,1
7409,1152093712954,1152093712986,1152093713197,7409,1
7410,1152093838045,1152093838076,1152093838129,7410,1
7411,1152093963165,1152093963197,1152093963281,7411,1
7412,1152094088048,1152094088081,1152094088134,7412,1
7413,1152094212954,1152094212987,1152094213175,7413,1
7414,1152094338072,1152094338105,1152094338154,7414,1
7415,1152094463076,1152094463109,1152094463302,7415,1
7416,1152094588198,1152094588231,1152094588282,7416,1
7417,1152094712991,1152094713024,1152094713077,7417,1
7418,1152094837968,1152094838001,1152094838050,7418,1
7419,1152094963017,1152094963052,1152094963104,7419,1
7420,1152095088086,1152095088121,1152095088176,7420,1
7421,1152095213309,1152095213341,1152095213452,7421,1
7422,1152095338074,1152095338106,1152095338158,7422,1
7423,1152095462581,1152095462614,1152095462787,7423,1
7424,1152095587654,1152095587686,1152095587738,7424,1
7425,1152095712621,1152095712652,1152095712760,7425,1
7426,1152095837537,1152095837569,1152095837615,7426,1
7427,1152095955370,1152095955401,1152095955561,7427,1
7428,1152096163854,1152096163957,1152096164128,7428,1
7429,1152096210128,1152096210159,1152096210279,7429,1
7430,1152096372404,1152096372435,1152096372658,7430,1
7431,1152096460895,1152096460927,1152096461039,7431,1
7432,1152096585910,1152096585941,1152096586113,7432,1
7433,1152096710925,1152096710956,1152096711072,7433,1
7434,1152096835790,1152096835821,1152096835993,7434,1
7435,1152096960797,1152096960829,1152096961010,7435,1
7436,1152097086797,1152097086830,1152097087012,7436,1
7437,1152097210068,1152097210100,1152097210199,7437,1
7438,1152097346010,1152097346042,1152097346090,7438,1
7439,1152097460973,1152097461006,1152097461120,7439,1
7440,1152097585828,1152097585859,1152097585908,7440,1
7441,1152097710879,1152097710911,1152097711009,7441,1
7442,1152097834885,1152097834916,1152097834963,7442,1
7443,1152097969724,1152097969758,1152097969845,7443,1
7444,1152098087659,1152098087690,1152098087735,7444,1
7445,1152098212616,1152098212647,1152098212694,7445,1
7446,1152098337573,1152098337604,1152098337655,7446,1
7447,1152098462636,1152098462667,1152098462719,7447,1
7448,1152098587508,1152098587540,1152098587588,7448,1
7449,1152098712427,1152098712458,1152098712510,7449,1
7450,1152098837448,1152098837481,1152098837529,7450,1
7451,1152098962603,1152098962633,1152098962755,7451,1
7452,1152099087485,1152099087516,1152099087563,7452,1
7453,1152099212743,1152099212774,1152099212876,7453,1
7454,1152099337761,1152099337792,1152099337907,7454,1
7455,1152099462512,1152099462544,1152099462595,7455,1
7456,1152099587385,1152099587416,1152099587586,7456,1
7457,1152099712514,1152099712545,1152099712651,7457,1
7458,1152099838073,1152099838106,1152099838268,7458,1
7459,1152100111522,1152100111704,1152100111909,7459,1
7460,1152100111946,1152100111978,1152100112021,7460,1
7461,1152100218308,1152100218341,1152100218514,7461,1
7462,1152100336667,1152100336699,1152100336751,7462,1
7463,1152100461463,1152100461495,1152100461637,7463,1
7464,1152100586341,1152100586377,1152100586430,7464,1
7465,1152100711271,1152100711303,1152100711483,7465,1
7466,1152100835641,1152100835674,1152100835728,7466,1
7467,1152100960977,1152100961009,1152100961149,7467,1
7468,1152101086042,1152101086073,1152101086257,7468,1
7469,1152101210383,1152101210415,1152101210589,7469,1
7470,1152101369759,1152101369790,1152101369839,7470,1
7471,1152101461086,1152101461119,1152101461222,7471,1
7472,1152101598213,1152101598244,1152101598340,7472,1
7473,1152101711116,1152101711148,1152101711201,7473,1
7474,1152101835882,1152101835914,1152101835965,7474,1
7475,1152101966690,1152101966721,1152101966901,7475,1
7476,1152102085732,1152102085764,1152102085811,7476,1
7477,1152102210811,1152102210842,1152102210954,7477,1
7478,1152102335917,1152102335948,1152102335999,7478,1
7479,1152102460788,1152102460822,1152102460931,7479,1
7480,1152102586020,1152102586051,1152102586103,7480,1
7481,1152102710720,1152102710751,1152102710868,7481,1
7482,1152102835673,1152102835705,1152102835751,7482,1
7483,1152102960919,1152102960951,1152102961135,7483,1
7484,1152103085740,1152103085772,1152103085819,7484,1
7485,1152103210909,1152103210941,1152103211117,7485,1
7486,1152103336212,1152103336244,1152103336291,7486,1
7487,1152103461053,1152103461085,1152103461267,7487,1
7488,1152103586064,1152103586095,1152103586205,7488,1
7489,1152103716283,1152103716314,1152103716492,7489,1
7490,1152103861661,1152103861694,1152103861741,7490,1
7491,1152103962478,1152103962509,1152103962733,7491,1
7492,1152104092698,1152104092802,1152104092849,7492,1
7493,1152104212104,1152104212136,1152104212309,7493,1
7494,1152104336300,1152104336332,1152104336380,7494,1
7495,1152104461376,1152104461408,1152104461573,7495,1
7496,1152104586281,1152104586313,1152104586483,7496,1
7497,1152104784112,1152104784147,1152104784320,7497,1
7498,1152104837034,1152104837068,1152104837116,7498,1
7499,1152104961332,1152104961365,1152104961479,7499,1
7500,1152105086211,1152105086244,1152105086421,7500,1
7501,1152105210444,1152105210477,1152105210665,7501,1
7502,1152105363165,1152105363197,1152105363379,7502,1
7503,1152105461511,1152105461543,1152105461657,7503,1
7504,1152105586554,1152105586587,1152105586636,7504,1
7505,1152105711663,1152105711696,1152105711746,7505,1
7506,1152105836294,1152105836325,1152105836372,7506,1
7507,1152105961343,1152105961375,1152105961421,7507,1
7508,1152106086254,1152106086286,1152106086334,7508,1
7509,1152106211285,1152106211317,1152106211362,7509,1
7510,1152106336308,1152106336340,1152106336388,7510,1
7511,1152106461331,1152106461363,1152106461412,7511,1
7512,1152106586546,1152106586579,1152106586627,7512,1
7513,1152106711314,1152106711348,1152106711399,7513,1
7514,1152106836210,1152106836243,1152106836294,7514,1
7515,1152106961279,1152106961312,1152106961362,7515,1
7516,1152107086292,1152107086324,1152107086373,7516,1
7517,1152107211251,1152107211284,1152107211334,7517,1
7518,1152107394023,1152107394059,1152107394152,7518,1
7519,1152107461927,1152107461959,1152107462013,7519,1
7520,1152107586444,1152107586476,1152107586529,7520,1
7521,1152107710648,1152107710681,1152107710797,7521,1
7522,1152107903170,1152107903203,1152107903416,7522,1
7523,1152107955815,1152107955848,1152107955969,7523,1
7524,1152108093991,1152108094097,1152108094269,7524,1
7525,1152108211291,1152108211325,1152108211429,7525,1
7526,1152108336395,1152108336428,1152108336597,7526,1
7527,1152108461242,1152108461275,1152108461373,7527,1
7528,1152108586242,1152108586274,1152108586437,7528,1
7529,1152108711668,1152108711701,1152108711870,7529,1
7530,1152108836548,1152108836581,1152108836633,7530,1
7531,1152108961081,1152108961114,1152108961309,7531,1
7532,1152109086361,1152109086393,1152109086440,7532,1
7533,1152109210261,1152109210294,1152109210472,7533,1
7534,1152109357043,1152109357078,1152109357292,7534,1
7535,1152109463867,1152109463900,1152109464087,7535,1
7536,1152109588122,1152109588155,1152109588205,7536,1
7537,1152109712885,1152109712921,1152109713039,7537,1
7538,1152109837745,1152109837779,1152109837828,7538,1
7539,1152109962293,1152109962325,1152109962445,7539,1
7540,1152110087282,1152110087314,1152110087364,7540,1
7541,1152110212226,1152110212258,1152110212611,7541,1
7542,1152110337756,1152110337788,1152110337837,7542,1
7543,1152110462339,1152110462371,1152110462536,7543,1
7544,1152110587184,1152110587220,1152110587282,7544,1
7545,1152110712823,1152110712859,1152110713045,7545,1
7546,1152110837710,1152110837742,1152110837800,7546,1
7547,1152110963328,1152110963364,1152110963559,7547,1
7548,1152111088195,1152111088226,1152111088279,7548,1
7549,1152111213017,1152111213049,1152111213215,7549,1
7550,1152111338088,1152111338123,1152111338172,7550,1
7551,1152111463135,1152111463172,1152111463226,7551,1
7552,1152111593849,1152111593885,1152111593994,7552,1
7553,1152111713175,1152111713208,1152111713259,7553,1
7554,1152111838762,1152111838794,1152111838911,7554,1
7555,1152111955464,1152111955496,1152111955551,7555,1
7556,1152112092739,1152112092776,1152112092948,7556,1
7557,1152112211412,1152112211444,1152112211561,7557,1
7558,1152112335371,1152112335405,1152112335581,7558,1
7559,1152112469057,1152112469089,1152112469298,7559,1
7560,1152112586571,1152112586604,1152112586650,7560,1
7561,1152112710350,1152112710383,1152112710568,7561,1
7562,1152112873028,1152112873061,1152112873151,7562,1
7563,1152112961307,1152112961340,1152112961523,7563,1
7564,1152113086213,1152113086245,1152113086296,7564,1
7565,1152113210307,1152113210341,1152113210503,7565,1
7566,1152113338066,1152113338098,1152113338258,7566,1
7567,1152113523173,1152113523210,1152113523357,7567,1
7568,1152113586844,1152113586876,1152113587053,7568,1
7569,1152113711676,1152113711709,1152113711873,7569,1
7570,1152113887979,1152113888012,1152113888113,7570,1
7571,1152114002062,1152114002098,1152114002235,7571,1
7572,1152114087219,1152114087251,1152114087299,7572,1
7573,1152114211192,1152114211224,1152114211342,7573,1
7574,1152114336183,1152114336215,1152114336262,7574,1
7575,1152114461269,1152114461302,1152114461427,7575,1
7576,1152114586291,1152114586324,1152114586376,7576,1
7577,1152114757846,1152114757878,1152114758030,7577,1
7578,1152114836398,1152114836430,1152114836481,7578,1
7579,1152114976669,1152114976702,1152114976825,7579,1
7580,1152115086368,1152115086401,1152115086449,7580,1
7581,1152115211265,1152115211298,1152115211429,7581,1
7582,1152115336157,1152115336190,1152115336238,7582,1
7583,1152115461235,1152115461268,1152115461318,7583,1
7584,1152115586231,1152115586264,1152115586315,7584,1
7585,1152115710332,1152115710365,1152115710418,7585,1
7586,1152115862295,1152115862328,1152115862421,7586,1
7587,1152115955516,1152115955548,1152115955601,7587,1
7588,1152116093170,1152116093277,1152116093386,7588,1
7589,1152116211461,1152116211493,1152116211671,7589,1
7590,1152116336347,1152116336379,1152116336430,7590,1
7591,1152116461309,1152116461342,1152116461521,7591,1
7592,1152116586193,1152116586225,1152116586277,7592,1
7593,1152116711453,1152116711485,1152116711659,7593,1
7594,1152116836207,1152116836240,1152116836420,7594,1
7595,1152116961315,1152116961347,1152116961470,7595,1
7596,1152117085641,1152117085674,1152117085859,7596,1
7597,1152117240639,1152117240672,1152117240836,7597,1
7598,1152117337646,1152117337679,1152117337848,7598,1
7599,1152117461415,1152117461447,1152117461563,7599,1
7600,1152117597387,1152117597420,1152117597595,7600,1
7601,1152117764062,1152117764094,1152117764268,7601,1
7602,1152117836576,1152117836610,1152117836780,7602,1
7603,1152117961512,1152117961545,1152117961645,7603,1
7604,1152118086419,1152118086453,1152118086506,7604,1
7605,1152118211285,1152118211318,1152118211429,7605,1
7606,1152118335335,1152118335368,1152118335419,7606,1
7607,1152118518943,1152118519000,1152118519151,7607,1
7608,1152118586838,1152118586871,1152118586920,7608,1
7609,1152118752454,1152118752487,1152118752643,7609,1
7610,1152118836687,1152118836719,1152118836771,7610,1
7611,1152118961289,1152118961321,1152118961428,7611,1
7612,1152119086289,1152119086321,1152119086373,7612,1
7613,1152119211288,1152119211321,1152119211441,7613,1
7614,1152119336484,1152119336517,1152119336565,7614,1
7615,1152119460288,1152119460321,1152119460446,7615,1
7616,1152119594038,1152119594075,1152119594166,7616,1
7617,1152119711470,1152119711502,1152119711616,7617,1
7618,1152119872878,1152119872911,1152119873006,7618,1
7619,1152119960928,1152119960961,1152119961080,7619,1
7620,1152120117867,1152120117974,1152120118027,7620,1
7621,1152120219565,1152120219597,1152120219764,7621,1
7622,1152120355184,1152120355217,1152120355264,7622,1
7623,1152120470717,1152120470760,1152120470948,7623,1
7624,1152120604627,1152120604659,1152120604836,7624,1
7625,1152120719119,1152120719157,1152120719267,7625,1
7626,1152120841148,1152120841181,1152120841349,7626,1
7627,1152120987599,1152120987635,1152120987684,7627,1
7628,1152121090876,1152121090910,1152121091074,7628,1
7629,1152121236516,1152121236551,1152121236730,7629,1
7630,1152121346658,1152121346690,1152121346746,7630,1
7631,1152121522392,1152121522424,1152121522573,7631,1
7632,1152121603891,1152121603928,1152121603976,7632,1
7633,1152121744762,1152121744798,1152121744974,7633,1
7634,1152121845836,1152121845867,1152121845920,7634,1
7635,1152121989961,1152121989995,1152121990169,7635,1
7636,1152122091307,1152122091339,1152122091387,7636,1
7637,1152122215772,1152122215804,1152122215919,7637,1
7638,1152122340557,1152122340590,1152122340638,7638,1
7639,1152122465120,1152122465153,1152122465259,7639,1
7640,1152122589911,1152122589944,1152122589997,7640,1
7641,1152122714553,1152122714586,1152122714635,7641,1
7642,1152122839293,1152122839327,1152122839376,7642,1
7643,1152122964444,1152122964476,1152122964530,7643,1
7644,1152123089055,1152123089087,1152123089136,7644,1
7645,1152123213945,1152123213977,1152123214026,7645,1
7646,1152123338849,1152123338880,1152123338929,7646,1
7647,1152123463690,1152123463723,1152123463770,7647,1
7648,1152123588503,1152123588536,1152123588586,7648,1
7649,1152123713429,1152123713461,1152123713509,7649,1
7650,1152123838235,1152123838268,1152123838317,7650,1
7651,1152123955847,1152123955879,1152123955928,7651,1
7652,1152124093115,1152124093147,1152124093199,7652,1
7653,1152124211609,1152124211642,1152124211696,7653,1
7654,1152124337216,1152124337320,1152124337429,7654,1
7655,1152124461557,1152124461591,1152124461643,7655,1
7656,1152124586262,1152124586294,1152124586461,7656,1
7657,1152124710355,1152124710388,1152124710495,7657,1
7658,1152124845073,1152124845106,1152124845316,7658,1
7659,1152124961407,1152124961439,1152124961609,7659,1
7660,1152125086479,1152125086512,1152125086566,7660,1
7661,1152125210511,1152125210544,1152125210723,7661,1
7662,1152125338025,1152125338058,1152125338108,7662,1
7663,1152125461776,1152125461808,1152125461995,7663,1
7664,1152125586535,1152125586568,1152125586621,7664,1
7665,1152125711049,1152125711081,1152125711261,7665,1
7666,1152125835885,1152125835917,1152125836098,7666,1
7667,1152125960918,1152125960949,1152125961065,7667,1
7668,1152126085923,1152126085955,1152126086132,7668,1
7669,1152126211103,1152126211136,1152126211363,7669,1
7670,1152126335855,1152126335886,1152126335933,7670,1
7671,1152126461014,1152126461046,1152126461211,7671,1
7672,1152126585940,1152126585971,1152126586020,7672,1
7673,1152126710777,1152126710808,1152126710979,7673,1
7674,1152126834895,1152126834927,1152126834978,7674,1
7675,1152127039533,1152127039565,1152127039787,7675,1
7676,1152127086288,1152127086319,1152127086369,7676,1
7677,1152127210861,1152127210893,1152127211061,7677,1
7678,1152127335816,1152127335847,1152127335897,7678,1
7679,1152127460813,1152127460845,1152127461033,7679,1
7680,1152127586020,1152127586051,1152127586102,7680,1
7681,1152127709999,1152127710031,1152127710209,7681,1
7682,1152127966033,1152127966065,1152127966158,7682,1
7683,1152127966986,1152127967018,1152127967199,7683,1
7684,1152128175982,1152128176016,1152128176064,7684,1
7685,1152128214525,1152128214558,1152128214751,7685,1
7686,1152128343991,1152128344022,1152128344072,7686,1
7687,1152128468773,1152128468805,1152128468992,7687,1
7688,1152128593598,1152128593701,1152128593813,7688,1
7689,1152128713461,1152128713492,1152128713664,7689,1
7690,1152128838235,1152128838267,1152128838316,7690,1
7691,1152128962526,1152128962558,1152128962720,7691,1
7692,1152129087519,1152129087551,1152129087598,7692,1
7693,1152129211271,1152129211304,1152129211477,7693,1
7694,1152129338243,1152129338274,1152129338446,7694,1
7695,1152129461780,1152129461811,1152129461931,7695,1
7696,1152129586810,1152129586842,1152129587028,7696,1
7697,1152129711571,1152129711603,1152129711714,7697,1
7698,1152129836396,1152129836427,1152129836605,7698,1
7699,1152129961440,1152129961472,1152129961580,7699,1
7700,1152130085421,1152130085454,1152130085628,7700,1
7701,1152130238233,1152130238264,1152130238472,7701,1
7702,1152130338226,1152130338257,1152130338433,7702,1
7703,1152130462582,1152130462614,1152130462717,7703,1
7704,1152130587626,1152130587658,1152130587701,7704,1
7705,1152130712607,1152130712638,1152130712751,7705,1
7706,1152130837436,1152130837468,1152130837513,7706,1
7707,1152130962372,1152130962403,1152130962448,7707,1
7708,1152131087997,1152131088029,1152131088073,7708,1
7709,1152131212874,1152131212907,1152131212952,7709,1
7710,1152131337875,1152131337908,1152131337955,7710,1
7711,1152131462843,1152131462898,1152131462951,7711,1
7712,1152131594724,1152131594758,1152131594809,7712,1
7713,1152131712890,1152131712926,1152131712980,7713,1
7714,1152131838431,1152131838464,1152131838514,7714,1
7715,1152131955714,1152131955746,1152131955800,7715,1
7716,1152132206979,1152132207034,1152132207083,7716,1
7717,1152132214891,1152132214923,1152132214969,7717,1
7718,1152132336573,1152132336606,1152132336654,7718,1
7719,1152132460423,1152132460456,1152132460509,7719,1
7720,1152132593567,1152132593600,1152132593689,7720,1
7721,1152132711454,1152132711555,1152132711728,7721,1
7722,1152132836289,1152132836323,1152132836371,7722,1
7723,1152132961251,1152132961283,1152132961462,7723,1
7724,1152133086287,1152133086320,1152133086492,7724,1
7725,1152133264829,1152133264861,1152133264985,7725,1
7726,1152133366415,1152133366447,1152133366622,7726,1
7727,1152133461337,1152133461370,1152133461497,7727,1
7728,1152133586411,1152133586445,1152133586624,7728,1
7729,1152133711387,1152133711420,1152133711543,7729,1
7730,1152133836490,1152133836522,1152133836703,7730,1
7731,1152133960359,1152133960391,1152133960574,7731,1
7732,1152134096638,1152134096670,1152134096762,7732,1
7733,1152134213178,1152134213212,1152134213388,7733,1
7734,1152134338105,1152134338137,1152134338188,7734,1
7735,1152134463108,1152134463140,1152134463326,7735,1
7736,1152134588308,1152134588340,1152134588388,7736,1
7737,1152134713010,1152134713042,1152134713090,7737,1
7738,1152134838183,1152134838216,1152134838263,7738,1
7739,1152134962904,1152134962937,1152134962985,7739,1
7740,1152135088135,1152135088167,1152135088217,7740,1
7741,1152135212928,1152135212959,1152135213068,7741,1
7742,1152135338055,1152135338087,1152135338134,7742,1
7743,1152135463105,1152135463138,1152135463287,7743,1
7744,1152135588021,1152135588054,1152135588101,7744,1
7745,1152135713005,1152135713038,1152135713087,7745,1
7746,1152135839258,1152135839291,1152135839340,7746,1
7747,1152135955407,1152135955440,1152135955493,7747,1
7748,1152136092959,1152136092991,1152136093039,7748,1
7749,1152136211467,1152136211501,1152136211549,7749,1
7750,1152136336248,1152136336281,1152136336329,7750,1
7751,1152136461222,1152136461255,1152136461304,7751,1
7752,1152136586165,1152136586197,1152136586246,7752,1
7753,1152136711178,1152136711211,1152136711260,7753,1
7754,1152136836607,1152136836711,1152136836819,7754,1
7755,1152136961810,1152136961842,1152136961890,7755,1
7756,1152137086234,1152137086267,1152137086444,7756,1
7757,1152137210326,1152137210359,1152137210464,7757,1
7758,1152137592005,1152137592059,1152137592221,7758,1
7759,1152137600353,1152137600385,1152137600432,7759,1
7760,1152137600469,1152137600503,1152137600544,7760,1
7761,1152137712063,1152137712096,1152137712201,7761,1
7762,1152137907959,1152137907992,1152137908155,7762,1
7763,1152137961421,1152137961453,1152137961612,7763,1
7764,1152138085460,1152138085493,1152138085541,7764,1
7765,1152138715512,1152138715571,1152138715852,7765,1
7766,1152138716224,1152138716255,1152138716297,7766,1
7767,1152138720929,1152138720962,1152138721082,7767,1
7768,1152138721115,1152138721148,1152138721190,7768,1
7769,1152138729152,1152138729184,1152138729292,7769,1
7770,1152138845552,1152138845584,1152138845813,7770,1
7771,1152138966072,1152138966105,1152138966224,7771,1
7772,1152139090162,1152139090195,1152139090244,7772,1
7773,1152139219088,1152139219121,1152139219235,7773,1
7774,1152139344261,1152139344294,1152139344342,7774,1
7775,1152139465287,1152139465324,1152139465427,7775,1
7776,1152139594905,1152139594937,1152139595041,7776,1
7777,1152139713935,1152139713968,1152139714017,7777,1
7778,1152139838466,1152139838498,1152139838547,7778,1
7779,1152139956629,1152139956663,1152139956711,7779,1
7780,1152140151841,1152140151876,1152140151971,7780,1
7781,1152140214025,1152140214057,1152140214228,7781,1
7782,1152140337577,1152140337609,1152140337656,7782,1
7783,1152140462502,1152140462534,1152140462710,7783,1
7784,1152140587358,1152140587390,1152140587438,7784,1
7785,1152140712064,1152140712096,1152140712272,7785,1
7786,1152140836930,1152140836963,1152140837010,7786,1
7787,1152140961941,1152140961975,1152140962160,7787,1
7788,1152141087244,1152141087349,1152141087463,7788,1
7789,1152141211101,1152141211134,1152141211300,7789,1
7790,1152141342370,1152141342403,1152141342568,7790,1
7791,1152141463228,1152141463261,1152141463437,7791,1
7792,1152141588526,1152141588559,1152141588605,7792,1
7793,1152141712478,1152141712510,1152141712689,7793,1
7794,1152141837286,1152141837318,1152141837364,7794,1
7795,1152141962080,1152141962112,1152141962281,7795,1
7796,1152142087595,1152142087625,1152142087787,7796,1
7797,1152142212757,1152142212789,1152142213041,7797,1
7798,1152142337575,1152142337608,1152142337779,7798,1
7799,1152142462485,1152142462520,1152142462634,7799,1
7800,1152142587577,1152142587608,1152142587777,7800,1
7801,1152142712686,1152142712718,1152142712886,7801,1
7802,1152142851718,1152142851750,1152142851914,7802,1
7803,1152142962678,1152142962710,1152142962822,7803,1
7804,1152143087514,1152143087546,1152143087594,7804,1
7805,1152143212808,1152143212838,1152143212887,7805,1
7806,1152143337561,1152143337593,1152143337640,7806,1
7807,1152143462562,1152143462594,1152143462649,7807,1
7808,1152143587551,1152143587582,1152143587634,7808,1
7809,1152143712593,1152143712624,1152143712672,7809,1
7810,1152143837689,1152143837720,1152143837768,7810,1
7811,1152143954960,1152143954993,1152143955039,7811,1
7812,1152144092692,1152144092724,1152144092770,7812,1
7813,1152144210973,1152144211004,1152144211049,7813,1
7814,1152144336021,1152144336053,1152144336097,7814,1
7815,1152144460889,1152144460921,1152144460965,7815,1
7816,1152144585809,1152144585841,1152144585886,7816,1
7817,1152144710880,1152144710911,1152144710956,7817,1
7818,1152144835828,1152144835860,1152144835905,7818,1
7819,1152144960977,1152144961010,1152144961055,7819,1
7820,1152145085831,1152145085863,1152145085908,7820,1
7821,1152145210252,1152145210353,1152145210468,7821,1
7822,1152145338110,1152145338142,1152145338191,7822,1
7823,1152145462768,1152145462799,1152145462986,7823,1
7824,1152145587637,1152145587668,1152145587852,7824,1
7825,1152145712615,1152145712647,1152145712762,7825,1
7826,1152145837455,1152145837487,1152145837663,7826,1
7827,1152145962559,1152145962590,1152145962711,7827,1
7828,1152146087778,1152146087809,1152146087986,7828,1
7829,1152146212609,1152146212641,1152146212756,7829,1
7830,1152146337419,1152146337451,1152146337624,7830,1
7831,1152146462579,1152146462610,1152146462778,7831,1
7832,1152146587505,1152146587538,1152146587584,7832,1
7833,1152146712641,1152146712673,1152146712840,7833,1
7834,1152146837723,1152146837754,1152146837799,7834,1
7835,1152146962576,1152146962608,1152146962712,7835,1
7836,1152147087739,1152147087770,1152147087937,7836,1
7837,1152147213406,1152147213439,1152147213634,7837,1
7838,1152147338142,1152147338174,1152147338222,7838,1
7839,1152147463168,1152147463202,1152147463313,7839,1
7840,1152147588142,1152147588175,1152147588221,7840,1
7841,1152147713075,1152147713107,1152147713227,7841,1
7842,1152147838017,1152147838050,1152147838096,7842,1
7843,1152147955287,1152147955319,1152147955431,7843,1
7844,1152148299203,1152148299260,1152148299375,7844,1
7845,1152148299452,1152148299484,1152148299578,7845,1
7846,1152148337561,1152148337594,1152148337643,7846,1
7847,1152148461616,1152148461649,1152148461752,7847,1
7848,1152148586283,1152148586316,1152148586367,7848,1
7849,1152148711322,1152148711354,1152148711461,7849,1
7850,1152148836218,1152148836250,1152148836298,7850,1
7851,1152148961321,1152148961354,1152148961459,7851,1
7852,1152149086389,1152149086422,1152149086469,7852,1
7853,1152149210504,1152149210537,1152149210653,7853,1
7854,1152149337955,1152149337991,1152149338094,7854,1
7855,1152149461418,1152149461451,1152149461501,7855,1
7856,1152149586597,1152149586629,1152149586802,7856,1
7857,1152149711264,1152149711297,1152149711418,7857,1
7858,1152149836302,1152149836333,1152149836518,7858,1
7859,1152149961309,1152149961341,1152149961389,7859,1
7860,1152150086415,1152150086448,1152150086627,7860,1
7861,1152150211362,1152150211393,1152150211568,7861,1
7862,1152150336236,1152150336268,1152150336318,7862,1
7863,1152150461238,1152150461271,1152150461449,7863,1
7864,1152150586438,1152150586470,1152150586519,7864,1
7865,1152150711267,1152150711300,1152150711489,7865,1
7866,1152150836261,1152150836293,1152150836343,7866,1
7867,1152150961390,1152150961422,1152150961597,7867,1
7868,1152151086343,1152151086376,1152151086427,7868,1
7869,1152151211250,1152151211284,1152151211454,7869,1
7870,1152151336789,1152151336821,1152151336867,7870,1
7871,1152151461375,1152151461408,1152151461513,7871,1
7872,1152151586298,1152151586330,1152151586379,7872,1
7873,1152151710377,1152151710410,1152151710461,7873,1
7874,1152151965613,1152151965645,1152151965738,7874,1
7875,1152151966577,1152151966610,1152151966655,7875,1
7876,1152152093081,1152152093113,1152152093158,7876,1
7877,1152152211397,1152152211429,1152152211476,7877,1
7878,1152152344463,1152152344498,1152152344580,7878,1
7879,1152152461389,1152152461421,1152152461469,7879,1
7880,1152152586260,1152152586296,1152152586346,7880,1
7881,1152152730578,1152152730611,1152152730660,7881,1
7882,1152152836405,1152152836439,1152152836485,7882,1
7883,1152153106108,1152153106141,1152153106233,7883,1
7884,1152153106288,1152153106321,1152153106364,7884,1
7885,1152153290807,1152153290843,1152153290921,7885,1
7886,1152153345009,1152153345043,1152153345091,7886,1
7887,1152153467285,1152153467317,1152153467366,7887,1
7888,1152153593437,1152153593542,1152153593652,7888,1
7889,1152153717752,1152153717784,1152153718017,7889,1
7890,1152153836518,1152153836551,1152153836598,7890,1
7891,1152153968932,1152153968964,1152153969142,7891,1
7892,1152154089954,1152154089995,1152154090054,7892,1
7893,1152154212734,1152154212767,1152154212945,7893,1
7894,1152154336353,1152154336385,1152154336434,7894,1
7895,1152154461269,1152154461301,1152154461488,7895,1
7896,1152154586305,1152154586337,1152154586523,7896,1
7897,1152154711201,1152154711234,1152154711351,7897,1
7898,1152154836345,1152154836377,1152154836564,7898,1
7899,1152154961392,1152154961424,1152154961544,7899,1
7900,1152155086351,1152155086383,1152155086565,7900,1
7901,1152155280826,1152155280858,1152155281065,7901,1
7902,1152155336737,1152155336769,1152155336933,7902,1
7903,1152155460438,1152155460470,1152155460587,7903,1
7904,1152155596187,1152155596220,1152155596312,7904,1
7905,1152155713124,1152155713157,1152155713265,7905,1
7906,1152155838240,1152155838273,1152155838321,7906,1
7907,1152155955262,1152155955294,1152155955399,7907,1
7908,1152156093153,1152156093186,1152156093233,7908,1
7909,1152156211346,1152156211379,1152156211496,7909,1
7910,1152156336175,1152156336207,1152156336254,7910,1
7911,1152156461234,1152156461267,1152156461379,7911,1
7912,1152156586281,1152156586314,1152156586361,7912,1
7913,1152156711159,1152156711193,1152156711311,7913,1
7914,1152156836194,1152156836227,1152156836274,7914,1
7915,1152156961244,1152156961277,1152156961336,7915,1
7916,1152157086278,1152157086310,1152157086357,7916,1
7917,1152157245315,1152157245348,1152157245397,7917,1
7918,1152157337467,1152157337499,1152157337550,7918,1
7919,1152157460533,1152157460566,1152157460614,7919,1
7920,1152157663030,1152157663131,1152157663282,7920,1
7921,1152157712584,1152157712615,1152157712662,7921,1
7922,1152157837464,1152157837495,1152157837545,7922,1
7923,1152157962565,1152157962596,1152157962761,7923,1
7924,1152158087399,1152158087431,1152158087593,7924,1
7925,1152158212364,1152158212395,1152158212629,7925,1
7926,1152158337355,1152158337386,1152158337557,7926,1
7927,1152158462590,1152158462622,1152158462736,7927,1
7928,1152158587464,1152158587496,1152158587669,7928,1
7929,1152158712388,1152158712420,1152158712598,7929,1
7930,1152158837569,1152158837602,1152158837649,7930,1
7931,1152158962546,1152158962577,1152158962758,7931,1
7932,1152159087501,1152159087533,1152159087582,7932,1
7933,1152159212360,1152159212392,1152159212558,7933,1
7934,1152159337621,1152159337655,1152159337700,7934,1
7935,1152159463100,1152159463132,1152159463301,7935,1
7936,1152159587821,1152159587853,1152159587900,7936,1
7937,1152160188630,1152160188673,1152160188835,7937,1
7938,1152160189048,1152160189085,1152160189135,7938,1
7939,1152160189179,1152160189218,1152160189273,7939,1
7940,1152160189314,1152160189352,1152160189403,7940,1
7941,1152160216000,1152160216032,1152160216080,7941,1
7942,1152160341914,1152160341945,1152160341992,7942,1
7943,1152160466507,1152160466539,1152160466587,7943,1
7944,1152160590473,1152160590505,1152160590552,7944,1
7945,1152160715618,1152160715651,1152160715700,7945,1
7946,1152160839874,1152160839906,1152160839953,7946,1
7947,1152160964174,1152160964206,1152160964252,7947,1
7948,1152161087826,1152161087857,1152161087905,7948,1
7949,1152161256677,1152161256708,1152161256799,7949,1
7950,1152161339285,1152161339318,1152161339365,7950,1
7951,1152161557522,1152161557554,1152161557645,7951,1
7952,1152161589551,1152161589583,1152161589631,7952,1
7953,1152161713854,1152161713885,1152161714244,7953,1
7954,1152161838749,1152161838780,1152161838890,7954,1
7955,1152161963258,1152161963289,1152161963461,7955,1
7956,1152162088348,1152162088379,1152162088545,7956,1
7957,1152162261128,1152162261162,1152162261245,7957,1
7958,1152162417586,1152162417618,1152162417798,7958,1
7959,1152162463690,1152162463722,1152162463832,7959,1
7960,1152162793767,1152162793800,1152162793985,7960,1
7961,1152162794019,1152162794159,1152162794278,7961,1
7962,1152162843501,1152162843532,1152162843719,7962,1
7963,1152162967641,1152162967673,1152162967786,7963,1
7964,1152163093251,1152163093286,1152163093452,7964,1
7965,1152163220752,1152163220788,1152163220896,7965,1
7966,1152163348508,1152163348540,1152163348705,7966,1
7967,1152163464488,1152163464527,1152163464650,7967,1
7968,1152163595068,1152163595101,1152163595277,7968,1
7969,1152163713901,1152163713934,1152163714106,7969,1
7970,1152163960484,1152163960521,1152163961866,7970,1
7971,1152163966217,1152163966249,1152163966359,7971,1
7972,1152164231391,1152164231423,1152164231472,7972,1
7973,1152164231509,1152164231545,1152164231658,7973,1
7974,1152164337336,1152164337369,1152164337416,7974,1
7975,1152164461896,1152164461929,1152164462045,7975,1
7976,1152164587703,1152164587735,1152164587787,7976,1
7977,1152164786935,1152164786969,1152164787086,7977,1
7978,1152164836617,1152164836649,1152164836697,7978,1
7979,1152165081709,1152165081741,1152165081893,7979,1
7980,1152165081929,1152165082098,1152165082140,7980,1
7981,1152165218065,1152165218098,1152165218212,7981,1
7982,1152165356749,1152165356782,1152165356829,7982,1
7983,1152165518998,1152165519030,1152165519239,7983,1
7984,1152165681456,1152165681488,1152165681586,7984,1
7985,1152165714894,1152165714926,1152165715032,7985,1
7986,1152165844068,1152165844100,1152165844152,7986,1
7987,1152165963201,1152165963234,1152165963423,7987,1
7988,1152166131764,1152166131869,1152166132028,7988,1
7989,1152166218263,1152166218296,1152166218458,7989,1
7990,1152166338553,1152166338585,1152166338633,7990,1
7991,1152166504233,1152166504270,1152166504440,7991,1
7992,1152166588240,1152166588271,1152166588320,7992,1
7993,1152166712732,1152166712765,1152166712935,7993,1
7994,1152166837720,1152166837752,1152166837920,7994,1
7995,1152166962338,1152166962370,1152166962479,7995,1
7996,1152167087236,1152167087268,1152167087434,7996,1
7997,1152167245653,1152167245687,1152167245809,7997,1
7998,1152167337886,1152167337918,1152167338103,7998,1
7999,1152167461970,1152167462002,1152167462124,7999,1
8000,1152167592809,1152167592842,1152167593020,8000,1
8001,1152167719642,1152167719678,1152167719899,8001,1
8002,1152167838239,1152167838273,1152167838320,8002,1
8003,1152167955408,1152167955441,1152167955617,8003,1
8004,1152168087135,1152168087168,1152168087337,8004,1
8005,1152168211381,1152168211414,1152168211523,8005,1
8006,1152168336659,1152168336691,1152168336739,8006,1
8007,1152168460995,1152168461029,1152168461144,8007,1
8008,1152168614502,1152168614534,1152168614626,8008,1
8009,1152169131583,1152169131637,1152169131800,8009,1
8010,1152169131870,1152169131903,1152169131944,8010,1
8011,1152169131993,1152169132025,1152169132123,8011,1
8012,1152169132154,1152169132196,1152169132236,8012,1
8013,1152169262632,1152169262665,1152169262790,8013,1
8014,1152169463243,1152169463279,1152169463351,8014,1
8015,1152169471425,1152169471458,1152169471578,8015,1
8016,1152169593205,1152169593240,1152169593289,8016,1
8017,1152169716013,1152169716047,1152169716158,8017,1
8018,1152169839474,1152169839506,1152169839559,8018,1
8019,1152169973515,1152169973547,1152169973710,8019,1
8020,1152170086398,1152170086431,1152170086479,8020,1
8021,1152170211664,1152170211697,1152170211859,8021,1
8022,1152170336231,1152170336264,1152170336312,8022,1
8023,1152170499412,1152170499445,1152170499623,8023,1
8024,1152170586297,1152170586328,1152170586504,8024,1
8025,1152170711458,1152170711492,1152170711606,8025,1
8026,1152170835344,1152170835376,1152170835551,8026,1
8027,1152170994144,1152170994178,1152170994340,8027,1
8028,1152171086480,1152171086512,1152171086560,8028,1
8029,1152171211434,1152171211468,1152171211650,8029,1
8030,1152171336271,1152171336303,1152171336486,8030,1
8031,1152171460337,1152171460370,1152171460493,8031,1
8032,1152171621575,1152171621608,1152171621834,8032,1
8033,1152171711834,1152171711867,1152171711991,8033,1
8034,1152171933576,1152171933609,1152171933831,8034,1
8035,1152171955491,1152171955523,1152171955715,8035,1
8036,1152172092880,1152172092912,1152172093105,8036,1
8037,1152172211559,1152172211592,1152172211702,8037,1
8038,1152172336340,1152172336372,1152172336422,8038,1
8039,1152172461227,1152172461261,1152172461365,8039,1
8040,1152172803944,1152172803976,1152172804025,8040,1
8041,1152172804059,1152172804093,1152172804194,8041,1
8042,1152172841094,1152172841127,1152172841175,8042,1
8043,1152172972002,1152172972035,1152172972141,8043,1
8044,1152173094232,1152173094265,1152173094312,8044,1
8045,1152173250564,1152173250597,1152173250725,8045,1
8046,1152173341914,1152173341947,1152173341997,8046,1
8047,1152173469793,1152173469824,1152173469943,8047,1
8048,1152173589558,1152173589591,1152173589639,8048,1
8049,1152173714394,1152173714426,1152173714543,8049,1
8050,1152173837843,1152173837877,1152173837924,8050,1
8051,1152174062064,1152174062097,1152174062264,8051,1
8052,1152174088273,1152174088307,1152174088352,8052,1
8053,1152174258032,1152174258066,1152174258345,8053,1
8054,1152174340429,1152174340461,1152174340572,8054,1
8055,1152174464443,1152174464476,1152174464716,8055,1
8056,1152174589268,1152174589300,1152174589477,8056,1
8057,1152174714646,1152174714679,1152174714786,8057,1
8058,1152174839154,1152174839187,1152174839351,8058,1
8059,1152174964075,1152174964107,1152174964286,8059,1
8060,1152175088945,1152175088978,1152175089027,8060,1
8061,1152175213714,1152175213747,1152175213872,8061,1
8062,1152175338733,1152175338766,1152175338943,8062,1
8063,1152175463384,1152175463416,1152175463469,8063,1
8064,1152175588520,1152175588552,1152175588738,8064,1
8065,1152175713510,1152175713547,1152175713595,8065,1
8066,1152175838669,1152175838702,1152175838879,8066,1
8067,1152176093893,1152176094002,1152176094200,8067,1
8068,1152176094277,1152176094316,1152176094371,8068,1
8069,1152176246100,1152176246133,1152176246354,8069,1
8070,1152176338322,1152176338353,1152176338529,8070,1
8071,1152176465960,1152176465992,1152176466107,8071,1
8072,1152176590072,1152176590104,1152176590152,8072,1
8073,1152176714759,1152176714790,1152176714839,8073,1
8074,1152176843742,1152176843775,1152176843821,8074,1
8075,1152176964197,1152176964229,1152176964275,8075,1
8076,1152177092658,1152177092702,1152177092762,8076,1
8077,1152177213416,1152177213448,1152177213503,8077,1
8078,1152177348813,1152177348846,1152177348896,8078,1
8079,1152177463053,1152177463084,1152177463130,8079,1
8080,1152177587887,1152177587919,1152177587966,8080,1
8081,1152177712220,1152177712252,1152177712299,8081,1
8082,1152177836344,1152177836377,1152177836423,8082,1
8083,1152178112401,1152178112471,1152178112567,8083,1
8084,1152178112625,1152178112656,1152178112700,8084,1
8085,1152178217475,1152178217506,1152178217554,8085,1
8086,1152178342776,1152178342807,1152178342854,8086,1
8087,1152178467490,1152178467521,1152178467569,8087,1
8088,1152178591054,1152178591087,1152178591197,8088,1
8089,1152178718967,1152178718999,1152178719200,8089,1
8090,1152178837654,1152178837686,1152178837734,8090,1
8091,1152178962624,1152178962656,1152178962824,8091,1
8092,1152179087103,1152179087136,1152179087184,8092,1
8093,1152179212132,1152179212165,1152179212341,8093,1
8094,1152179337042,1152179337075,1152179337250,8094,1
8095,1152179461774,1152179461807,1152179461913,8095,1
8096,1152179586681,1152179586714,1152179586886,8096,1
8097,1152179710826,1152179710859,1152179710978,8097,1
8098,1152179880820,1152179880853,1152179881068,8098,1
8099,1152179956137,1152179956170,1152179956294,8099,1
8100,1152180102334,1152180102440,1152180102633,8100,1
8101,1152180212517,1152180212550,1152180212713,8101,1
8102,1152180336481,1152180336514,1152180336679,8102,1
8103,1152180686628,1152180686661,1152180686773,8103,1
8104,1152180686833,1152180686866,1152180686907,8104,1
8105,1152180750550,1152180750583,1152180750732,8105,1
8106,1152180840753,1152180840785,1152180840832,8106,1
8107,1152180965003,1152180965037,1152180965152,8107,1
8108,1152181096990,1152181097022,1152181097075,8108,1
8109,1152181220233,1152181220266,1152181220376,8109,1
8110,1152181354557,1152181354590,1152181354637,8110,1
8111,1152181464541,1152181464573,1152181464687,8111,1
8112,1152181588983,1152181589016,1152181589065,8112,1
8113,1152181713960,1152181713992,1152181714114,8113,1
8114,1152181837606,1152181837639,1152181837685,8114,1
8115,1152181973422,1152181973455,1152181973619,8115,1
8116,1152182090168,1152182090201,1152182090250,8116,1
8117,1152182214244,1152182214277,1152182214400,8117,1
8118,1152182339140,1152182339174,1152182339225,8118,1
8119,1152182464195,1152182464227,1152182464348,8119,1
8120,1152182588761,1152182588795,1152182588844,8120,1
8121,1152182714143,1152182714175,1152182714360,8121,1
8122,1152182838586,1152182838618,1152182838670,8122,1
8123,1152182963537,1152182963569,1152182963757,8123,1
8124,1152183088553,1152183088585,1152183088765,8124,1
8125,1152183213247,1152183213279,1152183213393,8125,1
8126,1152183339356,1152183339387,1152183339557,8126,1
8127,1152183462624,1152183462656,1152183462704,8127,1
8128,1152183587884,1152183587917,1152183588075,8128,1
8129,1152183712632,1152183712663,1152183712829,8129,1
8130,1152183837385,1152183837417,1152183837467,8130,1
8131,1152183955164,1152183955197,1152183955304,8131,1
8132,1152184087312,1152184087344,1152184087451,8132,1
8133,1152184211254,1152184211286,1152184211333,8133,1
8134,1152184336413,1152184336516,1152184336688,8134,1
8135,1152184460797,1152184460829,1152184461016,8135,1
8136,1152184585824,1152184585856,1152184585903,8136,1
8137,1152184711561,1152184711594,1152184711769,8137,1
8138,1152184836781,1152184836815,1152184836987,8138,1
8139,1152184961233,1152184961266,1152184961316,8139,1
8140,1152185086388,1152185086421,1152185086470,8140,1
8141,1152185330885,1152185330918,1152185331006,8141,1
8142,1152185331065,1152185331097,1152185331138,8142,1
8143,1152185463748,1152185463780,1152185463831,8143,1
8144,1152185588058,1152185588091,1152185588139,8144,1
8145,1152185713219,1152185713252,1152185713302,8145,1
8146,1152186005346,1152186005379,1152186005427,8146,1
8147,1152186005461,1152186005494,1152186005536,8147,1
8148,1152186086827,1152186086861,1152186086909,8148,1
8149,1152186270493,1152186270525,1152186270616,8149,1
8150,1152186336777,1152186336810,1152186336857,8150,1
8151,1152186461232,1152186461265,1152186461315,8151,1
8152,1152186586189,1152186586222,1152186586269,8152,1
8153,1152186711116,1152186711149,1152186711196,8153,1
8154,1152186836735,1152186836768,1152186836885,8154,1
8155,1152186961350,1152186961383,1152186961563,8155,1
8156,1152187086341,1152187086374,1152187086544,8156,1
8157,1152187211129,1152187211163,1152187211271,8157,1
8158,1152187336361,1152187336392,1152187336555,8158,1
8159,1152187461212,1152187461244,1152187461346,8159,1
8160,1152187586221,1152187586253,1152187586410,8160,1
8161,1152187710236,1152187710269,1152187710373,8161,1
8162,1152187844892,1152187844924,1152187845014,8162,1
8163,1152187955531,1152187955564,1152187955844,8163,1
8164,1152188107841,1152188107873,1152188107969,8164,1
8165,1152188211372,1152188211404,1152188211524,8165,1
8166,1152188336326,1152188336359,1152188336409,8166,1
8167,1152188461237,1152188461269,1152188461433,8167,1
8168,1152188586229,1152188586262,1152188586312,8168,1
8169,1152188711150,1152188711183,1152188711364,8169,1
8170,1152188836187,1152188836220,1152188836273,8170,1
8171,1152188961449,1152188961482,1152188961668,8171,1
8172,1152189086010,1152189086113,1152189086296,8172,1
8173,1152189237791,1152189237823,1152189238027,8173,1
8174,1152189337852,1152189337886,1152189337938,8174,1
8175,1152189461288,1152189461321,1152189461494,8175,1
8176,1152189586323,1152189586357,1152189586406,8176,1
8177,1152189711428,1152189711460,1152189711628,8177,1
8178,1152189836234,1152189836266,1152189836435,8178,1
8179,1152189975151,1152189975184,1152189975354,8179,1
8180,1152190085498,1152190085531,1152190085579,8180,1
8181,1152190244849,1152190244884,1152190245075,8181,1
8182,1152190338047,1152190338079,1152190338131,8182,1
8183,1152190463254,1152190463287,1152190463412,8183,1
8184,1152190588088,1152190588120,1152190588168,8184,1
8185,1152190713133,1152190713165,1152190713293,8185,1
8186,1152190837935,1152190837968,1152190838017,8186,1
8187,1152190963006,1152190963039,1152190963163,8187,1
8188,1152191088141,1152191088173,1152191088294,8188,1
8189,1152191212901,1152191212934,1152191213115,8189,1
8190,1152191338150,1152191338183,1152191338231,8190,1
8191,1152191463090,1152191463121,1152191463235,8191,1
8192,1152191587969,1152191588001,1152191588055,8192,1
8193,1152191713134,1152191713170,1152191713346,8193,1
8194,1152191838051,1152191838089,1152191838136,8194,1
8195,1152191955575,1152191955608,1152191955775,8195,1
8196,1152192105279,1152192105387,1152192105541,8196,1
8197,1152192211309,1152192211341,1152192211460,8197,1
8198,1152192336375,1152192336407,1152192336592,8198,1
8199,1152192468517,1152192468550,1152192468667,8199,1
8200,1152192585680,1152192585712,1152192585909,8200,1
8201,1152192741876,1152192741909,1152192742128,8201,1
8202,1152192851029,1152192851062,1152192851241,8202,1
8203,1152192961246,1152192961278,1152192961405,8203,1
8204,1152193102130,1152193102163,1152193102211,8204,1
8205,1152193210491,1152193210525,1152193210574,8205,1
8206,1152193337078,1152193337110,1152193337161,8206,1
8207,1152193546528,1152193546560,1152193546652,8207,1
8208,1152193588211,1152193588245,1152193588294,8208,1
8209,1152193713179,1152193713212,1152193713394,8209,1
8210,1152193837753,1152193837786,1152193837834,8210,1
8211,1152193962997,1152193963031,1152193963080,8211,1
8212,1152194087924,1152194087957,1152194088005,8212,1
8213,1152194260587,1152194260618,1152194260787,8213,1
8214,1152194337410,1152194337441,1152194337489,8214,1
8215,1152194462291,1152194462323,1152194462494,8215,1
8216,1152194587661,1152194587693,1152194587740,8216,1
8217,1152194712595,1152194712626,1152194712806,8217,1
8218,1152194837480,1152194837511,1152194837560,8218,1
8219,1152194963031,1152194963063,1152194963251,8219,1
8220,1152195126467,1152195126501,1152195126550,8220,1
8221,1152195213329,1152195213362,1152195213516,8221,1
8222,1152195338734,1152195338770,1152195338883,8222,1
8223,1152195463169,1152195463205,1152195463371,8223,1
8224,1152195588138,1152195588170,1152195588340,8224,1
8225,1152195713241,1152195713275,1152195713454,8225,1
8226,1152195838226,1152195838259,1152195838308,8226,1
8227,1152195955664,1152195955697,1152195955870,8227,1
8228,1152196093184,1152196093296,1152196093344,8228,1
8229,1152196211936,1152196211969,1152196212145,8229,1
8230,1152196336294,1152196336327,1152196336375,8230,1
8231,1152196461478,1152196461516,1152196461680,8231,1
8232,1152196586365,1152196586400,1152196586571,8232,1
8233,1152196711541,1152196711574,1152196711623,8233,1
8234,1152196836319,1152196836355,1152196836528,8234,1
8235,1152196961615,1152196961650,1152196961697,8235,1
8236,1152197086614,1152197086646,1152197086824,8236,1
8237,1152197211228,1152197211261,1152197211429,8237,1
8238,1152197345793,1152197345825,1152197345875,8238,1
8239,1152197506205,1152197506239,1152197506340,8239,1
8240,1152197588555,1152197588587,1152197588636,8240,1
8241,1152197717527,1152197717559,1152197717608,8241,1
8242,1152197838187,1152197838221,1152197838272,8242,1
8243,1152197970168,1152197970200,1152197970252,8243,1
8244,1152198096600,1152198096633,1152198096682,8244,1
8245,1152198213379,1152198213412,1152198213460,8245,1
8246,1152198338243,1152198338276,1152198338323,8246,1
8247,1152198463190,1152198463223,1152198463271,8247,1
8248,1152198588203,1152198588235,1152198588283,8248,1
8249,1152198718151,1152198718183,1152198718234,8249,1
8250,1152198838217,1152198838252,1152198838303,8250,1
8251,1152198962986,1152198963022,1152198963070,8251,1
8252,1152199087974,1152199088009,1152199088059,8252,1
8253,1152199213172,1152199213204,1152199213252,8253,1
8254,1152199338206,1152199338238,1152199338349,8254,1
8255,1152199463110,1152199463142,1152199463192,8255,1
8256,1152199593100,1152199593134,1152199593320,8256,1
8257,1152199713067,1152199713100,1152199713217,8257,1
8258,1152199838354,1152199838387,1152199838561,8258,1
8259,1152199955383,1152199955415,1152199955602,8259,1
8260,1152200092758,1152200092791,1152200092840,8260,1
8261,1152200211314,1152200211346,1152200211520,8261,1
8262,1152200336167,1152200336199,1152200336250,8262,1
8263,1152200461313,1152200461346,1152200461461,8263,1
8264,1152200586146,1152200586179,1152200586228,8264,1
8265,1152200711317,1152200711349,1152200711517,8265,1
8266,1152200836190,1152200836223,1152200836380,8266,1
8267,1152200961339,1152200961371,1152200961485,8267,1
8268,1152201086329,1152201086363,1152201086535,8268,1
8269,1152201210925,1152201210958,1152201211144,8269,1
8270,1152201545450,1152201545483,1152201545572,8270,1
8271,1152201545631,1152201545675,1152201545777,8271,1
8272,1152201594085,1152201594118,1152201594166,8272,1
8273,1152201716705,1152201716736,1152201716855,8273,1
8274,1152201841066,1152201841099,1152201841147,8274,1
8275,1152201965094,1152201965127,1152201965252,8275,1
8276,1152202093878,1152202093911,1152202093960,8276,1
8277,1152202214763,1152202214796,1152202214902,8277,1
8278,1152202338907,1152202338940,1152202338988,8278,1
8279,1152202463504,1152202463536,1152202463644,8279,1
8280,1152202588320,1152202588352,1152202588401,8280,1
8281,1152202712966,1152202712998,1152202713109,8281,1
8282,1152202837918,1152202837951,1152202838000,8282,1
8283,1152202962796,1152202962828,1152202962878,8283,1
8284,1152203087319,1152203087352,1152203087399,8284,1
8285,1152203212159,1152203212192,1152203212242,8285,1
8286,1152203337220,1152203337254,1152203337302,8286,1
8287,1152203461033,1152203461065,1152203461121,8287,1
8288,1152203590374,1152203590407,1152203590558,8288,1
8289,1152203712192,1152203712225,1152203712400,8289,1
8290,1152203836729,1152203836762,1152203836812,8290,1
8291,1152203954711,1152203954743,1152203954928,8291,1
8292,1152204094175,1152204094286,1152204094375,8292,1
8293,1152204211724,1152204211757,1152204211921,8293,1
8294,1152204336350,1152204336384,1152204336543,8294,1
8295,1152204461284,1152204461315,1152204461415,8295,1
8296,1152204586475,1152204586507,1152204586665,8296,1
8297,1152204711518,1152204711550,1152204711653,8297,1
8298,1152204836177,1152204836210,1152204836370,8298,1
8299,1152204961273,1152204961305,1152204961411,8299,1
8300,1152205086538,1152205086570,1152205086736,8300,1
8301,1152205279429,1152205279462,1152205279674,8301,1
8302,1152205351726,1152205351758,1152205351933,8302,1
8303,1152205460560,1152205460593,1152205460710,8303,1
8304,1152205594058,1152205594091,1152205594179,8304,1
8305,1152205712487,1152205712518,1152205712642,8305,1
8306,1152205835983,1152205836015,1152205836064,8306,1
8307,1152205960056,1152205960088,1152205960206,8307,1
8308,1152206092932,1152206092964,1152206093052,8308,1
8309,1152206210979,1152206211011,1152206211535,8309,1
8310,1152206431567,1152206431598,1152206431840,8310,1
8311,1152206489365,1152206489396,1152206489614,8311,1
8312,1152206586322,1152206586353,1152206586401,8312,1
8313,1152206710917,1152206710949,1152206711116,8313,1
8314,1152206835806,1152206835839,1152206835886,8314,1
8315,1152206960950,1152206960983,1152206961285,8315,1
8316,1152207085129,1152207085160,1152207085208,8316,1
8317,1152207234900,1152207234933,1152207235175,8317,1
8318,1152207335968,1152207336001,1152207336057,8318,1
8319,1152207601282,1152207601315,1152207601659,8319,1
8320,1152207601718,1152207601750,1152207601793,8320,1
8321,1152207716433,1152207716466,1152207716710,8321,1
8322,1152207886635,1152207886666,1152207886893,8322,1
8323,1152207961294,1152207961326,1152207961453,8323,1
8324,1152208096624,1152208096730,1152208096915,8324,1
8325,1152208243411,1152208243443,1152208243596,8325,1
8326,1152208336476,1152208336508,1152208336688,8326,1
8327,1152208461336,1152208461368,1152208461472,8327,1
8328,1152208586216,1152208586251,1152208586427,8328,1
8329,1152208711325,1152208711360,1152208711531,8329,1
8330,1152208836110,1152208836142,1152208836193,8330,1
8331,1152208961281,1152208961314,1152208961480,8331,1
8332,1152209085336,1152209085368,1152209085417,8332,1
8333,1152209248437,1152209248470,1152209248697,8333,1
8334,1152209376142,1152209376175,1152209376387,8334,1
8335,1152209461645,1152209461677,1152209461858,8335,1
8336,1152209586259,1152209586292,1152209586337,8336,1
8337,1152209710833,1152209710869,1152209710979,8337,1
8338,1152209834889,1152209834922,1152209834966,8338,1
8339,1152209983716,1152209983748,1152209983912,8339,1
8340,1152210088108,1152210088141,1152210088190,8340,1
8341,1152210212942,1152210212974,1152210213091,8341,1
8342,1152210338165,1152210338198,1152210338247,8342,1
8343,1152210462843,1152210462876,1152210462984,8343,1
8344,1152210587901,1152210587939,1152210587984,8344,1
8345,1152210712945,1152210712978,1152210713088,8345,1
8346,1152210837847,1152210837879,1152210837925,8346,1
8347,1152210962877,1152210962913,1152210963031,8347,1
8348,1152211087851,1152211087883,1152211087932,8348,1
8349,1152211212898,1152211212930,1152211213054,8349,1
8350,1152211337823,1152211337855,1152211337903,8350,1
8351,1152211463044,1152211463076,1152211463197,8351,1
8352,1152211587952,1152211587984,1152211588030,8352,1
8353,1152211713043,1152211713077,1152211713196,8353,1
8354,1152211858311,1152211858343,1152211858459,8354,1
8355,1152211955685,1152211955718,1152211955845,8355,1
8356,1152212092817,1152212092926,1152212093110,8356,1
8357,1152212233484,1152212233517,1152212233626,8357,1
8358,1152212335918,1152212335950,1152212336116,8358,1
8359,1152212469044,1152212469076,1152212469290,8359,1
8360,1152212586528,1152212586560,1152212586611,8360,1
8361,1152212711359,1152212711390,1152212711569,8361,1
8362,1152212836442,1152212836473,1152212836521,8362,1
8363,1152212961249,1152212961282,1152212961396,8363,1
8364,1152213086407,1152213086439,1152213086607,8364,1
8365,1152213210662,1152213210695,1152213210804,8365,1
8366,1152213339539,1152213339571,1152213339739,8366,1
8367,1152213461575,1152213461607,1152213461730,8367,1
8368,1152213586257,1152213586289,1152213586475,8368,1
8369,1152213786579,1152213786611,1152213786811,8369,1
8370,1152213836355,1152213836387,1152213836431,8370,1
8371,1152213961228,1152213961261,1152213961380,8371,1
8372,1152214086167,1152214086200,1152214086244,8372,1
8373,1152214265417,1152214265449,1152214265564,8373,1
8374,1152214336195,1152214336227,1152214336277,8374,1
8375,1152214502977,1152214503010,1152214503121,8375,1
8376,1152214586304,1152214586337,1152214586384,8376,1
8377,1152214711318,1152214711349,1152214711461,8377,1
8378,1152214836068,1152214836100,1152214836149,8378,1
8379,1152214961135,1152214961169,1152214961292,8379,1
8380,1152215086257,1152215086290,1152215086337,8380,1
8381,1152215211136,1152215211169,1152215211276,8381,1
8382,1152215338353,1152215338385,1152215338436,8382,1
8383,1152215460315,1152215460348,1152215460460,8383,1
8384,1152215622017,1152215622049,1152215622142,8384,1
8385,1152215710519,1152215710552,1152215710666,8385,1
8386,1152215862252,1152215862285,1152215862379,8386,1
8387,1152215955471,1152215955504,1152215955609,8387,1
8388,1152216093314,1152216093420,1152216093530,8388,1
8389,1152216211298,1152216211331,1152216211506,8389,1
8390,1152216336231,1152216336263,1152216336312,8390,1
8391,1152216460397,1152216460429,1152216460611,8391,1
8392,1152216593815,1152216593847,1152216593939,8392,1
8393,1152216769242,1152216769276,1152216769460,8393,1
8394,1152216836285,1152216836316,1152216836495,8394,1
8395,1152216961223,1152216961255,1152216961380,8395,1
8396,1152217086192,1152217086224,1152217086406,8396,1
8397,1152217210388,1152217210420,1152217210532,8397,1
8398,1152217338401,1152217338433,1152217338605,8398,1
8399,1152217461344,1152217461377,1152217461488,8399,1
8400,1152217586333,1152217586366,1152217586539,8400,1
8401,1152217711496,1152217711529,1152217711690,8401,1
8402,1152217835427,1152217835461,1152217835627,8402,1
8403,1152217967672,1152217967705,1152217967859,8403,1
8404,1152218086436,1152218086469,1152218086519,8404,1
8405,1152218211464,1152218211497,1152218211546,8405,1
8406,1152218336241,1152218336274,1152218336323,8406,1
8407,1152218461525,1152218461558,1152218461609,8407,1
8408,1152218585341,1152218585374,1152218585421,8408,1
8409,1152218761788,1152218761820,1152218761936,8409,1
8410,1152218836375,1152218836408,1152218836458,8410,1
8411,1152218961356,1152218961389,1152218961436,8411,1
8412,1152219086227,1152219086259,1152219086308,8412,1
8413,1152219211229,1152219211263,1152219211368,8413,1
8414,1152219336558,1152219336590,1152219336640,8414,1
8415,1152219461271,1152219461304,1152219461422,8415,1
8416,1152219586267,1152219586300,1152219586351,8416,1
8417,1152219711420,1152219711452,1152219711557,8417,1
8418,1152219873049,1152219873083,1152219873175,8418,1
8419,1152219955352,1152219955385,1152219955437,8419,1
8420,1152220093345,1152220093382,1152220093429,8420,1
8421,1152220211373,1152220211404,1152220211512,8421,1
8422,1152220336322,1152220336355,1152220336405,8422,1
8423,1152220461273,1152220461305,1152220461483,8423,1
8424,1152220586278,1152220586311,1152220586496,8424,1
8425,1152220779144,1152220779178,1152220779300,8425,1
8426,1152220837308,1152220837341,1152220837529,8426,1
8427,1152220961343,1152220961376,1152220961494,8427,1
8428,1152221086310,1152221086343,1152221086522,8428,1
8429,1152221210326,1152221210358,1152221210475,8429,1
8430,1152221339824,1152221339856,1152221340037,8430,1
8431,1152221463391,1152221463424,1152221463603,8431,1
8432,1152221587604,1152221587637,1152221587683,8432,1
8433,1152221712738,1152221712769,1152221712948,8433,1
8434,1152221837603,1152221837636,1152221837681,8434,1
8435,1152221967805,1152221967836,1152221967996,8435,1
8436,1152222087855,1152222087887,1152222087936,8436,1
8437,1152222212532,1152222212563,1152222212785,8437,1
8438,1152222337523,1152222337556,1152222337599,8438,1
8439,1152222462455,1152222462486,1152222462532,8439,1
8440,1152222587456,1152222587487,1152222587536,8440,1
8441,1152222712438,1152222712469,1152222712518,8441,1
8442,1152222837501,1152222837532,1152222837581,8442,1
8443,1152222962597,1152222962629,1152222962677,8443,1
8444,1152223087453,1152223087485,1152223087533,8444,1
8445,1152223212445,1152223212478,1152223212525,8445,1
8446,1152223337512,1152223337543,1152223337591,8446,1
8447,1152223462522,1152223462554,1152223462605,8447,1
8448,1152223587416,1152223587448,1152223587501,8448,1
8449,1152223712458,1152223712491,1152223712537,8449,1
8450,1152223837516,1152223837548,1152223837595,8450,1
8451,1152223955194,1152223955226,1152223955274,8451,1
8452,1152224092438,1152224092469,1152224092515,8452,1
8453,1152224236639,1152224236670,1152224236718,8453,1
8454,1152224336410,1152224336442,1152224336551,8454,1
8455,1152224460838,1152224460869,1152224460917,8455,1
8456,1152224585955,1152224585987,1152224586154,8456,1
8457,1152224710710,1152224710742,1152224710844,8457,1
8458,1152224835817,1152224835849,1152224836014,8458,1
8459,1152224960837,1152224960870,1152224961037,8459,1
8460,1152225085947,1152225085978,1152225086024,8460,1
8461,1152225209958,1152225209990,1152225210160,8461,1
8462,1152225347980,1152225348011,1152225348058,8462,1
8463,1152225460889,1152225460921,1152225461091,8463,1
8464,1152225586009,1152225586040,1152225586087,8464,1
8465,1152225710897,1152225710929,1152225711121,8465,1
8466,1152225835854,1152225835887,1152225836060,8466,1
8467,1152225960713,1152225960745,1152225960797,8467,1
8468,1152226109848,1152226109880,1152226110050,8468,1
8469,1152226211205,1152226211236,1152226211410,8469,1
8470,1152226335956,1152226335987,1152226336036,8470,1
8471,1152226460806,1152226460839,1152226460885,8471,1
8472,1152226586002,1152226586034,1152226586081,8472,1
8473,1152226710807,1152226710839,1152226710887,8473,1
8474,1152226835924,1152226835955,1152226836003,8474,1
8475,1152226960869,1152226960902,1152226960951,8475,1
8476,1152227085142,1152227085174,1152227085221,8476,1
8477,1152227244064,1152227244096,1152227244188,8477,1
8478,1152227338399,1152227338431,1152227338481,8478,1
8479,1152227462970,1152227463005,1152227463051,8479,1
8480,1152227588158,1152227588191,1152227588237,8480,1
8481,1152227713163,1152227713196,1152227713244,8481,1
8482,1152227838013,1152227838045,1152227838094,8482,1
8483,1152227955292,1152227955325,1152227955503,8483,1
8484,1152228093054,1152228093086,1152228093133,8484,1
8485,1152228211738,1152228211771,1152228211841,8485,1
8486,1152228336537,1152228336570,1152228336617,8486,1
8487,1152228461287,1152228461320,1152228461387,8487,1
8488,1152228586803,1152228586906,1152228587024,8488,1
8489,1152228711354,1152228711387,1152228711552,8489,1
8490,1152228836170,1152228836202,1152228836250,8490,1
8491,1152228961209,1152228961241,1152228961413,8491,1
8492,1152229086185,1152229086218,1152229086266,8492,1
8493,1152229210527,1152229210560,1152229210729,8493,1
8494,1152229338149,1152229338182,1152229338231,8494,1
8495,1152229461420,1152229461453,1152229461634,8495,1
8496,1152229586388,1152229586420,1152229586599,8496,1
8497,1152229711181,1152229711213,1152229711337,8497,1
8498,1152229836191,1152229836224,1152229836409,8498,1
8499,1152229961359,1152229961392,1152229961512,8499,1
8500,1152230085418,1152230085450,1152230085626,8500,1
8501,1152230238538,1152230238571,1152230238793,8501,1
8502,1152230338110,1152230338143,1152230338334,8502,1
8503,1152230463066,1152230463098,1152230463144,8503,1
8504,1152230588008,1152230588041,1152230588086,8504,1
8505,1152230712931,1152230712963,1152230713009,8505,1
8506,1152230838051,1152230838083,1152230838128,8506,1
8507,1152230990375,1152230990408,1152230990521,8507,1
8508,1152231088240,1152231088272,1152231088324,8508,1
8509,1152231212988,1152231213021,1152231213129,8509,1
8510,1152231338289,1152231338322,1152231338371,8510,1
8511,1152231462990,1152231463024,1152231463124,8511,1
8512,1152231588034,1152231588066,1152231588114,8512,1
8513,1152231713112,1152231713144,1152231713252,8513,1
8514,1152231864577,1152231864611,1152231864658,8514,1
8515,1152231955299,1152231955331,1152231955441,8515,1
8516,1152232093344,1152232093378,1152232093427,8516,1
8517,1152232211343,1152232211375,1152232211502,8517,1
8518,1152232336514,1152232336547,1152232336594,8518,1
8519,1152232461297,1152232461330,1152232461443,8519,1
8520,1152232586480,1152232586513,1152232586563,8520,1
8521,1152232711343,1152232711446,1152232711625,8521,1
8522,1152232836432,1152232836463,1152232836514,8522,1
8523,1152232961291,1152232961323,1152232961506,8523,1
8524,1152233086273,1152233086306,1152233086484,8524,1
8525,1152233210636,1152233210670,1152233210722,8525,1
8526,1152233339356,1152233339389,1152233339554,8526,1
8527,1152233462962,1152233462995,1152233463047,8527,1
8528,1152233587845,1152233587878,1152233588049,8528,1
8529,1152233712739,1152233712772,1152233712821,8529,1
8530,1152233837265,1152233837301,1152233837465,8530,1
8531,1152233962184,1152233962220,1152233962415,8531,1
8532,1152234087214,1152234087249,1152234087296,8532,1
8533,1152234212195,1152234212225,1152234212400,8533,1
8534,1152234337248,1152234337279,1152234337326,8534,1
8535,1152234462461,1152234462494,1152234462662,8535,1
8536,1152234587447,1152234587479,1152234587526,8536,1
8537,1152234712315,1152234712347,1152234712468,8537,1
8538,1152234837214,1152234837246,1152234837292,8538,1
8539,1152234962799,1152234962832,1152234962882,8539,1
8540,1152235087857,1152235087890,1152235087938,8540,1
8541,1152235212776,1152235212807,1152235212862,8541,1
8542,1152235338163,1152235338197,1152235338244,8542,1
8543,1152235463093,1152235463125,1152235463175,8543,1
8544,1152235588176,1152235588208,1152235588259,8544,1
8545,1152235713240,1152235713273,1152235713320,8545,1
8546,1152235838034,1152235838067,1152235838117,8546,1
8547,1152235955269,1152235955302,1152235955350,8547,1
8548,1152236092850,1152236092883,1152236092928,8548,1
8549,1152236211545,1152236211577,1152236211625,8549,1
8550,1152236336202,1152236336234,1152236336280,8550,1
8551,1152236532515,1152236532550,1152236532654,8551,1
8552,1152236587504,1152236587536,1152236587585,8552,1
8553,1152236711428,1152236711459,1152236711506,8553,1
8554,1152236836745,1152236836848,1152236836898,8554,1
8555,1152236961313,1152236961346,1152236961452,8555,1
8556,1152237086316,1152237086349,1152237086528,8556,1
8557,1152237210464,1152237210496,1152237210606,8557,1
8558,1152237347886,1152237347919,1152237348090,8558,1
8559,1152237461434,1152237461467,1152237461632,8559,1
8560,1152237588768,1152237588800,1152237588978,8560,1
8561,1152237713879,1152237713913,1152237714104,8561,1
8562,1152237837963,1152237837995,1152237838045,8562,1
8563,1152238275328,1152238275400,1152238275645,8563,1
8564,1152238275722,1152238275753,1152238275793,8564,1
8565,1152238275824,1152238275975,1152238276324,8565,1
8566,1152238367698,1152238367733,1152238367897,8566,1
8567,1152238484591,1152238484623,1152238484788,8567,1
8568,1152238591802,1152238591834,1152238592005,8568,1
8569,1152238715450,1152238715483,1152238715532,8569,1
8570,1152238844229,1152238844260,1152238844432,8570,1
8571,1152238965135,1152238965167,1152238965345,8571,1
8572,1152239088409,1152239088441,1152239088498,8572,1
8573,1152239212998,1152239213030,1152239213077,8573,1
8574,1152239337900,1152239337933,1152239337984,8574,1
8575,1152239462641,1152239462673,1152239462724,8575,1
8576,1152239587661,1152239587694,1152239587747,8576,1
8577,1152239712292,1152239712323,1152239712374,8577,1
8578,1152239835918,1152239835949,1152239835996,8578,1
8579,1152240040500,1152240040541,1152240040650,8579,1
8580,1152240156839,1152240156871,1152240156961,8580,1
8581,1152240212430,1152240212462,1152240212538,8581,1
8582,1152240336987,1152240337019,1152240337067,8582,1
8583,1152240461427,1152240461458,1152240461508,8583,1
8584,1152240586373,1152240586405,1152240586453,8584,1
8585,1152240711115,1152240711148,1152240711198,8585,1
8586,1152240836059,1152240836092,1152240836139,8586,1
8587,1152240961348,1152240961379,1152240961430,8587,1
8588,1152241086735,1152241086840,1152241086952,8588,1
8589,1152241210274,1152241210305,1152241210353,8589,1
8590,1152241339370,1152241339402,1152241339577,8590,1
8591,1152241461165,1152241461197,1152241461304,8591,1
8592,1152241586520,1152241586552,1152241586723,8592,1
8593,1152241710135,1152241710167,1152241710348,8593,1
8594,1152241838029,1152241838061,1152241838153,8594,1
8595,1152241969548,1152241969580,1152241969803,8595,1
8596,1152242087845,1152242087876,1152242087924,8596,1
8597,1152242212740,1152242212772,1152242212930,8597,1
8598,1152242337556,1152242337587,1152242337636,8598,1
8599,1152242462670,1152242462700,1152242462868,8599,1
8600,1152242587565,1152242587597,1152242587643,8600,1
8601,1152242712622,1152242712654,1152242712820,8601,1
8602,1152242837693,1152242837725,1152242837893,8602,1
8603,1152242963699,1152242963732,1152242963903,8603,1
8604,1152243088158,1152243088191,1152243088240,8604,1
8605,1152243213146,1152243213179,1152243213226,8605,1
8606,1152243338289,1152243338322,1152243338369,8606,1
8607,1152243463062,1152243463094,1152243463143,8607,1
8608,1152243588075,1152243588108,1152243588155,8608,1
8609,1152243718098,1152243718132,1152243718183,8609,1
8610,1152243846545,1152243846579,1152243846626,8610,1
8611,1152243955860,1152243955892,1152243955942,8611,1
8612,1152244093956,1152244093990,1152244094038,8612,1
8613,1152244211459,1152244211492,1152244211543,8613,1
8614,1152244336363,1152244336397,1152244336445,8614,1
8615,1152244461167,1152244461200,1152244461250,8615,1
8616,1152244587063,1152244587095,1152244587149,8616,1
8617,1152244781567,1152244781600,1152244781823,8617,1
8618,1152244836417,1152244836449,1152244836495,8618,1
8619,1152244961717,1152244961749,1152244961932,8619,1
8620,1152245085840,1152245085873,1152245085922,8620,1
8621,1152245252709,1152245252814,1152245253099,8621,1
8622,1152245339008,1152245339041,1152245339091,8622,1
8623,1152245461488,1152245461520,1152245461701,8623,1
8624,1152245586460,1152245586492,1152245586667,8624,1
8625,1152245711370,1152245711402,1152245711524,8625,1
8626,1152245836227,1152245836260,1152245836449,8626,1
8627,1152245961259,1152245961291,1152245961415,8627,1
8628,1152246086182,1152246086214,1152246086380,8628,1
8629,1152246211241,1152246211274,1152246211393,8629,1
8630,1152246336377,1152246336409,1152246336586,8630,1
8631,1152246461275,1152246461307,1152246461490,8631,1
8632,1152246585579,1152246585611,1152246585660,8632,1
8633,1152246721804,1152246721836,1152246722070,8633,1
8634,1152246838425,1152246838457,1152246838509,8634,1
8635,1152246963038,1152246963071,1152246963257,8635,1
8636,1152247088527,1152247088558,1152247088605,8636,1
8637,1152247213157,1152247213190,1152247213302,8637,1
8638,1152247338025,1152247338058,1152247338105,8638,1
8639,1152247462982,1152247463015,1152247463128,8639,1
8640,1152247587964,1152247587996,1152247588045,8640,1
8641,1152247713181,1152247713214,1152247713315,8641,1
8642,1152247837938,1152247837971,1152247838024,8642,1
8643,1152247955339,1152247955371,1152247955424,8643,1
8644,1152248093422,1152248093455,1152248093507,8644,1
8645,1152248252894,1152248252930,1152248252981,8645,1
8646,1152248337337,1152248337369,1152248337418,8646,1
8647,1152248461488,1152248461521,1152248461572,8647,1
8648,1152248586343,1152248586375,1152248586429,8648,1
8649,1152248711293,1152248711325,1152248711374,8649,1
8650,1152248836611,1152248836644,1152248836692,8650,1
8651,1152248969513,1152248969546,1152248969595,8651,1
8652,1152249092848,1152249092880,1152249092927,8652,1
8653,1152249210907,1152249210940,1152249210992,8653,1
8654,1152249352160,1152249352193,1152249352248,8654,1
8655,1152249509435,1152249509537,1152249509837,8655,1
8656,1152249586488,1152249586521,1152249586570,8656,1
8657,1152249719150,1152249719182,1152249719347,8657,1
8658,1152249836287,1152249836319,1152249836484,8658,1
8659,1152249967002,1152249967035,1152249967144,8659,1
8660,1152250086508,1152250086541,1152250086711,8660,1
8661,1152250281015,1152250281051,1152250281228,8661,1
8662,1152250337055,1152250337087,1152250337138,8662,1
8663,1152250462272,1152250462305,1152250462479,8663,1
8664,1152250586300,1152250586332,1152250586380,8664,1
8665,1152250711361,1152250711393,1152250711573,8665,1
8666,1152250836297,1152250836330,1152250836383,8666,1
8667,1152250961272,1152250961303,1152250961480,8667,1
8668,1152251086175,1152251086208,1152251086379,8668,1
8669,1152251225380,1152251225414,1152251225594,8669,1
8670,1152251518766,1152251518800,1152251518895,8670,1
8671,1152251518954,1152251518986,1152251519085,8671,1
8672,1152251586303,1152251586337,1152251586385,8672,1
8673,1152251711435,1152251711469,1152251711575,8673,1
8674,1152251835421,1152251835453,1152251835501,8674,1
8675,1152252044747,1152252044790,1152252044968,8675,1
8676,1152252087933,1152252087967,1152252088012,8676,1
8677,1152252211178,1152252211211,1152252211337,8677,1
8678,1152252341905,1152252341939,1152252341999,8678,1
8679,1152252607872,1152252607908,1152252608066,8679,1
8680,1152252608127,1152252608160,1152252608201,8680,1
8681,1152252736920,1152252736953,1152252737072,8681,1
8682,1152252841676,1152252841708,1152252841759,8682,1
8683,1152252965761,1152252965793,1152252965979,8683,1
8684,1152253090650,1152253090682,1152253090735,8684,1
8685,1152253217606,1152253217638,1152253217791,8685,1
8686,1152254304481,1152254304611,1152254304910,8686,1
8687,1152254305159,1152254305192,1152254305286,8687,1
8688,1152254305318,1152254305355,1152254305396,8688,1
8689,1152254317637,1152254317670,1152254317863,8689,1
8690,1152254317897,1152254317930,1152254317970,8690,1
8691,1152254318016,1152254318049,1152254318154,8691,1
8692,1152254318186,1152254318347,1152254318388,8692,1
8693,1152254318420,1152254318458,1152254318689,8693,1
8694,1152254479986,1152254480022,1152254480075,8694,1
8695,1152254487070,1152254487102,1152254487288,8695,1
8696,1152254600849,1152254600882,1152254601106,8696,1
8697,1152254719256,1152254719290,1152254719419,8697,1
8698,1152254845119,1152254845152,1152254845326,8698,1
8699,1152254968543,1152254968576,1152254968760,8699,1
8700,1152255189460,1152255189493,1152255189716,8700,1
8701,1152255215038,1152255215071,1152255215189,8701,1
8702,1152255397418,1152255397453,1152255397626,8702,1
8703,1152255463680,1152255463714,1152255463838,8703,1
8704,1152255588263,1152255588295,1152255588521,8704,1
8705,1152255747512,1152255747545,1152255747709,8705,1
8706,1152255840039,1152255840072,1152255840120,8706,1
8707,1152255956738,1152255956770,1152255956874,8707,1
8708,1152256094993,1152256095029,1152256095077,8708,1
8709,1152256212342,1152256212378,1152256212495,8709,1
8710,1152256337202,1152256337234,1152256337286,8710,1
8711,1152256462201,1152256462236,1152256462361,8711,1
8712,1152256587060,1152256587096,1152256587143,8712,1
8713,1152256711834,1152256711866,1152256711988,8713,1
8714,1152256836827,1152256836859,1152256836908,8714,1
8715,1152256961641,1152256961673,1152256961806,8715,1
8716,1152257085991,1152257086024,1152257086077,8716,1
8717,1152257243539,1152257243573,1152257243720,8717,1
8718,1152257372394,1152257372427,1152257372475,8718,1
8719,1152257462126,1152257462159,1152257462268,8719,1
8720,1152257586772,1152257586805,1152257586856,8720,1
8721,1152257711172,1152257711277,1152257711452,8721,1
8722,1152257970182,1152257970215,1152257970428,8722,1
8723,1152257970488,1152257970521,1152257970625,8723,1
8724,1152258093151,1152258093184,1152258093349,8724,1
8725,1152258247151,1152258247183,1152258247299,8725,1
8726,1152258341663,1152258341696,1152258341875,8726,1
8727,1152258467967,1152258467999,1152258468116,8727,1
8728,1152258592282,1152258592314,1152258592482,8728,1
8729,1152258711948,1152258711980,1152258712090,8729,1
8730,1152258836644,1152258836676,1152258836838,8730,1
8731,1152258961270,1152258961303,1152258961475,8731,1
8732,1152259086213,1152259086244,1152259086293,8732,1
8733,1152259211282,1152259211315,1152259211488,8733,1
8734,1152259336391,1152259336423,1152259336472,8734,1
8735,1152259460267,1152259460299,1152259460473,8735,1
8736,1152259589150,1152259589183,1152259589290,8736,1
8737,1152259713170,1152259713203,1152259713314,8737,1
8738,1152259837995,1152259838032,1152259838080,8738,1
8739,1152259955268,1152259955300,1152259955408,8739,1
8740,1152260092932,1152260092966,1152260093013,8740,1
8741,1152260211413,1152260211446,1152260211497,8741,1
8742,1152260336333,1152260336366,1152260336416,8742,1
8743,1152260461271,1152260461304,1152260461357,8743,1
8744,1152260586262,1152260586295,1152260586343,8744,1
8745,1152260710558,1152260710590,1152260710707,8745,1
8746,1152260894035,1152260894068,1152260894160,8746,1
8747,1152260961281,1152260961312,1152260961429,8747,1
8748,1152261085335,1152261085369,1152261085417,8748,1
8749,1152261247353,1152261247387,1152261247549,8749,1
8750,1152261349918,1152261349951,1152261350002,8750,1
8751,1152261499975,1152261500009,1152261500158,8751,1
8752,1152261586595,1152261586628,1152261586676,8752,1
8753,1152261711588,1152261711620,1152261711735,8753,1
8754,1152261836648,1152261836749,1152261836860,8754,1
8755,1152261960397,1152261960429,1152261960532,8755,1
8756,1152262132898,1152262132931,1152262133146,8756,1
8757,1152262211587,1152262211619,1152262211732,8757,1
8758,1152262402259,1152262402294,1152262402471,8758,1
8759,1152262461870,1152262461902,1152262462012,8759,1
8760,1152262585311,1152262585343,1152262585508,8760,1
8761,1152262732927,1152262732985,1152262733134,8761,1
8762,1152262836556,1152262836590,1152262836767,8762,1
8763,1152262961329,1152262961362,1152262961477,8763,1
8764,1152263086546,1152263086579,1152263086751,8764,1
8765,1152263211339,1152263211371,1152263211563,8765,1
8766,1152263346609,1152263346642,1152263346690,8766,1
8767,1152263461687,1152263461719,1152263461899,8767,1
8768,1152263593614,1152263593647,1152263593696,8768,1
8769,1152263711245,1152263711276,1152263711464,8769,1
8770,1152263877604,1152263877636,1152263877861,8770,1
8771,1152263955653,1152263955685,1152263955877,8771,1
8772,1152264093424,1152264093459,1152264093508,8772,1
8773,1152264211416,1152264211449,1152264211623,8773,1
8774,1152264336365,1152264336398,1152264336446,8774,1
8775,1152264461189,1152264461222,1152264461403,8775,1
8776,1152264587456,1152264587488,1152264587542,8776,1
8777,1152264711264,1152264711298,1152264711467,8777,1
8778,1152264835372,1152264835404,1152264835458,8778,1
8779,1152265012594,1152265012626,1152265012847,8779,1
8780,1152265086711,1152265086744,1152265086794,8780,1
8781,1152265272973,1152265273006,1152265273219,8781,1
8782,1152265339517,1152265339550,1152265339618,8782,1
8783,1152265461307,1152265461341,1152265461525,8783,1
8784,1152265586306,1152265586338,1152265586391,8784,1
8785,1152265711271,1152265711303,1152265711518,8785,1
8786,1152265835338,1152265835372,1152265835420,8786,1
8787,1152265967658,1152265967691,1152265967938,8787,1
8788,1152266096125,1152266096157,1152266096314,8788,1
8789,1152266212796,1152266212829,1152266213000,8789,1
8790,1152266337952,1152266337985,1152266338040,8790,1
8791,1152266462815,1152266462847,1152266463019,8791,1
8792,1152266587839,1152266587871,1152266587926,8792,1
8793,1152266713001,1152266713033,1152266713202,8793,1
8794,1152266838119,1152266838151,1152266838202,8794,1
8795,1152266963103,1152266963136,1152266963297,8795,1
8796,1152267087989,1152267088022,1152267088187,8796,1
8797,1152267213231,1152267213264,1152267213387,8797,1
8798,1152267338115,1152267338147,1152267338322,8798,1
8799,1152267463153,1152267463186,1152267463311,8799,1
8800,1152267594501,1152267594533,1152267594719,8800,1
8801,1152267719082,1152267719119,1152267719299,8801,1
8802,1152267838264,1152267838297,1152267838474,8802,1
8803,1152267955417,1152267955450,1152267955575,8803,1
8804,1152268093350,1152268093383,1152268093432,8804,1
8805,1152268211345,1152268211378,1152268211491,8805,1
8806,1152268336224,1152268336256,1152268336305,8806,1
8807,1152268460598,1152268460631,1152268460744,8807,1
8808,1152268624937,1152268624969,1152268625063,8808,1
8809,1152268968202,1152268968234,1152268968388,8809,1
8810,1152268968472,1152268968504,1152268968546,8810,1
8811,1152268968581,1152268968615,1152268968718,8811,1
8812,1152269184190,1152269184222,1152269184272,8812,1
8813,1152269210523,1152269210555,1152269210674,8813,1
8814,1152269339225,1152269339259,1152269339307,8814,1
8815,1152269461391,1152269461423,1152269461561,8815,1
8816,1152269731545,1152269731577,1152269731684,8816,1
8817,1152269731718,1152269731751,1152269731867,8817,1
8818,1152269989343,1152269989376,1152269989497,8818,1
8819,1152269989721,1152269989754,1152269989859,8819,1
8820,1152270092858,1152270092891,1152270092940,8820,1
8821,1152270216716,1152270216749,1152270217076,8821,1
8822,1152270339605,1152270339638,1152270339692,8822,1
8823,1152270469591,1152270469626,1152270469890,8823,1
8824,1152270591635,1152270591668,1152270591719,8824,1
8825,1152270715941,1152270715974,1152270716162,8825,1
8826,1152270840463,1152270840497,1152270840544,8826,1
8827,1152270965053,1152270965086,1152270965297,8827,1
8828,1152271089797,1152271089829,1152271089884,8828,1
8829,1152271214982,1152271215014,1152271215227,8829,1
8830,1152271339823,1152271339924,1152271340034,8830,1
8831,1152271500996,1152271501028,1152271501198,8831,1
8832,1152271599452,1152271599487,1152271599541,8832,1
8833,1152271733481,1152271733513,1152271733679,8833,1
8834,1152271881686,1152271881719,1152271881888,8834,1
8835,1152271961478,1152271961511,1152271961611,8835,1
8836,1152272118096,1152272118200,1152272118361,8836,1
8837,1152272214235,1152272214271,1152272214454,8837,1
8838,1152272367824,1152272367857,1152272368024,8838,1
8839,1152272475022,1152272475056,1152272475169,8839,1
8840,1152272587890,1152272587922,1152272588102,8840,1
8841,1152272713798,1152272713831,1152272713946,8841,1
8842,1152272866571,1152272866606,1152272866788,8842,1
8843,1152272967363,1152272967395,1152272967584,8843,1
8844,1152273087593,1152273087626,1152273087816,8844,1
8845,1152273211673,1152273211706,1152273211881,8845,1
8846,1152273338611,1152273338644,1152273338695,8846,1
8847,1152273464585,1152273464618,1152273464798,8847,1
8848,1152273589070,1152273589104,1152273589152,8848,1
8849,1152273713666,1152273713699,1152273713866,8849,1
8850,1152273837269,1152273837302,1152273837352,8850,1
8851,1152273976975,1152273977010,1152273977222,8851,1
8852,1152274089458,1152274089489,1152274089536,8852,1
8853,1152274214251,1152274214283,1152274214471,8853,1
8854,1152274339340,1152274339371,1152274339482,8854,1
8855,1152274463917,1152274463949,1152274464224,8855,1
8856,1152274588419,1152274588451,1152274588628,8856,1
8857,1152274713238,1152274713271,1152274713391,8857,1
8858,1152274838626,1152274838658,1152274838841,8858,1
8859,1152274962977,1152274963011,1152274963198,8859,1
8860,1152275088150,1152275088182,1152275088228,8860,1
8861,1152275212967,1152275213003,1152275213165,8861,1
8862,1152275338060,1152275338094,1152275338140,8862,1
8863,1152275462732,1152275462764,1152275462947,8863,1
8864,1152275587886,1152275587917,1152275587963,8864,1
8865,1152275718562,1152275718595,1152275718761,8865,1
8866,1152275854351,1152275854386,1152275854549,8866,1
8867,1152275955425,1152275955456,1152275955504,8867,1
8868,1152276260553,1152276260661,1152276260868,8868,1
8869,1152276260927,1152276260959,1152276261131,8869,1
8870,1152276341194,1152276341225,1152276341274,8870,1
8871,1152276466034,1152276466064,1152276466111,8871,1
8872,1152276591090,1152276591122,1152276591169,8872,1
8873,1152276832234,1152276832266,1152276832355,8873,1
8874,1152276832416,1152276832448,1152276832488,8874,1
8875,1152276966172,1152276966204,1152276966252,8875,1
8876,1152277092045,1152277092077,1152277092124,8876,1
8877,1152277215364,1152277215396,1152277215448,8877,1
8878,1152277344248,1152277344280,1152277344333,8878,1
8879,1152277809645,1152277809677,1152277809797,8879,1
8880,1152277809859,1152277809890,1152277809931,8880,1
8881,1152277809964,1152277809995,1152277810199,8881,1
8882,1152277839200,1152277839232,1152277839279,8882,1
8883,1152277965392,1152277965423,1152277965608,8883,1
8884,1152278089457,1152278089488,1152278089537,8884,1
8885,1152278218530,1152278218562,1152278218730,8885,1
8886,1152278343614,1152278343645,1152278343691,8886,1
8887,1152278469804,1152278469837,1152278470003,8887,1
8888,1152278588537,1152278588570,1152278588682,8888,1
8889,1152278718928,1152278718960,1152278719165,8889,1
8890,1152278920316,1152278920348,1152278920555,8890,1
8891,1152278964289,1152278964320,1152278964430,8891,1
8892,1152279088143,1152279088176,1152279088223,8892,1
8893,1152279212716,1152279212748,1152279212917,8893,1
8894,1152279337442,1152279337474,1152279337641,8894,1
8895,1152279461436,1152279461468,1152279461590,8895,1
8896,1152279590844,1152279590875,1152279591109,8896,1
8897,1152279711264,1152279711295,1152279711413,8897,1
8898,1152279859045,1152279859076,1152279859302,8898,1
8899,1152280035369,1152280035473,1152280035694,8899,1
8900,1152280187852,1152280187884,1152280188103,8900,1
8901,1152280212066,1152280212099,1152280212201,8901,1
8902,1152280336974,1152280337006,1152280337172,8902,1
8903,1152280461210,1152280461241,1152280461358,8903,1
8904,1152280586427,1152280586457,1152280586505,8904,1
8905,1152280711286,1152280711318,1152280711427,8905,1
8906,1152280836301,1152280836332,1152280836379,8906,1
8907,1152280960098,1152280960131,1152280960236,8907,1
8908,1152281183151,1152281183182,1152281183276,8908,1
8909,1152281210887,1152281210919,1152281211032,8909,1
8910,1152281337801,1152281337833,1152281337880,8910,1
8911,1152281461125,1152281461157,1152281461278,8911,1
8912,1152281585910,1152281585942,1152281585988,8912,1
8913,1152281711308,1152281711340,1152281711460,8913,1
8914,1152281835309,1152281835342,1152281835388,8914,1
8915,1152281969560,1152281969594,1152281969760,8915,1
8916,1152282086654,1152282086687,1152282086736,8916,1
8917,1152282211187,1152282211220,1152282211332,8917,1
8918,1152282336170,1152282336203,1152282336252,8918,1
8919,1152282461197,1152282461231,1152282461412,8919,1
8920,1152282586065,1152282586097,1152282586147,8920,1
8921,1152282711660,1152282711693,1152282711859,8921,1
8922,1152282836400,1152282836433,1152282836482,8922,1
8923,1152282961359,1152282961391,1152282961567,8923,1
8924,1152283086235,1152283086266,1152283086437,8924,1
8925,1152283211169,1152283211201,1152283211316,8925,1
8926,1152283336190,1152283336222,1152283336270,8926,1
8927,1152283460388,1152283460421,1152283460475,8927,1
8928,1152283597138,1152283597170,1152283597388,8928,1
8929,1152283713111,1152283713143,1152283713324,8929,1
8930,1152283838156,1152283838189,1152283838237,8930,1
8931,1152283955450,1152283955482,1152283955666,8931,1
8932,1152284092935,1152284093037,1152284093090,8932,1
8933,1152284211403,1152284211435,1152284211600,8933,1
8934,1152284336426,1152284336459,1152284336506,8934,1
8935,1152284461314,1152284461349,1152284461517,8935,1
8936,1152284586231,1152284586263,1152284586312,8936,1
8937,1152284711107,1152284711140,1152284711315,8937,1
8938,1152284836828,1152284836861,1152284837037,8938,1
8939,1152284961200,1152284961232,1152284961335,8939,1
8940,1152285086278,1152285086311,1152285086358,8940,1
8941,1152285210400,1152285210433,1152285210542,8941,1
8942,1152285337594,1152285337627,1152285337676,8942,1
8943,1152285461221,1152285461255,1152285461338,8943,1
8944,1152285586158,1152285586191,1152285586238,8944,1
8945,1152285711286,1152285711319,1152285711511,8945,1
8946,1152285836310,1152285836342,1152285836389,8946,1
8947,1152285960305,1152285960338,1152285960554,8947,1
8948,1152286093679,1152286093711,1152286093804,8948,1
8949,1152286251906,1152286251939,1152286252147,8949,1
8950,1152286336863,1152286336895,1152286336942,8950,1
8951,1152286461246,1152286461279,1152286461441,8951,1
8952,1152286591808,1152286591841,1152286591894,8952,1
8953,1152286718411,1152286718444,1152286718669,8953,1
8954,1152286836934,1152286836966,1152286837076,8954,1
8955,1152286961405,1152286961438,1152286961627,8955,1
8956,1152287085424,1152287085457,1152287085628,8956,1
8957,1152287218933,1152287218967,1152287219134,8957,1
8958,1152287336298,1152287336331,1152287336513,8958,1
8959,1152287461277,1152287461309,1152287461497,8959,1
8960,1152287586394,1152287586426,1152287586482,8960,1
8961,1152287710458,1152287710491,1152287710674,8961,1
8962,1152287927997,1152287928031,1152287928253,8962,1
8963,1152287955613,1152287955645,1152287955762,8963,1
8964,1152288106472,1152288106586,1152288106635,8964,1
8965,1152288211422,1152288211455,1152288211627,8965,1
8966,1152288336270,1152288336303,1152288336469,8966,1
8967,1152288464389,1152288464430,1152288464552,8967,1
8968,1152288587666,1152288587699,1152288587881,8968,1
8969,1152288711465,1152288711497,1152288711671,8969,1
8970,1152288836279,1152288836312,1152288836361,8970,1
8971,1152288961324,1152288961357,1152288961466,8971,1
8972,1152289086424,1152289086457,1152289086506,8972,1
8973,1152289210552,1152289210585,1152289210711,8973,1
8974,1152289377228,1152289377260,1152289377310,8974,1
8975,1152289461320,1152289461352,1152289461469,8975,1
8976,1152289586447,1152289586479,1152289586529,8976,1
8977,1152289711280,1152289711312,1152289711488,8977,1
8978,1152289835331,1152289835363,1152289835414,8978,1
8979,1152289969933,1152289969965,1152289970198,8979,1
8980,1152290086762,1152290086794,1152290086842,8980,1
8981,1152290210484,1152290210517,1152290210717,8981,1
8982,1152290462854,1152290462909,1152290463039,8982,1
8983,1152290463118,1152290463151,1152290463319,8983,1
8984,1152290588386,1152290588419,1152290588467,8984,1
8985,1152290713023,1152290713056,1152290713228,8985,1
8986,1152290838059,1152290838094,1152290838145,8986,1
8987,1152290962989,1152290963021,1152290963346,8987,1
8988,1152291088290,1152291088325,1152291088438,8988,1
8989,1152291213126,1152291213158,1152291213349,8989,1
8990,1152291338103,1152291338136,1152291338182,8990,1
8991,1152291463397,1152291463435,1152291463627,8991,1
8992,1152291594109,1152291594141,1152291594192,8992,1
8993,1152291712928,1152291712961,1152291713143,8993,1
8994,1152291838004,1152291838036,1152291838220,8994,1
8995,1152291955366,1152291955398,1152291955510,8995,1
8996,1152292093059,1152292093096,1152292093265,8996,1
8997,1152292211355,1152292211388,1152292211435,8997,1
8998,1152292336308,1152292336342,1152292336509,8998,1
8999,1152292461344,1152292461376,1152292461481,8999,1
9000,1152292585451,1152292585483,1152292585654,9000,1
9001,1152292744862,1152292744895,1152292745138,9001,1
9002,1152292860498,1152292860534,1152292860702,9002,1
9003,1152292961296,1152292961328,1152292961377,9003,1
9004,1152293086252,1152293086285,1152293086333,9004,1
9005,1152293210570,1152293210603,1152293210651,9005,1
9006,1152293341464,1152293341498,1152293341546,9006,1
9007,1152293463302,1152293463335,1152293463383,9007,1
9008,1152293588216,1152293588249,1152293588298,9008,1
9009,1152293713250,1152293713283,1152293713333,9009,1
9010,1152293837999,1152293838032,1152293838078,9010,1
9011,1152293962835,1152293962868,1152293962918,9011,1
9012,1152294088056,1152294088088,1152294088136,9012,1
9013,1152294213114,1152294213147,1152294213197,9013,1
9014,1152294338122,1152294338156,1152294338204,9014,1
9015,1152294462879,1152294462912,1152294462959,9015,1
9016,1152294587975,1152294588008,1152294588056,9016,1
9017,1152294713000,1152294713033,1152294713081,9017,1
9018,1152294838048,1152294838080,1152294838130,9018,1
9019,1152294962947,1152294962979,1152294963029,9019,1
9020,1152295088074,1152295088107,1152295088155,9020,1
9021,1152295213478,1152295213513,1152295213686,9021,1
9022,1152295338181,1152295338212,1152295338262,9022,1
9023,1152295463111,1152295463144,1152295463307,9023,1
9024,1152295588178,1152295588211,1152295588259,9024,1
9025,1152295713008,1152295713040,1152295713215,9025,1
9026,1152295838205,1152295838239,1152295838413,9026,1
9027,1152295955387,1152295955420,1152295955526,9027,1
9028,1152296093065,1152296093174,1152296093340,9028,1
9029,1152296211286,1152296211318,1152296211441,9029,1
9030,1152296336330,1152296336364,1152296336544,9030,1
9031,1152296461275,1152296461311,1152296461497,9031,1
9032,1152296585248,1152296585281,1152296585329,9032,1
9033,1152296745482,1152296745514,1152296745738,9033,1
9034,1152296836325,1152296836357,1152296836406,9034,1
9035,1152296961282,1152296961314,1152296961504,9035,1
9036,1152297086813,1152297086846,1152297087038,9036,1
9037,1152297210369,1152297210403,1152297210505,9037,1
9038,1152297336659,1152297336692,1152297336740,9038,1
9039,1152297461316,1152297461350,1152297461459,9039,1
9040,1152297586337,1152297586369,1152297586417,9040,1
9041,1152297713086,1152297713119,1152297713229,9041,1
9042,1152297835340,1152297835372,1152297835420,9042,1
9043,1152297967556,1152297967591,1152297967755,9043,1
9044,1152298086474,1152298086508,1152298086558,9044,1
9045,1152298211283,1152298211316,1152298211439,9045,1
9046,1152298336258,1152298336290,1152298336339,9046,1
9047,1152298461381,1152298461413,1152298461529,9047,1
9048,1152298586189,1152298586223,1152298586270,9048,1
9049,1152298711181,1152298711213,1152298711325,9049,1
9050,1152298836212,1152298836256,1152298836305,9050,1
9051,1152298961215,1152298961248,1152298961366,9051,1
9052,1152299086160,1152299086194,1152299086241,9052,1
9053,1152299211320,1152299211352,1152299211555,9053,1
9054,1152299336624,1152299336657,1152299336765,9054,1
9055,1152299461447,1152299461479,1152299461667,9055,1
9056,1152299586349,1152299586381,1152299586548,9056,1
9057,1152299710389,1152299710421,1152299710470,9057,1
9058,1152299872757,1152299872790,1152299872993,9058,1
9059,1152299955564,1152299955597,1152299955758,9059,1
9060,1152300092909,1152300093015,1152300093065,9060,1
9061,1152300211245,1152300211276,1152300211464,9061,1
9062,1152300336299,1152300336332,1152300336381,9062,1
9063,1152300461373,1152300461406,1152300461588,9063,1
9064,1152300586412,1152300586446,1152300586494,9064,1
9065,1152300711392,1152300711426,1152300711600,9065,1
9066,1152300836179,1152300836211,1152300836388,9066,1
9067,1152300961223,1152300961256,1152300961369,9067,1
9068,1152301086204,1152301086236,1152301086408,9068,1
9069,1152301211032,1152301211064,1152301211175,9069,1
9070,1152301338345,1152301338377,1152301338422,9070,1
9071,1152301463159,1152301463191,1152301463237,9071,1
9072,1152301588347,1152301588379,1152301588424,9072,1
9073,1152301713076,1152301713108,1152301713155,9073,1
9074,1152301838180,1152301838213,1152301838259,9074,1
9075,1152301963137,1152301963169,1152301963215,9075,1
9076,1152302088061,1152302088093,1152302088140,9076,1
9077,1152302213298,1152302213332,1152302213683,9077,1
9078,1152302338158,1152302338191,1152302338236,9078,1
9079,1152302527378,1152302527411,1152302527461,9079,1
9080,1152302588436,1152302588469,1152302588517,9080,1
9081,1152302712973,1152302713006,1152302713194,9081,1
9082,1152302838004,1152302838035,1152302838086,9082,1
9083,1152302963062,1152302963094,1152302963143,9083,1
9084,1152303087997,1152303088029,1152303088077,9084,1
9085,1152303212930,1152303212962,1152303213011,9085,1
9086,1152303338154,1152303338186,1152303338235,9086,1
9087,1152303462972,1152303463005,1152303463057,9087,1
9088,1152303588310,1152303588343,1152303588457,9088,1
9089,1152303713138,1152303713170,1152303713347,9089,1
9090,1152303901487,1152303901522,1152303901601,9090,1
9091,1152303956018,1152303956051,1152303956221,9091,1
9092,1152304093020,1152304093124,1152304093172,9092,1
9093,1152304211243,1152304211276,1152304211447,9093,1
9094,1152304336301,1152304336334,1152304336382,9094,1
9095,1152304461265,1152304461297,1152304461467,9095,1
9096,1152304586255,1152304586288,1152304586455,9096,1
9097,1152304710452,1152304710485,1152304710592,9097,1
9098,1152304860813,1152304860845,1152304861051,9098,1
9099,1152305029650,1152305029682,1152305029894,9099,1
9100,1152305086981,1152305087014,1152305087060,9100,1
9101,1152305210435,1152305210467,1152305210645,9101,1
9102,1152305366805,1152305366838,1152305367015,9102,1
9103,1152305461490,1152305461522,1152305461644,9103,1
9104,1152305586237,1152305586270,1152305586318,9104,1
9105,1152305711343,1152305711375,1152305711488,9105,1
9106,1152305835585,1152305835618,1152305835666,9106,1
9107,1152306024523,1152306024556,1152306024722,9107,1
9108,1152306086393,1152306086426,1152306086474,9108,1
9109,1152306211364,1152306211397,1152306211504,9109,1
9110,1152306336240,1152306336273,1152306336322,9110,1
9111,1152306461434,1152306461470,1152306461577,9111,1
9112,1152306586175,1152306586211,1152306586259,9112,1
9113,1152306711145,1152306711181,1152306711294,9113,1
9114,1152306836400,1152306836433,1152306836481,9114,1
9115,1152306961250,1152306961282,1152306961401,9115,1
9116,1152307086186,1152307086219,1152307086268,9116,1
9117,1152307211071,1152307211104,1152307211228,9117,1
9118,1152307336228,1152307336260,1152307336309,9118,1
9119,1152307461156,1152307461190,1152307461318,9119,1
9120,1152307586188,1152307586221,1152307586270,9120,1
9121,1152307710588,1152307710619,1152307710802,9121,1
9122,1152307937874,1152307937908,1152307938130,9122,1
9123,1152307956757,1152307956790,1152307956903,9123,1
9124,1152308092829,1152308092936,1152308093113,9124,1
9125,1152308211341,1152308211373,1152308211503,9125,1
9126,1152308336433,1152308336465,1152308336643,9126,1
9127,1152308461235,1152308461267,1152308461375,9127,1
9128,1152308586219,1152308586252,1152308586422,9128,1
9129,1152308711271,1152308711304,1152308711488,9129,1
9130,1152308836217,1152308836249,1152308836298,9130,1
9131,1152308961401,1152308961434,1152308961606,9131,1
9132,1152309085318,1152309085350,1152309085398,9132,1
9133,1152309240626,1152309240660,1152309240894,9133,1
9134,1152309344720,1152309344753,1152309344801,9134,1
9135,1152309482055,1152309482087,1152309482264,9135,1
9136,1152309587930,1152309587963,1152309588012,9136,1
9137,1152309722388,1152309722421,1152309722553,9137,1
9138,1152310011829,1152310011869,1152310011989,9138,1
9139,1152310025439,1152310025479,1152310025613,9139,1
9140,1152310102316,1152310102351,1152310102400,9140,1
9141,1152310216747,1152310216780,1152310216904,9141,1
9142,1152310340514,1152310340547,1152310340596,9142,1
9143,1152310464904,1152310464936,1152310465061,9143,1
9144,1152310589677,1152310589709,1152310589757,9144,1
9145,1152310714185,1152310714218,1152310714336,9145,1
9146,1152310839242,1152310839275,1152310839324,9146,1
9147,1152310964069,1152310964101,1152310964222,9147,1
9148,1152311089041,1152311089073,1152311089121,9148,1
9149,1152311213914,1152311213947,1152311214051,9149,1
9150,1152311338701,1152311338733,1152311338781,9150,1
9151,1152311463662,1152311463695,1152311463743,9151,1
9152,1152311588283,1152311588315,1152311588363,9152,1
9153,1152311713422,1152311713456,1152311713503,9153,1
9154,1152311838674,1152311838706,1152311838819,9154,1
9155,1152311955647,1152311955679,1152311955727,9155,1
9156,1152312093165,1152312093269,1152312093429,9156,1
9157,1152312211551,1152312211582,1152312211697,9157,1
9158,1152312335616,1152312335649,1152312335820,9158,1
9159,1152312469750,1152312469783,1152312470001,9159,1
9160,1152312586678,1152312586711,1152312586759,9160,1
9161,1152312711442,1152312711474,1152312711649,9161,1
9162,1152312836425,1152312836458,1152312836506,9162,1
9163,1152312961191,1152312961224,1152312961403,9163,1
9164,1152313086508,1152313086540,1152313086588,9164,1
9165,1152313210414,1152313210446,1152313210611,9165,1
9166,1152313347050,1152313347083,1152313347254,9166,1
9167,1152313498925,1152313498958,1152313499050,9167,1
9168,1152313586900,1152313586933,1152313587093,9168,1
9169,1152313711958,1152313711990,1152313712153,9169,1
9170,1152313836496,1152313836528,1152313836576,9170,1
9171,1152313961504,1152313961536,1152313961645,9171,1
9172,1152314115056,1152314115089,1152314115137,9172,1
9173,1152314211419,1152314211452,1152314211564,9173,1
9174,1152314336394,1152314336428,1152314336475,9174,1
9175,1152314461251,1152314461284,1152314461407,9175,1
9176,1152314586203,1152314586236,1152314586285,9176,1
9177,1152314711243,1152314711276,1152314711398,9177,1
9178,1152314835371,1152314835403,1152314835458,9178,1
9179,1152314967693,1152314967726,1152314967821,9179,1
9180,1152315086159,1152315086192,1152315086239,9180,1
9181,1152315279792,1152315279825,1152315279918,9181,1
9182,1152315336478,1152315336510,1152315336558,9182,1
9183,1152315461196,1152315461229,1152315461298,9183,1
9184,1152315586233,1152315586265,1152315586316,9184,1
9185,1152315710452,1152315710485,1152315710533,9185,1
9186,1152315859986,1152315860020,1152315860131,9186,1
9187,1152315955673,1152315955706,1152315955758,9187,1
9188,1152316092935,1152316093040,1152316093152,9188,1
9189,1152316211272,1152316211304,1152316211482,9189,1
9190,1152316335786,1152316335817,1152316335864,9190,1
9191,1152316460857,1152316460888,1152316461076,9191,1
9192,1152316585744,1152316585777,1152316585823,9192,1
9193,1152316710805,1152316710837,1152316711008,9193,1
9194,1152316835763,1152316835796,1152316835964,9194,1
9195,1152316960789,1152316960821,1152316960946,9195,1
9196,1152317085647,1152317085679,1152317085864,9196,1
9197,1152317209898,1152317209930,1152317210049,9197,1
9198,1152317337578,1152317337610,1152317337787,9198,1
9199,1152317460807,1152317460840,1152317460948,9199,1
9200,1152317585789,1152317585820,1152317585992,9200,1
9201,1152317710790,1152317710821,1152317710989,9201,1
9202,1152317835776,1152317835808,1152317835971,9202,1
9203,1152317960726,1152317960758,1152317960866,9203,1
9204,1152318086732,1152318086764,1152318086810,9204,1
9205,1152318266796,1152318266828,1152318267057,9205,1
9206,1152318336479,1152318336510,1152318336558,9206,1
9207,1152318461406,1152318461439,1152318461612,9207,1
9208,1152318586144,1152318586178,1152318586226,9208,1
9209,1152318775912,1152318775949,1152318776145,9209,1
9210,1152318836014,1152318836046,1152318836102,9210,1
9211,1152318963124,1152318963157,1152318963412,9211,1
9212,1152319086271,1152319086303,1152319086352,9212,1
9213,1152319210313,1152319210346,1152319210523,9213,1
9214,1152319416973,1152319417006,1152319417098,9214,1
9215,1152319460517,1152319460550,1152319460735,9215,1
9216,1152319593047,1152319593080,1152319593172,9216,1
9217,1152319711397,1152319711428,1152319711642,9217,1
9218,1152319872922,1152319872955,1152319873047,9218,1
9219,1152319955549,1152319955582,1152319955772,9219,1
9220,1152320092919,1152320092951,1152320093005,9220,1
9221,1152320212087,1152320212190,1152320212436,9221,1
9222,1152320336288,1152320336321,1152320336370,9222,1
9223,1152320461393,1152320461426,1152320461594,9223,1
9224,1152320586260,1152320586293,1152320586457,9224,1
9225,1152320711228,1152320711260,1152320711370,9225,1
9226,1152320836326,1152320836360,1152320836526,9226,1
9227,1152320961307,1152320961340,1152320961455,9227,1
9228,1152321086253,1152321086285,1152321086461,9228,1
9229,1152321210265,1152321210299,1152321210473,9229,1
9230,1152321341771,1152321341804,1152321341854,9230,1
9231,1152321463488,1152321463522,1152321463703,9231,1
9232,1152321588056,1152321588088,1152321588135,9232,1
9233,1152321713046,1152321713080,1152321713264,9233,1
9234,1152321838081,1152321838115,1152321838164,9234,1
9235,1152321963758,1152321963791,1152321963972,9235,1
9236,1152322088269,1152322088301,1152322088349,9236,1
9237,1152322213010,1152322213042,1152322213148,9237,1
9238,1152322337965,1152322337998,1152322338046,9238,1
9239,1152322463141,1152322463174,1152322463222,9239,1
9240,1152322588182,1152322588214,1152322588264,9240,1
9241,1152322712977,1152322713010,1152322713059,9241,1
9242,1152322838077,1152322838110,1152322838160,9242,1
9243,1152322962993,1152322963024,1152322963074,9243,1
9244,1152323087933,1152323087966,1152323088013,9244,1
9245,1152323213123,1152323213156,1152323213206,9245,1
9246,1152323337997,1152323338030,1152323338079,9246,1
9247,1152323463026,1152323463060,1152323463106,9247,1
9248,1152323588086,1152323588119,1152323588168,9248,1
9249,1152323713065,1152323713097,1152323713146,9249,1
9250,1152323838056,1152323838089,1152323838136,9250,1
9251,1152323955319,1152323955352,1152323955408,9251,1
9252,1152324147108,1152324147212,1152324147303,9252,1
9253,1152324212046,1152324212079,1152324212128,9253,1
9254,1152324336597,1152324336629,1152324336742,9254,1
9255,1152324461211,1152324461243,1152324461293,9255,1
9256,1152324586147,1152324586180,1152324586341,9256,1
9257,1152324711338,1152324711371,1152324711477,9257,1
9258,1152324836276,1152324836309,1152324836477,9258,1
9259,1152324960333,1152324960366,1152324960539,9259,1
9260,1152325095686,1152325095719,1152325095812,9260,1
9261,1152325210680,1152325210712,1152325210886,9261,1
9262,1152325336759,1152325336791,1152325336840,9262,1
9263,1152325461369,1152325461402,1152325461581,9263,1
9264,1152325586257,1152325586290,1152325586338,9264,1
9265,1152325711461,1152325711494,1152325711683,9265,1
9266,1152325836300,1152325836332,1152325836517,9266,1
9267,1152325960388,1152325960420,1152325960540,9267,1
9268,1152326094231,1152326094264,1152326094489,9268,1
9269,1152326211657,1152326211690,1152326211877,9269,1
9270,1152326336285,1152326336318,1152326336366,9270,1
9271,1152326461280,1152326461312,1152326461431,9271,1
9272,1152326586176,1152326586212,1152326586261,9272,1
9273,1152326711412,1152326711444,1152326711564,9273,1
9274,1152326836217,1152326836253,1152326836301,9274,1
9275,1152326961184,1152326961216,1152326961335,9275,1
9276,1152327086242,1152327086274,1152327086322,9276,1
9277,1152327210397,1152327210428,1152327210542,9277,1
9278,1152327428031,1152327428096,1152327428199,9278,1
9279,1152327461754,1152327461787,1152327461866,9279,1
9280,1152327586436,1152327586469,1152327586518,9280,1
9281,1152327710430,1152327710463,1152327710542,9281,1
9282,1152327845856,1152327845890,1152327845981,9282,1
9283,1152327955585,1152327955618,1152327955725,9283,1
9284,1152328092993,1152328093026,1152328093079,9284,1
9285,1152328211475,1152328211508,1152328211628,9285,1
9286,1152328336338,1152328336371,1152328336419,9286,1
9287,1152328461198,1152328461231,1152328461349,9287,1
9288,1152328586854,1152328586968,1152328587085,9288,1
9289,1152328718466,1152328718502,1152328718681,9289,1
9290,1152328879441,1152328879475,1152328879523,9290,1
9291,1152328961632,1152328961664,1152328961850,9291,1
9292,1152329086190,1152329086223,1152329086271,9292,1
9293,1152329210339,1152329210371,1152329210540,9293,1
9294,1152329337881,1152329337913,1152329338091,9294,1
9295,1152329461417,1152329461450,1152329461576,9295,1
9296,1152329586576,1152329586608,1152329586787,9296,1
9297,1152329711350,1152329711383,1152329711491,9297,1
9298,1152329836293,1152329836326,1152329836494,9298,1
9299,1152329961198,1152329961230,1152329961342,9299,1
9300,1152330085444,1152330085477,1152330085657,9300,1
9301,1152330234513,1152330234545,1152330234762,9301,1
9302,1152330338244,1152330338277,1152330338449,9302,1
9303,1152330463046,1152330463080,1152330463198,9303,1
9304,1152330588009,1152330588042,1152330588090,9304,1
9305,1152330712948,1152330712982,1152330713105,9305,1
9306,1152330837976,1152330838009,1152330838057,9306,1
9307,1152330963136,1152330963169,1152330963293,9307,1
9308,1152331088199,1152331088230,1152331088279,9308,1
9309,1152331212895,1152331212928,1152331213033,9309,1
9310,1152331337936,1152331337969,1152331338019,9310,1
9311,1152331462997,1152331463039,1152331463153,9311,1
9312,1152331593783,1152331593814,1152331593863,9312,1
9313,1152331713081,1152331713114,1152331713162,9313,1
9314,1152331891790,1152331891822,1152331891870,9314,1
9315,1152331955329,1152331955361,1152331955408,9315,1
9316,1152332092906,1152332092938,1152332092985,9316,1
9317,1152332210871,1152332210902,1152332211019,9317,1
9318,1152332335904,1152332335936,1152332335982,9318,1
9319,1152332460819,1152332460852,1152332460964,9319,1
9320,1152332585862,1152332585894,1152332585942,9320,1
9321,1152332710975,1152332711080,1152332711333,9321,1
9322,1152332835697,1152332835728,1152332835775,9322,1
9323,1152332960710,1152332960741,1152332960928,9323,1
9324,1152333085916,1152333085948,1152333085995,9324,1
9325,1152333210017,1152333210048,1152333210229,9325,1
9326,1152333348489,1152333348521,1152333348686,9326,1
9327,1152333462563,1152333462594,1152333462698,9327,1
9328,1152333587427,1152333587460,1152333587619,9328,1
9329,1152333712417,1152333712450,1152333712555,9329,1
9330,1152333837459,1152333837490,1152333837660,9330,1
9331,1152333962424,1152333962457,1152333962621,9331,1
9332,1152334087548,1152334087580,1152334087626,9332,1
9333,1152334212634,1152334212665,1152334213178,9333,1
9334,1152334337455,1152334337487,1152334337535,9334,1
9335,1152334462382,1152334462414,1152334462596,9335,1
9336,1152334587765,1152334587796,1152334587985,9336,1
9337,1152334712476,1152334712509,1152334712554,9337,1
9338,1152334837507,1152334837539,1152334837584,9338,1
9339,1152334962463,1152334962495,1152334962615,9339,1
9340,1152335087440,1152335087472,1152335087516,9340,1
9341,1152335212532,1152335212564,1152335212609,9341,1
9342,1152335337467,1152335337499,1152335337544,9342,1
9343,1152335462455,1152335462487,1152335462537,9343,1
9344,1152335587430,1152335587461,1152335587512,9344,1
9345,1152335712457,1152335712488,1152335712533,9345,1
9346,1152335837461,1152335837491,1152335837536,9346,1
9347,1152335955046,1152335955077,1152335955122,9347,1
9348,1152336092044,1152336092076,1152336092120,9348,1
9349,1152336210902,1152336210933,1152336210975,9349,1
9350,1152336336029,1152336336060,1152336336103,9350,1
9351,1152336460801,1152336460833,1152336460874,9351,1
9352,1152336585756,1152336585787,1152336585829,9352,1
9353,1152336710843,1152336710874,1152336710916,9353,1
9354,1152336835836,1152336835868,1152336835910,9354,1
9355,1152336961003,1152336961105,1152336961273,9355,1
9356,1152337085789,1152337085822,1152337085864,9356,1
9357,1152337210063,1152337210094,1152337210269,9357,1
9358,1152337338131,1152337338163,1152337338211,9358,1
9359,1152337530776,1152337530809,1152337530972,9359,1
9360,1152337588312,1152337588344,1152337588515,9360,1
9361,1152337712888,1152337712922,1152337713028,9361,1
9362,1152337837650,1152337837683,1152337837852,9362,1
9363,1152337967892,1152337967928,1152337968038,9363,1
9364,1152338087886,1152338087918,1152338088095,9364,1
9365,1152338212679,1152338212712,1152338212825,9365,1
9366,1152338338122,1152338338155,1152338338327,9366,1
9367,1152338463177,1152338463210,1152338463390,9367,1
9368,1152338588035,1152338588069,1152338588115,9368,1
9369,1152338712906,1152338712940,1152338713113,9369,1
9370,1152338838261,1152338838294,1152338838466,9370,1
9371,1152338962955,1152338962988,1152338963106,9371,1
9372,1152339088045,1152339088077,1152339088124,9372,1
9373,1152339212943,1152339212975,1152339213080,9373,1
9374,1152339338047,1152339338078,1152339338124,9374,1
9375,1152339463024,1152339463059,1152339463104,9375,1
9376,1152339588105,1152339588139,1152339588182,9376,1
9377,1152339712859,1152339712893,1152339712938,9377,1
9378,1152339837926,1152339837958,1152339838005,9378,1
9379,1152339955319,1152339955352,1152339955398,9379,1
9380,1152340128886,1152340128919,1152340128968,9380,1
9381,1152340211460,1152340211492,1152340211542,9381,1
9382,1152340336359,1152340336391,1152340336441,9382,1
9383,1152340461201,1152340461234,1152340461282,9383,1
9384,1152340586308,1152340586341,1152340586391,9384,1
9385,1152340711288,1152340711321,1152340711370,9385,1
9386,1152340836226,1152340836259,1152340836307,9386,1
9387,1152340961188,1152340961220,1152340961270,9387,1
9388,1152341086764,1152341086864,1152341086977,9388,1
9389,1152341210461,1152341210493,1152341210656,9389,1
9390,1152341339758,1152341339791,1152341339840,9390,1
9391,1152341461515,1152341461548,1152341461707,9391,1
9392,1152341586308,1152341586341,1152341586388,9392,1
9393,1152341711208,1152341711240,1152341711400,9393,1
9394,1152341836390,1152341836424,1152341836466,9394,1
9395,1152341961203,1152341961236,1152341961401,9395,1
9396,1152342086373,1152342086406,1152342086572,9396,1
9397,1152342211142,1152342211173,1152342211284,9397,1
9398,1152342336346,1152342336379,1152342336427,9398,1
9399,1152342461501,1152342461533,1152342461708,9399,1
9400,1152342586225,1152342586258,1152342586436,9400,1
9401,1152342711129,1152342711162,1152342711275,9401,1
9402,1152342836254,1152342836286,1152342836464,9402,1
9403,1152342961554,1152342961587,1152342961749,9403,1
9404,1152343086253,1152343086287,1152343086333,9404,1
9405,1152343387521,1152343387554,1152343387683,9405,1
9406,1152343387741,1152343387774,1152343387817,9406,1
9407,1152343466483,1152343466516,1152343466633,9407,1
9408,1152343591731,1152343591764,1152343591812,9408,1
9409,1152343716794,1152343716826,1152343716912,9409,1
9410,1152343843474,1152343843506,1152343843555,9410,1
9411,1152343958478,1152343958511,1152343958561,9411,1
9412,1152344094365,1152344094398,1152344094489,9412,1
9413,1152344212045,1152344212078,1152344212267,9413,1
9414,1152344336341,1152344336376,1152344336423,9414,1
9415,1152344461444,1152344461477,1152344461546,9415,1
9416,1152344586438,1152344586472,1152344586523,9416,1
9417,1152344711366,1152344711399,1152344711467,9417,1
9418,1152344836314,1152344836347,1152344836395,9418,1
9419,1152344961277,1152344961310,1152344961478,9419,1
9420,1152345086204,1152345086237,1152345086286,9420,1
9421,1152345210778,1152345210880,1152345211127,9421,1
9422,1152345339704,1152345339737,1152345339790,9422,1
9423,1152345463192,1152345463225,1152345463407,9423,1
9424,1152345588396,1152345588427,1152345588602,9424,1
9425,1152345713039,1152345713072,1152345713190,9425,1
9426,1152345837939,1152345837971,1152345838147,9426,1
9427,1152345962969,1152345963002,1152345963125,9427,1
9428,1152346120519,1152346120551,1152346120735,9428,1
9429,1152346213169,1152346213202,1152346213306,9429,1
9430,1152346338024,1152346338056,1152346338214,9430,1
9431,1152346462959,1152346462991,1152346463163,9431,1
9432,1152346588013,1152346588047,1152346588093,9432,1
9433,1152346713046,1152346713080,1152346713241,9433,1
9434,1152346838051,1152346838084,1152346838131,9434,1
9435,1152346963048,1152346963085,1152346963256,9435,1
9436,1152347088410,1152347088443,1152347088493,9436,1
9437,1152347212982,1152347213014,1152347213124,9437,1
9438,1152347338311,1152347338344,1152347338394,9438,1
9439,1152347464118,1152347464150,1152347464196,9439,1
9440,1152347587406,1152347587436,1152347587483,9440,1
9441,1152347712714,1152347712746,1152347712793,9441,1
9442,1152347837690,1152347837722,1152347837782,9442,1
9443,1152347955041,1152347955074,1152347955125,9443,1
9444,1152348092414,1152348092445,1152348092494,9444,1
9445,1152348247006,1152348247040,1152348247088,9445,1
9446,1152348336397,1152348336429,1152348336483,9446,1
9447,1152348460969,1152348461001,1152348461050,9447,1
9448,1152348585741,1152348585772,1152348585819,9448,1
9449,1152348710747,1152348710779,1152348710828,9449,1
9450,1152348835702,1152348835734,1152348835782,9450,1
9451,1152348960868,1152348960900,1152348960946,9451,1
9452,1152349085684,1152349085716,1152349085766,9452,1
9453,1152349209786,1152349209818,1152349209865,9453,1
9454,1152349346425,1152349346457,1152349346503,9454,1
9455,1152349461093,1152349461195,1152349461304,9455,1
9456,1152349585868,1152349585900,1152349586068,9456,1
9457,1152349710784,1152349710816,1152349710924,9457,1
9458,1152349835797,1152349835828,1152349836006,9458,1
9459,1152349960677,1152349960708,1152349960824,9459,1
9460,1152350085740,1152350085771,1152350085954,9460,1
9461,1152350210753,1152350210784,1152350211017,9461,1
9462,1152350335766,1152350335797,1152350335844,9462,1
9463,1152350460890,1152350460923,1152350461103,9463,1
9464,1152350585801,1152350585833,1152350585880,9464,1
9465,1152350710784,1152350710817,1152350711003,9465,1
9466,1152350835817,1152350835849,1152350835897,9466,1
9467,1152350960704,1152350960737,1152350960933,9467,1
9468,1152351086031,1152351086063,1152351086258,9468,1
9469,1152351224836,1152351224867,1152351225029,9469,1
9470,1152351334909,1152351334940,1152351334989,9470,1
9471,1152351499783,1152351499817,1152351499900,9471,1
9472,1152351588700,1152351588732,1152351588785,9472,1
9473,1152351712555,1152351712586,1152351712633,9473,1
9474,1152351844271,1152351844303,1152351844351,9474,1
9475,1152351955291,1152351955324,1152351955428,9475,1
9476,1152352092276,1152352092310,1152352092360,9476,1
9477,1152352210984,1152352211015,1152352211135,9477,1
9478,1152352335824,1152352335855,1152352335904,9478,1
9479,1152352459895,1152352459927,1152352460042,9479,1
9480,1152352638774,1152352638807,1152352638896,9480,1
9481,1152352730888,1152352730919,1152352731033,9481,1
9482,1152352836019,1152352836051,1152352836098,9482,1
9483,1152352961595,1152352961628,1152352961750,9483,1
9484,1152353086591,1152353086624,1152353086672,9484,1
9485,1152353289327,1152353289383,1152353289492,9485,1
9486,1152353348993,1152353349026,1152353349074,9486,1
9487,1152353461531,1152353461564,1152353461671,9487,1
9488,1152353586917,1152353587018,1152353587128,9488,1
9489,1152353711351,1152353711384,1152353711554,9489,1
9490,1152353836354,1152353836386,1152353836436,9490,1
9491,1152353961260,1152353961292,1152353961461,9491,1
9492,1152354086207,1152354086239,1152354086289,9492,1
9493,1152354211347,1152354211379,1152354211557,9493,1
9494,1152354336261,1152354336293,1152354336343,9494,1
9495,1152354859195,1152354859228,1152354859540,9495,1
9496,1152354859728,1152354859765,1152354859805,9496,1
9497,1152354859840,1152354859975,1152354860100,9497,1
9498,1152354860131,1152354860162,1152354860203,9498,1
9499,1152354961422,1152354961454,1152354961576,9499,1
9500,1152355086062,1152355086093,1152355086273,9500,1
9501,1152355210843,1152355210875,1152355211042,9501,1
9502,1152355335995,1152355336027,1152355336187,9502,1
9503,1152355459990,1152355460021,1152355460132,9503,1
9504,1152355595592,1152355595625,1152355595751,9504,1
9505,1152355711222,1152355711254,1152355711305,9505,1
9506,1152355834909,1152355834940,1152355834995,9506,1
9507,1152355961875,1152355961907,1152355961995,9507,1
9508,1152356093006,1152356093039,1152356093086,9508,1
9509,1152356210939,1152356210971,1152356211095,9509,1
9510,1152356335818,1152356335850,1152356335896,9510,1
9511,1152356460856,1152356460888,1152356460996,9511,1
9512,1152356586201,1152356586234,1152356586280,9512,1
9513,1152356710824,1152356710855,1152356710977,9513,1
9514,1152356835791,1152356835822,1152356835869,9514,1
9515,1152356960777,1152356960809,1152356960924,9515,1
9516,1152357085831,1152357085863,1152357085911,9516,1
9517,1152357209992,1152357210024,1152357210132,9517,1
9518,1152357340003,1152357340034,1152357340080,9518,1
9519,1152357460926,1152357460958,1152357461060,9519,1
9520,1152357585937,1152357585969,1152357586022,9520,1
9521,1152357711308,1152357711412,1152357711583,9521,1
9522,1152357835861,1152357835893,1152357835945,9522,1
9523,1152357960406,1152357960438,1152357960621,9523,1
9524,1152358178663,1152358178696,1152358178915,9524,1
9525,1152358211375,1152358211407,1152358211528,9525,1
9526,1152358336567,1152358336599,1152358336645,9526,1
9527,1152358461462,1152358461495,1152358461669,9527,1
9528,1152358586479,1152358586512,1152358586684,9528,1
9529,1152358711406,1152358711439,1152358711554,9529,1
9530,1152358836375,1152358836408,1152358836579,9530,1
9531,1152358961173,1152358961206,1152358961310,9531,1
9532,1152359086251,1152359086283,1152359086452,9532,1
9533,1152359211384,1152359211416,1152359211530,9533,1
9534,1152359336405,1152359336437,1152359336609,9534,1
9535,1152359460295,1152359460329,1152359460502,9535,1
9536,1152359588921,1152359588954,1152359589177,9536,1
9537,1152359713236,1152359713268,1152359713386,9537,1
9538,1152359838302,1152359838335,1152359838384,9538,1
9539,1152359955559,1152359955593,1152359955647,9539,1
9540,1152360094087,1152360094119,1152360094168,9540,1
9541,1152360210932,1152360210963,1152360211015,9541,1
9542,1152360336007,1152360336038,1152360336090,9542,1
9543,1152360460848,1152360460881,1152360460933,9543,1
9544,1152360586247,1152360586279,1152360586334,9544,1
9545,1152360711307,1152360711340,1152360711389,9545,1
9546,1152360836277,1152360836310,1152360836363,9546,1
9547,1152361050464,1152361050500,1152361050585,9547,1
9548,1152361086336,1152361086368,1152361086420,9548,1
9549,1152361241426,1152361241459,1152361241553,9549,1
9550,1152361339122,1152361339154,1152361339207,9550,1
9551,1152361497056,1152361497089,1152361497182,9551,1
9552,1152361586766,1152361586799,1152361586852,9552,1
9553,1152361711252,1152361711285,1152361711335,9553,1
9554,1152361840361,1152361840468,1152361840582,9554,1
9555,1152361962685,1152361962719,1152361962772,9555,1
9556,1152362086238,1152362086271,1152362086453,9556,1
9557,1152362211328,1152362211360,1152362211473,9557,1
9558,1152362336383,1152362336415,1152362336591,9558,1
9559,1152362461311,1152362461343,1152362461517,9559,1
9560,1152362586268,1152362586300,1152362586348,9560,1
9561,1152362711392,1152362711425,1152362711592,9561,1
9562,1152362836236,1152362836270,1152362836321,9562,1
9563,1152362961402,1152362961435,1152362961605,9563,1
9564,1152363086352,1152363086384,1152363086438,9564,1
9565,1152363210309,1152363210340,1152363210522,9565,1
9566,1152363343614,1152363343651,1152363343867,9566,1
9567,1152363461580,1152363461612,1152363461734,9567,1
9568,1152363593137,1152363593168,1152363593348,9568,1
9569,1152363711429,1152363711461,1152363711653,9569,1
9570,1152363836573,1152363836605,1152363836648,9570,1
9571,1152363954527,1152363954560,1152363954608,9571,1
9572,1152364093445,1152364093549,1152364093639,9572,1
9573,1152364211010,1152364211042,1152364211089,9573,1
9574,1152364335900,1152364335933,1152364335984,9574,1
9575,1152364460999,1152364461031,1152364461083,9575,1
9576,1152364586433,1152364586465,1152364586515,9576,1
9577,1152364710763,1152364710796,1152364710843,9577,1
9578,1152364835790,1152364835822,1152364835871,9578,1
9579,1152364960834,1152364960866,1152364960912,9579,1
9580,1152365084925,1152365084957,1152365085006,9580,1
9581,1152365262945,1152365262975,1152365263198,9581,1
9582,1152365462776,1152365462809,1152365462881,9582,1
9583,1152365462966,1152365462997,1152365463168,9583,1
9584,1152365586566,1152365586599,1152365586648,9584,1
9585,1152365711026,1152365711057,1152365711174,9585,1
9586,1152365835914,1152365835946,1152365835993,9586,1
9587,1152365959975,1152365960007,1152365960131,9587,1
9588,1152366095215,1152366095247,1152366095395,9588,1
9589,1152366210952,1152366210984,1152366211379,9589,1
9590,1152366335764,1152366335796,1152366335844,9590,1
9591,1152366460823,1152366460855,1152366461035,9591,1
9592,1152366585945,1152366585977,1152366586026,9592,1
9593,1152366710849,1152366710881,1152366711053,9593,1
9594,1152366835735,1152366835767,1152366835816,9594,1
9595,1152366960748,1152366960779,1152366960957,9595,1
9596,1152367085897,1152367085928,1152367086098,9596,1
9597,1152367210791,1152367210821,1152367210947,9597,1
9598,1152367336204,1152367336237,1152367336420,9598,1
9599,1152367460769,1152367460801,1152367460859,9599,1
9600,1152367591113,1152367591143,1152367591325,9600,1
9601,1152367710783,1152367710815,1152367711001,9601,1
9602,1152367874722,1152367874753,1152367874972,9602,1
9603,1152367955040,1152367955072,1152367955148,9603,1
9604,1152368093237,1152368093269,1152368093319,9604,1
9605,1152368270461,1152368270497,1152368270582,9605,1
9606,1152368337511,1152368337543,1152368337598,9606,1
9607,1152368460638,1152368460671,1152368460779,9607,1
9608,1152368614106,1152368614140,1152368614237,9608,1
9609,1152368711623,1152368711656,1152368711764,9609,1
9610,1152368836402,1152368836434,1152368836483,9610,1
9611,1152368961405,1152368961437,1152368961546,9611,1
9612,1152369155282,1152369155314,1152369155362,9612,1
9613,1152369210502,1152369210535,1152369210661,9613,1
9614,1152369453565,1152369453597,1152369453688,9614,1
9615,1152369453779,1152369453811,1152369453919,9615,1
9616,1152369586854,1152369586888,1152369586936,9616,1
9617,1152369711791,1152369711824,1152369711936,9617,1
9618,1152370001511,1152370001543,1152370001667,9618,1
9619,1152370001782,1152370001814,1152370001922,9619,1
9620,1152370093498,1152370093531,1152370093579,9620,1
9621,1152370217426,1152370217529,1152370217697,9621,1
9622,1152370340770,1152370340802,1152370340853,9622,1
9623,1152370469928,1152370469961,1152370470175,9623,1
9624,1152370592163,1152370592195,1152370592365,9624,1
9625,1152370713043,1152370713077,1152370713185,9625,1
9626,1152370838169,1152370838201,1152370838369,9626,1
9627,1152370963019,1152370963051,1152370963157,9627,1
9628,1152371088025,1152371088058,1152371088221,9628,1
9629,1152371213047,1152371213079,1152371213196,9629,1
9630,1152371337946,1152371337979,1152371338151,9630,1
9631,1152371463202,1152371463235,1152371463413,9631,1
9632,1152371588294,1152371588327,1152371588375,9632,1
9633,1152371713108,1152371713140,1152371713328,9633,1
9634,1152371909658,1152371909691,1152371909912,9634,1
9635,1152371955552,1152371955585,1152371955638,9635,1
9636,1152372093404,1152372093437,1152372093610,9636,1
9637,1152372211487,1152372211520,1152372211630,9637,1
9638,1152372336423,1152372336456,1152372336504,9638,1
9639,1152372461733,1152372461837,1152372461942,9639,1
9640,1152372586530,1152372586563,1152372586611,9640,1
9641,1152372711309,1152372711343,1152372711444,9641,1
9642,1152372836285,1152372836319,1152372836370,9642,1
9643,1152372961387,1152372961419,1152372961528,9643,1
9644,1152373086478,1152373086510,1152373086559,9644,1
9645,1152373210438,1152373210470,1152373210522,9645,1
9646,1152373346840,1152373346872,1152373346921,9646,1
9647,1152373461390,1152373461422,1152373461471,9647,1
9648,1152373586491,1152373586523,1152373586571,9648,1
9649,1152373711472,1152373711504,1152373711555,9649,1
9650,1152373836373,1152373836405,1152373836455,9650,1
9651,1152373961413,1152373961446,1152373961494,9651,1
9652,1152374092645,1152374092677,1152374092725,9652,1
9653,1152374211434,1152374211467,1152374211589,9653,1
9654,1152374336769,1152374336802,1152374336917,9654,1
9655,1152374461268,1152374461301,1152374461480,9655,1
9656,1152374586357,1152374586390,1152374586573,9656,1
9657,1152374711215,1152374711247,1152374711370,9657,1
9658,1152374836134,1152374836166,1152374836348,9658,1
9659,1152374961531,1152374961562,1152374961746,9659,1
9660,1152375086353,1152375086386,1152375086438,9660,1
9661,1152375211470,1152375211503,1152375211672,9661,1
9662,1152375342478,1152375342514,1152375342567,9662,1
9663,1152375461384,1152375461416,1152375461592,9663,1
9664,1152375586572,1152375586604,1152375586657,9664,1
9665,1152375710386,1152375710419,1152375710593,9665,1
9666,1152375870601,1152375870635,1152375870848,9666,1
9667,1152375955620,1152375955653,1152375955766,9667,1
9668,1152376095800,1152376095902,1152376096078,9668,1
9669,1152376211939,1152376211972,1152376212210,9669,1
9670,1152376355879,1152376355918,1152376355971,9670,1
9671,1152376506003,1152376506036,1152376506201,9671,1
9672,1152376586448,1152376586479,1152376586528,9672,1
9673,1152376711358,1152376711391,1152376711508,9673,1
9674,1152376836268,1152376836300,1152376836348,9674,1
9675,1152376961459,1152376961491,1152376961613,9675,1
9676,1152377086025,1152377086056,1152377086108,9676,1
9677,1152377209954,1152377209985,1152377210091,9677,1
9678,1152377337164,1152377337195,1152377337307,9678,1
9679,1152377460941,1152377460973,1152377461077,9679,1
9680,1152377585915,1152377585947,1152377585998,9680,1
9681,1152377710852,1152377710884,1152377710997,9681,1
9682,1152377835805,1152377835837,1152377835884,9682,1
9683,1152377960833,1152377960864,1152377960917,9683,1
9684,1152378085980,1152378086013,1152378086065,9684,1
9685,1152378210851,1152378210883,1152378210931,9685,1
9686,1152378335750,1152378335781,1152378335833,9686,1
9687,1152378478427,1152378478459,1152378478511,9687,1
9688,1152378585334,1152378585366,1152378585480,9688,1
9689,1152378719061,1152378719094,1152378719309,9689,1
9690,1152378835876,1152378835907,1152378835960,9690,1
9691,1152378960725,1152378960757,1152378960931,9691,1
9692,1152379085736,1152379085767,1152379085819,9692,1
9693,1152379211069,1152379211102,1152379211269,9693,1
9694,1152379335930,1152379335963,1152379336014,9694,1
9695,1152379460774,1152379460805,1152379460970,9695,1
9696,1152379585821,1152379585852,1152379585905,9696,1
9697,1152379709946,1152379709979,1152379710145,9697,1
9698,1152379870581,1152379870613,1152379870705,9698,1
9699,1152379961022,1152379961053,1152379961214,9699,1
9700,1152380096522,1152380096631,1152380096685,9700,1
9701,1152380211822,1152380211854,1152380212031,9701,1
9702,1152380335818,1152380335851,1152380336026,9702,1
9703,1152380463929,1152380463961,1152380464129,9703,1
9704,1152380586017,1152380586048,1152380586097,9704,1
9705,1152380711123,1152380711154,1152380711260,9705,1
9706,1152380835764,1152380835796,1152380835848,9706,1
9707,1152380960787,1152380960819,1152380960929,9707,1
9708,1152381085844,1152381085876,1152381085927,9708,1
9709,1152381209951,1152381209983,1152381210081,9709,1
9710,1152381348009,1152381348041,1152381348093,9710,1
9711,1152381461164,1152381461195,1152381461306,9711,1
9712,1152381585983,1152381586014,1152381586064,9712,1
9713,1152381710778,1152381710810,1152381710916,9713,1
9714,1152381835112,1152381835144,1152381835190,9714,1
9715,1152381969701,1152381969733,1152381969886,9715,1
9716,1152382087828,1152382087860,1152382087907,9716,1
9717,1152382212950,1152382212982,1152382213259,9717,1
9718,1152382337533,1152382337566,1152382337617,9718,1
9719,1152382462492,1152382462524,1152382462572,9719,1
9720,1152382587529,1152382587565,1152382587612,9720,1
9721,1152382712985,1152382713016,1152382713125,9721,1
9722,1152382837548,1152382837580,1152382837627,9722,1
9723,1152382962464,1152382962496,1152382962680,9723,1
9724,1152383087471,1152383087506,1152383087688,9724,1
9725,1152383212536,1152383212567,1152383212685,9725,1
9726,1152383337599,1152383337631,1152383337798,9726,1
9727,1152383462744,1152383462775,1152383462889,9727,1
9728,1152383587489,1152383587524,1152383587697,9728,1
9729,1152383712683,1152383712718,1152383712892,9729,1
9730,1152383837636,1152383837668,1152383837719,9730,1
9731,1152383955520,1152383955553,1152383955719,9731,1
9732,1152384092865,1152384092981,1152384093026,9732,1
9733,1152384210781,1152384210813,1152384210987,9733,1
9734,1152384335821,1152384335852,1152384335904,9734,1
9735,1152384460957,1152384460988,1152384461164,9735,1
9736,1152384592625,1152384592658,1152384592735,9736,1
9737,1152384711503,1152384711535,1152384711722,9737,1
9738,1152384835947,1152384835979,1152384836027,9738,1
9739,1152384961252,1152384961284,1152384961405,9739,1
9740,1152385086307,1152385086340,1152385086387,9740,1
9741,1152385210331,1152385210364,1152385210410,9741,1
9742,1152385340144,1152385340177,1152385340225,9742,1
9743,1152385461606,1152385461639,1152385461687,9743,1
9744,1152385591251,1152385591294,1152385591356,9744,1
9745,1152385713949,1152385713983,1152385714075,9745,1
9746,1152385836306,1152385836339,1152385836387,9746,1
9747,1152385961350,1152385961383,1152385961437,9747,1
9748,1152386085571,1152386085604,1152386085654,9748,1
9749,1152386240705,1152386240737,1152386240854,9749,1
9750,1152386336297,1152386336330,1152386336379,9750,1
9751,1152386461373,1152386461406,1152386461479,9751,1
9752,1152386586299,1152386586332,1152386586381,9752,1
9753,1152386711209,1152386711242,1152386711289,9753,1
9754,1152386836433,1152386836465,1152386836577,9754,1
9755,1152386961203,1152386961235,1152386961285,9755,1
9756,1152387086205,1152387086238,1152387086420,9756,1
9757,1152387211587,1152387211620,1152387211722,9757,1
9758,1152387336527,1152387336559,1152387336723,9758,1
9759,1152387461472,1152387461506,1152387461678,9759,1
9760,1152387586395,1152387586428,1152387586477,9760,1
9761,1152387710476,1152387710509,1152387710670,9761,1
9762,1152387861793,1152387861826,1152387861917,9762,1
9763,1152387955508,1152387955540,1152387955704,9763,1
9764,1152388093655,1152388093756,1152388093922,9764,1
9765,1152388211229,1152388211262,1152388211387,9765,1
9766,1152388336196,1152388336228,1152388336420,9766,1
9767,1152388461438,1152388461471,1152388461590,9767,1
9768,1152388586461,1152388586493,1152388586544,9768,1
9769,1152388711534,1152388711567,1152388711753,9769,1
9770,1152388836372,1152388836405,1152388836453,9770,1
9771,1152388961343,1152388961376,1152388961494,9771,1
9772,1152389086256,1152389086289,1152389086337,9772,1
9773,1152389210366,1152389210400,1152389210513,9773,1
9774,1152389350275,1152389350309,1152389350357,9774,1
9775,1152389461353,1152389461386,1152389461499,9775,1
9776,1152389586353,1152389586386,1152389586439,9776,1
9777,1152389711449,1152389711480,1152389711596,9777,1
9778,1152389836295,1152389836328,1152389836376,9778,1
9779,1152389961676,1152389961707,1152389961762,9779,1
9780,1152390086659,1152390086692,1152390086740,9780,1
9781,1152390211179,1152390211212,1152390211264,9781,1
9782,1152390336257,1152390336291,1152390336343,9782,1
9783,1152390460332,1152390460364,1152390460418,9783,1
9784,1152390684381,1152390684434,1152390684538,9784,1
9785,1152390713235,1152390713269,1152390713317,9785,1
9786,1152390838231,1152390838262,1152390838311,9786,1
9787,1152390963030,1152390963063,1152390963238,9787,1
9788,1152391088330,1152391088363,1152391088474,9788,1
9789,1152391212885,1152391212917,1152391213104,9789,1
9790,1152391337907,1152391337940,1152391337993,9790,1
9791,1152391463068,1152391463101,1152391463290,9791,1
9792,1152391588444,1152391588476,1152391588525,9792,1
9793,1152391713013,1152391713045,1152391713223,9793,1
9794,1152391837979,1152391838013,1152391838194,9794,1
9795,1152391955492,1152391955524,1152391955645,9795,1
9796,1152392093065,1152392093171,1152392093350,9796,1
9797,1152392211462,1152392211494,1152392211547,9797,1
9798,1152392336325,1152392336356,1152392336518,9798,1
9799,1152392461697,1152392461731,1152392461841,9799,1
9800,1152392585427,1152392585460,1152392585626,9800,1
9801,1152392744819,1152392744851,1152392745060,9801,1
9802,1152392836961,1152392836993,1152392837162,9802,1
9803,1152392961349,1152392961381,1152392961483,9803,1
9804,1152393086264,1152393086297,1152393086348,9804,1
9805,1152393210342,1152393210375,1152393210428,9805,1
9806,1152393338419,1152393338452,1152393338501,9806,1
9807,1152393462929,1152393462961,1152393463014,9807,1
9808,1152393588018,1152393588051,1152393588104,9808,1
9809,1152393713100,1152393713133,1152393713179,9809,1
9810,1152393838211,1152393838243,1152393838292,9810,1
9811,1152393962986,1152393963019,1152393963072,9811,1
9812,1152394087922,1152394087954,1152394088004,9812,1
9813,1152394213048,1152394213081,1152394213134,9813,1
9814,1152394338011,1152394338045,1152394338097,9814,1
9815,1152394463098,1152394463131,1152394463184,9815,1
9816,1152394587941,1152394587974,1152394588027,9816,1
9817,1152394713022,1152394713054,1152394713164,9817,1
9818,1152394837982,1152394838015,1152394838062,9818,1
9819,1152394963169,1152394963200,1152394963311,9819,1
9820,1152395088033,1152395088067,1152395088114,9820,1
9821,1152395213383,1152395213416,1152395213528,9821,1
9822,1152395338078,1152395338113,1152395338165,9822,1
9823,1152395462989,1152395463023,1152395463195,9823,1
9824,1152395588015,1152395588048,1152395588102,9824,1
9825,1152395713080,1152395713113,1152395713280,9825,1
9826,1152395838042,1152395838075,1152395838250,9826,1
9827,1152395955558,1152395955592,1152395955715,9827,1
9828,1152396092757,1152396092865,1152396093050,9828,1
9829,1152396211355,1152396211388,1152396211447,9829,1
9830,1152396336359,1152396336392,1152396336565,9830,1
9831,1152396461324,1152396461357,1152396461522,9831,1
9832,1152396586366,1152396586398,1152396586450,9832,1
9833,1152396711395,1152396711428,1152396711603,9833,1
9834,1152396836355,1152396836386,1152396836445,9834,1
9835,1152396961408,1152396961440,1152396961610,9835,1
9836,1152397087403,1152397087436,1152397087611,9836,1
9837,1152397210323,1152397210355,1152397210466,9837,1
9838,1152397338489,1152397338522,1152397338570,9838,1
9839,1152397462924,1152397462960,1152397463080,9839,1
9840,1152397587897,1152397587931,1152397587981,9840,1
9841,1152397712782,1152397712814,1152397712930,9841,1
9842,1152397837696,1152397837731,1152397837782,9842,1
9843,1152397962787,1152397962821,1152397962944,9843,1
9844,1152398087889,1152398087924,1152398087972,9844,1
9845,1152398212754,1152398212790,1152398213137,9845,1
9846,1152398339271,1152398339305,1152398339352,9846,1
9847,1152398462680,1152398462712,1152398462761,9847,1
9848,1152398587510,1152398587542,1152398587589,9848,1
9849,1152398712547,1152398712578,1152398712626,9849,1
9850,1152398837686,1152398837717,1152398837764,9850,1
9851,1152398962519,1152398962550,1152398962602,9851,1
9852,1152399087538,1152399087570,1152399087616,9852,1
9853,1152399212638,1152399212670,1152399212714,9853,1
9854,1152399337837,1152399337868,1152399337979,9854,1
9855,1152399462638,1152399462670,1152399462720,9855,1
9856,1152399587968,1152399588000,1152399588179,9856,1
9857,1152399713141,1152399713174,1152399713298,9857,1
9858,1152399838015,1152399838049,1152399838235,9858,1
9859,1152399955390,1152399955423,1152399955600,9859,1
9860,1152400092711,1152400092743,1152400092789,9860,1
9861,1152400211356,1152400211392,1152400211561,9861,1
9862,1152400336389,1152400336422,1152400336471,9862,1
9863,1152400461442,1152400461475,1152400461642,9863,1
9864,1152400586276,1152400586309,1152400586356,9864,1
9865,1152400711304,1152400711336,1152400711514,9865,1
9866,1152400836346,1152400836378,1152400836549,9866,1
9867,1152400961333,1152400961366,1152400961471,9867,1
9868,1152401086229,1152401086262,1152401086427,9868,1
9869,1152401211214,1152401211248,1152401211420,9869,1
9870,1152401338364,1152401338396,1152401338444,9870,1
9871,1152401463316,1152401463348,1152401463469,9871,1
9872,1152401588159,1152401588193,1152401588245,9872,1
9873,1152401713077,1152401713110,1152401713236,9873,1
9874,1152401838158,1152401838190,1152401838239,9874,1
9875,1152401963066,1152401963099,1152401963153,9875,1
9876,1152402088193,1152402088227,1152402088278,9876,1
9877,1152402213222,1152402213255,1152402213308,9877,1
9878,1152402337912,1152402337945,1152402337999,9878,1
9879,1152402463076,1152402463109,1152402463159,9879,1
9880,1152402588014,1152402588047,1152402588096,9880,1
9881,1152402749702,1152402749738,1152402749787,9881,1
9882,1152402838239,1152402838271,1152402838318,9882,1
9883,1152402963172,1152402963204,1152402963255,9883,1
9884,1152403088103,1152403088135,1152403088184,9884,1
9885,1152403212987,1152403213019,1152403213068,9885,1
9886,1152403338086,1152403338118,1152403338168,9886,1
9887,1152403463096,1152403463128,1152403463177,9887,1
9888,1152403588440,1152403588472,1152403588587,9888,1
9889,1152403713119,1152403713152,1152403713329,9889,1
9890,1152403837905,1152403837937,1152403837991,9890,1
9891,1152403955520,1152403955552,1152403955726,9891,1
9892,1152404092655,1152404092687,1152404092737,9892,1
9893,1152404211259,1152404211291,1152404211448,9893,1
9894,1152404336779,1152404336811,1152404336856,9894,1
9895,1152404461308,1152404461341,1152404461501,9895,1
9896,1152404586145,1152404586178,1152404586336,9896,1
9897,1152404711262,1152404711294,1152404711400,9897,1
9898,1152404836236,1152404836269,1152404836437,9898,1
9899,1152405052105,1152405052138,1152405052302,9899,1
9900,1152405086632,1152405086664,1152405086717,9900,1
9901,1152405210337,1152405210370,1152405210547,9901,1
9902,1152405354119,1152405354151,1152405354336,9902,1
9903,1152405463172,1152405463205,1152405463323,9903,1
9904,1152405588195,1152405588228,1152405588276,9904,1
9905,1152405713134,1152405713166,1152405713215,9905,1
9906,1152405838039,1152405838072,1152405838125,9906,1
9907,1152405963128,1152405963161,1152405963214,9907,1
9908,1152406088159,1152406088190,1152406088239,9908,1
9909,1152406213086,1152406213119,1152406213173,9909,1
9910,1152406338025,1152406338057,1152406338111,9910,1
9911,1152406463265,1152406463298,1152406463351,9911,1
9912,1152406588088,1152406588121,1152406588169,9912,1
9913,1152406713152,1152406713184,1152406713236,9913,1
9914,1152406837929,1152406837961,1152406838015,9914,1
9915,1152406962978,1152406963011,1152406963058,9915,1
9916,1152407137578,1152407137610,1152407137657,9916,1
9917,1152407213097,1152407213130,1152407213179,9917,1
9918,1152407338005,1152407338040,1152407338090,9918,1
9919,1152407463163,1152407463195,1152407463244,9919,1
9920,1152407588076,1152407588109,1152407588162,9920,1
9921,1152407713478,1152407713510,1152407713622,9921,1
9922,1152407838047,1152407838079,1152407838130,9922,1
9923,1152407955380,1152407955413,1152407955581,9923,1
9924,1152408092790,1152408092895,1152408093070,9924,1
9925,1152408211476,1152408211508,1152408211617,9925,1
9926,1152408336360,1152408336393,1152408336569,9926,1
9927,1152408461310,1152408461343,1152408461458,9927,1
9928,1152408586477,1152408586509,1152408586686,9928,1
9929,1152408760701,1152408760733,1152408760917,9929,1
9930,1152408836321,1152408836354,1152408836407,9930,1
9931,1152408961254,1152408961286,1152408961466,9931,1
9932,1152409086269,1152409086302,1152409086353,9932,1
9933,1152409210376,1152409210410,1152409210590,9933,1
9934,1152409350674,1152409350706,1152409350886,9934,1
9935,1152409482825,1152409482857,1152409483024,9935,1
9936,1152409588225,1152409588258,1152409588307,9936,1
9937,1152409713459,1152409713491,1152409713540,9937,1
9938,1152409838076,1152409838109,1152409838155,9938,1
9939,1152409962964,1152409962995,1152409963043,9939,1
9940,1152410087400,1152410087431,1152410087481,9940,1
9941,1152410655664,1152410655720,1152410655836,9941,1
9942,1152410655877,1152410655910,1152410655952,9942,1
9943,1152410656014,1152410656045,1152410656157,9943,1
9944,1152410656188,1152410656220,1152410656260,9944,1
9945,1152410718296,1152410718328,1152410718452,9945,1
9946,1152410842229,1152410842262,1152410842312,9946,1
9947,1152410966916,1152410966947,1152410967068,9947,1
9948,1152411096507,1152411096540,1152411096587,9948,1
9949,1152411221368,1152411221401,1152411221513,9949,1
9950,1152411341489,1152411341522,1152411341570,9950,1
9951,1152411465907,1152411465939,1152411466044,9951,1
9952,1152411590210,1152411590242,1152411590293,9952,1
9953,1152411715038,1152411715072,1152411715122,9953,1
9954,1152411924160,1152411924191,1152411924300,9954,1
9955,1152411957039,1152411957070,1152411957117,9955,1
9956,1152412093455,1152412093561,1152412093722,9956,1
9957,1152412212093,1152412212126,1152412212232,9957,1
9958,1152412335968,1152412336000,1152412336174,9958,1
9959,1152412471667,1152412471699,1152412471902,9959,1
9960,1152412586905,1152412586937,1152412586984,9960,1
9961,1152412711868,1152412711900,1152412712076,9961,1
9962,1152412836581,1152412836613,1152412836664,9962,1
9963,1152412961759,1152412961792,1152412961967,9963,1
9964,1152413247448,1152413247480,1152413247658,9964,1
9965,1152413247691,1152413247906,1152413247997,9965,1
9966,1152413350717,1152413350749,1152413350911,9966,1
9967,1152413468130,1152413468161,1152413468269,9967,1
9968,1152413591091,1152413591122,1152413591287,9968,1
9969,1152413717397,1152413717429,1152413717593,9969,1
9970,1152413841637,1152413841668,1152413841716,9970,1
9971,1152413961556,1152413961588,1152413961701,9971,1
9972,1152414086316,1152414086348,1152414086395,9972,1
9973,1152414211021,1152414211053,1152414211286,9973,1
9974,1152414336128,1152414336159,1152414336209,9974,1
9975,1152414836456,1152414836487,1152414836705,9975,1
9976,1152414836764,1152414836805,1152414836846,9976,1
9977,1152414836878,1152414836910,1152414837105,9977,1
9978,1152414837139,1152414837172,1152414837212,9978,1
9979,1152414968822,1152414968854,1152414969039,9979,1
9980,1152415092057,1152415092092,1152415092141,9980,1
9981,1152415218214,1152415218245,1152415218420,9981,1
9982,1152415341381,1152415341413,1152415341467,9982,1
9983,1152415465639,1152415465670,1152415465842,9983,1
9984,1152415586280,1152415586313,1152415586365,9984,1
9985,1152415710443,1152415710477,1152415710663,9985,1
9986,1152415872560,1152415872593,1152415872688,9986,1
9987,1152415956014,1152415956046,1152415956101,9987,1
9988,1152415988607,1152415988636,1152415988796,9988,1
